co_ibge6,municipio,uf,uf_nome,regiao,populacao_2025,ubs,ubs_com_coord,ubs_por_10k_hab,habitantes_por_ubs,gap_ubs_para_media_nacional,cadastro_populacao_base,pessoas_vinculadas_aps,pct_populacao_vinculada_aps,qtd_indicadores_previne,media_indicadores_previne,indicadores_abaixo_50,indicadores_abaixo_30,previne_citopatologico,previne_diabetes_hemoglobina_glicada,previne_gestantes_atendimento_odontologico,previne_gestantes_sifilis_hiv,previne_pre_natal_6_consultas,previne_vacinacao_criancas_1_ano,sinais_de_oportunidade,score_heuristico_oportunidade
330185,Guapimirim,RJ,Rio de Janeiro,SUDESTE,54311,0,0,0.0,0.0,12.173727831713235,54300,18395.0,33.87661141804788,6,33.833333333333336,6,3,25.0,34.0,26.0,44.0,26.0,48.0,municipio_5k_mais_sem_ubs_no_arquivo;ubs_por_10k_abaixo_de_50pct_media_nacional;vinculo_aps_abaixo_50pct;media_indicadores_previne_abaixo_40;quatro_ou_mais_indicadores_abaixo_50;tres_ou_mais_indicadores_abaixo_30,21
431730,Santa Vitória do Palmar,RS,Rio Grande do Sul,SUL,31965,0,0,0.0,0.0,7.164906006899403,31961,13429.0,42.01683301523732,6,33.666666666666664,5,2,19.0,11.0,32.0,47.0,36.0,57.0,municipio_5k_mais_sem_ubs_no_arquivo;ubs_por_10k_abaixo_de_50pct_media_nacional;vinculo_aps_abaixo_50pct;media_indicadores_previne_abaixo_40;quatro_ou_mais_indicadores_abaixo_50,19
310620,Belo Horizonte,MG,Minas Gerais,SUDESTE,2415872,170,170,0.7036796651478224,14211.011764705883,371.51402486156974,2416339,831952.0,34.43026826947709,6,19.833333333333332,6,5,19.0,7.0,23.0,20.0,10.0,40.0,ubs_por_10k_abaixo_de_50pct_media_nacional;mais_de_10k_habitantes_por_ubs;vinculo_aps_abaixo_50pct;media_indicadores_previne_abaixo_40;quatro_ou_mais_indicadores_abaixo_50;tres_ou_mais_indicadores_abaixo_30,18
352210,Itanhaém,SP,São Paulo,SUDESTE,118495,11,11,0.9283092113591291,10772.272727272728,15.560473558190045,117435,51925.0,44.21594924852046,6,22.166666666666668,5,5,18.0,2.0,17.0,22.0,9.0,65.0,ubs_por_10k_abaixo_de_50pct_media_nacional;mais_de_10k_habitantes_por_ubs;vinculo_aps_abaixo_50pct;media_indicadores_previne_abaixo_40;quatro_ou_mais_indicadores_abaixo_50;tres_ou_mais_indicadores_abaixo_30,18
330170,Duque de Caxias,RJ,Rio de Janeiro,SUDESTE,866225,84,73,0.9697249559871858,10312.202380952382,110.16301285238343,866347,139182.0,16.065387194738367,6,23.5,6,3,15.0,11.0,30.0,30.0,18.0,37.0,ubs_por_10k_abaixo_de_50pct_media_nacional;mais_de_10k_habitantes_por_ubs;vinculo_aps_abaixo_50pct;media_indicadores_previne_abaixo_40;quatro_ou_mais_indicadores_abaixo_50;tres_ou_mais_indicadores_abaixo_30,18
150070,Anajás,PA,Pará,NORTE,30247,1,1,0.330611300294244,30247.0,5.779818926659981,30003,14416.0,48.04852848048529,6,24.833333333333332,5,4,3.0,1.0,4.0,79.0,13.0,49.0,ubs_por_10k_abaixo_de_50pct_media_nacional;mais_de_10k_habitantes_por_ubs;vinculo_aps_abaixo_50pct;media_indicadores_previne_abaixo_40;quatro_ou_mais_indicadores_abaixo_50;tres_ou_mais_indicadores_abaixo_30,18
330510,São João de Meriti,RJ,Rio de Janeiro,SUDESTE,466503,22,22,0.4715939661695637,21204.68181818182,82.56593608436079,466536,119394.0,25.59159421780956,6,27.833333333333332,6,4,26.0,7.0,24.0,40.0,22.0,48.0,ubs_por_10k_abaixo_de_50pct_media_nacional;mais_de_10k_habitantes_por_ubs;vinculo_aps_abaixo_50pct;media_indicadores_previne_abaixo_40;quatro_ou_mais_indicadores_abaixo_50;tres_ou_mais_indicadores_abaixo_30,18
351870,Guarujá,SP,São Paulo,SUDESTE,294871,24,23,0.8139152375106402,12286.291666666666,42.09488500423695,294973,81465.0,27.617781966485065,6,29.666666666666668,5,4,18.0,6.0,24.0,31.0,23.0,76.0,ubs_por_10k_abaixo_de_50pct_media_nacional;mais_de_10k_habitantes_por_ubs;vinculo_aps_abaixo_50pct;media_indicadores_previne_abaixo_40;quatro_ou_mais_indicadores_abaixo_50;tres_ou_mais_indicadores_abaixo_30,18
150040,Alenquer,PA,Pará,NORTE,75882,6,6,0.7907013520993121,12647.0,11.008834588316613,74836,32584.0,43.54054198514084,6,29.833333333333332,5,4,18.0,8.0,8.0,70.0,28.0,47.0,ubs_por_10k_abaixo_de_50pct_media_nacional;mais_de_10k_habitantes_por_ubs;vinculo_aps_abaixo_50pct;media_indicadores_previne_abaixo_40;quatro_ou_mais_indicadores_abaixo_50;tres_ou_mais_indicadores_abaixo_30,18
150140,Belém,PA,Pará,NORTE,1397315,98,95,0.7013450796706542,14258.316326530612,215.20602649869042,1398531,357310.0,25.54895100644891,6,30.0,4,4,12.0,6.0,29.0,58.0,23.0,52.0,ubs_por_10k_abaixo_de_50pct_media_nacional;mais_de_10k_habitantes_por_ubs;vinculo_aps_abaixo_50pct;media_indicadores_previne_abaixo_40;quatro_ou_mais_indicadores_abaixo_50;tres_ou_mais_indicadores_abaixo_30,18
160030,Macapá,AP,Amapá,NORTE,489676,40,35,0.8168666628546222,12241.9,69.7601286980908,487200,172253.0,35.35570607553366,6,31.166666666666668,5,3,12.0,8.0,36.0,49.0,16.0,66.0,ubs_por_10k_abaixo_de_50pct_media_nacional;mais_de_10k_habitantes_por_ubs;vinculo_aps_abaixo_50pct;media_indicadores_previne_abaixo_40;quatro_ou_mais_indicadores_abaixo_50;tres_ou_mais_indicadores_abaixo_30,18
411820,Paranaguá,PR,Paraná,SUL,150104,13,13,0.8660661941054203,11546.461538461539,20.6455827079502,149819,52661.0,35.149747361816594,6,32.833333333333336,5,3,22.0,25.0,37.0,40.0,17.0,56.0,ubs_por_10k_abaixo_de_50pct_media_nacional;mais_de_10k_habitantes_por_ubs;vinculo_aps_abaixo_50pct;media_indicadores_previne_abaixo_40;quatro_ou_mais_indicadores_abaixo_50;tres_ou_mais_indicadores_abaixo_30,18
292740,Salvador,BA,Bahia,NORDESTE,2564204,178,176,0.6941725385343755,14405.640449438202,396.76241647162453,2568928,734305.0,28.584102006751454,6,33.166666666666664,6,3,13.0,28.0,38.0,49.0,28.0,43.0,ubs_por_10k_abaixo_de_50pct_media_nacional;mais_de_10k_habitantes_por_ubs;vinculo_aps_abaixo_50pct;media_indicadores_previne_abaixo_40;quatro_ou_mais_indicadores_abaixo_50;tres_ou_mais_indicadores_abaixo_30,18
352310,Itaquaquecetuba,SP,São Paulo,SUDESTE,382983,19,19,0.4961055712655653,20157.0,66.84505544315202,382521,76346.0,19.958642793467547,6,33.333333333333336,5,4,12.0,9.0,27.0,41.0,23.0,88.0,ubs_por_10k_abaixo_de_50pct_media_nacional;mais_de_10k_habitantes_por_ubs;vinculo_aps_abaixo_50pct;media_indicadores_previne_abaixo_40;quatro_ou_mais_indicadores_abaixo_50;tres_ou_mais_indicadores_abaixo_30,18
354520,Salto,SP,São Paulo,SUDESTE,141111,13,11,0.9212605679217071,10854.692307692309,18.629815471283646,140125,30869.0,22.02961641391615,6,33.5,5,4,12.0,3.0,28.0,37.0,29.0,92.0,ubs_por_10k_abaixo_de_50pct_media_nacional;mais_de_10k_habitantes_por_ubs;vinculo_aps_abaixo_50pct;media_indicadores_previne_abaixo_40;quatro_ou_mais_indicadores_abaixo_50;tres_ou_mais_indicadores_abaixo_30,18
520870,Goiânia,GO,Goiás,CENTRO-OESTE,1503256,106,101,0.7051360513445482,14181.66037735849,230.9525401003463,1494599,329429.0,22.041296695635417,6,33.666666666666664,4,3,19.0,12.0,25.0,51.0,34.0,61.0,ubs_por_10k_abaixo_de_50pct_media_nacional;mais_de_10k_habitantes_por_ubs;vinculo_aps_abaixo_50pct;media_indicadores_previne_abaixo_40;quatro_ou_mais_indicadores_abaixo_50;tres_ou_mais_indicadores_abaixo_30,18
351510,Embu-Guaçu,SP,São Paulo,SUDESTE,68913,1,1,0.1451105016470042,68913.0,14.446743865273223,68805,23481.0,34.12688031393068,6,33.666666666666664,5,3,14.0,3.0,16.0,42.0,37.0,90.0,ubs_por_10k_abaixo_de_50pct_media_nacional;mais_de_10k_habitantes_por_ubs;vinculo_aps_abaixo_50pct;media_indicadores_previne_abaixo_40;quatro_ou_mais_indicadores_abaixo_50;tres_ou_mais_indicadores_abaixo_30,18
291920,Lauro de Freitas,BA,Bahia,NORDESTE,219564,20,18,0.9108961396221602,10978.2,29.214935789108736,217960,63043.0,28.924114516425032,6,33.833333333333336,4,3,13.0,8.0,36.0,56.0,28.0,62.0,ubs_por_10k_abaixo_de_50pct_media_nacional;mais_de_10k_habitantes_por_ubs;vinculo_aps_abaixo_50pct;media_indicadores_previne_abaixo_40;quatro_ou_mais_indicadores_abaixo_50;tres_ou_mais_indicadores_abaixo_30,18
320530,Vitória,ES,Espírito Santo,SUDESTE,343378,32,30,0.9319175951866456,10730.5625,44.96765508641025,342800,123247.0,35.95303383897316,6,34.0,5,3,26.0,22.0,35.0,38.0,27.0,56.0,ubs_por_10k_abaixo_de_50pct_media_nacional;mais_de_10k_habitantes_por_ubs;vinculo_aps_abaixo_50pct;media_indicadores_previne_abaixo_40;quatro_ou_mais_indicadores_abaixo_50;tres_ou_mais_indicadores_abaixo_30,18
310670,Betim,MG,Minas Gerais,SUDESTE,431433,43,42,0.9966785109159475,10033.32558139535,53.705049062244036,429236,148652.0,34.631764344090435,6,34.166666666666664,5,4,21.0,20.0,20.0,45.0,28.0,71.0,ubs_por_10k_abaixo_de_50pct_media_nacional;mais_de_10k_habitantes_por_ubs;vinculo_aps_abaixo_50pct;media_indicadores_previne_abaixo_40;quatro_ou_mais_indicadores_abaixo_50;tres_ou_mais_indicadores_abaixo_30,18
431560,Rio Grande,RS,Rio Grande do Sul,SUL,198935,18,18,0.9048181566843441,11051.944444444445,26.59097689605922,198958,62800.0,31.56445078860865,6,35.0,4,3,19.0,13.0,30.0,60.0,27.0,61.0,ubs_por_10k_abaixo_de_50pct_media_nacional;mais_de_10k_habitantes_por_ubs;vinculo_aps_abaixo_50pct;media_indicadores_previne_abaixo_40;quatro_ou_mais_indicadores_abaixo_50;tres_ou_mais_indicadores_abaixo_30,18
330452,Rio das Ostras,RJ,Rio de Janeiro,SUDESTE,168455,14,14,0.8310824849366301,12032.5,23.758931374698545,168099,38645.0,22.989428848476194,6,35.333333333333336,4,3,23.0,4.0,27.0,65.0,34.0,59.0,ubs_por_10k_abaixo_de_50pct_media_nacional;mais_de_10k_habitantes_por_ubs;vinculo_aps_abaixo_50pct;media_indicadores_previne_abaixo_40;quatro_ou_mais_indicadores_abaixo_50;tres_ou_mais_indicadores_abaixo_30,18
352250,Itapevi,SP,São Paulo,SUDESTE,242995,16,16,0.6584497623407889,15187.1875,38.4669587094172,241924,52350.0,21.63902713248789,6,35.833333333333336,5,3,15.0,15.0,29.0,73.0,36.0,47.0,ubs_por_10k_abaixo_de_50pct_media_nacional;mais_de_10k_habitantes_por_ubs;vinculo_aps_abaixo_50pct;media_indicadores_previne_abaixo_40;quatro_ou_mais_indicadores_abaixo_50;tres_ou_mais_indicadores_abaixo_30,18
352500,Jandira,SP,São Paulo,SUDESTE,121550,10,10,0.8227067050596462,12155.0,17.245247149651888,121988,20260.0,16.608190969603566,6,36.0,5,3,14.0,22.0,32.0,80.0,20.0,48.0,ubs_por_10k_abaixo_de_50pct_media_nacional;mais_de_10k_habitantes_por_ubs;vinculo_aps_abaixo_50pct;media_indicadores_previne_abaixo_40;quatro_ou_mais_indicadores_abaixo_50;tres_ou_mais_indicadores_abaixo_30,18
431480,Portão,RS,Rio Grande do Sul,SUL,35273,1,1,0.28350296260595925,35273.0,6.906389162564138,35237,8959.0,25.42497942503618,6,36.166666666666664,5,3,25.0,12.0,9.0,49.0,33.0,89.0,ubs_por_10k_abaixo_de_50pct_media_nacional;mais_de_10k_habitantes_por_ubs;vinculo_aps_abaixo_50pct;media_indicadores_previne_abaixo_40;quatro_ou_mais_indicadores_abaixo_50;tres_ou_mais_indicadores_abaixo_30,18
320520,Vila Velha,ES,Espírito Santo,SUDESTE,506779,36,34,0.7103688195446141,14077.194444444445,77.59374006790155,502899,145935.0,29.01874929160726,6,36.833333333333336,5,3,22.0,17.0,36.0,47.0,29.0,70.0,ubs_por_10k_abaixo_de_50pct_media_nacional;mais_de_10k_habitantes_por_ubs;vinculo_aps_abaixo_50pct;media_indicadores_previne_abaixo_40;quatro_ou_mais_indicadores_abaixo_50;tres_ou_mais_indicadores_abaixo_30,18
330020,Araruama,RJ,Rio de Janeiro,SUDESTE,137906,0,0,0.0,0.0,30.911419608555267,137773,47605.0,34.55321434533617,6,40.333333333333336,4,3,25.0,21.0,18.0,72.0,31.0,75.0,municipio_5k_mais_sem_ubs_no_arquivo;ubs_por_10k_abaixo_de_50pct_media_nacional;vinculo_aps_abaixo_50pct;quatro_ou_mais_indicadores_abaixo_50;tres_ou_mais_indicadores_abaixo_30,17
355170,Sertãozinho,SP,São Paulo,SUDESTE,132176,14,10,1.059193802203123,9441.142857142857,15.62704884617349,131600,12959.0,9.847264437689969,6,8.833333333333334,6,6,20.0,7.0,3.0,2.0,6.0,15.0,ubs_por_10k_abaixo_de_50pct_media_nacional;vinculo_aps_abaixo_50pct;media_indicadores_previne_abaixo_40;quatro_ou_mais_indicadores_abaixo_50;tres_ou_mais_indicadores_abaixo_30,16
313670,Juiz de Fora,MG,Minas Gerais,SUDESTE,567730,62,62,1.09206841280186,9156.935483870968,65.2558137743469,565764,124951.0,22.085357145382172,6,22.166666666666668,5,5,17.0,13.0,7.0,20.0,13.0,63.0,ubs_por_10k_abaixo_de_50pct_media_nacional;vinculo_aps_abaixo_50pct;media_indicadores_previne_abaixo_40;quatro_ou_mais_indicadores_abaixo_50;tres_ou_mais_indicadores_abaixo_30,16
330045,Belford Roxo,RJ,Rio de Janeiro,SUDESTE,518384,57,52,1.0995709744127904,9094.456140350878,59.1949831215561,518263,132096.0,25.488217372260802,6,22.166666666666668,5,5,25.0,9.0,10.0,19.0,9.0,61.0,ubs_por_10k_abaixo_de_50pct_media_nacional;vinculo_aps_abaixo_50pct;media_indicadores_previne_abaixo_40;quatro_ou_mais_indicadores_abaixo_50;tres_ou_mais_indicadores_abaixo_30,16
320130,Cariacica,ES,Espírito Santo,SUDESTE,376200,39,37,1.036682615629984,9646.153846153846,45.324656336479144,375485,126188.0,33.60666870847038,6,31.0,5,5,18.0,13.0,19.0,27.0,19.0,90.0,ubs_por_10k_abaixo_de_50pct_media_nacional;vinculo_aps_abaixo_50pct;media_indicadores_previne_abaixo_40;quatro_ou_mais_indicadores_abaixo_50;tres_ou_mais_indicadores_abaixo_30,16
354880,São Caetano do Sul,SP,São Paulo,SUDESTE,172693,16,15,0.9264996265048381,10793.3125,22.708872612215824,172109,44769.0,26.012004020707806,6,33.5,6,1,36.0,21.0,35.0,43.0,35.0,31.0,ubs_por_10k_abaixo_de_50pct_media_nacional;mais_de_10k_habitantes_por_ubs;vinculo_aps_abaixo_50pct;media_indicadores_previne_abaixo_40;quatro_ou_mais_indicadores_abaixo_50,16
354730,Santana de Parnaíba,SP,São Paulo,SUDESTE,163787,14,13,0.854768693486052,11699.07142857143,22.71260629288386,162341,31965.0,19.690035172876847,6,34.0,6,2,44.0,6.0,43.0,49.0,20.0,42.0,ubs_por_10k_abaixo_de_50pct_media_nacional;mais_de_10k_habitantes_por_ubs;vinculo_aps_abaixo_50pct;media_indicadores_previne_abaixo_40;quatro_ou_mais_indicadores_abaixo_50,16
411520,Maringá,PR,Paraná,SUL,429660,42,42,0.9775171065493646,10230.0,54.307633815873544,425983,104963.0,24.64018517170873,6,34.0,5,2,20.0,11.0,33.0,37.0,30.0,73.0,ubs_por_10k_abaixo_de_50pct_media_nacional;mais_de_10k_habitantes_por_ubs;vinculo_aps_abaixo_50pct;media_indicadores_previne_abaixo_40;quatro_ou_mais_indicadores_abaixo_50,16
355030,São Paulo,SP,São Paulo,SUDESTE,11904961,645,555,0.5417909390883346,18457.30387596899,2023.478854397095,11895578,2659476.0,22.35684554378106,6,34.5,5,2,17.0,12.0,45.0,36.0,38.0,59.0,ubs_por_10k_abaixo_de_50pct_media_nacional;mais_de_10k_habitantes_por_ubs;vinculo_aps_abaixo_50pct;media_indicadores_previne_abaixo_40;quatro_ou_mais_indicadores_abaixo_50,16
353650,Paulínia,SP,São Paulo,SUDESTE,116674,12,12,1.0285067795738554,9722.833333333334,14.152299185014266,115690,17625.0,15.234678883222404,6,34.666666666666664,5,3,6.0,30.0,22.0,21.0,34.0,95.0,ubs_por_10k_abaixo_de_50pct_media_nacional;vinculo_aps_abaixo_50pct;media_indicadores_previne_abaixo_40;quatro_ou_mais_indicadores_abaixo_50;tres_ou_mais_indicadores_abaixo_30,16
355240,Sumaré,SP,São Paulo,SUDESTE,291116,27,26,0.9274653402767281,10782.074074074075,38.253207480197936,289787,52489.0,18.112958828380847,6,35.666666666666664,4,2,20.0,6.0,35.0,51.0,32.0,70.0,ubs_por_10k_abaixo_de_50pct_media_nacional;mais_de_10k_habitantes_por_ubs;vinculo_aps_abaixo_50pct;media_indicadores_previne_abaixo_40;quatro_ou_mais_indicadores_abaixo_50,16
355280,Taboão da Serra,SP,São Paulo,SUDESTE,285307,15,14,0.5257494558493132,19020.466666666667,48.95112898828244,284274,62435.0,21.962965308118225,6,35.833333333333336,5,2,17.0,6.0,38.0,45.0,40.0,69.0,ubs_por_10k_abaixo_de_50pct_media_nacional;mais_de_10k_habitantes_por_ubs;vinculo_aps_abaixo_50pct;media_indicadores_previne_abaixo_40;quatro_ou_mais_indicadores_abaixo_50,16
354330,Ribeirão Pires,SP,São Paulo,SUDESTE,118954,13,13,1.092859424651546,9150.307692307691,13.663357708265655,118877,28726.0,24.164472522018556,6,36.0,4,3,25.0,15.0,19.0,51.0,34.0,72.0,ubs_por_10k_abaixo_de_50pct_media_nacional;vinculo_aps_abaixo_50pct;media_indicadores_previne_abaixo_40;quatro_ou_mais_indicadores_abaixo_50;tres_ou_mais_indicadores_abaixo_30,16
351380,Diadema,SP,São Paulo,SUDESTE,403579,21,21,0.5203442200907381,19218.04761904762,69.4616174365229,404118,127301.0,31.500947742985957,6,36.166666666666664,5,2,22.0,14.0,37.0,44.0,34.0,66.0,ubs_por_10k_abaixo_de_50pct_media_nacional;mais_de_10k_habitantes_por_ubs;vinculo_aps_abaixo_50pct;media_indicadores_previne_abaixo_40;quatro_ou_mais_indicadores_abaixo_50,16
352590,Jundiaí,SP,São Paulo,SUDESTE,463039,40,39,0.8638581199423806,11575.975,63.78948576657886,460313,97412.0,21.162122295047066,6,36.666666666666664,4,2,28.0,26.0,30.0,50.0,34.0,52.0,ubs_por_10k_abaixo_de_50pct_media_nacional;mais_de_10k_habitantes_por_ubs;vinculo_aps_abaixo_50pct;media_indicadores_previne_abaixo_40;quatro_ou_mais_indicadores_abaixo_50,16
354100,Praia Grande,SP,São Paulo,SUDESTE,368539,32,32,0.8682934506253069,11516.84375,50.60745486865946,365577,128870.0,35.251123566307506,6,36.833333333333336,5,1,31.0,17.0,44.0,53.0,40.0,36.0,ubs_por_10k_abaixo_de_50pct_media_nacional;mais_de_10k_habitantes_por_ubs;vinculo_aps_abaixo_50pct;media_indicadores_previne_abaixo_40;quatro_ou_mais_indicadores_abaixo_50,16
280030,Aracaju,SE,Sergipe,NORDESTE,630932,47,47,0.7449297230129395,13424.08510638298,94.42244569826543,628849,257601.0,40.9638879921889,6,37.833333333333336,4,2,21.0,26.0,40.0,54.0,33.0,53.0,ubs_por_10k_abaixo_de_50pct_media_nacional;mais_de_10k_habitantes_por_ubs;vinculo_aps_abaixo_50pct;media_indicadores_previne_abaixo_40;quatro_ou_mais_indicadores_abaixo_50,16
351907,Hortolândia,SP,São Paulo,SUDESTE,248842,23,21,0.9242812708465613,10819.217391304348,32.77755484338687,247331,50804.0,20.540894590649778,6,38.333333333333336,5,2,25.0,10.0,38.0,44.0,40.0,73.0,ubs_por_10k_abaixo_de_50pct_media_nacional;mais_de_10k_habitantes_por_ubs;vinculo_aps_abaixo_50pct;media_indicadores_previne_abaixo_40;quatro_ou_mais_indicadores_abaixo_50,16
351880,Guarulhos,SP,São Paulo,SUDESTE,1349100,74,74,0.5485138240308354,18231.08108108108,228.39870777124935,1345364,361623.0,26.879194032247035,6,39.0,4,2,23.0,6.0,39.0,55.0,37.0,74.0,ubs_por_10k_abaixo_de_50pct_media_nacional;mais_de_10k_habitantes_por_ubs;vinculo_aps_abaixo_50pct;media_indicadores_previne_abaixo_40;quatro_ou_mais_indicadores_abaixo_50,16
350950,Campinas,SP,São Paulo,SUDESTE,1187974,69,69,0.5808207923742439,17217.014492753624,197.2825605706339,1185977,335352.0,28.2764336913785,6,39.0,5,2,18.0,8.0,36.0,44.0,36.0,92.0,ubs_por_10k_abaixo_de_50pct_media_nacional;mais_de_10k_habitantes_por_ubs;vinculo_aps_abaixo_50pct;media_indicadores_previne_abaixo_40;quatro_ou_mais_indicadores_abaixo_50,16
351630,Francisco Morato,SP,São Paulo,SUDESTE,171476,14,14,0.8164407847162286,12248.285714285714,24.436083918006638,171107,64286.0,37.570642931031465,6,39.333333333333336,4,2,17.0,1.0,37.0,66.0,38.0,77.0,ubs_por_10k_abaixo_de_50pct_media_nacional;mais_de_10k_habitantes_por_ubs;vinculo_aps_abaixo_50pct;media_indicadores_previne_abaixo_40;quatro_ou_mais_indicadores_abaixo_50,16
230440,Fortaleza,CE,Ceará,NORDESTE,2578483,140,139,0.542954907982717,18417.735714285714,437.96303254772397,2574412,1101712.0,42.79470418876233,6,39.333333333333336,4,2,21.0,28.0,45.0,53.0,34.0,55.0,ubs_por_10k_abaixo_de_50pct_media_nacional;mais_de_10k_habitantes_por_ubs;vinculo_aps_abaixo_50pct;media_indicadores_previne_abaixo_40;quatro_ou_mais_indicadores_abaixo_50,16
352440,Jacareí,SP,São Paulo,SUDESTE,250952,19,19,0.7571168988491823,13208.0,37.25050812586952,249968,75765.0,30.309879664597066,6,39.5,5,1,29.0,30.0,39.0,49.0,30.0,60.0,ubs_por_10k_abaixo_de_50pct_media_nacional;mais_de_10k_habitantes_por_ubs;vinculo_aps_abaixo_50pct;media_indicadores_previne_abaixo_40;quatro_ou_mais_indicadores_abaixo_50,16
350650,Birigui,SP,São Paulo,SUDESTE,123340,13,13,1.053997081238852,9487.692307692309,14.646472920099248,122988,34493.0,28.045825609002506,6,39.666666666666664,4,3,29.0,7.0,25.0,65.0,47.0,65.0,ubs_por_10k_abaixo_de_50pct_media_nacional;vinculo_aps_abaixo_50pct;media_indicadores_previne_abaixo_40;quatro_ou_mais_indicadores_abaixo_50;tres_ou_mais_indicadores_abaixo_30,16
221100,Teresina,PI,Piauí,NORDESTE,905692,98,95,1.0820455519094792,9241.755102040815,105.00948071955999,902644,386274.0,42.793615201563405,6,35.333333333333336,5,2,19.0,21.0,35.0,43.0,30.0,64.0,ubs_por_10k_abaixo_de_50pct_media_nacional;vinculo_aps_abaixo_50pct;media_indicadores_previne_abaixo_40;quatro_ou_mais_indicadores_abaixo_50,14
150506,Novo Repartimento,PA,Pará,NORTE,63796,1,1,0.1567496394758292,63796.0,13.299776118134032,63754,34153.0,53.569972080183206,6,37.166666666666664,4,2,13.0,8.0,30.0,59.0,32.0,81.0,ubs_por_10k_abaixo_de_50pct_media_nacional;mais_de_10k_habitantes_por_ubs;vinculo_aps_entre_50_70pct;media_indicadores_previne_abaixo_40;quatro_ou_mais_indicadores_abaixo_50,14
330320,Nilópolis,RJ,Rio de Janeiro,SUDESTE,155500,17,16,1.0932475884244373,9147.058823529413,17.85508787964515,155544,33547.0,21.567530730854294,6,39.0,4,2,31.0,22.0,47.0,50.0,10.0,74.0,ubs_por_10k_abaixo_de_50pct_media_nacional;vinculo_aps_abaixo_50pct;media_indicadores_previne_abaixo_40;quatro_ou_mais_indicadores_abaixo_50,14
421650,São Joaquim,SC,Santa Catarina,SUL,26982,3,3,1.11185234600845,8994.0,3.0479741554249875,26852,7792.0,29.018322657530167,6,39.666666666666664,4,2,27.0,17.0,40.0,54.0,32.0,68.0,ubs_por_10k_abaixo_de_50pct_media_nacional;vinculo_aps_abaixo_50pct;media_indicadores_previne_abaixo_40;quatro_ou_mais_indicadores_abaixo_50,14
354990,São José dos Campos,SP,São Paulo,SUDESTE,727078,40,40,0.5501473019400944,18176.95,122.97342498621633,724756,202569.0,27.94995833080375,6,40.5,5,3,24.0,21.0,39.0,49.0,28.0,82.0,ubs_por_10k_abaixo_de_50pct_media_nacional;mais_de_10k_habitantes_por_ubs;vinculo_aps_abaixo_50pct;quatro_ou_mais_indicadores_abaixo_50;tres_ou_mais_indicadores_abaixo_30,14
330130,Casimiro de Abreu,RJ,Rio de Janeiro,SUDESTE,48636,13,13,2.6729171806892014,3741.230769230769,0.0,48563,21151.0,43.553734324485724,6,12.166666666666666,6,5,27.0,0.0,2.0,8.0,3.0,33.0,vinculo_aps_abaixo_50pct;media_indicadores_previne_abaixo_40;quatro_ou_mais_indicadores_abaixo_50;tres_ou_mais_indicadores_abaixo_30,13
354410,Rio Grande da Serra,SP,São Paulo,SUDESTE,45324,8,8,1.7650692789691997,5665.5,2.1593054858973426,45317,11304.0,24.94428139550279,6,15.333333333333334,6,5,6.0,2.0,6.0,17.0,18.0,43.0,vinculo_aps_abaixo_50pct;media_indicadores_previne_abaixo_40;quatro_ou_mais_indicadores_abaixo_50;tres_ou_mais_indicadores_abaixo_30,13
350860,Cachoeira Paulista,SP,São Paulo,SUDESTE,32534,13,12,3.995819757791849,2502.6153846153848,0.0,32482,12163.0,37.445354350101596,6,16.666666666666668,6,5,16.0,2.0,19.0,41.0,16.0,6.0,vinculo_aps_abaixo_50pct;media_indicadores_previne_abaixo_40;quatro_ou_mais_indicadores_abaixo_50;tres_ou_mais_indicadores_abaixo_30,13
330490,São Gonçalo,RJ,Rio de Janeiro,SUDESTE,960196,131,126,1.3643047877724963,7329.740458015267,84.22646920696951,960652,297099.0,30.926808042870885,6,18.166666666666668,6,4,14.0,8.0,12.0,31.0,14.0,30.0,vinculo_aps_abaixo_50pct;media_indicadores_previne_abaixo_40;quatro_ou_mais_indicadores_abaixo_50;tres_ou_mais_indicadores_abaixo_30,13
352000,Igaraçu do Tietê,SP,São Paulo,SUDESTE,23421,4,4,1.7078690064472055,5855.25,1.2497814355573578,23430,8396.0,35.834400341442596,6,18.166666666666668,5,5,17.0,10.0,3.0,4.0,5.0,70.0,vinculo_aps_abaixo_50pct;media_indicadores_previne_abaixo_40;quatro_ou_mais_indicadores_abaixo_50;tres_ou_mais_indicadores_abaixo_30,13
316250,São João del Rei,MG,Minas Gerais,SUDESTE,94468,24,24,2.5405428293178645,3936.1666666666665,0.0,94062,27852.0,29.61025706448938,6,18.333333333333332,5,5,14.0,2.0,8.0,17.0,10.0,59.0,vinculo_aps_abaixo_50pct;media_indicadores_previne_abaixo_40;quatro_ou_mais_indicadores_abaixo_50;tres_ou_mais_indicadores_abaixo_30,13
316070,Santos Dumont,MG,Minas Gerais,SUDESTE,43218,20,20,4.627701420704336,2160.9,0.0,43392,15003.0,34.57549778761062,6,19.666666666666668,5,5,17.0,4.0,10.0,18.0,13.0,56.0,vinculo_aps_abaixo_50pct;media_indicadores_previne_abaixo_40;quatro_ou_mais_indicadores_abaixo_50;tres_ou_mais_indicadores_abaixo_30,13
312410,Esmeraldas,MG,Minas Gerais,SUDESTE,93103,17,17,1.8259347174634546,5476.64705882353,3.8688954781903697,91573,18166.0,19.83772509364114,6,20.333333333333332,6,4,15.0,12.0,6.0,48.0,5.0,36.0,vinculo_aps_abaixo_50pct;media_indicadores_previne_abaixo_40;quatro_ou_mais_indicadores_abaixo_50;tres_ou_mais_indicadores_abaixo_30,13
150450,Melgaço,PA,Pará,NORTE,30080,6,6,1.9946808510638296,5013.333333333333,0.7423861313165676,29846,8495.0,28.46277558131743,6,20.333333333333332,6,4,5.0,2.0,11.0,48.0,10.0,46.0,vinculo_aps_abaixo_50pct;media_indicadores_previne_abaixo_40;quatro_ou_mais_indicadores_abaixo_50;tres_ou_mais_indicadores_abaixo_30,13
350590,Batatais,SP,São Paulo,SUDESTE,59939,10,10,1.6683628355494753,5993.9,3.435235449633767,59873,21513.0,35.93105406443639,6,22.833333333333332,5,5,22.0,13.0,8.0,13.0,1.0,80.0,vinculo_aps_abaixo_50pct;media_indicadores_previne_abaixo_40;quatro_ou_mais_indicadores_abaixo_50;tres_ou_mais_indicadores_abaixo_30,13
350660,Biritiba Mirim,SP,São Paulo,SUDESTE,30564,6,6,1.9630938358853554,5094.0,0.850873993269932,30526,11927.0,39.07161108563192,6,23.666666666666668,5,5,19.0,2.0,1.0,13.0,13.0,94.0,vinculo_aps_abaixo_50pct;media_indicadores_previne_abaixo_40;quatro_ou_mais_indicadores_abaixo_50;tres_ou_mais_indicadores_abaixo_30,13
353430,Orlândia,SP,São Paulo,SUDESTE,39144,9,8,2.299202942979767,4349.333333333333,0.0,39193,7347.0,18.74569438420126,6,23.833333333333332,5,5,9.0,9.0,14.0,17.0,18.0,76.0,vinculo_aps_abaixo_50pct;media_indicadores_previne_abaixo_40;quatro_ou_mais_indicadores_abaixo_50;tres_ou_mais_indicadores_abaixo_30,13
354660,Santa Fé do Sul,SP,São Paulo,SUDESTE,36288,9,9,2.4801587301587302,4032.0,0.0,36098,11813.0,32.724804698321236,6,23.833333333333332,6,4,32.0,7.0,22.0,25.0,20.0,37.0,vinculo_aps_abaixo_50pct;media_indicadores_previne_abaixo_40;quatro_ou_mais_indicadores_abaixo_50;tres_ou_mais_indicadores_abaixo_30,13
355450,Tietê,SP,São Paulo,SUDESTE,38723,6,6,1.5494667252020762,6453.833333333333,2.6797014016945293,38690,7861.0,20.31791160506591,6,24.0,5,3,31.0,10.0,1.0,16.0,36.0,50.0,vinculo_aps_abaixo_50pct;media_indicadores_previne_abaixo_40;quatro_ou_mais_indicadores_abaixo_50;tres_ou_mais_indicadores_abaixo_30,13
314930,Pedro Leopoldo,MG,Minas Gerais,SUDESTE,65174,22,21,3.3755792187068465,2962.4545454545455,0.0,64910,17571.0,27.06978893853027,6,24.0,5,4,17.0,8.0,10.0,34.0,23.0,52.0,vinculo_aps_abaixo_50pct;media_indicadores_previne_abaixo_40;quatro_ou_mais_indicadores_abaixo_50;tres_ou_mais_indicadores_abaixo_30,13
330100,Campos dos Goytacazes,RJ,Rio de Janeiro,SUDESTE,519259,91,84,1.7524973086648474,5706.142857142857,25.39111303727757,519011,133562.0,25.73394398191946,6,24.166666666666668,6,4,15.0,4.0,21.0,41.0,17.0,47.0,vinculo_aps_abaixo_50pct;media_indicadores_previne_abaixo_40;quatro_ou_mais_indicadores_abaixo_50;tres_ou_mais_indicadores_abaixo_30,13
350900,Caieiras,SP,São Paulo,SUDESTE,98549,18,17,1.8265025520299547,5474.944444444444,4.089608073640837,98257,26842.0,27.318155449484514,6,24.166666666666668,5,5,19.0,12.0,16.0,26.0,13.0,59.0,vinculo_aps_abaixo_50pct;media_indicadores_previne_abaixo_40;quatro_ou_mais_indicadores_abaixo_50;tres_ou_mais_indicadores_abaixo_30,13
110010,Guajará-Mirim,RO,Rondônia,NORTE,43594,10,9,2.29389365509015,4359.4,0.0,43553,19567.0,44.9268707092508,6,24.166666666666668,5,4,13.0,7.0,6.0,44.0,19.0,56.0,vinculo_aps_abaixo_50pct;media_indicadores_previne_abaixo_40;quatro_ou_mais_indicadores_abaixo_50;tres_ou_mais_indicadores_abaixo_30,13
261070,Paulista,PE,Pernambuco,NORDESTE,365144,62,61,1.697960256775409,5889.419354838709,19.846470795660128,362960,103975.0,28.646407317610755,6,24.666666666666668,5,4,8.0,6.0,11.0,34.0,18.0,71.0,vinculo_aps_abaixo_50pct;media_indicadores_previne_abaixo_40;quatro_ou_mais_indicadores_abaixo_50;tres_ou_mais_indicadores_abaixo_30,13
350560,Barrinha,SP,São Paulo,SUDESTE,33304,10,10,3.002642325246217,3330.4,0.0,33181,8671.0,26.132425183086706,6,24.833333333333332,6,4,22.0,8.0,27.0,27.0,30.0,35.0,vinculo_aps_abaixo_50pct;media_indicadores_previne_abaixo_40;quatro_ou_mais_indicadores_abaixo_50;tres_ou_mais_indicadores_abaixo_30,13
520800,Formosa,GO,Goiás,CENTRO-OESTE,121559,21,21,1.7275561661415446,5788.523809523809,6.247264485927876,120478,35455.0,29.428609372665548,6,24.833333333333332,5,3,5.0,2.0,21.0,38.0,31.0,52.0,vinculo_aps_abaixo_50pct;media_indicadores_previne_abaixo_40;quatro_ou_mais_indicadores_abaixo_50;tres_ou_mais_indicadores_abaixo_30,13
355640,Vargem Grande do Sul,SP,São Paulo,SUDESTE,41256,8,6,1.9391118867558659,5157.0,1.2474694891488127,41226,11509.0,27.916848590695192,6,25.833333333333332,5,4,12.0,5.0,26.0,40.0,0.0,72.0,vinculo_aps_abaixo_50pct;media_indicadores_previne_abaixo_40;quatro_ou_mais_indicadores_abaixo_50;tres_ou_mais_indicadores_abaixo_30,13
317120,Vespasiano,MG,Minas Gerais,SUDESTE,138583,22,22,1.587496301855206,6299.227272727273,9.063168126204914,136826,38432.0,28.08822884539488,6,25.833333333333332,5,5,21.0,10.0,17.0,23.0,16.0,68.0,vinculo_aps_abaixo_50pct;media_indicadores_previne_abaixo_40;quatro_ou_mais_indicadores_abaixo_50;tres_ou_mais_indicadores_abaixo_30,13
330390,Petrópolis,RJ,Rio de Janeiro,SUDESTE,294926,55,53,1.8648745787078793,5362.290909090909,11.107213170368013,294983,90835.0,30.793299952878638,6,25.833333333333332,5,5,27.0,17.0,19.0,26.0,16.0,50.0,vinculo_aps_abaixo_50pct;media_indicadores_previne_abaixo_40;quatro_ou_mais_indicadores_abaixo_50;tres_ou_mais_indicadores_abaixo_30,13
330430,Rio Bonito,RJ,Rio de Janeiro,SUDESTE,59126,21,21,3.5517369685079325,2815.5238095238096,0.0,59113,23621.0,39.95906145856242,6,25.833333333333332,6,4,24.0,5.0,28.0,32.0,21.0,45.0,vinculo_aps_abaixo_50pct;media_indicadores_previne_abaixo_40;quatro_ou_mais_indicadores_abaixo_50;tres_ou_mais_indicadores_abaixo_30,13
431740,Santiago,RS,Rio Grande do Sul,SUL,50336,14,14,2.781309599491418,3595.4285714285716,0.0,50331,14532.0,28.87286165583835,6,26.166666666666668,6,4,27.0,14.0,20.0,34.0,13.0,49.0,vinculo_aps_abaixo_50pct;media_indicadores_previne_abaixo_40;quatro_ou_mais_indicadores_abaixo_50;tres_ou_mais_indicadores_abaixo_30,13
330414,Queimados,RJ,Rio de Janeiro,SUDESTE,149135,23,21,1.5422268414523754,6484.130434782609,10.428382835568359,149093,30490.0,20.450322952787857,6,26.833333333333332,5,3,16.0,3.0,2.0,46.0,38.0,56.0,vinculo_aps_abaixo_50pct;media_indicadores_previne_abaixo_40;quatro_ou_mais_indicadores_abaixo_50;tres_ou_mais_indicadores_abaixo_30,13
315460,Ribeirão das Neves,MG,Minas Gerais,SUDESTE,346971,72,70,2.075101377348539,4819.041666666667,5.773020557481406,344828,77563.0,22.49324300810839,6,27.166666666666668,5,4,12.0,5.0,13.0,42.0,24.0,67.0,vinculo_aps_abaixo_50pct;media_indicadores_previne_abaixo_40;quatro_ou_mais_indicadores_abaixo_50;tres_ou_mais_indicadores_abaixo_30,13
150280,Curralinho,PA,Pará,NORTE,36814,8,8,2.1730863258542943,4601.75,0.251801962709047,36451,17608.0,48.30594496721626,6,27.333333333333332,4,3,6.0,1.0,21.0,55.0,30.0,51.0,vinculo_aps_abaixo_50pct;media_indicadores_previne_abaixo_40;quatro_ou_mais_indicadores_abaixo_50;tres_ou_mais_indicadores_abaixo_30,13
311860,Contagem,MG,Minas Gerais,SUDESTE,651718,136,86,2.0867921401587806,4792.044117647059,10.081595901907248,649975,198391.0,30.522866264087078,6,27.5,5,4,17.0,5.0,24.0,35.0,27.0,57.0,vinculo_aps_abaixo_50pct;media_indicadores_previne_abaixo_40;quatro_ou_mais_indicadores_abaixo_50;tres_ou_mais_indicadores_abaixo_30,13
260960,Olinda,PE,Pernambuco,NORDESTE,364717,54,46,1.4806000268701485,6754.018518518518,27.75075939678805,365402,130641.0,35.752677872589636,6,27.5,5,4,19.0,8.0,19.0,39.0,21.0,59.0,vinculo_aps_abaixo_50pct;media_indicadores_previne_abaixo_40;quatro_ou_mais_indicadores_abaixo_50;tres_ou_mais_indicadores_abaixo_30,13
330140,Conceição de Macabu,RJ,Rio de Janeiro,SUDESTE,21770,3,3,1.3780431786862655,7256.666666666667,1.8797123031503216,21769,10688.0,49.09734025449033,6,27.666666666666668,5,4,47.0,9.0,20.0,23.0,4.0,63.0,vinculo_aps_abaixo_50pct;media_indicadores_previne_abaixo_40;quatro_ou_mais_indicadores_abaixo_50;tres_ou_mais_indicadores_abaixo_30,13
355500,Tupã,SP,São Paulo,SUDESTE,65433,16,15,2.4452493390185377,4089.5625,0.0,65416,19337.0,29.56004647181118,6,27.833333333333332,5,5,22.0,18.0,18.0,7.0,7.0,95.0,vinculo_aps_abaixo_50pct;media_indicadores_previne_abaixo_40;quatro_ou_mais_indicadores_abaixo_50;tres_ou_mais_indicadores_abaixo_30,13
354940,São Joaquim da Barra,SP,São Paulo,SUDESTE,49885,11,11,2.205071664829107,4535.0,0.1816466808752303,49815,14023.0,28.15015557562983,6,28.0,5,5,16.0,20.0,23.0,20.0,20.0,69.0,vinculo_aps_abaixo_50pct;media_indicadores_previne_abaixo_40;quatro_ou_mais_indicadores_abaixo_50;tres_ou_mais_indicadores_abaixo_30,13
330250,Magé,RJ,Rio de Janeiro,SUDESTE,244142,78,56,3.1948620065371793,3130.025641025641,0.0,244092,119003.0,48.75333890500303,6,28.166666666666668,4,4,20.0,8.0,16.0,50.0,25.0,50.0,vinculo_aps_abaixo_50pct;media_indicadores_previne_abaixo_40;quatro_ou_mais_indicadores_abaixo_50;tres_ou_mais_indicadores_abaixo_30,13
354400,Rio das Pedras,SP,São Paulo,SUDESTE,32329,5,3,1.54659902873581,6465.8,2.2464960518395376,32267,1989.0,6.164192518672327,6,28.5,5,4,10.0,2.0,38.0,13.0,8.0,100.0,vinculo_aps_abaixo_50pct;media_indicadores_previne_abaixo_40;quatro_ou_mais_indicadores_abaixo_50;tres_ou_mais_indicadores_abaixo_30,13
520110,Anápolis,GO,Goiás,CENTRO-OESTE,420300,53,52,1.2610040447299549,7930.188679245283,41.20960408884152,415847,108493.0,26.089643546785236,6,28.5,5,3,12.0,4.0,33.0,35.0,25.0,62.0,vinculo_aps_abaixo_50pct;media_indicadores_previne_abaixo_40;quatro_ou_mais_indicadores_abaixo_50;tres_ou_mais_indicadores_abaixo_30,13
313820,Lavras,MG,Minas Gerais,SUDESTE,110682,22,21,1.9876764062810575,5031.0,2.8092015221535998,109884,29415.0,26.769138364093042,6,28.833333333333332,5,3,22.0,12.0,30.0,34.0,16.0,59.0,vinculo_aps_abaixo_50pct;media_indicadores_previne_abaixo_40;quatro_ou_mais_indicadores_abaixo_50;tres_ou_mais_indicadores_abaixo_30,13
330360,Paracambi,RJ,Rio de Janeiro,SUDESTE,43627,13,12,2.979806083388727,3355.923076923077,0.0,43656,16624.0,38.07953087777167,6,29.0,5,4,14.0,11.0,11.0,38.0,29.0,71.0,vinculo_aps_abaixo_50pct;media_indicadores_previne_abaixo_40;quatro_ou_mais_indicadores_abaixo_50;tres_ou_mais_indicadores_abaixo_30,13
150470,Moju,PA,Pará,NORTE,91760,15,15,1.6346992153443767,6117.333333333333,5.567864076117294,90795,26103.0,28.74938047249298,6,29.166666666666668,6,3,29.0,6.0,44.0,39.0,13.0,44.0,vinculo_aps_abaixo_50pct;media_indicadores_previne_abaixo_40;quatro_ou_mais_indicadores_abaixo_50;tres_ou_mais_indicadores_abaixo_30,13
312710,Frutal,MG,Minas Gerais,SUDESTE,61275,13,11,2.1215830273357814,4713.461538461538,0.7346978123810716,60942,19023.0,31.214925667027664,6,29.166666666666668,5,5,14.0,13.0,28.0,29.0,29.0,62.0,vinculo_aps_abaixo_50pct;media_indicadores_previne_abaixo_40;quatro_ou_mais_indicadores_abaixo_50;tres_ou_mais_indicadores_abaixo_30,13
250750,João Pessoa,PB,Paraíba,NORDESTE,897633,138,123,1.5373766338804389,6504.586956521739,63.20306815864642,888679,290839.0,32.72711519007426,6,29.166666666666668,6,3,16.0,13.0,43.0,44.0,22.0,37.0,vinculo_aps_abaixo_50pct;media_indicadores_previne_abaixo_40;quatro_ou_mais_indicadores_abaixo_50;tres_ou_mais_indicadores_abaixo_30,13
352260,Itapira,SP,São Paulo,SUDESTE,74038,18,15,2.431183986601475,4113.222222222223,0.0,73919,21095.0,28.537994291048307,6,29.333333333333332,5,5,19.0,5.0,27.0,28.0,12.0,85.0,vinculo_aps_abaixo_50pct;media_indicadores_previne_abaixo_40;quatro_ou_mais_indicadores_abaixo_50;tres_ou_mais_indicadores_abaixo_30,13
150700,Santo Antônio do Tauá,PA,Pará,NORTE,29234,14,14,4.788944379831703,2088.1428571428573,0.0,29134,13355.0,45.83991213015721,6,29.333333333333332,4,4,3.0,8.0,70.0,25.0,11.0,59.0,vinculo_aps_abaixo_50pct;media_indicadores_previne_abaixo_40;quatro_ou_mais_indicadores_abaixo_50;tres_ou_mais_indicadores_abaixo_30,13
352850,Mairiporã,SP,São Paulo,SUDESTE,97835,18,18,1.8398323708284356,5435.277777777777,3.9295660624121127,97399,30241.0,31.048573393977353,6,29.5,5,3,31.0,6.0,16.0,34.0,24.0,66.0,vinculo_aps_abaixo_50pct;media_indicadores_previne_abaixo_40;quatro_ou_mais_indicadores_abaixo_50;tres_ou_mais_indicadores_abaixo_30,13
314000,Mariana,MG,Minas Gerais,SUDESTE,64506,26,26,4.030632809351069,2481.0,0.0,64058,20586.0,32.13650129570077,6,29.666666666666668,5,4,9.0,2.0,26.0,33.0,14.0,94.0,vinculo_aps_abaixo_50pct;media_indicadores_previne_abaixo_40;quatro_ou_mais_indicadores_abaixo_50;tres_ou_mais_indicadores_abaixo_30,13
150820,Vigia,PA,Pará,NORTE,54062,14,14,2.589619325959084,3861.5714285714284,0.0,53806,26231.0,48.751068654053455,6,30.166666666666668,5,3,11.0,5.0,36.0,59.0,23.0,47.0,vinculo_aps_abaixo_50pct;media_indicadores_previne_abaixo_40;quatro_ou_mais_indicadores_abaixo_50;tres_ou_mais_indicadores_abaixo_30,13
410640,Cornélio Procópio,PR,Paraná,SUL,45720,13,13,2.84339457567804,3516.923076923077,0.0,45830,12575.0,27.438359153392973,6,30.333333333333332,5,5,19.0,4.0,25.0,25.0,15.0,94.0,vinculo_aps_abaixo_50pct;media_indicadores_previne_abaixo_40;quatro_ou_mais_indicadores_abaixo_50;tres_ou_mais_indicadores_abaixo_30,13
412220,Rio Branco do Sul,PR,Paraná,SUL,40308,10,10,2.480897092388608,4030.8,0.0,39307,13287.0,33.80313938993055,6,30.333333333333332,5,4,21.0,0.0,24.0,29.0,47.0,61.0,vinculo_aps_abaixo_50pct;media_indicadores_previne_abaixo_40;quatro_ou_mais_indicadores_abaixo_50;tres_ou_mais_indicadores_abaixo_30,13
350190,Amparo,SP,São Paulo,SUDESTE,69792,19,19,2.722375057313159,3673.2631578947367,0.0,69717,22587.0,32.398123843538876,6,30.5,5,3,17.0,13.0,30.0,35.0,29.0,59.0,vinculo_aps_abaixo_50pct;media_indicadores_previne_abaixo_40;quatro_ou_mais_indicadores_abaixo_50;tres_ou_mais_indicadores_abaixo_30,13
316200,São Gonçalo do Sapucaí,MG,Minas Gerais,SUDESTE,24497,10,10,4.0821325060211455,2449.7,0.0,24480,8903.0,36.36846405228758,6,30.5,6,3,18.0,16.0,39.0,39.0,28.0,43.0,vinculo_aps_abaixo_50pct;media_indicadores_previne_abaixo_40;quatro_ou_mais_indicadores_abaixo_50;tres_ou_mais_indicadores_abaixo_30,13
110020,Porto Velho,RO,Rondônia,NORTE,517709,61,58,1.1782681004193476,8487.032786885246,55.043682900856666,514873,151439.0,29.412884342352385,6,30.833333333333332,5,4,15.0,7.0,26.0,43.0,28.0,66.0,vinculo_aps_abaixo_50pct;media_indicadores_previne_abaixo_40;quatro_ou_mais_indicadores_abaixo_50;tres_ou_mais_indicadores_abaixo_30,13
290650,Candeias,BA,Bahia,NORDESTE,74854,30,25,4.007801854276324,2495.133333333333,0.0,75083,31171.0,41.51538963547008,6,30.833333333333332,4,4,18.0,9.0,21.0,53.0,29.0,55.0,vinculo_aps_abaixo_50pct;media_indicadores_previne_abaixo_40;quatro_ou_mais_indicadores_abaixo_50;tres_ou_mais_indicadores_abaixo_30,13
330600,Três Rios,RJ,Rio de Janeiro,SUDESTE,82319,30,30,3.6443591394453287,2743.9666666666667,0.0,82300,36916.0,44.85540704738761,6,31.0,5,4,22.0,14.0,34.0,29.0,29.0,58.0,vinculo_aps_abaixo_50pct;media_indicadores_previne_abaixo_40;quatro_ou_mais_indicadores_abaixo_50;tres_ou_mais_indicadores_abaixo_30,13
311830,Conselheiro Lafaiete,MG,Minas Gerais,SUDESTE,138946,34,34,2.446993796151023,4086.6470588235293,0.0,137980,37045.0,26.848093926656034,6,31.333333333333332,5,4,18.0,13.0,27.0,36.0,28.0,66.0,vinculo_aps_abaixo_50pct;media_indicadores_previne_abaixo_40;quatro_ou_mais_indicadores_abaixo_50;tres_ou_mais_indicadores_abaixo_30,13
316210,São Gotardo,MG,Minas Gerais,SUDESTE,43851,15,15,3.420674557022645,2923.4,0.0,43309,14807.0,34.18919854995497,6,31.333333333333332,5,3,17.0,11.0,41.0,30.0,3.0,86.0,vinculo_aps_abaixo_50pct;media_indicadores_previne_abaixo_40;quatro_ou_mais_indicadores_abaixo_50;tres_ou_mais_indicadores_abaixo_30,13
351340,Cruzeiro,SP,São Paulo,SUDESTE,76444,14,14,1.8314059965464917,5460.285714285715,3.1348060313285777,76513,27021.0,35.315567289218826,6,31.333333333333332,5,4,17.0,11.0,7.0,41.0,21.0,91.0,vinculo_aps_abaixo_50pct;media_indicadores_previne_abaixo_40;quatro_ou_mais_indicadores_abaixo_50;tres_ou_mais_indicadores_abaixo_30,13
354530,Salto de Pirapora,SP,São Paulo,SUDESTE,45262,11,10,2.4302947284697978,4114.727272727273,0.0,45138,16465.0,36.47702600912757,6,31.333333333333332,5,4,26.0,3.0,15.0,46.0,23.0,75.0,vinculo_aps_abaixo_50pct;media_indicadores_previne_abaixo_40;quatro_ou_mais_indicadores_abaixo_50;tres_ou_mais_indicadores_abaixo_30,13
315780,Santa Luzia,MG,Minas Gerais,SUDESTE,230382,34,32,1.4758097420805445,6775.941176470588,17.639773992851506,229483,85981.0,37.46726337027144,6,31.333333333333332,5,3,17.0,8.0,28.0,39.0,31.0,65.0,vinculo_aps_abaixo_50pct;media_indicadores_previne_abaixo_40;quatro_ou_mais_indicadores_abaixo_50;tres_ou_mais_indicadores_abaixo_30,13
353930,Pirassununga,SP,São Paulo,SUDESTE,75594,20,17,2.645712622694923,3779.7,0.0,75475,22295.0,29.53958264325936,6,31.5,4,3,19.0,3.0,26.0,54.0,30.0,57.0,vinculo_aps_abaixo_50pct;media_indicadores_previne_abaixo_40;quatro_ou_mais_indicadores_abaixo_50;tres_ou_mais_indicadores_abaixo_30,13
240325,Parnamirim,RN,Rio Grande do Norte,NORDESTE,271713,32,30,1.1777132489060147,8491.03125,28.904054617633594,269298,85236.0,31.651181961990062,6,31.5,5,4,12.0,8.0,27.0,48.0,28.0,66.0,vinculo_aps_abaixo_50pct;media_indicadores_previne_abaixo_40;quatro_ou_mais_indicadores_abaixo_50;tres_ou_mais_indicadores_abaixo_30,13
291560,Itamaraju,BA,Bahia,NORDESTE,61999,25,25,4.032323101985516,2479.96,0.0,62065,30905.0,49.79457020865222,6,31.5,4,3,21.0,4.0,13.0,52.0,31.0,68.0,vinculo_aps_abaixo_50pct;media_indicadores_previne_abaixo_40;quatro_ou_mais_indicadores_abaixo_50;tres_ou_mais_indicadores_abaixo_30,13
330300,Miracema,RJ,Rio de Janeiro,SUDESTE,28416,13,11,4.574887387387387,2185.846153846154,0.0,28411,12676.0,44.61652176973707,6,31.666666666666668,5,4,26.0,1.0,21.0,48.0,26.0,68.0,vinculo_aps_abaixo_50pct;media_indicadores_previne_abaixo_40;quatro_ou_mais_indicadores_abaixo_50;tres_ou_mais_indicadores_abaixo_30,13
292930,São Gonçalo dos Campos,BA,Bahia,NORDESTE,42171,12,12,2.845557373550544,3514.25,0.0,41909,18207.0,43.44412894604977,6,31.833333333333332,4,3,12.0,4.0,40.0,61.0,23.0,51.0,vinculo_aps_abaixo_50pct;media_indicadores_previne_abaixo_40;quatro_ou_mais_indicadores_abaixo_50;tres_ou_mais_indicadores_abaixo_30,13
431900,São Marcos,RS,Rio Grande do Sul,SUL,21549,5,5,2.3202932850712332,4309.8,0.0,21537,5581.0,25.913544133351905,6,32.5,5,5,25.0,14.0,19.0,25.0,17.0,95.0,vinculo_aps_abaixo_50pct;media_indicadores_previne_abaixo_40;quatro_ou_mais_indicadores_abaixo_50;tres_ou_mais_indicadores_abaixo_30,13
351150,Cerquilho,SP,São Paulo,SUDESTE,46391,9,9,1.9400314716216507,5154.555555555556,1.3984719088399893,46217,13340.0,28.863837981695045,6,32.5,5,3,31.0,29.0,25.0,11.0,37.0,62.0,vinculo_aps_abaixo_50pct;media_indicadores_previne_abaixo_40;quatro_ou_mais_indicadores_abaixo_50;tres_ou_mais_indicadores_abaixo_30,13
355020,São Miguel Arcanjo,SP,São Paulo,SUDESTE,32924,15,11,4.555947029522537,2194.9333333333334,0.0,32904,12061.0,36.65511791879407,6,32.5,4,3,35.0,6.0,10.0,53.0,24.0,67.0,vinculo_aps_abaixo_50pct;media_indicadores_previne_abaixo_40;quatro_ou_mais_indicadores_abaixo_50;tres_ou_mais_indicadores_abaixo_30,13
260790,Jaboatão dos Guararapes,PE,Pernambuco,NORDESTE,684293,134,125,1.9582254969727881,5106.664179104478,19.383232478623913,683285,200785.0,29.38524920055321,6,32.666666666666664,5,3,15.0,12.0,34.0,45.0,25.0,65.0,vinculo_aps_abaixo_50pct;media_indicadores_previne_abaixo_40;quatro_ou_mais_indicadores_abaixo_50;tres_ou_mais_indicadores_abaixo_30,13
315670,Sabará,MG,Minas Gerais,SUDESTE,134576,22,21,1.6347639995244323,6117.090909090909,8.16500518643811,134286,42236.0,31.452273505801053,6,32.666666666666664,5,4,24.0,7.0,22.0,36.0,22.0,85.0,vinculo_aps_abaixo_50pct;media_indicadores_previne_abaixo_40;quatro_ou_mais_indicadores_abaixo_50;tres_ou_mais_indicadores_abaixo_30,13
353110,Mongaguá,SP,São Paulo,SUDESTE,64845,11,11,1.6963528413910094,5895.0,3.534907868524694,64519,23979.0,37.16579612207257,6,32.666666666666664,5,4,19.0,5.0,25.0,83.0,27.0,37.0,vinculo_aps_abaixo_50pct;media_indicadores_previne_abaixo_40;quatro_ou_mais_indicadores_abaixo_50;tres_ou_mais_indicadores_abaixo_30,13
310110,Aimorés,MG,Minas Gerais,SUDESTE,26212,9,9,3.4335418892110483,2912.4444444444443,0.0,26165,12610.0,48.19415249378941,6,32.833333333333336,5,4,27.0,9.0,24.0,32.0,11.0,94.0,vinculo_aps_abaixo_50pct;media_indicadores_previne_abaixo_40;quatro_ou_mais_indicadores_abaixo_50;tres_ou_mais_indicadores_abaixo_30,13
421620,São Francisco do Sul,SC,Santa Catarina,SUL,56726,18,15,3.1731481155025913,3151.4444444444443,0.0,55784,17606.0,31.56102108131364,6,33.0,5,3,17.0,26.0,34.0,50.0,27.0,44.0,vinculo_aps_abaixo_50pct;media_indicadores_previne_abaixo_40;quatro_ou_mais_indicadores_abaixo_50;tres_ou_mais_indicadores_abaixo_30,13
293070,Simões Filho,BA,Bahia,NORDESTE,120419,19,19,1.577824097526138,6337.8421052631575,7.991735224302183,120394,38144.0,31.682641992125856,6,33.0,5,3,26.0,7.0,35.0,37.0,21.0,72.0,vinculo_aps_abaixo_50pct;media_indicadores_previne_abaixo_40;quatro_ou_mais_indicadores_abaixo_50;tres_ou_mais_indicadores_abaixo_30,13
330240,Macaé,RJ,Rio de Janeiro,SUDESTE,264439,63,60,2.382401990629219,4197.444444444444,0.0,264138,58163.0,22.01992897651985,6,33.166666666666664,5,3,27.0,15.0,17.0,47.0,31.0,62.0,vinculo_aps_abaixo_50pct;media_indicadores_previne_abaixo_40;quatro_ou_mais_indicadores_abaixo_50;tres_ou_mais_indicadores_abaixo_30,13
330480,São Fidélis,RJ,Rio de Janeiro,SUDESTE,41212,9,8,2.1838299524410365,4579.111111111111,0.237606956243962,41197,18004.0,43.70221132606743,6,33.166666666666664,4,3,16.0,2.0,30.0,50.0,18.0,83.0,vinculo_aps_abaixo_50pct;media_indicadores_previne_abaixo_40;quatro_ou_mais_indicadores_abaixo_50;tres_ou_mais_indicadores_abaixo_30,13
310160,Alfenas,MG,Minas Gerais,SUDESTE,82303,29,28,3.5235653621374676,2838.0344827586205,0.0,81950,24447.0,29.831604636973765,6,33.666666666666664,5,4,23.0,27.0,26.0,41.0,25.0,60.0,vinculo_aps_abaixo_50pct;media_indicadores_previne_abaixo_40;quatro_ou_mais_indicadores_abaixo_50;tres_ou_mais_indicadores_abaixo_30,13
312770,Governador Valadares,MG,Minas Gerais,SUDESTE,266561,69,56,2.5885257033099367,3863.2028985507245,0.0,266649,90845.0,34.069132080000294,6,33.666666666666664,4,3,22.0,15.0,29.0,51.0,30.0,55.0,vinculo_aps_abaixo_50pct;media_indicadores_previne_abaixo_40;quatro_ou_mais_indicadores_abaixo_50;tres_ou_mais_indicadores_abaixo_30,13
522020,São Miguel do Araguaia,GO,Goiás,CENTRO-OESTE,22040,7,7,3.176043557168784,3148.5714285714284,0.0,22079,10846.0,49.123601612391866,6,33.666666666666664,5,3,15.0,8.0,25.0,45.0,46.0,63.0,vinculo_aps_abaixo_50pct;media_indicadores_previne_abaixo_40;quatro_ou_mais_indicadores_abaixo_50;tres_ou_mais_indicadores_abaixo_30,13
140005,Alto Alegre,RR,Roraima,NORTE,23589,8,8,3.3914112510068253,2948.625,0.0,23049,8615.0,37.37689270684194,6,33.833333333333336,5,3,63.0,21.0,31.0,25.0,17.0,46.0,vinculo_aps_abaixo_50pct;media_indicadores_previne_abaixo_40;quatro_ou_mais_indicadores_abaixo_50;tres_ou_mais_indicadores_abaixo_30,13
330470,Santo Antônio de Pádua,RJ,Rio de Janeiro,SUDESTE,43697,24,12,5.492367897109641,1820.7083333333333,0.0,43686,18577.0,42.52392070686261,6,33.833333333333336,5,3,11.0,12.0,30.0,43.0,24.0,83.0,vinculo_aps_abaixo_50pct;media_indicadores_previne_abaixo_40;quatro_ou_mais_indicadores_abaixo_50;tres_ou_mais_indicadores_abaixo_30,13
350960,Campo Limpo Paulista,SP,São Paulo,SUDESTE,79781,10,8,1.253431268096414,7978.1,7.882789492771511,79663,11924.0,14.968052922937874,6,34.0,5,3,20.0,6.0,6.0,44.0,38.0,90.0,vinculo_aps_abaixo_50pct;media_indicadores_previne_abaixo_40;quatro_ou_mais_indicadores_abaixo_50;tres_ou_mais_indicadores_abaixo_30,13
350380,Artur Nogueira,SP,São Paulo,SUDESTE,53467,18,18,3.36656255260254,2970.3888888888887,0.0,53157,13090.0,24.625166958255733,6,34.0,5,4,17.0,9.0,26.0,28.0,35.0,89.0,vinculo_aps_abaixo_50pct;media_indicadores_previne_abaixo_40;quatro_ou_mais_indicadores_abaixo_50;tres_ou_mais_indicadores_abaixo_30,13
353780,Piedade,SP,São Paulo,SUDESTE,54266,9,8,1.6584970331330853,6029.555555555556,3.1636411503332718,54237,13631.0,25.13228976528938,6,34.0,5,4,17.0,14.0,12.0,41.0,24.0,96.0,vinculo_aps_abaixo_50pct;media_indicadores_previne_abaixo_40;quatro_ou_mais_indicadores_abaixo_50;tres_ou_mais_indicadores_abaixo_30,13
330227,Japeri,RJ,Rio de Janeiro,SUDESTE,102171,16,14,1.5660020945278015,6385.6875,6.901473850490192,102149,44836.0,43.89274491184446,6,34.0,4,3,18.0,5.0,58.0,24.0,30.0,69.0,vinculo_aps_abaixo_50pct;media_indicadores_previne_abaixo_40;quatro_ou_mais_indicadores_abaixo_50;tres_ou_mais_indicadores_abaixo_30,13
431440,Pelotas,RS,Rio Grande do Sul,SUL,336150,54,53,1.606425702811245,6225.0,21.3475099083133,336131,106217.0,31.59988218878949,6,34.5,5,3,16.0,7.0,27.0,43.0,32.0,82.0,vinculo_aps_abaixo_50pct;media_indicadores_previne_abaixo_40;quatro_ou_mais_indicadores_abaixo_50;tres_ou_mais_indicadores_abaixo_30,13
330080,Cachoeiras de Macacu,RJ,Rio de Janeiro,SUDESTE,59861,29,22,4.844556556021449,2064.1724137931033,0.0,59837,22842.0,38.17370523254842,6,34.833333333333336,5,3,22.0,3.0,39.0,49.0,21.0,75.0,vinculo_aps_abaixo_50pct;media_indicadores_previne_abaixo_40;quatro_ou_mais_indicadores_abaixo_50;tres_ou_mais_indicadores_abaixo_30,13
313760,Lagoa Santa,MG,Minas Gerais,SUDESTE,81299,22,21,2.706060345145697,3695.409090909091,0.0,79981,25991.0,32.496467911128896,6,35.0,5,4,17.0,11.0,37.0,29.0,27.0,89.0,vinculo_aps_abaixo_50pct;media_indicadores_previne_abaixo_40;quatro_ou_mais_indicadores_abaixo_50;tres_ou_mais_indicadores_abaixo_30,13
330630,Volta Redonda,RJ,Rio de Janeiro,SUDESTE,279971,52,52,1.8573352240053433,5384.057692307692,10.755072725094106,279898,104166.0,37.21570000500182,6,35.0,4,3,32.0,20.0,12.0,50.0,19.0,77.0,vinculo_aps_abaixo_50pct;media_indicadores_previne_abaixo_40;quatro_ou_mais_indicadores_abaixo_50;tres_ou_mais_indicadores_abaixo_30,13
313350,Itapecerica,MG,Minas Gerais,SUDESTE,21456,9,9,4.194630872483222,2384.0,0.0,21462,8282.0,38.58913428385053,6,35.166666666666664,5,4,23.0,13.0,24.0,38.0,20.0,93.0,vinculo_aps_abaixo_50pct;media_indicadores_previne_abaixo_40;quatro_ou_mais_indicadores_abaixo_50;tres_ou_mais_indicadores_abaixo_30,13
330260,Mangaratiba,RJ,Rio de Janeiro,SUDESTE,43660,18,18,4.122766834631242,2425.5555555555557,0.0,43624,16430.0,37.66275444709334,6,35.333333333333336,5,3,21.0,8.0,29.0,73.0,43.0,38.0,vinculo_aps_abaixo_50pct;media_indicadores_previne_abaixo_40;quatro_ou_mais_indicadores_abaixo_50;tres_ou_mais_indicadores_abaixo_30,13
293135,Teixeira de Freitas,BA,Bahia,NORDESTE,153738,45,44,2.9270577215782696,3416.4,0.0,153332,63097.0,41.150575222393236,6,35.333333333333336,4,3,24.0,11.0,44.0,51.0,28.0,54.0,vinculo_aps_abaixo_50pct;media_indicadores_previne_abaixo_40;quatro_ou_mais_indicadores_abaixo_50;tres_ou_mais_indicadores_abaixo_30,13
354750,Santa Rita do Passa Quatro,SP,São Paulo,SUDESTE,24996,6,6,2.4003840614498317,4166.0,0.0,25060,8357.0,33.34796488427773,6,35.833333333333336,5,3,16.0,5.0,10.0,47.0,46.0,91.0,vinculo_aps_abaixo_50pct;media_indicadores_previne_abaixo_40;quatro_ou_mais_indicadores_abaixo_50;tres_ou_mais_indicadores_abaixo_30,13
210530,Imperatriz,MA,Maranhão,NORDESTE,285806,38,38,1.3295732070005528,7521.210526315789,26.06297907736246,285146,112378.0,39.41068785814986,6,35.833333333333336,4,3,21.0,15.0,27.0,55.0,37.0,60.0,vinculo_aps_abaixo_50pct;media_indicadores_previne_abaixo_40;quatro_ou_mais_indicadores_abaixo_50;tres_ou_mais_indicadores_abaixo_30,13
352400,Itupeva,SP,São Paulo,SUDESTE,74994,14,13,1.8668160119476225,5356.714285714285,2.8097907424187047,74119,14157.0,19.100365628246468,6,36.0,4,4,21.0,5.0,29.0,21.0,53.0,87.0,vinculo_aps_abaixo_50pct;media_indicadores_previne_abaixo_40;quatro_ou_mais_indicadores_abaixo_50;tres_ou_mais_indicadores_abaixo_30,13
310400,Araxá,MG,Minas Gerais,SUDESTE,118786,26,22,2.1888101291397977,4568.692307692308,0.625700764447132,117677,30414.0,25.84532236545799,6,36.0,4,3,12.0,16.0,22.0,60.0,35.0,71.0,vinculo_aps_abaixo_50pct;media_indicadores_previne_abaixo_40;quatro_ou_mais_indicadores_abaixo_50;tres_ou_mais_indicadores_abaixo_30,13
311000,Caeté,MG,Minas Gerais,SUDESTE,39775,11,11,2.765556253928347,3615.909090909091,0.0,39850,14753.0,37.02132998745295,6,36.333333333333336,5,4,28.0,18.0,13.0,45.0,22.0,92.0,vinculo_aps_abaixo_50pct;media_indicadores_previne_abaixo_40;quatro_ou_mais_indicadores_abaixo_50;tres_ou_mais_indicadores_abaixo_30,13
330050,Bom Jardim,RJ,Rio de Janeiro,SUDESTE,29758,9,8,3.024396800860273,3306.4444444444443,0.0,29736,11936.0,40.139897767016414,6,36.333333333333336,4,3,11.0,12.0,3.0,64.0,47.0,81.0,vinculo_aps_abaixo_50pct;media_indicadores_previne_abaixo_40;quatro_ou_mais_indicadores_abaixo_50;tres_ou_mais_indicadores_abaixo_30,13
353460,Osvaldo Cruz,SP,São Paulo,SUDESTE,32112,10,10,3.114100647732935,3211.2,0.0,32099,10218.0,31.832767375930715,6,36.5,4,3,14.0,12.0,23.0,58.0,44.0,68.0,vinculo_aps_abaixo_50pct;media_indicadores_previne_abaixo_40;quatro_ou_mais_indicadores_abaixo_50;tres_ou_mais_indicadores_abaixo_30,13
350030,Aguaí,SP,São Paulo,SUDESTE,32886,7,7,2.1285653469561514,4698.0,0.37134675247595217,32888,11886.0,36.14084164436876,6,36.5,5,3,30.0,8.0,19.0,45.0,22.0,95.0,vinculo_aps_abaixo_50pct;media_indicadores_previne_abaixo_40;quatro_ou_mais_indicadores_abaixo_50;tres_ou_mais_indicadores_abaixo_30,13
500460,Itaquiraí,MS,Mato Grosso do Sul,CENTRO-OESTE,20060,9,9,4.48654037886341,2228.8888888888887,0.0,19996,7246.0,36.23724744948989,6,36.833333333333336,5,3,19.0,21.0,29.0,38.0,30.0,84.0,vinculo_aps_abaixo_50pct;media_indicadores_previne_abaixo_40;quatro_ou_mais_indicadores_abaixo_50;tres_ou_mais_indicadores_abaixo_30,13
314480,Nova Lima,MG,Minas Gerais,SUDESTE,120959,22,22,1.8187981051430648,5498.136363636364,5.112775400861726,119142,29572.0,24.820802068120393,6,37.0,5,3,29.0,24.0,28.0,42.0,30.0,69.0,vinculo_aps_abaixo_50pct;media_indicadores_previne_abaixo_40;quatro_ou_mais_indicadores_abaixo_50;tres_ou_mais_indicadores_abaixo_30,13
350320,Araraquara,SP,São Paulo,SUDESTE,253474,45,43,1.7753300141237365,5632.7555555555555,11.815810580097592,252318,67094.0,26.591047804754318,6,37.0,5,3,22.0,21.0,40.0,49.0,26.0,64.0,vinculo_aps_abaixo_50pct;media_indicadores_previne_abaixo_40;quatro_ou_mais_indicadores_abaixo_50;tres_ou_mais_indicadores_abaixo_30,13
312980,Ibirité,MG,Minas Gerais,SUDESTE,179582,29,29,1.6148611776235926,6192.482758620689,11.25303145725039,178713,58983.0,33.00431417971832,6,37.0,5,3,34.0,12.0,22.0,45.0,20.0,89.0,vinculo_aps_abaixo_50pct;media_indicadores_previne_abaixo_40;quatro_ou_mais_indicadores_abaixo_50;tres_ou_mais_indicadores_abaixo_30,13
317130,Viçosa,MG,Minas Gerais,SUDESTE,79517,20,20,2.515185432045978,3975.85,0.0,79221,25687.0,32.42448340717739,6,37.166666666666664,5,3,28.0,30.0,29.0,38.0,25.0,73.0,vinculo_aps_abaixo_50pct;media_indicadores_previne_abaixo_40;quatro_ou_mais_indicadores_abaixo_50;tres_ou_mais_indicadores_abaixo_30,13
120040,Rio Branco,AC,Acre,NORTE,389001,103,101,2.647808103321071,3776.7087378640776,0.0,387852,146255.0,37.70897146334169,6,37.166666666666664,4,3,28.0,13.0,25.0,68.0,32.0,57.0,vinculo_aps_abaixo_50pct;media_indicadores_previne_abaixo_40;quatro_ou_mais_indicadores_abaixo_50;tres_ou_mais_indicadores_abaixo_30,13
310590,Barroso,MG,Minas Gerais,SUDESTE,20604,7,7,3.39739856338575,2943.4285714285716,0.0,20566,9288.0,45.16191772828941,6,37.5,5,3,27.0,5.0,35.0,41.0,28.0,89.0,vinculo_aps_abaixo_50pct;media_indicadores_previne_abaixo_40;quatro_ou_mais_indicadores_abaixo_50;tres_ou_mais_indicadores_abaixo_30,13
420290,Brusque,SC,Santa Catarina,SUL,155307,35,28,2.2536009323469,4437.342857142857,0.0,151949,38063.0,25.049852253058592,6,37.666666666666664,4,3,25.0,11.0,31.0,56.0,24.0,79.0,vinculo_aps_abaixo_50pct;media_indicadores_previne_abaixo_40;quatro_ou_mais_indicadores_abaixo_50;tres_ou_mais_indicadores_abaixo_30,13
430460,Canoas,RS,Rio Grande do Sul,SUL,359840,46,43,1.2783459315251222,7822.608695652174,34.65758728367532,359554,106415.0,29.59638885953153,6,37.833333333333336,5,3,27.0,23.0,39.0,48.0,25.0,65.0,vinculo_aps_abaixo_50pct;media_indicadores_previne_abaixo_40;quatro_ou_mais_indicadores_abaixo_50;tres_ou_mais_indicadores_abaixo_30,13
355210,Socorro,SP,São Paulo,SUDESTE,41527,15,15,3.6121077852963133,2768.4666666666667,0.0,41405,14044.0,33.918608863663806,6,37.833333333333336,5,3,33.0,24.0,22.0,41.0,10.0,97.0,vinculo_aps_abaixo_50pct;media_indicadores_previne_abaixo_40;quatro_ou_mais_indicadores_abaixo_50;tres_ou_mais_indicadores_abaixo_30,13
410240,Bandeirantes,PR,Paraná,SUL,31747,11,11,3.464894320723218,2886.090909090909,0.0,31807,13331.0,41.91215770113497,6,37.833333333333336,4,3,18.0,20.0,23.0,54.0,40.0,72.0,vinculo_aps_abaixo_50pct;media_indicadores_previne_abaixo_40;quatro_ou_mais_indicadores_abaixo_50;tres_ou_mais_indicadores_abaixo_30,13
260005,Abreu e Lima,PE,Pernambuco,NORDESTE,104248,36,33,3.4533036605018803,2895.777777777778,0.0,103945,48702.0,46.853624512963584,6,37.833333333333336,5,3,44.0,7.0,23.0,45.0,25.0,83.0,vinculo_aps_abaixo_50pct;media_indicadores_previne_abaixo_40;quatro_ou_mais_indicadores_abaixo_50;tres_ou_mais_indicadores_abaixo_30,13
430280,Caçapava do Sul,RS,Rio Grande do Sul,SUL,33501,9,8,2.6864869705381933,3722.3333333333335,0.0,33508,8889.0,26.527993315029246,6,38.5,4,3,24.0,15.0,34.0,55.0,29.0,74.0,vinculo_aps_abaixo_50pct;media_indicadores_previne_abaixo_40;quatro_ou_mais_indicadores_abaixo_50;tres_ou_mais_indicadores_abaixo_30,13
316295,São José da Lapa,MG,Minas Gerais,SUDESTE,28087,9,9,3.2043294050628406,3120.777777777778,0.0,27710,10276.0,37.084085167809455,6,38.5,4,3,23.0,20.0,31.0,50.0,17.0,90.0,vinculo_aps_abaixo_50pct;media_indicadores_previne_abaixo_40;quatro_ou_mais_indicadores_abaixo_50;tres_ou_mais_indicadores_abaixo_30,13
352240,Itapeva,SP,São Paulo,SUDESTE,92393,27,26,2.9222993083891637,3421.962962962963,0.0,92324,35529.0,38.482951345262336,6,38.5,4,3,33.0,11.0,18.0,51.0,26.0,92.0,vinculo_aps_abaixo_50pct;media_indicadores_previne_abaixo_40;quatro_ou_mais_indicadores_abaixo_50;tres_ou_mais_indicadores_abaixo_30,13
353180,Monte Mor,SP,São Paulo,SUDESTE,67832,12,11,1.7690765420450525,5652.666666666667,3.204439363679035,67296,18482.0,27.463742272943414,6,38.666666666666664,5,3,26.0,5.0,31.0,47.0,29.0,94.0,vinculo_aps_abaixo_50pct;media_indicadores_previne_abaixo_40;quatro_ou_mais_indicadores_abaixo_50;tres_ou_mais_indicadores_abaixo_30,13
312360,Elói Mendes,MG,Minas Gerais,SUDESTE,27429,12,11,4.374931641693099,2285.75,0.0,27343,9633.0,35.23022345755769,6,38.666666666666664,4,3,18.0,6.0,11.0,63.0,41.0,93.0,vinculo_aps_abaixo_50pct;media_indicadores_previne_abaixo_40;quatro_ou_mais_indicadores_abaixo_50;tres_ou_mais_indicadores_abaixo_30,13
316720,Sete Lagoas,MG,Minas Gerais,SUDESTE,238909,68,64,2.8462720115190305,3513.3676470588234,0.0,237931,72172.0,30.333163816400553,6,38.833333333333336,4,3,21.0,21.0,34.0,52.0,29.0,76.0,vinculo_aps_abaixo_50pct;media_indicadores_previne_abaixo_40;quatro_ou_mais_indicadores_abaixo_50;tres_ou_mais_indicadores_abaixo_30,13
314110,Matozinhos,MG,Minas Gerais,SUDESTE,39529,12,11,3.035745908067495,3294.0833333333335,0.0,39291,12255.0,31.19034893487058,6,38.833333333333336,5,3,28.0,38.0,24.0,34.0,18.0,91.0,vinculo_aps_abaixo_50pct;media_indicadores_previne_abaixo_40;quatro_ou_mais_indicadores_abaixo_50;tres_ou_mais_indicadores_abaixo_30,13
522140,Trindade,GO,Goiás,CENTRO-OESTE,153560,33,33,2.1489971346704873,4653.333333333333,1.4202398379312493,150858,46075.0,30.541966617613912,6,39.0,4,3,15.0,9.0,27.0,65.0,40.0,78.0,vinculo_aps_abaixo_50pct;media_indicadores_previne_abaixo_40;quatro_ou_mais_indicadores_abaixo_50;tres_ou_mais_indicadores_abaixo_30,13
314990,Perdões,MG,Minas Gerais,SUDESTE,22075,11,11,4.983012457531144,2006.8181818181818,0.0,21991,7582.0,34.47774089400209,6,39.333333333333336,5,3,17.0,18.0,24.0,39.0,46.0,92.0,vinculo_aps_abaixo_50pct;media_indicadores_previne_abaixo_40;quatro_ou_mais_indicadores_abaixo_50;tres_ou_mais_indicadores_abaixo_30,13
330150,Cordeiro,RJ,Rio de Janeiro,SUDESTE,21448,7,7,3.2637075718015667,3064.0,0.0,21444,8293.0,38.67282223465771,6,39.666666666666664,4,3,16.0,14.0,26.0,50.0,40.0,92.0,vinculo_aps_abaixo_50pct;media_indicadores_previne_abaixo_40;quatro_ou_mais_indicadores_abaixo_50;tres_ou_mais_indicadores_abaixo_30,13
313380,Itaúna,MG,Minas Gerais,SUDESTE,103272,23,23,2.227128360058874,4490.086956521739,0.14826132158658475,102500,26179.0,25.540487804878047,6,39.833333333333336,5,3,27.0,22.0,38.0,42.0,20.0,90.0,vinculo_aps_abaixo_50pct;media_indicadores_previne_abaixo_40;quatro_ou_mais_indicadores_abaixo_50;tres_ou_mais_indicadores_abaixo_30,13
350840,Cabreúva,SP,São Paulo,SUDESTE,48654,8,8,1.644263575451145,6081.75,2.905719908014502,48473,14712.0,30.35091700534318,6,39.833333333333336,4,3,29.0,7.0,24.0,52.0,49.0,78.0,vinculo_aps_abaixo_50pct;media_indicadores_previne_abaixo_40;quatro_ou_mais_indicadores_abaixo_50;tres_ou_mais_indicadores_abaixo_30,13
210232,Buriticupu,MA,Maranhão,NORDESTE,56733,0,0,0.0,0.0,12.71661543843028,56896,32616.0,57.32564679415073,6,40.333333333333336,4,2,35.0,8.0,27.0,59.0,40.0,73.0,municipio_5k_mais_sem_ubs_no_arquivo;ubs_por_10k_abaixo_de_50pct_media_nacional;vinculo_aps_entre_50_70pct;quatro_ou_mais_indicadores_abaixo_50,13
130130,Codajás,AM,Amazonas,NORTE,24572,0,0,0.0,0.0,5.507776330409265,24451,15748.0,64.40636374790397,6,45.833333333333336,4,1,49.0,10.0,50.0,46.0,36.0,84.0,municipio_5k_mais_sem_ubs_no_arquivo;ubs_por_10k_abaixo_de_50pct_media_nacional;vinculo_aps_entre_50_70pct;quatro_ou_mais_indicadores_abaixo_50,13
353440,Osasco,SP,São Paulo,SUDESTE,759524,38,37,0.5003133541533908,19987.473684210527,132.24614640964376,756952,223017.0,29.462502245849144,6,40.0,4,2,23.0,37.0,29.0,50.0,34.0,67.0,ubs_por_10k_abaixo_de_50pct_media_nacional;mais_de_10k_habitantes_por_ubs;vinculo_aps_abaixo_50pct;quatro_ou_mais_indicadores_abaixo_50,12
330350,Nova Iguaçu,RJ,Rio de Janeiro,SUDESTE,843220,64,64,0.7589952799981026,13175.3125,125.00647718247194,843046,203905.0,24.18669918367444,6,40.666666666666664,4,2,23.0,15.0,35.0,77.0,31.0,63.0,ubs_por_10k_abaixo_de_50pct_media_nacional;mais_de_10k_habitantes_por_ubs;vinculo_aps_abaixo_50pct;quatro_ou_mais_indicadores_abaixo_50,12
530010,Brasília,DF,Distrito Federal,CENTRO-OESTE,2996899,210,199,0.700724315367318,14270.94761904762,461.7503409094577,2982818,838546.0,28.112543239312622,6,40.833333333333336,4,2,18.0,16.0,38.0,59.0,40.0,74.0,ubs_por_10k_abaixo_de_50pct_media_nacional;mais_de_10k_habitantes_por_ubs;vinculo_aps_abaixo_50pct;quatro_ou_mais_indicadores_abaixo_50,12
351500,Embu das Artes,SP,São Paulo,SUDESTE,259788,21,21,0.8083514250080834,12370.857142857143,37.23108405194376,259323,102345.0,39.46622551798337,6,41.0,4,2,27.0,13.0,41.0,53.0,41.0,71.0,ubs_por_10k_abaixo_de_50pct_media_nacional;mais_de_10k_habitantes_por_ubs;vinculo_aps_abaixo_50pct;quatro_ou_mais_indicadores_abaixo_50,12
500270,Campo Grande,MS,Mato Grosso do Sul,CENTRO-OESTE,962883,82,82,0.8516091778544226,11742.475609756097,133.82875615959077,954537,301624.0,31.59898463862585,6,41.166666666666664,4,2,21.0,20.0,49.0,56.0,36.0,65.0,ubs_por_10k_abaixo_de_50pct_media_nacional;mais_de_10k_habitantes_por_ubs;vinculo_aps_abaixo_50pct;quatro_ou_mais_indicadores_abaixo_50,12
352940,Mauá,SP,São Paulo,SUDESTE,429014,25,25,0.5827315658696453,17160.56,71.16283390095232,429380,100795.0,23.474544692347106,6,41.333333333333336,5,2,28.0,7.0,47.0,41.0,36.0,89.0,ubs_por_10k_abaixo_de_50pct_media_nacional;mais_de_10k_habitantes_por_ubs;vinculo_aps_abaixo_50pct;quatro_ou_mais_indicadores_abaixo_50,12
420540,Florianópolis,SC,Santa Catarina,SUL,587486,57,56,0.9702358864721883,10306.771929824561,74.68409104862516,576361,160713.0,27.884086536042513,6,41.5,5,2,26.0,22.0,48.0,46.0,43.0,64.0,ubs_por_10k_abaixo_de_50pct_media_nacional;mais_de_10k_habitantes_por_ubs;vinculo_aps_abaixo_50pct;quatro_ou_mais_indicadores_abaixo_50,12
431340,Novo Hamburgo,RS,Rio Grande do Sul,SUL,235802,9,9,0.3816761520258522,26200.222222222223,43.85465872794911,235879,62496.0,26.494940202391902,6,42.0,4,0,31.0,32.0,40.0,57.0,34.0,58.0,ubs_por_10k_abaixo_de_50pct_media_nacional;mais_de_10k_habitantes_por_ubs;vinculo_aps_abaixo_50pct;quatro_ou_mais_indicadores_abaixo_50,12
350570,Barueri,SP,São Paulo,SUDESTE,333737,23,23,0.689165420675562,14510.304347826086,51.806639637872244,330339,106989.0,32.38763815353319,6,42.0,4,1,35.0,12.0,41.0,64.0,38.0,62.0,ubs_por_10k_abaixo_de_50pct_media_nacional;mais_de_10k_habitantes_por_ubs;vinculo_aps_abaixo_50pct;quatro_ou_mais_indicadores_abaixo_50,12
354850,Santos,SP,São Paulo,SUDESTE,429547,38,37,0.8846529017779196,11303.868421052632,58.282305038186095,429567,80017.0,18.6273619714736,6,42.833333333333336,4,2,40.0,19.0,39.0,53.0,24.0,82.0,ubs_por_10k_abaixo_de_50pct_media_nacional;mais_de_10k_habitantes_por_ubs;vinculo_aps_abaixo_50pct;quatro_ou_mais_indicadores_abaixo_50,12
314430,Nanuque,MG,Minas Gerais,SUDESTE,35263,3,3,0.8507500779854238,11754.333333333334,4.904147677813035,35554,16290.0,45.81762952129156,6,43.166666666666664,5,1,35.0,18.0,49.0,48.0,41.0,68.0,ubs_por_10k_abaixo_de_50pct_media_nacional;mais_de_10k_habitantes_por_ubs;vinculo_aps_abaixo_50pct;quatro_ou_mais_indicadores_abaixo_50,12
410360,Cambará,PR,Paraná,SUL,23393,0,0,0.0,0.0,5.24350527825427,23430,9816.0,41.89500640204866,6,43.5,3,2,27.0,11.0,58.0,57.0,43.0,65.0,municipio_5k_mais_sem_ubs_no_arquivo;ubs_por_10k_abaixo_de_50pct_media_nacional;vinculo_aps_abaixo_50pct,12
311750,Conceição do Mato Dentro,MG,Minas Gerais,SUDESTE,24559,2,2,0.8143654057575634,12279.5,3.504862400232831,24254,11036.0,45.50177290343861,6,43.833333333333336,4,2,37.0,29.0,5.0,56.0,43.0,93.0,ubs_por_10k_abaixo_de_50pct_media_nacional;mais_de_10k_habitantes_por_ubs;vinculo_aps_abaixo_50pct;quatro_ou_mais_indicadores_abaixo_50,12
355100,São Vicente,SP,São Paulo,SUDESTE,338326,31,31,0.9162760178053121,10913.741935483871,44.83525699015321,338407,78064.0,23.068080743010636,6,44.0,4,2,22.0,9.0,43.0,72.0,45.0,73.0,ubs_por_10k_abaixo_de_50pct_media_nacional;mais_de_10k_habitantes_por_ubs;vinculo_aps_abaixo_50pct;quatro_ou_mais_indicadores_abaixo_50,12
150790,Soure,PA,Pará,NORTE,25315,0,0,0.0,0.0,5.674318647416187,25218,13169.0,52.2206360536125,6,44.0,3,3,13.0,9.0,74.0,72.0,28.0,68.0,municipio_5k_mais_sem_ubs_no_arquivo;ubs_por_10k_abaixo_de_50pct_media_nacional;vinculo_aps_entre_50_70pct;tres_ou_mais_indicadores_abaixo_30,12
313130,Ipatinga,MG,Minas Gerais,SUDESTE,235311,22,22,0.9349329185630931,10695.954545454546,30.744601826669975,235445,85830.0,36.4543736329079,6,44.666666666666664,4,2,27.0,23.0,30.0,54.0,40.0,94.0,ubs_por_10k_abaixo_de_50pct_media_nacional;mais_de_10k_habitantes_por_ubs;vinculo_aps_abaixo_50pct;quatro_ou_mais_indicadores_abaixo_50,12
431306,Nova Hartz,RS,Rio Grande do Sul,SUL,20558,1,0,0.4864286409183773,20558.0,3.6080443513166878,20539,4794.0,23.340961098398168,6,44.833333333333336,4,2,28.0,12.0,34.0,71.0,33.0,91.0,ubs_por_10k_abaixo_de_50pct_media_nacional;mais_de_10k_habitantes_por_ubs;vinculo_aps_abaixo_50pct;quatro_ou_mais_indicadores_abaixo_50,12
420910,Joinville,SC,Santa Catarina,SUL,664541,66,62,0.9931667120614078,10068.80303030303,82.9558517982461,654888,163362.0,24.945028768277936,6,45.333333333333336,4,0,31.0,33.0,44.0,62.0,38.0,64.0,ubs_por_10k_abaixo_de_50pct_media_nacional;mais_de_10k_habitantes_por_ubs;vinculo_aps_abaixo_50pct;quatro_ou_mais_indicadores_abaixo_50,12
411370,Londrina,PR,Paraná,SUL,581382,57,57,0.9804225105008411,10199.684210526315,73.31588875655214,577318,155690.0,26.967806304324483,6,45.5,5,2,27.0,23.0,41.0,47.0,49.0,86.0,ubs_por_10k_abaixo_de_50pct_media_nacional;mais_de_10k_habitantes_por_ubs;vinculo_aps_abaixo_50pct;quatro_ou_mais_indicadores_abaixo_50,12
354340,Ribeirão Preto,SP,São Paulo,SUDESTE,731639,53,52,0.7244009682370677,13804.509433962265,110.99576618119423,728400,175590.0,24.106260296540363,6,46.166666666666664,4,2,28.0,26.0,46.0,57.0,43.0,77.0,ubs_por_10k_abaixo_de_50pct_media_nacional;mais_de_10k_habitantes_por_ubs;vinculo_aps_abaixo_50pct;quatro_ou_mais_indicadores_abaixo_50,12
314340,Monte Sião,MG,Minas Gerais,SUDESTE,25107,1,1,0.3982952961325527,25107.0,4.627695764593253,24933,7852.0,31.492399631011107,6,46.333333333333336,5,1,38.0,44.0,44.0,32.0,28.0,92.0,ubs_por_10k_abaixo_de_50pct_media_nacional;mais_de_10k_habitantes_por_ubs;vinculo_aps_abaixo_50pct;quatro_ou_mais_indicadores_abaixo_50,12
270430,Maceió,AL,Alagoas,NORDESTE,994952,98,93,0.9849721393594867,10152.57142857143,125.01697360790165,994464,185173.0,18.620382437172186,6,48.833333333333336,4,2,29.0,19.0,48.0,79.0,47.0,71.0,ubs_por_10k_abaixo_de_50pct_media_nacional;mais_de_10k_habitantes_por_ubs;vinculo_aps_abaixo_50pct;quatro_ou_mais_indicadores_abaixo_50,12
431820,São Francisco de Paula,RS,Rio Grande do Sul,SUL,22388,0,0,0.0,0.0,5.018236060768461,22373,6757.0,30.20158226433648,6,49.0,2,2,28.0,17.0,50.0,79.0,55.0,65.0,municipio_5k_mais_sem_ubs_no_arquivo;ubs_por_10k_abaixo_de_50pct_media_nacional;vinculo_aps_abaixo_50pct,12
520140,Aparecida de Goiânia,GO,Goiás,CENTRO-OESTE,556021,55,51,0.9891712723080602,10109.472727272727,69.63125927928088,550925,110264.0,20.014339519898353,6,50.5,4,2,28.0,13.0,43.0,82.0,48.0,89.0,ubs_por_10k_abaixo_de_50pct_media_nacional;mais_de_10k_habitantes_por_ubs;vinculo_aps_abaixo_50pct;quatro_ou_mais_indicadores_abaixo_50,12
330515,São José do Vale do Rio Preto,RJ,Rio de Janeiro,SUDESTE,22813,0,0,0.0,0.0,5.113499162690321,22799,8794.0,38.57186718715733,6,51.666666666666664,3,1,31.0,21.0,57.0,60.0,43.0,98.0,municipio_5k_mais_sem_ubs_no_arquivo;ubs_por_10k_abaixo_de_50pct_media_nacional;vinculo_aps_abaixo_50pct,12
432090,Tapejara,RS,Rio Grande do Sul,SUL,25256,0,0,0.0,0.0,5.6610938873846814,25201,7125.0,28.27268759176223,6,55.5,2,1,37.0,20.0,67.0,76.0,58.0,75.0,municipio_5k_mais_sem_ubs_no_arquivo;ubs_por_10k_abaixo_de_50pct_media_nacional;vinculo_aps_abaixo_50pct,12
432170,Três Coroas,RS,Rio Grande do Sul,SUL,24428,0,0,0.0,0.0,5.475498949993388,24420,5570.0,22.80917280917281,6,56.833333333333336,2,2,28.0,13.0,64.0,95.0,59.0,82.0,municipio_5k_mais_sem_ubs_no_arquivo;ubs_por_10k_abaixo_de_50pct_media_nacional;vinculo_aps_abaixo_50pct,12
430100,Arroio do Meio,RS,Rio Grande do Sul,SUL,22523,0,0,0.0,0.0,5.048496104908346,22490,6707.0,29.82214317474433,6,60.5,2,1,46.0,13.0,62.0,95.0,55.0,92.0,municipio_5k_mais_sem_ubs_no_arquivo;ubs_por_10k_abaixo_de_50pct_media_nacional;vinculo_aps_abaixo_50pct,12
320435,Rio Bananal,ES,Espírito Santo,SUDESTE,20350,0,0,0.0,0.0,4.561421468493755,20229,9836.0,48.62326363142024,6,72.83333333333333,1,0,50.0,37.0,77.0,99.0,77.0,97.0,municipio_5k_mais_sem_ubs_no_arquivo;ubs_por_10k_abaixo_de_50pct_media_nacional;vinculo_aps_abaixo_50pct,12
140045,Pacaraima,RR,Roraima,NORTE,23112,12,12,5.192107995846314,1926.0,0.0,22104,14022.0,63.436482084690546,6,22.333333333333332,6,5,14.0,29.0,27.0,23.0,11.0,30.0,vinculo_aps_entre_50_70pct;media_indicadores_previne_abaixo_40;quatro_ou_mais_indicadores_abaixo_50;tres_ou_mais_indicadores_abaixo_30,11
260760,Ilha de Itamaracá,PE,Pernambuco,NORDESTE,25658,13,13,5.066645880427157,1973.6923076923076,0.0,25529,13134.0,51.44737357514983,6,24.833333333333332,6,3,20.0,5.0,32.0,30.0,16.0,46.0,vinculo_aps_entre_50_70pct;media_indicadores_previne_abaixo_40;quatro_ou_mais_indicadores_abaixo_50;tres_ou_mais_indicadores_abaixo_30,11
150310,Gurupá,PA,Pará,NORTE,34137,6,6,1.7576236927673783,5689.5,1.6517564948388856,33922,17817.0,52.52343611815341,6,25.0,4,4,11.0,3.0,6.0,54.0,21.0,55.0,vinculo_aps_entre_50_70pct;media_indicadores_previne_abaixo_40;quatro_ou_mais_indicadores_abaixo_50;tres_ou_mais_indicadores_abaixo_30,11
150250,Chaves,PA,Pará,NORTE,21501,5,5,2.3254732338030792,4300.2,0.0,21487,11429.0,53.19030111230047,6,28.0,5,3,9.0,5.0,39.0,57.0,13.0,45.0,vinculo_aps_entre_50_70pct;media_indicadores_previne_abaixo_40;quatro_ou_mais_indicadores_abaixo_50;tres_ou_mais_indicadores_abaixo_30,11
250180,Bayeux,PB,Paraíba,NORDESTE,83862,32,32,3.8157926116715557,2620.6875,0.0,84404,47680.0,56.49021373394626,6,28.333333333333332,5,4,26.0,6.0,9.0,49.0,27.0,53.0,vinculo_aps_entre_50_70pct;media_indicadores_previne_abaixo_40;quatro_ou_mais_indicadores_abaixo_50;tres_ou_mais_indicadores_abaixo_30,11
120060,Tarauacá,AC,Acre,NORTE,46816,10,10,2.136021872863978,4681.6,0.49373501076184956,46517,31260.0,67.20123825698133,6,29.166666666666668,5,3,28.0,6.0,31.0,44.0,15.0,51.0,vinculo_aps_entre_50_70pct;media_indicadores_previne_abaixo_40;quatro_ou_mais_indicadores_abaixo_50;tres_ou_mais_indicadores_abaixo_30,11
150210,Cametá,PA,Pará,NORTE,144859,30,30,2.070979366142249,4828.633333333333,2.4699239559968924,143837,88017.0,61.19218281805099,6,30.0,5,4,18.0,8.0,18.0,45.0,15.0,76.0,vinculo_aps_entre_50_70pct;media_indicadores_previne_abaixo_40;quatro_ou_mais_indicadores_abaixo_50;tres_ou_mais_indicadores_abaixo_30,11
420930,Lages,SC,Santa Catarina,SUL,172458,33,33,1.9135093761959434,5226.0,5.6561977205649105,171609,54230.0,31.600906712351918,6,31.5,5,2,15.0,11.0,31.0,46.0,31.0,55.0,vinculo_aps_abaixo_50pct;media_indicadores_previne_abaixo_40;quatro_ou_mais_indicadores_abaixo_50,11
313840,Leopoldina,MG,Minas Gerais,SUDESTE,52739,17,17,3.2234209977436055,3102.294117647059,0.0,52696,18298.0,34.72369819341126,6,32.166666666666664,6,2,28.0,18.0,36.0,38.0,31.0,42.0,vinculo_aps_abaixo_50pct;media_indicadores_previne_abaixo_40;quatro_ou_mais_indicadores_abaixo_50,11
330575,Tanguá,RJ,Rio de Janeiro,SUDESTE,32865,13,12,3.955575840559866,2528.076923076923,0.0,32858,17143.0,52.17298679164891,6,33.0,5,3,30.0,9.0,28.0,42.0,28.0,61.0,vinculo_aps_entre_50_70pct;media_indicadores_previne_abaixo_40;quatro_ou_mais_indicadores_abaixo_50;tres_ou_mais_indicadores_abaixo_30,11
431600,Rolante,RS,Rio Grande do Sul,SUL,21752,6,5,2.7583670467083485,3625.3333333333335,0.0,21733,6084.0,27.994294391018265,6,33.166666666666664,5,2,31.0,1.0,47.0,59.0,17.0,44.0,vinculo_aps_abaixo_50pct;media_indicadores_previne_abaixo_40;quatro_ou_mais_indicadores_abaixo_50,11
292230,Muritiba,BA,Bahia,NORDESTE,30180,10,10,3.313452617627568,3018.0,0.0,30146,17669.0,58.611424401247255,6,33.666666666666664,5,3,13.0,6.0,9.0,49.0,31.0,94.0,vinculo_aps_entre_50_70pct;media_indicadores_previne_abaixo_40;quatro_ou_mais_indicadores_abaixo_50;tres_ou_mais_indicadores_abaixo_30,11
354000,Pompéia,SP,São Paulo,SUDESTE,20520,10,10,4.8732943469785575,2052.0,0.0,20512,7659.0,37.33911856474259,6,34.0,6,2,22.0,33.0,43.0,42.0,27.0,37.0,vinculo_aps_abaixo_50pct;media_indicadores_previne_abaixo_40;quatro_ou_mais_indicadores_abaixo_50,11
330420,Resende,RJ,Rio de Janeiro,SUDESTE,137697,36,32,2.614436044358265,3824.9166666666665,0.0,137612,45632.0,33.15989884603087,6,34.166666666666664,4,1,31.0,9.0,30.0,51.0,33.0,51.0,vinculo_aps_abaixo_50pct;media_indicadores_previne_abaixo_40;quatro_ou_mais_indicadores_abaixo_50,11
251370,Santa Rita,PB,Paraíba,NORDESTE,160852,49,49,3.0462785666326813,3282.6938775510203,0.0,159121,65688.0,41.28179184394266,6,34.166666666666664,4,2,12.0,10.0,30.0,59.0,35.0,59.0,vinculo_aps_abaixo_50pct;media_indicadores_previne_abaixo_40;quatro_ou_mais_indicadores_abaixo_50,11
150580,Portel,PA,Pará,NORTE,67580,16,15,2.3675643681562595,4223.75,0.0,66898,38998.0,58.294717330861914,6,34.166666666666664,4,3,19.0,3.0,52.0,63.0,23.0,45.0,vinculo_aps_entre_50_70pct;media_indicadores_previne_abaixo_40;quatro_ou_mais_indicadores_abaixo_50;tres_ou_mais_indicadores_abaixo_30,11
310420,Arcos,MG,Minas Gerais,SUDESTE,43653,15,15,3.4361899525805786,2910.2,0.0,43348,15472.0,35.692534834363755,6,34.5,5,2,25.0,13.0,32.0,41.0,31.0,65.0,vinculo_aps_abaixo_50pct;media_indicadores_previne_abaixo_40;quatro_ou_mais_indicadores_abaixo_50,11
290890,Coração de Maria,BA,Bahia,NORDESTE,28408,8,8,2.8161081385525204,3551.0,0.0,28258,16845.0,59.61143746903532,6,34.833333333333336,5,4,23.0,8.0,25.0,36.0,23.0,94.0,vinculo_aps_entre_50_70pct;media_indicadores_previne_abaixo_40;quatro_ou_mais_indicadores_abaixo_50;tres_ou_mais_indicadores_abaixo_30,11
500190,Bataguassu,MS,Mato Grosso do Sul,CENTRO-OESTE,24222,11,10,4.541326067211625,2202.0,0.0,24004,10019.0,41.73887685385769,6,35.0,6,1,30.0,23.0,37.0,48.0,30.0,42.0,vinculo_aps_abaixo_50pct;media_indicadores_previne_abaixo_40;quatro_ou_mais_indicadores_abaixo_50,11
150590,Porto de Moz,PA,Pará,NORTE,44121,9,9,2.0398449717821445,4902.333333333333,0.8896548703397029,43673,22370.0,51.221578549676,6,35.0,4,4,27.0,4.0,24.0,61.0,21.0,73.0,vinculo_aps_entre_50_70pct;media_indicadores_previne_abaixo_40;quatro_ou_mais_indicadores_abaixo_50;tres_ou_mais_indicadores_abaixo_30,11
430466,Capão do Leão,RS,Rio Grande do Sul,SUL,27416,6,6,2.1885030639042897,4569.333333333333,0.14525459362283855,27389,12051.0,43.9994158238709,6,35.166666666666664,4,2,20.0,8.0,31.0,53.0,44.0,55.0,vinculo_aps_abaixo_50pct;media_indicadores_previne_abaixo_40;quatro_ou_mais_indicadores_abaixo_50,11
291480,Itabuna,BA,Bahia,NORDESTE,196344,37,37,1.8844477040296623,5306.594594594595,7.010208197048538,196676,90048.0,45.78494579918242,6,35.166666666666664,5,2,16.0,18.0,40.0,49.0,31.0,57.0,vinculo_aps_abaixo_50pct;media_indicadores_previne_abaixo_40;quatro_ou_mais_indicadores_abaixo_50,11
430770,Esteio,RS,Rio Grande do Sul,SUL,78144,16,15,2.047502047502048,4884.0,1.515858439016016,78181,29214.0,37.36713523746179,6,35.333333333333336,5,2,26.0,25.0,31.0,50.0,31.0,49.0,vinculo_aps_abaixo_50pct;media_indicadores_previne_abaixo_40;quatro_ou_mais_indicadores_abaixo_50,11
330500,São João da Barra,RJ,Rio de Janeiro,SUDESTE,38740,15,15,3.871966959215281,2582.6666666666665,0.0,38708,26363.0,68.10736798594606,6,35.333333333333336,5,3,31.0,19.0,28.0,40.0,19.0,75.0,vinculo_aps_entre_50_70pct;media_indicadores_previne_abaixo_40;quatro_ou_mais_indicadores_abaixo_50;tres_ou_mais_indicadores_abaixo_30,11
291750,Jacobina,BA,Bahia,NORDESTE,86896,22,22,2.5317621064260725,3949.818181818182,0.0,86649,41898.0,48.353702870200465,6,35.5,4,2,17.0,12.0,37.0,53.0,35.0,59.0,vinculo_aps_abaixo_50pct;media_indicadores_previne_abaixo_40;quatro_ou_mais_indicadores_abaixo_50,11
411320,Lapa,PR,Paraná,SUL,45878,13,13,2.833602162256419,3529.076923076923,0.0,45857,13448.0,29.32594805591295,6,36.0,4,2,28.0,16.0,52.0,32.0,52.0,36.0,vinculo_aps_abaixo_50pct;media_indicadores_previne_abaixo_40;quatro_ou_mais_indicadores_abaixo_50,11
160060,Santana,AP,Amapá,NORTE,118803,16,16,1.3467673375251465,7425.1875,10.629511288524009,118353,50768.0,42.89540611560332,6,36.166666666666664,5,1,41.0,11.0,36.0,65.0,32.0,32.0,vinculo_aps_abaixo_50pct;media_indicadores_previne_abaixo_40;quatro_ou_mais_indicadores_abaixo_50,11
330340,Nova Friburgo,RJ,Rio de Janeiro,SUDESTE,203417,29,28,1.4256428912037833,7014.379310344828,16.595610361503397,203328,42115.0,20.712838369531003,6,36.333333333333336,5,2,15.0,12.0,37.0,39.0,45.0,70.0,vinculo_aps_abaixo_50pct;media_indicadores_previne_abaixo_40;quatro_ou_mais_indicadores_abaixo_50,11
291360,Ilhéus,BA,Bahia,NORDESTE,189149,34,34,1.7975247027475694,5563.205882352941,8.397459918630231,189028,55546.0,29.3850646465074,6,36.333333333333336,4,2,14.0,8.0,49.0,63.0,30.0,54.0,vinculo_aps_abaixo_50pct;media_indicadores_previne_abaixo_40;quatro_ou_mais_indicadores_abaixo_50,11
500630,Paranaíba,MS,Mato Grosso do Sul,CENTRO-OESTE,42638,15,15,3.5179886486232936,2842.5333333333333,0.0,42543,15772.0,37.073079002421075,6,36.333333333333336,5,2,27.0,6.0,38.0,49.0,34.0,64.0,vinculo_aps_abaixo_50pct;media_indicadores_previne_abaixo_40;quatro_ou_mais_indicadores_abaixo_50,11
312950,Ibiá,MG,Minas Gerais,SUDESTE,22554,7,7,3.1036623215394163,3222.0,0.0,22596,8497.0,37.60400070808993,6,36.666666666666664,5,2,24.0,1.0,46.0,49.0,49.0,51.0,vinculo_aps_abaixo_50pct;media_indicadores_previne_abaixo_40;quatro_ou_mais_indicadores_abaixo_50,11
320060,Aracruz,ES,Espírito Santo,SUDESTE,103363,22,22,2.1284211952052474,4698.318181818182,1.168658832821621,102410,37933.0,37.040328092959676,6,36.833333333333336,5,2,30.0,13.0,31.0,46.0,23.0,78.0,vinculo_aps_abaixo_50pct;media_indicadores_previne_abaixo_40;quatro_ou_mais_indicadores_abaixo_50,11
291400,Ipirá,BA,Bahia,NORDESTE,59222,14,14,2.3639863564216,4230.142857142857,0.0,59264,31091.0,52.46186555075594,6,36.833333333333336,4,3,21.0,11.0,26.0,53.0,44.0,66.0,vinculo_aps_entre_50_70pct;media_indicadores_previne_abaixo_40;quatro_ou_mais_indicadores_abaixo_50;tres_ou_mais_indicadores_abaixo_30,11
260345,Camaragibe,PE,Pernambuco,NORDESTE,156112,46,45,2.946602439274367,3393.7391304347825,0.0,155771,72211.0,46.35715248666312,6,37.166666666666664,4,2,28.0,12.0,35.0,52.0,32.0,64.0,vinculo_aps_abaixo_50pct;media_indicadores_previne_abaixo_40;quatro_ou_mais_indicadores_abaixo_50,11
293290,Valença,BA,Bahia,NORDESTE,90053,32,32,3.5534629607009203,2814.15625,0.0,90028,43143.0,47.921757675389884,6,37.166666666666664,6,1,46.0,13.0,36.0,49.0,33.0,46.0,vinculo_aps_abaixo_50pct;media_indicadores_previne_abaixo_40;quatro_ou_mais_indicadores_abaixo_50,11
330370,Paraíba do Sul,RJ,Rio de Janeiro,SUDESTE,44479,24,22,5.395804761797702,1853.2916666666667,0.0,44467,18633.0,41.90298423550048,6,37.333333333333336,5,2,29.0,8.0,40.0,47.0,34.0,66.0,vinculo_aps_abaixo_50pct;media_indicadores_previne_abaixo_40;quatro_ou_mais_indicadores_abaixo_50,11
261190,Rio Formoso,PE,Pernambuco,NORDESTE,20388,12,12,5.885815185403178,1699.0,0.0,20460,12406.0,60.635386119257085,6,37.333333333333336,5,3,25.0,7.0,35.0,47.0,27.0,83.0,vinculo_aps_entre_50_70pct;media_indicadores_previne_abaixo_40;quatro_ou_mais_indicadores_abaixo_50;tres_ou_mais_indicadores_abaixo_30,11
317010,Uberaba,MG,Minas Gerais,SUDESTE,356781,40,38,1.1211359349292704,8919.525,39.971917098313035,354142,84936.0,23.983599798950703,6,37.5,5,2,22.0,17.0,43.0,44.0,30.0,69.0,vinculo_aps_abaixo_50pct;media_indicadores_previne_abaixo_40;quatro_ou_mais_indicadores_abaixo_50,11
150180,Breves,PA,Pará,NORTE,116058,21,21,1.8094401075324407,5526.571428571428,5.0142237243463486,115051,47837.0,41.57895194305134,6,37.5,4,2,29.0,8.0,39.0,60.0,32.0,57.0,vinculo_aps_abaixo_50pct;media_indicadores_previne_abaixo_40;quatro_ou_mais_indicadores_abaixo_50,11
354150,Presidente Venceslau,SP,São Paulo,SUDESTE,35810,13,13,3.630270874057526,2754.6153846153848,0.0,35902,10221.0,28.46916606317197,6,37.833333333333336,5,2,25.0,25.0,45.0,46.0,34.0,52.0,vinculo_aps_abaixo_50pct;media_indicadores_previne_abaixo_40;quatro_ou_mais_indicadores_abaixo_50,11
521150,Itumbiara,GO,Goiás,CENTRO-OESTE,113322,42,38,3.7062529782390006,2698.1428571428573,0.0,112289,32887.0,29.287819822066275,6,37.833333333333336,5,2,14.0,25.0,49.0,49.0,39.0,51.0,vinculo_aps_abaixo_50pct;media_indicadores_previne_abaixo_40;quatro_ou_mais_indicadores_abaixo_50,11
521450,Nerópolis,GO,Goiás,CENTRO-OESTE,34273,5,5,1.4588743325649929,6854.6,2.68224068745388,33706,12087.0,35.86008425799561,6,37.833333333333336,5,2,18.0,4.0,35.0,49.0,41.0,80.0,vinculo_aps_abaixo_50pct;media_indicadores_previne_abaixo_40;quatro_ou_mais_indicadores_abaixo_50,11
411210,Jandaia do Sul,PR,Paraná,SUL,21930,6,6,2.7359781121751023,3655.0,0.0,21851,8016.0,36.68481991670862,6,37.833333333333336,5,2,23.0,8.0,41.0,45.0,39.0,71.0,vinculo_aps_abaixo_50pct;media_indicadores_previne_abaixo_40;quatro_ou_mais_indicadores_abaixo_50,11
313630,João Pinheiro,MG,Minas Gerais,SUDESTE,48725,17,17,3.4889687018984095,2866.176470588235,0.0,48532,19467.0,40.11167889227726,6,38.0,5,1,37.0,19.0,37.0,35.0,32.0,68.0,vinculo_aps_abaixo_50pct;media_indicadores_previne_abaixo_40;quatro_ou_mais_indicadores_abaixo_50,11
330060,Bom Jesus do Itabapoana,RJ,Rio de Janeiro,SUDESTE,37176,38,29,10.22164837529589,978.3157894736842,0.0,37172,15100.0,40.621973528462284,6,38.0,4,2,14.0,3.0,45.0,59.0,45.0,62.0,vinculo_aps_abaixo_50pct;media_indicadores_previne_abaixo_40;quatro_ou_mais_indicadores_abaixo_50,11
430390,Campo Bom,RS,Rio Grande do Sul,SUL,64719,18,18,2.781254345709915,3595.5,0.0,64704,14641.0,22.627658259149356,6,38.166666666666664,5,2,44.0,11.0,35.0,42.0,25.0,72.0,vinculo_aps_abaixo_50pct;media_indicadores_previne_abaixo_40;quatro_ou_mais_indicadores_abaixo_50,11
330520,São Pedro da Aldeia,RJ,Rio de Janeiro,SUDESTE,110677,30,28,2.710590276209149,3689.233333333333,0.0,110556,35069.0,31.72057599768443,6,38.166666666666664,4,2,24.0,7.0,48.0,51.0,36.0,63.0,vinculo_aps_abaixo_50pct;media_indicadores_previne_abaixo_40;quatro_ou_mais_indicadores_abaixo_50,11
330025,Arraial do Cabo,RJ,Rio de Janeiro,SUDESTE,32822,9,9,2.7420632502589726,3646.8888888888887,0.0,32794,15007.0,45.761419771909495,6,38.333333333333336,4,2,28.0,14.0,38.0,66.0,30.0,54.0,vinculo_aps_abaixo_50pct;media_indicadores_previne_abaixo_40;quatro_ou_mais_indicadores_abaixo_50,11
310170,Almenara,MG,Minas Gerais,SUDESTE,42019,11,11,2.617863347533259,3819.909090909091,0.0,41894,20493.0,48.91631259846279,6,38.333333333333336,4,2,25.0,12.0,50.0,46.0,41.0,56.0,vinculo_aps_abaixo_50pct;media_indicadores_previne_abaixo_40;quatro_ou_mais_indicadores_abaixo_50,11
421570,Santo Amaro da Imperatriz,SC,Santa Catarina,SUL,30099,8,8,2.657895611149872,3762.375,0.0,29392,8198.0,27.891943385955365,6,38.5,5,2,28.0,5.0,46.0,35.0,31.0,86.0,vinculo_aps_abaixo_50pct;media_indicadores_previne_abaixo_40;quatro_ou_mais_indicadores_abaixo_50,11
330023,Armação dos Búzios,RJ,Rio de Janeiro,SUDESTE,42527,22,20,5.173184094810356,1933.0454545454545,0.0,42442,18991.0,44.745770698836054,6,38.5,4,2,38.0,11.0,29.0,54.0,36.0,63.0,vinculo_aps_abaixo_50pct;media_indicadores_previne_abaixo_40;quatro_ou_mais_indicadores_abaixo_50,11
521800,Porangatu,GO,Goiás,CENTRO-OESTE,45512,14,14,3.0761117946915095,3250.8571428571427,0.0,45400,15391.0,33.90088105726872,6,38.666666666666664,4,2,7.0,6.0,39.0,48.0,60.0,72.0,vinculo_aps_abaixo_50pct;media_indicadores_previne_abaixo_40;quatro_ou_mais_indicadores_abaixo_50,11
270850,São Luís do Quitunde,AL,Alagoas,NORDESTE,31785,12,12,3.7753657385559225,2648.75,0.0,31792,17821.0,56.054982385505795,6,38.666666666666664,4,3,24.0,13.0,49.0,63.0,25.0,58.0,vinculo_aps_entre_50_70pct;media_indicadores_previne_abaixo_40;quatro_ou_mais_indicadores_abaixo_50;tres_ou_mais_indicadores_abaixo_30,11
432260,Venâncio Aires,RS,Rio Grande do Sul,SUL,70842,18,18,2.5408655882103837,3935.6666666666665,0.0,70805,18650.0,26.339947743803403,6,38.833333333333336,4,1,32.0,17.0,35.0,58.0,37.0,54.0,vinculo_aps_abaixo_50pct;media_indicadores_previne_abaixo_40;quatro_ou_mais_indicadores_abaixo_50,11
421130,Navegantes,SC,Santa Catarina,SUL,96046,25,23,2.6029194344376654,3841.84,0.0,93619,32006.0,34.18750467319668,6,38.833333333333336,4,2,22.0,18.0,47.0,51.0,42.0,53.0,vinculo_aps_abaixo_50pct;media_indicadores_previne_abaixo_40;quatro_ou_mais_indicadores_abaixo_50,11
150480,Monte Alegre,PA,Pará,NORTE,64002,16,16,2.49992187744133,4000.125,0.0,63641,42248.0,66.38487767319809,6,38.833333333333336,4,3,25.0,6.0,22.0,70.0,34.0,76.0,vinculo_aps_entre_50_70pct;media_indicadores_previne_abaixo_40;quatro_ou_mais_indicadores_abaixo_50;tres_ou_mais_indicadores_abaixo_30,11
430440,Canela,RS,Rio Grande do Sul,SUL,50715,8,7,1.577442571231391,6339.375,3.3676899152167454,50613,13397.0,26.469484124632007,6,39.0,5,2,17.0,1.0,35.0,47.0,41.0,93.0,vinculo_aps_abaixo_50pct;media_indicadores_previne_abaixo_40;quatro_ou_mais_indicadores_abaixo_50,11
410400,Campina Grande do Sul,PR,Paraná,SUL,50600,8,8,1.5810276679841897,6325.0,3.341912840579066,49971,14797.0,29.611174481199093,6,39.0,4,2,22.0,23.0,50.0,43.0,44.0,52.0,vinculo_aps_abaixo_50pct;media_indicadores_previne_abaixo_40;quatro_ou_mais_indicadores_abaixo_50,11
330610,Valença,RJ,Rio de Janeiro,SUDESTE,71449,30,28,4.198799143444975,2381.633333333333,0.0,71462,31753.0,44.43340516638214,6,39.0,5,2,28.0,15.0,49.0,44.0,31.0,67.0,vinculo_aps_abaixo_50pct;media_indicadores_previne_abaixo_40;quatro_ou_mais_indicadores_abaixo_50,11
521380,Morrinhos,GO,Goiás,CENTRO-OESTE,54326,16,15,2.9451827854066193,3395.375,0.0,53640,16338.0,30.458612975391496,6,39.166666666666664,5,2,16.0,15.0,38.0,42.0,36.0,88.0,vinculo_aps_abaixo_50pct;media_indicadores_previne_abaixo_40;quatro_ou_mais_indicadores_abaixo_50,11
430160,Bagé,RS,Rio Grande do Sul,SUL,121928,19,16,1.5582966996916214,6417.263157894737,8.329975273243562,121900,40820.0,33.486464315012306,6,39.166666666666664,4,2,25.0,6.0,30.0,62.0,47.0,65.0,vinculo_aps_abaixo_50pct;media_indicadores_previne_abaixo_40;quatro_ou_mais_indicadores_abaixo_50,11
310510,Bambuí,MG,Minas Gerais,SUDESTE,24203,8,8,3.3053753666900794,3025.375,0.0,24144,8809.0,36.48525513585156,6,39.333333333333336,5,2,15.0,8.0,47.0,37.0,32.0,97.0,vinculo_aps_abaixo_50pct;media_indicadores_previne_abaixo_40;quatro_ou_mais_indicadores_abaixo_50,11
350070,Agudos,SP,São Paulo,SUDESTE,38988,8,8,2.0519134092541296,4873.5,0.739100747598747,38879,11297.0,29.056817304971837,6,39.5,4,1,19.0,30.0,33.0,55.0,44.0,56.0,vinculo_aps_abaixo_50pct;media_indicadores_previne_abaixo_40;quatro_ou_mais_indicadores_abaixo_50,11
330200,Itaguaí,RJ,Rio de Janeiro,SUDESTE,124021,40,28,3.2252602381854687,3100.525,0.0,123980,36448.0,29.39829004678174,6,39.5,5,2,21.0,5.0,42.0,48.0,35.0,86.0,vinculo_aps_abaixo_50pct;media_indicadores_previne_abaixo_40;quatro_ou_mais_indicadores_abaixo_50,11
353010,Mirandópolis,SP,São Paulo,SUDESTE,28754,8,8,2.782221603950755,3594.25,0.0,28737,9176.0,31.93096008629989,6,39.5,5,2,28.0,35.0,21.0,40.0,41.0,72.0,vinculo_aps_abaixo_50pct;media_indicadores_previne_abaixo_40;quatro_ou_mais_indicadores_abaixo_50,11
313190,Itabirito,MG,Minas Gerais,SUDESTE,56369,11,11,1.9514272028952082,5124.454545454545,1.6350253934901462,55877,18156.0,32.49279667841867,6,39.5,5,0,33.0,32.0,38.0,38.0,34.0,62.0,vinculo_aps_abaixo_50pct;media_indicadores_previne_abaixo_40;quatro_ou_mais_indicadores_abaixo_50,11
314460,Nepomuceno,MG,Minas Gerais,SUDESTE,25757,8,8,3.105951780098614,3219.625,0.0,25774,8582.0,33.29712112982075,6,39.5,5,2,37.0,30.0,31.0,28.0,19.0,92.0,vinculo_aps_abaixo_50pct;media_indicadores_previne_abaixo_40;quatro_ou_mais_indicadores_abaixo_50,11
120050,Sena Madureira,AC,Acre,NORTE,44049,17,17,3.859338463983291,2591.1176470588234,0.0,43916,28308.0,64.45942253392842,6,39.5,4,3,36.0,5.0,29.0,69.0,28.0,70.0,vinculo_aps_entre_50_70pct;media_indicadores_previne_abaixo_40;quatro_ou_mais_indicadores_abaixo_50;tres_ou_mais_indicadores_abaixo_30,11
352520,Jarinu,SP,São Paulo,SUDESTE,40007,5,5,1.249781288274552,8001.4,3.9675080437361,39531,10307.0,26.073208368116163,6,39.666666666666664,5,2,18.0,8.0,36.0,41.0,41.0,94.0,vinculo_aps_abaixo_50pct;media_indicadores_previne_abaixo_40;quatro_ou_mais_indicadores_abaixo_50,11
261160,Recife,PE,Pernambuco,NORDESTE,1588376,181,179,1.1395286758299044,8775.558011049723,175.03205830173147,1587707,497410.0,31.328828303962887,6,39.666666666666664,4,2,23.0,19.0,38.0,52.0,35.0,71.0,vinculo_aps_abaixo_50pct;media_indicadores_previne_abaixo_40;quatro_ou_mais_indicadores_abaixo_50,11
330580,Teresópolis,RJ,Rio de Janeiro,SUDESTE,176735,33,30,1.867202308541036,5355.606060606061,6.614880748611485,176692,59056.0,33.42313177733004,6,39.666666666666664,4,2,23.0,14.0,36.0,52.0,33.0,80.0,vinculo_aps_abaixo_50pct;media_indicadores_previne_abaixo_40;quatro_ou_mais_indicadores_abaixo_50,11
291080,Feira de Santana,BA,Bahia,NORDESTE,660806,123,118,1.8613632442804695,5372.40650406504,25.118657243709297,657948,259924.0,39.505249654987935,6,39.666666666666664,4,2,7.0,24.0,48.0,65.0,32.0,62.0,vinculo_aps_abaixo_50pct;media_indicadores_previne_abaixo_40;quatro_ou_mais_indicadores_abaixo_50,11
150810,Tucuruí,PA,Pará,NORTE,96119,24,24,2.496904878327906,4004.9583333333335,0.0,96238,45380.0,47.15393087969409,6,39.666666666666664,4,2,25.0,17.0,30.0,62.0,41.0,63.0,vinculo_aps_abaixo_50pct;media_indicadores_previne_abaixo_40;quatro_ou_mais_indicadores_abaixo_50,11
317200,Visconde do Rio Branco,MG,Minas Gerais,SUDESTE,40711,12,12,2.9476062980521234,3392.5833333333335,0.0,40608,15385.0,37.88662332545311,6,39.833333333333336,5,2,23.0,14.0,45.0,48.0,34.0,75.0,vinculo_aps_abaixo_50pct;media_indicadores_previne_abaixo_40;quatro_ou_mais_indicadores_abaixo_50,11
521090,Itapaci,GO,Goiás,CENTRO-OESTE,21891,6,6,2.7408524050979852,3648.5,0.0,21708,8713.0,40.13727658006265,6,39.833333333333336,4,2,15.0,13.0,44.0,57.0,48.0,62.0,vinculo_aps_abaixo_50pct;media_indicadores_previne_abaixo_40;quatro_ou_mais_indicadores_abaixo_50,11
312400,Ervália,MG,Minas Gerais,SUDESTE,21091,10,9,4.741358873453131,2109.1,0.0,20951,9728.0,46.43215120996611,6,39.833333333333336,5,2,32.0,11.0,34.0,27.0,38.0,97.0,vinculo_aps_abaixo_50pct;media_indicadores_previne_abaixo_40;quatro_ou_mais_indicadores_abaixo_50,11
510840,Várzea Grande,MT,Mato Grosso,CENTRO-OESTE,318922,31,31,0.9720245075598423,10287.806451612903,40.48587997911376,314627,88733.0,28.202601811033386,6,41.5,3,3,25.0,9.0,12.0,78.0,51.0,74.0,ubs_por_10k_abaixo_de_50pct_media_nacional;mais_de_10k_habitantes_por_ubs;vinculo_aps_abaixo_50pct;tres_ou_mais_indicadores_abaixo_30,11
351620,Franca,SP,São Paulo,SUDESTE,365494,24,24,0.6566455263287495,15228.916666666666,57.92492276194872,364331,102220.0,28.056904298563666,6,45.333333333333336,3,3,24.0,25.0,53.0,58.0,25.0,87.0,ubs_por_10k_abaixo_de_50pct_media_nacional;mais_de_10k_habitantes_por_ubs;vinculo_aps_abaixo_50pct;tres_ou_mais_indicadores_abaixo_30,11
150110,Bagre,PA,Pará,NORTE,35147,6,6,1.7071158278089167,5857.833333333333,1.878146454700246,34633,11410.0,32.94545664539601,6,34.666666666666664,3,3,5.0,3.0,51.0,61.0,24.0,64.0,vinculo_aps_abaixo_50pct;media_indicadores_previne_abaixo_40;tres_ou_mais_indicadores_abaixo_30,10
150630,Salvaterra,PA,Pará,NORTE,25687,10,10,3.8930198154708604,2568.7,0.0,25441,11649.0,45.78829448527967,6,35.166666666666664,3,3,12.0,7.0,50.0,56.0,28.0,58.0,vinculo_aps_abaixo_50pct;media_indicadores_previne_abaixo_40;tres_ou_mais_indicadores_abaixo_30,10
310560,Barbacena,MG,Minas Gerais,SUDESTE,129695,25,25,1.9275993677474073,5187.8,4.07093647942494,129630,42090.0,32.46933580189771,6,36.666666666666664,3,3,16.0,5.0,51.0,50.0,27.0,71.0,vinculo_aps_abaixo_50pct;media_indicadores_previne_abaixo_40;tres_ou_mais_indicadores_abaixo_30,10
330380,Paraty,RJ,Rio de Janeiro,SUDESTE,47668,21,13,4.405471175631451,2269.904761904762,0.0,47614,15117.0,31.749065400932498,6,37.5,3,3,29.0,9.0,3.0,63.0,51.0,70.0,vinculo_aps_abaixo_50pct;media_indicadores_previne_abaixo_40;tres_ou_mais_indicadores_abaixo_30,10
430060,Alvorada,RS,Rio Grande do Sul,SUL,194062,20,20,1.0305984685306757,9703.1,23.49870137684693,194116,62423.0,32.157575882462034,6,42.333333333333336,4,2,21.0,17.0,47.0,63.0,39.0,67.0,ubs_por_10k_abaixo_de_50pct_media_nacional;vinculo_aps_abaixo_50pct;quatro_ou_mais_indicadores_abaixo_50,10
292440,Pilão Arcado,BA,Bahia,NORDESTE,37388,2,2,0.5349309939017867,18694.0,6.380463187422333,37272,21903.0,58.76529298132647,6,42.333333333333336,4,1,49.0,16.0,30.0,54.0,38.0,67.0,ubs_por_10k_abaixo_de_50pct_media_nacional;mais_de_10k_habitantes_por_ubs;vinculo_aps_entre_50_70pct;quatro_ou_mais_indicadores_abaixo_50,10
410580,Colombo,PR,Paraná,SUL,241672,25,25,1.0344599291601841,9666.88,29.17041027684632,240720,80202.0,33.317547357926216,6,43.666666666666664,4,1,30.0,29.0,45.0,51.0,42.0,65.0,ubs_por_10k_abaixo_de_50pct_media_nacional;vinculo_aps_abaixo_50pct;quatro_ou_mais_indicadores_abaixo_50,10
430510,Caxias do Sul,RS,Rio Grande do Sul,SUL,479599,52,52,1.0842391247688175,9223.057692307691,55.50138451440472,479256,100398.0,20.948720516801043,6,44.333333333333336,4,1,33.0,14.0,40.0,53.0,31.0,95.0,ubs_por_10k_abaixo_de_50pct_media_nacional;vinculo_aps_abaixo_50pct;quatro_ou_mais_indicadores_abaixo_50,10
130380,São Gabriel da Cachoeira,AM,Amazonas,NORTE,57396,6,6,1.0453690152623876,9566.0,6.865225877428381,56406,17261.0,30.601354465836966,6,47.833333333333336,4,2,28.0,13.0,49.0,72.0,40.0,85.0,ubs_por_10k_abaixo_de_50pct_media_nacional;vinculo_aps_abaixo_50pct;quatro_ou_mais_indicadores_abaixo_50,10
130063,Beruri,AM,Amazonas,NORTE,22495,0,0,0.0,0.0,5.0422199476052585,22136,14803.0,66.8729671123961,6,57.833333333333336,2,1,51.0,17.0,83.0,81.0,41.0,74.0,municipio_5k_mais_sem_ubs_no_arquivo;ubs_por_10k_abaixo_de_50pct_media_nacional;vinculo_aps_entre_50_70pct,10
130115,Careiro da Várzea,AM,Amazonas,NORTE,20324,0,0,0.0,0.0,4.555593608140888,19809,11796.0,59.54868998939876,6,62.0,2,0,35.0,34.0,84.0,89.0,51.0,79.0,municipio_5k_mais_sem_ubs_no_arquivo;ubs_por_10k_abaixo_de_50pct_media_nacional;vinculo_aps_entre_50_70pct,10
292430,Piatã,BA,Bahia,NORDESTE,20938,0,0,0.0,0.0,4.693220771858586,20859,13568.0,65.04626300397909,6,63.666666666666664,2,1,30.0,20.0,66.0,80.0,89.0,97.0,municipio_5k_mais_sem_ubs_no_arquivo;ubs_por_10k_abaixo_de_50pct_media_nacional;vinculo_aps_entre_50_70pct,10
260200,Bodocó,PE,Pernambuco,NORDESTE,36145,0,0,0.0,0.0,8.101846632860283,36129,24594.0,68.07273935066014,6,68.83333333333333,2,1,41.0,19.0,83.0,95.0,81.0,94.0,municipio_5k_mais_sem_ubs_no_arquivo;ubs_por_10k_abaixo_de_50pct_media_nacional;vinculo_aps_entre_50_70pct,10
261485,Tamandaré,PE,Pernambuco,NORDESTE,24670,12,12,4.864207539521686,2055.8333333333335,0.0,24534,13923.0,56.749816581071165,6,31.5,5,2,18.0,6.0,32.0,33.0,33.0,67.0,vinculo_aps_entre_50_70pct;media_indicadores_previne_abaixo_40;quatro_ou_mais_indicadores_abaixo_50,9
291610,Itaparica,BA,Bahia,NORDESTE,20353,10,9,4.9132805974549205,2035.3,0.0,20369,13286.0,65.22656978742206,6,32.666666666666664,5,2,16.0,8.0,37.0,44.0,33.0,58.0,vinculo_aps_entre_50_70pct;media_indicadores_previne_abaixo_40;quatro_ou_mais_indicadores_abaixo_50,9
240110,Areia Branca,RN,Rio Grande do Norte,NORDESTE,24607,9,9,3.657495834518633,2734.1111111111113,0.0,24643,13754.0,55.813009779653456,6,34.0,5,2,12.0,5.0,32.0,48.0,36.0,71.0,vinculo_aps_entre_50_70pct;media_indicadores_previne_abaixo_40;quatro_ou_mais_indicadores_abaixo_50,9
150520,Oeiras do Pará,PA,Pará,NORTE,36734,8,8,2.177818914357271,4591.75,0.23387008470022588,36377,19542.0,53.720757621574066,6,34.166666666666664,5,2,16.0,24.0,31.0,58.0,35.0,41.0,vinculo_aps_entre_50_70pct;media_indicadores_previne_abaixo_40;quatro_ou_mais_indicadores_abaixo_50,9
291470,Itaberaba,BA,Bahia,NORDESTE,68425,23,23,3.361344537815126,2975.0,0.0,68244,37205.0,54.51761327003106,6,35.5,5,2,12.0,8.0,34.0,48.0,42.0,69.0,vinculo_aps_entre_50_70pct;media_indicadores_previne_abaixo_40;quatro_ou_mais_indicadores_abaixo_50,9
210910,Presidente Dutra,MA,Maranhão,NORDESTE,46606,21,20,4.505857614899369,2219.3333333333335,0.0,46578,23641.0,50.75572158529778,6,36.333333333333336,4,2,15.0,19.0,37.0,51.0,36.0,60.0,vinculo_aps_entre_50_70pct;media_indicadores_previne_abaixo_40;quatro_ou_mais_indicadores_abaixo_50,9
211070,São Domingos do Maranhão,MA,Maranhão,NORDESTE,35247,19,19,5.390529690470111,1855.1052631578948,0.0,35221,22963.0,65.19689957695692,6,36.5,4,2,8.0,5.0,39.0,57.0,44.0,66.0,vinculo_aps_entre_50_70pct;media_indicadores_previne_abaixo_40;quatro_ou_mais_indicadores_abaixo_50,9
210330,Codó,MA,Maranhão,NORDESTE,118283,25,24,2.1135750699593348,4731.32,1.5129540814666733,118295,64572.0,54.58556997337165,6,36.666666666666664,5,1,34.0,6.0,32.0,58.0,43.0,47.0,vinculo_aps_entre_50_70pct;media_indicadores_previne_abaixo_40;quatro_ou_mais_indicadores_abaixo_50,9
130390,São Paulo de Olivença,AM,Amazonas,NORTE,35442,6,6,1.6929067208396817,5907.0,1.9442702548577715,35196,18528.0,52.64234572110467,6,38.5,4,2,23.0,6.0,46.0,51.0,31.0,74.0,vinculo_aps_entre_50_70pct;media_indicadores_previne_abaixo_40;quatro_ou_mais_indicadores_abaixo_50,9
280570,Propriá,SE,Sergipe,NORDESTE,27213,9,8,3.3072428618674894,3023.6666666666665,0.0,27273,14770.0,54.15612510541561,6,38.5,5,1,44.0,13.0,45.0,45.0,33.0,51.0,vinculo_aps_entre_50_70pct;media_indicadores_previne_abaixo_40;quatro_ou_mais_indicadores_abaixo_50,9
330187,Iguaba Grande,RJ,Rio de Janeiro,SUDESTE,29616,13,12,4.389519178822258,2278.153846153846,0.0,29577,18529.0,62.64665111404132,6,38.5,4,1,37.0,9.0,34.0,62.0,37.0,52.0,vinculo_aps_entre_50_70pct;media_indicadores_previne_abaixo_40;quatro_ou_mais_indicadores_abaixo_50,9
211280,Viana,MA,Maranhão,NORDESTE,53176,26,26,4.889423800210622,2045.2307692307693,0.0,53115,37643.0,70.8707521415796,6,38.666666666666664,4,3,18.0,9.0,22.0,71.0,47.0,65.0,media_indicadores_previne_abaixo_40;quatro_ou_mais_indicadores_abaixo_50;tres_ou_mais_indicadores_abaixo_30,9
130160,Fonte Boa,AM,Amazonas,NORTE,28227,4,4,1.417082934778758,7056.75,2.327039006937259,27875,17783.0,63.79551569506726,6,38.833333333333336,5,2,19.0,12.0,47.0,41.0,33.0,81.0,vinculo_aps_entre_50_70pct;media_indicadores_previne_abaixo_40;quatro_ou_mais_indicadores_abaixo_50,9
150178,Breu Branco,PA,Pará,NORTE,47066,18,18,3.824416776441593,2614.777777777778,0.0,47351,26562.0,56.09596418238263,6,39.0,4,2,12.0,6.0,32.0,62.0,48.0,74.0,vinculo_aps_entre_50_70pct;media_indicadores_previne_abaixo_40;quatro_ou_mais_indicadores_abaixo_50,9
210320,Chapadinha,MA,Maranhão,NORDESTE,84395,31,30,3.6732033888263524,2722.4193548387098,0.0,84202,58390.0,69.34514619605235,6,39.666666666666664,4,2,17.0,7.0,47.0,53.0,47.0,67.0,vinculo_aps_entre_50_70pct;media_indicadores_previne_abaixo_40;quatro_ou_mais_indicadores_abaixo_50,9
210760,Palmeirândia,MA,Maranhão,NORDESTE,21657,13,13,6.002678117929538,1665.923076923077,0.0,21606,13687.0,63.34814403406461,6,39.833333333333336,4,2,16.0,9.0,33.0,87.0,42.0,52.0,vinculo_aps_entre_50_70pct;media_indicadores_previne_abaixo_40;quatro_ou_mais_indicadores_abaixo_50,9
320490,São Mateus,ES,Espírito Santo,SUDESTE,134423,37,36,2.752505151648155,3633.054054054054,0.0,133359,50668.0,37.993686215403535,6,40.0,4,3,25.0,9.0,25.0,58.0,36.0,87.0,vinculo_aps_abaixo_50pct;quatro_ou_mais_indicadores_abaixo_50;tres_ou_mais_indicadores_abaixo_30,9
352320,Itararé,SP,São Paulo,SUDESTE,45213,10,9,2.2117532568066705,4521.3,0.1344250051601056,45327,10929.0,24.11145674763386,6,40.666666666666664,4,3,23.0,22.0,28.0,51.0,41.0,79.0,vinculo_aps_abaixo_50pct;quatro_ou_mais_indicadores_abaixo_50;tres_ou_mais_indicadores_abaixo_30,9
432000,Sapucaia do Sul,RS,Rio Grande do Sul,SUL,136572,28,27,2.05020062677562,4877.571428571428,2.6124055427581867,136542,44398.0,32.51600240219127,6,41.666666666666664,4,3,26.0,20.0,41.0,55.0,22.0,86.0,vinculo_aps_abaixo_50pct;quatro_ou_mais_indicadores_abaixo_50;tres_ou_mais_indicadores_abaixo_30,9
260950,Nazaré da Mata,PE,Pernambuco,NORDESTE,32187,17,16,5.281635442880667,1893.3529411764705,0.0,32153,15041.0,46.77946070351134,6,41.666666666666664,4,3,26.0,22.0,19.0,71.0,44.0,68.0,vinculo_aps_abaixo_50pct;quatro_ou_mais_indicadores_abaixo_50;tres_ou_mais_indicadores_abaixo_30,9
351000,Cândido Mota,SP,São Paulo,SUDESTE,30157,6,6,1.9895878237225189,5026.166666666667,0.7596455639000569,30172,8224.0,27.257059525387778,6,42.333333333333336,4,3,19.0,20.0,17.0,48.0,56.0,94.0,vinculo_aps_abaixo_50pct;quatro_ou_mais_indicadores_abaixo_50;tres_ou_mais_indicadores_abaixo_30,9
354870,São Bernardo do Campo,SP,São Paulo,SUDESTE,841154,38,38,0.45176031975119896,22135.63157894737,150.54338643289412,840499,243508.0,28.971836968277177,6,42.333333333333336,3,2,29.0,20.0,51.0,53.0,38.0,63.0,ubs_por_10k_abaixo_de_50pct_media_nacional;mais_de_10k_habitantes_por_ubs;vinculo_aps_abaixo_50pct,9
421480,Rio do Sul,SC,Santa Catarina,SUL,77451,27,27,3.4860750668164386,2868.5555555555557,0.0,76390,16317.0,21.360125670899333,6,44.0,4,3,28.0,21.0,20.0,60.0,44.0,91.0,vinculo_aps_abaixo_50pct;quatro_ou_mais_indicadores_abaixo_50;tres_ou_mais_indicadores_abaixo_30,9
430470,Carazinho,RS,Rio Grande do Sul,SUL,63670,1,1,0.15705983979896343,63670.0,13.27153341027014,63638,17906.0,28.13727647003363,6,44.0,3,1,31.0,13.0,51.0,60.0,38.0,71.0,ubs_por_10k_abaixo_de_50pct_media_nacional;mais_de_10k_habitantes_por_ubs;vinculo_aps_abaixo_50pct,9
355370,Taquaritinga,SP,São Paulo,SUDESTE,53264,10,10,1.877440672874737,5326.4,1.9390443782727944,53322,15536.0,29.13619144068115,6,44.0,4,3,26.0,11.0,24.0,79.0,43.0,81.0,vinculo_aps_abaixo_50pct;quatro_ou_mais_indicadores_abaixo_50;tres_ou_mais_indicadores_abaixo_30,9
355340,Tanabi,SP,São Paulo,SUDESTE,26071,9,9,3.4521115415595873,2896.777777777778,0.0,26021,10400.0,39.96771838130741,6,44.166666666666664,4,3,25.0,18.0,24.0,60.0,39.0,99.0,vinculo_aps_abaixo_50pct;quatro_ou_mais_indicadores_abaixo_50;tres_ou_mais_indicadores_abaixo_30,9
351970,Ibiúna,SP,São Paulo,SUDESTE,77801,3,1,0.385599156823177,25933.666666666668,14.438975512053197,77651,25272.0,32.54562079045988,6,44.833333333333336,3,2,19.0,32.0,8.0,65.0,53.0,92.0,ubs_por_10k_abaixo_de_50pct_media_nacional;mais_de_10k_habitantes_por_ubs;vinculo_aps_abaixo_50pct,9
421660,São José,SC,Santa Catarina,SUL,295658,28,28,0.9470401612674103,10559.214285714286,38.271289854148726,289949,70846.0,24.433952177796787,6,45.0,3,1,31.0,17.0,52.0,58.0,48.0,64.0,ubs_por_10k_abaixo_de_50pct_media_nacional;mais_de_10k_habitantes_por_ubs;vinculo_aps_abaixo_50pct,9
350390,Arujá,SP,São Paulo,SUDESTE,90273,8,8,0.8862007466241291,11284.125,12.23455529362834,89943,30794.0,34.237239140344435,6,45.333333333333336,3,1,32.0,21.0,44.0,62.0,54.0,59.0,ubs_por_10k_abaixo_de_50pct_media_nacional;mais_de_10k_habitantes_por_ubs;vinculo_aps_abaixo_50pct,9
354780,Santo André,SP,São Paulo,SUDESTE,782048,38,38,0.4859036785465854,20580.21052631579,137.29486666302722,778711,169838.0,21.810145227176704,6,45.5,3,2,24.0,11.0,50.0,59.0,45.0,84.0,ubs_por_10k_abaixo_de_50pct_media_nacional;mais_de_10k_habitantes_por_ubs;vinculo_aps_abaixo_50pct,9
351060,Carapicuíba,SP,São Paulo,SUDESTE,398236,15,15,0.3766610753422594,26549.066666666666,74.26399213400879,398462,103277.0,25.91890820203683,6,45.5,3,2,23.0,18.0,50.0,62.0,48.0,72.0,ubs_por_10k_abaixo_de_50pct_media_nacional;mais_de_10k_habitantes_por_ubs;vinculo_aps_abaixo_50pct,9
352220,Itapecerica da Serra,SP,São Paulo,SUDESTE,163003,16,16,0.9815770261897021,10187.6875,20.536873888397416,163928,42854.0,26.141964765018788,6,48.333333333333336,3,2,19.0,7.0,36.0,80.0,59.0,89.0,ubs_por_10k_abaixo_de_50pct_media_nacional;mais_de_10k_habitantes_por_ubs;vinculo_aps_abaixo_50pct,9
352050,Indaiatuba,SP,São Paulo,SUDESTE,269657,17,17,0.6304305098699459,15862.176470588236,43.4432053528069,267796,58299.0,21.769929349206112,6,48.5,3,2,20.0,19.0,53.0,62.0,44.0,93.0,ubs_por_10k_abaixo_de_50pct_media_nacional;mais_de_10k_habitantes_por_ubs;vinculo_aps_abaixo_50pct,9
330070,Cabo Frio,RJ,Rio de Janeiro,SUDESTE,238438,3,3,0.125818871153088,79479.33333333333,50.44551410833975,238166,63214.0,26.5419917200608,6,48.666666666666664,2,2,28.0,7.0,63.0,74.0,51.0,69.0,ubs_por_10k_abaixo_de_50pct_media_nacional;mais_de_10k_habitantes_por_ubs;vinculo_aps_abaixo_50pct,9
411430,Mandirituba,PR,Paraná,SUL,29104,5,5,1.7179769103903242,5820.8,1.5236172196089555,28761,9181.0,31.921699523660514,6,48.666666666666664,4,3,26.0,29.0,29.0,91.0,44.0,73.0,vinculo_aps_abaixo_50pct;quatro_ou_mais_indicadores_abaixo_50;tres_ou_mais_indicadores_abaixo_30,9
351570,Ferraz de Vasconcelos,SP,São Paulo,SUDESTE,186479,14,14,0.7507547766772665,13319.92857142857,27.798983490085842,185622,70368.0,37.90929954423506,6,48.666666666666664,3,1,25.0,35.0,54.0,55.0,33.0,90.0,ubs_por_10k_abaixo_de_50pct_media_nacional;mais_de_10k_habitantes_por_ubs;vinculo_aps_abaixo_50pct,9
410690,Curitiba,PR,Paraná,SUL,1830795,134,122,0.7319224708391711,13662.649253731342,276.3699074894852,1829225,439046.0,24.0017493747352,6,49.5,3,0,32.0,39.0,54.0,62.0,45.0,65.0,ubs_por_10k_abaixo_de_50pct_media_nacional;mais_de_10k_habitantes_por_ubs;vinculo_aps_abaixo_50pct,9
330455,Rio de Janeiro,RJ,Rio de Janeiro,SUDESTE,6730729,392,351,0.5824034811088071,17170.227040816328,1116.682641730393,6729894,2304669.0,34.24524962800305,6,49.5,3,1,30.0,29.0,52.0,64.0,49.0,73.0,ubs_por_10k_abaixo_de_50pct_media_nacional;mais_de_10k_habitantes_por_ubs;vinculo_aps_abaixo_50pct,9
211130,São Luís,MA,Maranhão,NORDESTE,1089215,71,71,0.6518455952222473,15341.05633802817,173.1458813172199,1088057,358268.0,32.92731906508575,6,50.5,3,2,17.0,10.0,68.0,85.0,42.0,81.0,ubs_por_10k_abaixo_de_50pct_media_nacional;mais_de_10k_habitantes_por_ubs;vinculo_aps_abaixo_50pct,9
430930,Guaíba,RS,Rio Grande do Sul,SUL,95946,6,6,0.6253517603652055,15991.0,15.506149592928836,95956,26410.0,27.523031389386805,6,50.833333333333336,3,2,29.0,19.0,33.0,76.0,58.0,90.0,ubs_por_10k_abaixo_de_50pct_media_nacional;mais_de_10k_habitantes_por_ubs;vinculo_aps_abaixo_50pct,9
431140,Lajeado,RS,Rio Grande do Sul,SUL,96879,3,3,0.30966463320224197,32293.0,18.715280120206707,96651,24417.0,25.263059875221156,6,51.666666666666664,3,1,38.0,24.0,52.0,60.0,45.0,91.0,ubs_por_10k_abaixo_de_50pct_media_nacional;mais_de_10k_habitantes_por_ubs;vinculo_aps_abaixo_50pct,9
412550,São José dos Pinhais,PR,Paraná,SUL,349880,31,30,0.886018063336001,11286.451612903225,47.42506847157715,345644,96559.0,27.935968800268483,6,52.666666666666664,2,1,23.0,30.0,65.0,51.0,55.0,92.0,ubs_por_10k_abaixo_de_50pct_media_nacional;mais_de_10k_habitantes_por_ubs;vinculo_aps_abaixo_50pct,9
150553,Parauapebas,PA,Pará,NORTE,305771,27,27,0.8830137586625284,11324.851851851852,41.53810338293877,298854,100623.0,33.66961794053284,6,52.666666666666664,2,2,21.0,19.0,67.0,83.0,56.0,70.0,ubs_por_10k_abaixo_de_50pct_media_nacional;mais_de_10k_habitantes_por_ubs;vinculo_aps_abaixo_50pct,9
430310,Cachoeirinha,RS,Rio Grande do Sul,SUL,141503,4,1,0.2826795191621379,35375.75,27.71768167352687,141303,33307.0,23.571332526556407,6,53.333333333333336,3,1,34.0,20.0,44.0,81.0,51.0,90.0,ubs_por_10k_abaixo_de_50pct_media_nacional;mais_de_10k_habitantes_por_ubs;vinculo_aps_abaixo_50pct,9
354980,São José do Rio Preto,SP,São Paulo,SUDESTE,504166,33,33,0.6545463200612497,15277.757575757576,80.00804010243844,501597,142610.0,28.43119077665935,6,53.5,3,0,31.0,32.0,56.0,60.0,46.0,96.0,ubs_por_10k_abaixo_de_50pct_media_nacional;mais_de_10k_habitantes_por_ubs;vinculo_aps_abaixo_50pct,9
355220,Sorocaba,SP,São Paulo,SUDESTE,762172,33,33,0.43297313467301346,23096.121212121212,137.83969157173573,757459,101632.0,13.417491903852222,6,53.833333333333336,3,1,34.0,20.0,72.0,57.0,49.0,91.0,ubs_por_10k_abaixo_de_50pct_media_nacional;mais_de_10k_habitantes_por_ubs;vinculo_aps_abaixo_50pct,9
410765,Fazenda Rio Grande,PR,Paraná,SUL,165943,14,14,0.8436631855516654,11853.07142857143,23.19587040522158,161506,36828.0,22.802868004903843,6,54.0,3,1,36.0,24.0,41.0,86.0,55.0,82.0,ubs_por_10k_abaixo_de_50pct_media_nacional;mais_de_10k_habitantes_por_ubs;vinculo_aps_abaixo_50pct,9
320500,Serra,ES,Espírito Santo,SUDESTE,579720,42,41,0.724487683709377,13802.857142857143,87.9433539909189,572274,172872.0,30.207907401000224,6,54.0,2,2,29.0,22.0,53.0,81.0,51.0,88.0,ubs_por_10k_abaixo_de_50pct_media_nacional;mais_de_10k_habitantes_por_ubs;vinculo_aps_abaixo_50pct,9
150420,Marabá,PA,Pará,NORTE,290975,21,21,0.721711487241172,13855.952380952382,44.22160254520738,288513,93398.0,32.37219813318637,6,54.166666666666664,2,2,27.0,21.0,61.0,86.0,51.0,79.0,ubs_por_10k_abaixo_de_50pct_media_nacional;mais_de_10k_habitantes_por_ubs;vinculo_aps_abaixo_50pct,9
421190,Palhoça,SC,Santa Catarina,SUL,253469,24,24,0.9468613518812952,10561.208333333334,32.814689837722035,245477,58326.0,23.76027081966946,6,54.333333333333336,2,1,31.0,28.0,56.0,74.0,50.0,87.0,ubs_por_10k_abaixo_de_50pct_media_nacional;mais_de_10k_habitantes_por_ubs;vinculo_aps_abaixo_50pct,9
411960,Pitanga,PR,Paraná,SUL,34527,2,2,0.5792568135082689,17263.5,5.739174400131886,34513,11954.0,34.63622403152436,6,54.833333333333336,2,1,41.0,15.0,52.0,79.0,64.0,78.0,ubs_por_10k_abaixo_de_50pct_media_nacional;mais_de_10k_habitantes_por_ubs;vinculo_aps_abaixo_50pct,9
410450,Capanema,PR,Paraná,SUL,21088,2,2,0.9484066767830046,10544.0,2.726843043125125,21022,6939.0,33.008277043097706,6,57.833333333333336,3,2,27.0,12.0,94.0,46.0,70.0,98.0,ubs_por_10k_abaixo_de_50pct_media_nacional;mais_de_10k_habitantes_por_ubs;vinculo_aps_abaixo_50pct,9
353060,Mogi das Cruzes,SP,São Paulo,SUDESTE,470302,37,36,0.786728527626929,12710.864864864865,68.41747614130466,468120,117950.0,25.196530804067336,6,59.166666666666664,3,0,48.0,30.0,58.0,81.0,48.0,90.0,ubs_por_10k_abaixo_de_50pct_media_nacional;mais_de_10k_habitantes_por_ubs;vinculo_aps_abaixo_50pct,9
350600,Bauru,SP,São Paulo,SUDESTE,392947,29,28,0.7380130144777794,13549.896551724138,59.07847084915064,391740,86963.0,22.19916270996069,6,59.833333333333336,2,1,33.0,27.0,64.0,96.0,62.0,77.0,ubs_por_10k_abaixo_de_50pct_media_nacional;mais_de_10k_habitantes_por_ubs;vinculo_aps_abaixo_50pct,9
412440,Santo Antônio do Sudoeste,PR,Paraná,SUL,24980,2,2,0.800640512409928,12490.0,3.5992289082542506,24644,8435.0,34.22739814965103,6,60.166666666666664,2,1,34.0,26.0,68.0,74.0,62.0,97.0,ubs_por_10k_abaixo_de_50pct_media_nacional;mais_de_10k_habitantes_por_ubs;vinculo_aps_abaixo_50pct,9
412570,São Miguel do Iguaçu,PR,Paraná,SUL,30416,1,1,0.3287743293003682,30416.0,5.817700018953614,30198,10506.0,34.790383469103915,6,60.833333333333336,2,1,41.0,29.0,69.0,74.0,63.0,89.0,ubs_por_10k_abaixo_de_50pct_media_nacional;mais_de_10k_habitantes_por_ubs;vinculo_aps_abaixo_50pct,9
355250,Suzano,SP,São Paulo,SUDESTE,320261,26,26,0.8118378447578695,12317.73076923077,45.7860147872864,318765,100540.0,31.54047652659483,6,61.166666666666664,2,2,27.0,22.0,83.0,88.0,55.0,92.0,ubs_por_10k_abaixo_de_50pct_media_nacional;mais_de_10k_habitantes_por_ubs;vinculo_aps_abaixo_50pct,9
351050,Caraguatatuba,SP,São Paulo,SUDESTE,142248,14,13,0.9841966143636466,10160.57142857143,17.884672287484012,141084,57077.0,40.45604037311105,6,61.166666666666664,2,2,25.0,19.0,82.0,86.0,63.0,92.0,ubs_por_10k_abaixo_de_50pct_media_nacional;mais_de_10k_habitantes_por_ubs;vinculo_aps_abaixo_50pct,9
110030,Vilhena,RO,Rondônia,NORTE,109651,10,9,0.9119843868272975,10965.1,14.578104444314924,108528,33350.0,30.72939702196668,6,61.833333333333336,1,1,25.0,52.0,69.0,77.0,60.0,88.0,ubs_por_10k_abaixo_de_50pct_media_nacional;mais_de_10k_habitantes_por_ubs;vinculo_aps_abaixo_50pct,9
412350,Santa Helena,PR,Paraná,SUL,26461,1,1,0.3779146668682211,26461.0,4.931192799892543,26341,10235.0,38.85577616643256,6,64.83333333333333,2,0,49.0,30.0,74.0,78.0,62.0,96.0,ubs_por_10k_abaixo_de_50pct_media_nacional;mais_de_10k_habitantes_por_ubs;vinculo_aps_abaixo_50pct,9
432270,Vera Cruz,RS,Rio Grande do Sul,SUL,27670,2,1,0.7228044813877846,13835.0,4.202188306300844,27638,8286.0,29.980461683189812,6,74.0,2,0,37.0,46.0,92.0,88.0,83.0,98.0,ubs_por_10k_abaixo_de_50pct_media_nacional;mais_de_10k_habitantes_por_ubs;vinculo_aps_abaixo_50pct,9
410465,Carambeí,PR,Paraná,SUL,24469,1,1,0.4086803710817769,24469.0,4.484689037472909,24159,7282.0,30.141976075168674,6,74.5,2,0,37.0,41.0,91.0,100.0,81.0,97.0,ubs_por_10k_abaixo_de_50pct_media_nacional;mais_de_10k_habitantes_por_ubs;vinculo_aps_abaixo_50pct,9
211245,Turilândia,MA,Maranhão,NORDESTE,33219,2,2,0.6020650832354978,16609.5,5.4459881946876685,33032,14652.0,44.356987163962216,6,75.33333333333333,1,0,62.0,48.0,96.0,95.0,68.0,83.0,ubs_por_10k_abaixo_de_50pct_media_nacional;mais_de_10k_habitantes_por_ubs;vinculo_aps_abaixo_50pct,9
261110,Petrolina,PE,Pernambuco,NORDESTE,418444,62,61,1.481679746871744,6749.096774193548,31.793584519036887,414083,197569.0,47.71241514382382,6,38.333333333333336,3,2,16.0,8.0,50.0,51.0,43.0,62.0,vinculo_aps_abaixo_50pct;media_indicadores_previne_abaixo_40,8
292920,São Francisco do Conde,BA,Bahia,NORDESTE,41110,17,17,4.1352468985648265,2418.235294117647,0.0,40932,20335.0,49.67995700185674,6,39.5,3,2,13.0,7.0,52.0,67.0,41.0,57.0,vinculo_aps_abaixo_50pct;media_indicadores_previne_abaixo_40,8
210500,Humberto de Campos,MA,Maranhão,NORDESTE,26550,16,16,6.0263653483992465,1659.375,0.0,26546,18796.0,70.80539440970391,6,34.0,4,2,30.0,10.0,40.0,52.0,21.0,51.0,media_indicadores_previne_abaixo_40;quatro_ou_mais_indicadores_abaixo_50,7
150430,Maracanã,PA,Pará,NORTE,27129,11,11,4.0547016108223675,2466.2727272727275,0.0,27207,20521.0,75.42544198184291,6,37.833333333333336,4,2,17.0,7.0,39.0,58.0,38.0,68.0,media_indicadores_previne_abaixo_40;quatro_ou_mais_indicadores_abaixo_50,7
350850,Caçapava,SP,São Paulo,SUDESTE,100071,29,21,2.8979424608527946,3450.7241379310344,0.0,99678,30951.0,31.05098416902426,6,40.0,5,1,32.0,14.0,33.0,46.0,30.0,85.0,vinculo_aps_abaixo_50pct;quatro_ou_mais_indicadores_abaixo_50,7
431990,Sapiranga,RS,Rio Grande do Sul,SUL,77935,20,20,2.56624109835119,3896.75,0.0,77898,26743.0,34.33079154792164,6,40.0,4,2,32.0,22.0,25.0,56.0,42.0,63.0,vinculo_aps_abaixo_50pct;quatro_ou_mais_indicadores_abaixo_50,7
520890,Goiás,GO,Goiás,CENTRO-OESTE,24172,6,6,2.4822108224391854,4028.6666666666665,0.0,24233,11017.0,45.462798662980234,6,40.0,5,2,22.0,17.0,40.0,40.0,39.0,82.0,vinculo_aps_abaixo_50pct;quatro_ou_mais_indicadores_abaixo_50,7
290070,Alagoinhas,BA,Bahia,NORDESTE,161196,41,40,2.5434874314499116,3931.609756097561,0.0,160662,75696.0,47.11506143331964,6,40.0,4,2,20.0,18.0,41.0,62.0,38.0,61.0,vinculo_aps_abaixo_50pct;quatro_ou_mais_indicadores_abaixo_50,7
313170,Itabira,MG,Minas Gerais,SUDESTE,118053,31,25,2.6259391968014367,3808.1612903225805,0.0,117747,37165.0,31.5634368603871,6,40.166666666666664,5,2,21.0,21.0,38.0,42.0,34.0,85.0,vinculo_aps_abaixo_50pct;quatro_ou_mais_indicadores_abaixo_50,7
521740,Pires do Rio,GO,Goiás,CENTRO-OESTE,33736,8,8,2.3713540431586435,4217.0,0.0,33494,11991.0,35.80044187018571,6,40.166666666666664,4,2,10.0,4.0,36.0,65.0,45.0,81.0,vinculo_aps_abaixo_50pct;quatro_ou_mais_indicadores_abaixo_50,7
260290,Cabo de Santo Agostinho,PE,Pernambuco,NORDESTE,218049,53,53,2.430646322615559,4114.132075471698,0.0,216969,92725.0,42.736519963681445,6,40.166666666666664,4,1,30.0,16.0,49.0,59.0,35.0,52.0,vinculo_aps_abaixo_50pct;quatro_ou_mais_indicadores_abaixo_50,7
431330,Nova Prata,RS,Rio Grande do Sul,SUL,26637,3,3,1.1262529564140107,8879.0,2.970642931511948,26587,7615.0,28.641817429570843,6,40.5,5,1,30.0,28.0,33.0,37.0,32.0,83.0,vinculo_aps_abaixo_50pct;quatro_ou_mais_indicadores_abaixo_50,7
351440,Dracena,SP,São Paulo,SUDESTE,46735,13,13,2.781641168289291,3595.0,0.0,46664,14348.0,30.747471284073374,6,40.5,4,2,31.0,29.0,28.0,57.0,43.0,55.0,vinculo_aps_abaixo_50pct;quatro_ou_mais_indicadores_abaixo_50,7
430676,Eldorado do Sul,RS,Rio Grande do Sul,SUL,41012,9,9,2.1944796644884423,4556.888888888889,0.19277726122191025,40954,14301.0,34.91966596669434,6,40.5,4,1,33.0,25.0,49.0,53.0,32.0,51.0,vinculo_aps_abaixo_50pct;quatro_ou_mais_indicadores_abaixo_50,7
110033,Nova Mamoré,RO,Rondônia,NORTE,28701,5,5,1.742099578411902,5740.2,1.4332853841395212,28496,11045.0,38.75982594048287,6,40.5,4,2,10.0,6.0,40.0,60.0,48.0,79.0,vinculo_aps_abaixo_50pct;quatro_ou_mais_indicadores_abaixo_50,7
316860,Teófilo Otoni,MG,Minas Gerais,SUDESTE,142851,55,52,3.8501655571189564,2597.2909090909093,0.0,142571,60231.0,42.24631937771356,6,40.5,5,1,27.0,31.0,38.0,49.0,34.0,64.0,vinculo_aps_abaixo_50pct;quatro_ou_mais_indicadores_abaixo_50,7
330395,Pinheiral,RJ,Rio de Janeiro,SUDESTE,25096,13,13,5.180108383806185,1930.4615384615386,0.0,25085,11771.0,46.92445684672115,6,40.5,5,1,34.0,15.0,40.0,35.0,37.0,82.0,vinculo_aps_abaixo_50pct;quatro_ou_mais_indicadores_abaixo_50,7
170950,Gurupi,TO,Tocantins,NORTE,90209,15,15,1.6628052633329269,6013.933333333333,5.220209791221284,89574,28544.0,31.866389800611785,6,40.666666666666664,4,2,17.0,13.0,49.0,54.0,48.0,63.0,vinculo_aps_abaixo_50pct;quatro_ou_mais_indicadores_abaixo_50,7
354130,Presidente Epitácio,SP,São Paulo,SUDESTE,40322,14,13,3.472049997519964,2880.1428571428573,0.0,40383,15489.0,38.35524849565411,6,40.666666666666664,4,2,29.0,17.0,40.0,53.0,43.0,62.0,vinculo_aps_abaixo_50pct;quatro_ou_mais_indicadores_abaixo_50,7
240720,Macau,RN,Rio Grande do Norte,NORDESTE,28350,11,11,3.880070546737213,2577.2727272727275,0.0,28384,13710.0,48.30186020293123,6,40.666666666666664,4,1,32.0,9.0,39.0,61.0,41.0,62.0,vinculo_aps_abaixo_50pct;quatro_ou_mais_indicadores_abaixo_50,7
317070,Varginha,MG,Minas Gerais,SUDESTE,143676,25,24,1.7400261699935968,5747.04,7.204756309941458,142802,35322.0,24.734947689808266,6,40.833333333333336,5,1,24.0,30.0,41.0,42.0,34.0,74.0,vinculo_aps_abaixo_50pct;quatro_ou_mais_indicadores_abaixo_50,7
230370,Caucaia,CE,Ceará,NORDESTE,378406,54,53,1.4270386833189748,7007.518518518518,30.819127872572373,375730,163753.0,43.582625821733686,6,40.833333333333336,4,2,12.0,18.0,38.0,60.0,43.0,74.0,vinculo_aps_abaixo_50pct;quatro_ou_mais_indicadores_abaixo_50,7
150020,Acará,PA,Pará,NORTE,63110,11,11,1.7429884328949452,5737.272727272727,3.146010264208397,62701,30450.0,48.56381875887147,6,40.833333333333336,4,2,12.0,7.0,73.0,73.0,31.0,49.0,vinculo_aps_abaixo_50pct;quatro_ou_mais_indicadores_abaixo_50,7
311530,Cataguases,MG,Minas Gerais,SUDESTE,67732,25,22,3.691017539715349,2709.28,0.0,67872,24429.0,35.99275106082037,6,41.0,5,1,37.0,44.0,38.0,45.0,25.0,57.0,vinculo_aps_abaixo_50pct;quatro_ou_mais_indicadores_abaixo_50,7
355645,Vargem Grande Paulista,SP,São Paulo,SUDESTE,52352,10,10,1.9101466992665037,5235.2,1.7346209689722378,52103,17043.0,32.71020862522312,6,41.166666666666664,4,1,32.0,14.0,35.0,55.0,43.0,68.0,vinculo_aps_abaixo_50pct;quatro_ou_mais_indicadores_abaixo_50,7
260720,Ipojuca,PE,Pernambuco,NORDESTE,106539,31,31,2.9097325861890955,3436.7419354838707,0.0,105638,45584.0,43.15113879475189,6,41.166666666666664,4,2,23.0,8.0,40.0,57.0,39.0,80.0,vinculo_aps_abaixo_50pct;quatro_ou_mais_indicadores_abaixo_50,7
220770,Parnaíba,PI,Piauí,NORDESTE,170491,38,37,2.22885665519001,4486.605263157895,0.21529767002303074,169552,77784.0,45.87619137491743,6,41.166666666666664,4,2,17.0,21.0,40.0,61.0,37.0,71.0,vinculo_aps_abaixo_50pct;quatro_ou_mais_indicadores_abaixo_50,7
421740,Schroeder,SC,Santa Catarina,SUL,21710,11,11,5.066789497927222,1973.6363636363637,0.0,21273,4436.0,20.852724110374655,6,41.333333333333336,4,1,33.0,35.0,30.0,52.0,26.0,72.0,vinculo_aps_abaixo_50pct;quatro_ou_mais_indicadores_abaixo_50,7
500560,Miranda,MS,Mato Grosso do Sul,CENTRO-OESTE,26512,11,10,4.149064574532287,2410.181818181818,0.0,26487,10337.0,39.026692339638316,6,41.333333333333336,4,1,34.0,19.0,44.0,60.0,32.0,59.0,vinculo_aps_abaixo_50pct;quatro_ou_mais_indicadores_abaixo_50,7
410980,Ibiporã,PR,Paraná,SUL,53276,9,9,1.6893160147158195,5919.555555555556,2.941734159974117,53054,18839.0,35.50910393184303,6,41.5,4,2,27.0,14.0,45.0,52.0,43.0,68.0,vinculo_aps_abaixo_50pct;quatro_ou_mais_indicadores_abaixo_50,7
310150,Além Paraíba,MG,Minas Gerais,SUDESTE,31159,13,12,4.172149298757983,2396.846153846154,0.0,31333,14743.0,47.05262821944915,6,41.5,5,2,22.0,24.0,40.0,40.0,34.0,89.0,vinculo_aps_abaixo_50pct;quatro_ou_mais_indicadores_abaixo_50,7
420820,Itajaí,SC,Santa Catarina,SUL,294850,45,45,1.526199762591148,6552.222222222223,21.090177886259635,287289,67296.0,23.42449589089732,6,41.666666666666664,4,2,26.0,18.0,33.0,62.0,39.0,72.0,vinculo_aps_abaixo_50pct;quatro_ou_mais_indicadores_abaixo_50,7
312870,Guaxupé,MG,Minas Gerais,SUDESTE,52744,10,10,1.895950250265433,5274.4,1.8224871712154593,52621,14968.0,28.44491742840311,6,41.666666666666664,5,1,29.0,33.0,42.0,54.0,45.0,47.0,vinculo_aps_abaixo_50pct;quatro_ou_mais_indicadores_abaixo_50,7
310710,Boa Esperança,MG,Minas Gerais,SUDESTE,41443,17,17,4.102019641435224,2437.823529411765,0.0,41332,15382.0,37.21571663602052,6,41.666666666666664,5,2,34.0,10.0,22.0,49.0,40.0,95.0,vinculo_aps_abaixo_50pct;quatro_ou_mais_indicadores_abaixo_50,7
130060,Benjamin Constant,AM,Amazonas,NORTE,40908,6,6,1.4667057788207685,6818.0,3.1694658198104433,40509,15106.0,37.29047865906342,6,41.666666666666664,4,2,28.0,4.0,42.0,54.0,38.0,84.0,vinculo_aps_abaixo_50pct;quatro_ou_mais_indicadores_abaixo_50,7
420850,Ituporanga,SC,Santa Catarina,SUL,28461,10,9,3.5135799866483963,2846.1,0.0,28042,7930.0,28.279010056344056,6,41.833333333333336,4,1,35.0,9.0,35.0,46.0,51.0,75.0,vinculo_aps_abaixo_50pct;quatro_ou_mais_indicadores_abaixo_50,7
431950,São Sebastião do Caí,RS,Rio Grande do Sul,SUL,24898,6,6,2.4098321150293196,4149.666666666667,0.0,24883,7131.0,28.65812000160752,6,41.833333333333336,4,1,33.0,16.0,34.0,56.0,44.0,68.0,vinculo_aps_abaixo_50pct;quatro_ou_mais_indicadores_abaixo_50,7
432240,Uruguaiana,RS,Rio Grande do Sul,SUL,120819,25,22,2.069210968473502,4832.76,2.081394614346286,120885,43481.0,35.96889605823716,6,41.833333333333336,4,2,29.0,18.0,40.0,60.0,36.0,68.0,vinculo_aps_abaixo_50pct;quatro_ou_mais_indicadores_abaixo_50,7
431840,São Jerônimo,RS,Rio Grande do Sul,SUL,21412,8,8,3.7362226788716604,2676.5,0.0,21421,8672.0,40.48363755193501,6,41.833333333333336,5,1,34.0,22.0,38.0,47.0,32.0,78.0,vinculo_aps_abaixo_50pct;quatro_ou_mais_indicadores_abaixo_50,7
240800,Mossoró,RN,Rio Grande do Norte,NORDESTE,278587,53,53,1.9024577600534125,5256.358490566037,9.444851235541503,278034,114641.0,41.2327269326773,6,41.833333333333336,4,2,17.0,11.0,44.0,55.0,39.0,85.0,vinculo_aps_abaixo_50pct;quatro_ou_mais_indicadores_abaixo_50,7
312160,Diamantina,MG,Minas Gerais,SUDESTE,49493,18,18,3.6368779423352797,2749.6111111111113,0.0,49353,21720.0,44.00948270621846,6,41.833333333333336,4,2,28.0,18.0,40.0,60.0,42.0,63.0,vinculo_aps_abaixo_50pct;quatro_ou_mais_indicadores_abaixo_50,7
110080,Candeias do Jamari,RO,Rondônia,NORTE,24313,4,4,1.645210381277506,6078.25,1.4497218753557075,24163,12246.0,50.68079294789555,6,41.833333333333336,4,3,9.0,13.0,24.0,68.0,43.0,94.0,vinculo_aps_entre_50_70pct;quatro_ou_mais_indicadores_abaixo_50;tres_ou_mais_indicadores_abaixo_30,7
411770,Palmeira,PR,Paraná,SUL,34948,15,15,4.292091106787227,2329.866666666667,0.0,34806,9825.0,28.227891742802964,6,42.0,5,1,34.0,20.0,39.0,48.0,34.0,77.0,vinculo_aps_abaixo_50pct;quatro_ou_mais_indicadores_abaixo_50,7
351410,Dois Córregos,SP,São Paulo,SUDESTE,24847,5,5,2.0123153700647967,4969.4,0.5694171610645856,24855,7785.0,31.32166566083283,6,42.0,4,2,23.0,3.0,48.0,51.0,48.0,79.0,vinculo_aps_abaixo_50pct;quatro_ou_mais_indicadores_abaixo_50,7
350275,Araçariguama,SP,São Paulo,SUDESTE,22314,4,3,1.7925965761405396,5578.5,1.0016490736103019,22168,7030.0,31.712378202814868,6,42.0,4,1,30.0,2.0,32.0,77.0,49.0,62.0,vinculo_aps_abaixo_50pct;quatro_ou_mais_indicadores_abaixo_50,7
315210,Ponte Nova,MG,Minas Gerais,SUDESTE,59638,15,11,2.5151748884939136,3975.866666666667,0.0,59569,20972.0,35.20623142909903,6,42.0,5,1,26.0,31.0,43.0,47.0,32.0,73.0,vinculo_aps_abaixo_50pct;quatro_ou_mais_indicadores_abaixo_50,7
350610,Bebedouro,SP,São Paulo,SUDESTE,78257,19,19,2.427897823836845,4118.789473684211,0.0,78210,27689.0,35.403401099603634,6,42.0,5,1,29.0,32.0,41.0,48.0,40.0,62.0,vinculo_aps_abaixo_50pct;quatro_ou_mais_indicadores_abaixo_50,7
150290,Curuçá,PA,Pará,NORTE,44880,14,14,3.1194295900178255,3205.714285714286,0.0,44413,28083.0,63.23148627654065,6,42.0,4,3,20.0,9.0,21.0,76.0,46.0,80.0,vinculo_aps_entre_50_70pct;quatro_ou_mais_indicadores_abaixo_50;tres_ou_mais_indicadores_abaixo_30,7
354670,Santa Gertrudes,SP,São Paulo,SUDESTE,23192,5,5,2.155915833045878,4638.4,0.1984514347571086,24107,6311.0,26.179118098477623,6,42.166666666666664,5,2,26.0,24.0,37.0,46.0,32.0,88.0,vinculo_aps_abaixo_50pct;quatro_ou_mais_indicadores_abaixo_50,7
317040,Unaí,MG,Minas Gerais,SUDESTE,91320,20,20,2.190100744634253,4566.0,0.46923874706878116,90724,24770.0,27.302588069309113,6,42.166666666666664,4,2,28.0,14.0,34.0,62.0,39.0,76.0,vinculo_aps_abaixo_50pct;quatro_ou_mais_indicadores_abaixo_50,7
313440,Iturama,MG,Minas Gerais,SUDESTE,40259,11,11,2.7323083037333267,3659.909090909091,0.0,40011,12389.0,30.96398490415136,6,42.166666666666664,5,2,14.0,6.0,47.0,45.0,48.0,93.0,vinculo_aps_abaixo_50pct;quatro_ou_mais_indicadores_abaixo_50,7
520350,Bom Jesus de Goiás,GO,Goiás,CENTRO-OESTE,24925,7,7,2.8084252758274824,3560.714285714286,0.0,24701,8333.0,33.735476296506214,6,42.333333333333336,4,2,17.0,7.0,47.0,60.0,49.0,74.0,vinculo_aps_abaixo_50pct;quatro_ou_mais_indicadores_abaixo_50,7
250400,Campina Grande,PB,Paraíba,NORDESTE,443911,103,101,2.3202849219776036,4309.815533980583,0.0,440939,158950.0,36.04807014122135,6,42.333333333333336,4,2,22.0,16.0,36.0,53.0,45.0,82.0,vinculo_aps_abaixo_50pct;quatro_ou_mais_indicadores_abaixo_50,7
351640,Franco da Rocha,SP,São Paulo,SUDESTE,150241,25,25,1.663993184283917,6009.64,8.676291049040307,149786,55665.0,37.16301924078352,6,42.333333333333336,4,2,24.0,22.0,45.0,58.0,40.0,65.0,vinculo_aps_abaixo_50pct;quatro_ou_mais_indicadores_abaixo_50,7
500570,Naviraí,MS,Mato Grosso do Sul,CENTRO-OESTE,53014,16,16,3.018070698306108,3313.375,0.0,52707,18868.0,35.79790160699717,6,42.5,4,1,30.0,15.0,48.0,57.0,36.0,69.0,vinculo_aps_abaixo_50pct;quatro_ou_mais_indicadores_abaixo_50,7
150440,Marapanim,PA,Pará,NORTE,28159,10,10,3.5512624738094396,2815.9,0.0,28105,14930.0,53.12222024550791,6,42.666666666666664,4,3,15.0,15.0,48.0,66.0,27.0,85.0,vinculo_aps_entre_50_70pct;quatro_ou_mais_indicadores_abaixo_50;tres_ou_mais_indicadores_abaixo_30,7
421870,Tubarão,SC,Santa Catarina,SUL,116725,37,36,3.1698436496037696,3154.7297297297296,0.0,115495,31218.0,27.029741547253128,6,42.833333333333336,4,2,24.0,20.0,42.0,55.0,41.0,75.0,vinculo_aps_abaixo_50pct;quatro_ou_mais_indicadores_abaixo_50,7
510340,Cuiabá,MT,Mato Grosso,CENTRO-OESTE,691875,99,96,1.4308943089430894,6988.636363636364,56.082726216909904,682932,194972.0,28.549255269924384,6,42.833333333333336,4,2,20.0,16.0,33.0,66.0,41.0,81.0,vinculo_aps_abaixo_50pct;quatro_ou_mais_indicadores_abaixo_50,7
431240,Montenegro,RS,Rio Grande do Sul,SUL,66352,16,14,2.411381721726549,4147.0,0.0,66295,19280.0,29.08213289086658,6,42.833333333333336,4,2,35.0,16.0,23.0,54.0,45.0,84.0,vinculo_aps_abaixo_50pct;quatro_ou_mais_indicadores_abaixo_50,7
316990,Ubá,MG,Minas Gerais,SUDESTE,107423,40,30,3.723597367416661,2685.575,0.0,107222,32708.0,30.50493368898174,6,42.833333333333336,4,2,25.0,28.0,40.0,52.0,38.0,74.0,vinculo_aps_abaixo_50pct;quatro_ou_mais_indicadores_abaixo_50,7
410830,Foz do Iguaçu,PR,Paraná,SUL,297352,42,34,1.4124673787295865,7079.809523809524,24.6509973709855,295500,96284.0,32.583417935702194,6,42.833333333333336,4,2,28.0,22.0,36.0,63.0,40.0,68.0,vinculo_aps_abaixo_50pct;quatro_ou_mais_indicadores_abaixo_50,7
431890,São Luiz Gonzaga,RS,Rio Grande do Sul,SUL,35865,13,13,3.6247037501742643,2758.846153846154,0.0,35858,13082.0,36.48279324000223,6,42.833333333333336,4,2,28.0,19.0,32.0,50.0,38.0,90.0,vinculo_aps_abaixo_50pct;quatro_ou_mais_indicadores_abaixo_50,7
292580,Queimadas,BA,Bahia,NORDESTE,27429,8,8,2.916621094462066,3428.625,0.0,27362,12668.0,46.29778524961626,6,42.833333333333336,4,2,36.0,10.0,6.0,75.0,40.0,90.0,vinculo_aps_abaixo_50pct;quatro_ou_mais_indicadores_abaixo_50,7
330330,Niterói,RJ,Rio de Janeiro,SUDESTE,516787,75,65,1.4512748966208515,6890.493333333333,40.83701800680502,516720,122497.0,23.70664963616659,6,43.0,4,2,17.0,18.0,41.0,55.0,42.0,85.0,vinculo_aps_abaixo_50pct;quatro_ou_mais_indicadores_abaixo_50,7
355400,Tatuí,SP,São Paulo,SUDESTE,129130,21,19,1.6262681019128011,6149.047619047619,7.944292590987643,128560,36963.0,28.751555693839453,6,43.0,4,0,33.0,39.0,63.0,34.0,52.0,37.0,vinculo_aps_abaixo_50pct;quatro_ou_mais_indicadores_abaixo_50,7
431130,Lagoa Vermelha,RS,Rio Grande do Sul,SUL,28622,8,8,2.7950527566207812,3577.75,0.0,28617,11115.0,38.84054932382849,6,43.0,5,1,35.0,34.0,27.0,44.0,42.0,76.0,vinculo_aps_abaixo_50pct;quatro_ou_mais_indicadores_abaixo_50,7
311930,Coromandel,MG,Minas Gerais,SUDESTE,30114,15,15,4.981071926678622,2007.6,0.0,30013,11849.0,39.47955885782827,6,43.0,4,1,38.0,17.0,55.0,33.0,37.0,78.0,vinculo_aps_abaixo_50pct;quatro_ou_mais_indicadores_abaixo_50,7
350330,Araras,SP,São Paulo,SUDESTE,135744,25,24,1.8417020273455917,5429.76,5.426810605366891,135331,35753.0,26.418928405169545,6,43.166666666666664,4,2,27.0,18.0,34.0,61.0,41.0,78.0,vinculo_aps_abaixo_50pct;quatro_ou_mais_indicadores_abaixo_50,7
352044,Ilha Solteira,SP,São Paulo,SUDESTE,26257,16,15,6.0936131317363,1641.0625,0.0,26240,8124.0,30.96036585365854,6,43.166666666666664,4,1,42.0,18.0,34.0,58.0,37.0,70.0,vinculo_aps_abaixo_50pct;quatro_ou_mais_indicadores_abaixo_50,7
350970,Campos do Jordão,SP,São Paulo,SUDESTE,47956,8,7,1.668195846192343,5994.5,2.7492642723875433,47983,15482.0,32.26559406456453,6,43.166666666666664,4,1,24.0,32.0,43.0,67.0,51.0,42.0,vinculo_aps_abaixo_50pct;quatro_ou_mais_indicadores_abaixo_50,7
320120,Cachoeiro de Itapemirim,ES,Espírito Santo,SUDESTE,198342,43,41,2.1679724919583343,4612.604651162791,1.458056850318841,198323,70093.0,35.342849795535564,6,43.166666666666664,4,2,28.0,16.0,47.0,55.0,39.0,74.0,vinculo_aps_abaixo_50pct;quatro_ou_mais_indicadores_abaixo_50,7
420730,Imbituba,SC,Santa Catarina,SUL,57256,26,26,4.541008802570909,2202.153846153846,0.0,56107,19881.0,35.43408130892758,6,43.166666666666664,5,0,35.0,41.0,37.0,49.0,38.0,59.0,vinculo_aps_abaixo_50pct;quatro_ou_mais_indicadores_abaixo_50,7
311430,Carmo do Paranaíba,MG,Minas Gerais,SUDESTE,29885,11,11,3.68077630918521,2716.818181818182,0.0,29899,12049.0,40.299006655740996,6,43.166666666666664,5,1,47.0,34.0,40.0,36.0,28.0,74.0,vinculo_aps_abaixo_50pct;quatro_ou_mais_indicadores_abaixo_50,7
330400,Piraí,RJ,Rio de Janeiro,SUDESTE,29066,15,15,5.160668822679419,1937.7333333333333,0.0,29054,13725.0,47.239622771391204,6,43.166666666666664,5,1,41.0,22.0,41.0,46.0,36.0,73.0,vinculo_aps_abaixo_50pct;quatro_ou_mais_indicadores_abaixo_50,7
314700,Paracatu,MG,Minas Gerais,SUDESTE,99005,18,17,1.818089995454775,5500.277777777777,4.191819778291116,98397,28200.0,28.659410347876456,6,43.333333333333336,4,1,31.0,15.0,48.0,61.0,37.0,68.0,vinculo_aps_abaixo_50pct;quatro_ou_mais_indicadores_abaixo_50,7
520540,Ceres,GO,Goiás,CENTRO-OESTE,22570,7,7,3.1014621178555606,3224.285714285714,0.0,22484,8177.0,36.3680839708237,6,43.333333333333336,4,2,22.0,29.0,49.0,54.0,38.0,68.0,vinculo_aps_abaixo_50pct;quatro_ou_mais_indicadores_abaixo_50,7
120030,Feijó,AC,Acre,NORTE,37764,8,8,2.118419658934435,4720.5,0.46474301406379154,37644,16396.0,43.55541387737753,6,43.333333333333336,4,2,22.0,5.0,48.0,84.0,31.0,70.0,vinculo_aps_abaixo_50pct;quatro_ou_mais_indicadores_abaixo_50,7
312800,Guanhães,MG,Minas Gerais,SUDESTE,33517,15,15,4.475340871796401,2234.4666666666667,0.0,33434,16284.0,48.70491116827182,6,43.333333333333336,4,1,30.0,13.0,36.0,51.0,33.0,97.0,vinculo_aps_abaixo_50pct;quatro_ou_mais_indicadores_abaixo_50,7
350520,Bariri,SP,São Paulo,SUDESTE,32406,7,7,2.160093809788311,4629.428571428572,0.2637554844230275,32405,7348.0,22.675513038111404,6,43.5,4,2,20.0,25.0,39.0,64.0,43.0,70.0,vinculo_aps_abaixo_50pct;quatro_ou_mais_indicadores_abaixo_50,7
310350,Araguari,MG,Minas Gerais,SUDESTE,123432,31,31,2.5115043100654613,3981.6774193548385,0.0,122874,40309.0,32.80514999104774,6,43.666666666666664,5,2,26.0,26.0,39.0,47.0,35.0,89.0,vinculo_aps_abaixo_50pct;quatro_ou_mais_indicadores_abaixo_50,7
291800,Jequié,BA,Bahia,NORDESTE,169201,34,34,2.009444388626545,4976.5,3.9261461371307975,168733,63808.0,37.815957755744286,6,43.666666666666664,4,2,25.0,14.0,42.0,67.0,42.0,72.0,vinculo_aps_abaixo_50pct;quatro_ou_mais_indicadores_abaixo_50,7
330560,Silva Jardim,RJ,Rio de Janeiro,SUDESTE,22028,13,13,5.901579807517705,1694.4615384615386,0.0,22026,10296.0,46.74475619722146,6,43.666666666666664,4,2,34.0,5.0,47.0,68.0,20.0,88.0,vinculo_aps_abaixo_50pct;quatro_ou_mais_indicadores_abaixo_50,7
261640,Vitória de Santo Antão,PE,Pernambuco,NORDESTE,144243,47,45,3.258390355164549,3069.0,0.0,143799,70643.0,49.12621089159174,6,43.666666666666664,5,1,36.0,13.0,48.0,48.0,36.0,81.0,vinculo_aps_abaixo_50pct;quatro_ou_mais_indicadores_abaixo_50,7
313770,Lajinha,MG,Minas Gerais,SUDESTE,21502,1,1,0.4650730164635848,21502.0,3.8196405118207726,21422,10733.0,50.1026981607693,6,43.666666666666664,3,2,52.0,53.0,36.0,28.0,22.0,71.0,ubs_por_10k_abaixo_de_50pct_media_nacional;mais_de_10k_habitantes_por_ubs;vinculo_aps_entre_50_70pct,7
420460,Criciúma,SC,Santa Catarina,SUL,227438,55,54,2.418241454814059,4135.236363636363,0.0,225281,59208.0,26.28184356425975,6,44.0,4,1,32.0,23.0,51.0,63.0,48.0,47.0,vinculo_aps_abaixo_50pct;quatro_ou_mais_indicadores_abaixo_50,7
315180,Poços de Caldas,MG,Minas Gerais,SUDESTE,172339,41,37,2.379032024092051,4203.390243902439,0.0,171533,48233.0,28.118787638530197,6,44.0,4,2,29.0,24.0,38.0,57.0,41.0,75.0,vinculo_aps_abaixo_50pct;quatro_ou_mais_indicadores_abaixo_50,7
510525,Lucas do Rio Verde,MT,Mato Grosso,CENTRO-OESTE,95792,23,23,2.401035577083681,4164.869565217391,0.0,92256,27634.0,29.953607353451268,6,44.0,4,2,33.0,20.0,28.0,66.0,31.0,86.0,vinculo_aps_abaixo_50pct;quatro_ou_mais_indicadores_abaixo_50,7
140010,Boa Vista,RR,Roraima,NORTE,485477,56,49,1.1535046974418974,8669.232142857143,52.81892925110282,470169,150950.0,32.10547696679279,6,44.0,4,2,17.0,9.0,38.0,86.0,43.0,71.0,vinculo_aps_abaixo_50pct;quatro_ou_mais_indicadores_abaixo_50,7
320320,Linhares,ES,Espírito Santo,SUDESTE,183797,31,31,1.6866434163778516,5928.935483870968,10.19781727984013,181912,60325.0,33.16163859448524,6,44.0,4,2,29.0,18.0,38.0,56.0,34.0,89.0,vinculo_aps_abaixo_50pct;quatro_ou_mais_indicadores_abaixo_50,7
411730,Ortigueira,PR,Paraná,SUL,24706,13,13,5.261879705334737,1900.4615384615386,0.0,24627,11320.0,45.96580988346124,6,44.0,4,2,22.0,14.0,34.0,48.0,56.0,90.0,vinculo_aps_abaixo_50pct;quatro_ou_mais_indicadores_abaixo_50,7
311340,Caratinga,MG,Minas Gerais,SUDESTE,90890,31,31,3.410716250412587,2931.935483870968,0.0,90687,31240.0,34.44815684717765,6,44.166666666666664,4,2,29.0,27.0,46.0,51.0,44.0,68.0,vinculo_aps_abaixo_50pct;quatro_ou_mais_indicadores_abaixo_50,7
353760,Peruíbe,SP,São Paulo,SUDESTE,70629,14,13,1.9821886194056266,5044.928571428572,1.8313826485624272,70543,31853.0,45.154019534184826,6,44.166666666666664,4,2,24.0,11.0,48.0,63.0,40.0,79.0,vinculo_aps_abaixo_50pct;quatro_ou_mais_indicadores_abaixo_50,7
330285,Mesquita,RJ,Rio de Janeiro,SUDESTE,178830,27,25,1.509813789632612,6623.333333333333,13.084471803967476,178803,82440.0,46.106608949514275,6,44.166666666666664,4,1,29.0,41.0,47.0,51.0,31.0,66.0,vinculo_aps_abaixo_50pct;quatro_ou_mais_indicadores_abaixo_50,7
313960,Mantena,MG,Minas Gerais,SUDESTE,27350,13,13,4.753199268738574,2103.846153846154,0.0,27358,12740.0,46.56773155932451,6,44.166666666666664,5,1,46.0,19.0,38.0,49.0,33.0,80.0,vinculo_aps_abaixo_50pct;quatro_ou_mais_indicadores_abaixo_50,7
352900,Marília,SP,São Paulo,SUDESTE,247348,60,60,2.425732166825687,4122.466666666666,0.0,246627,60680.0,24.60395658220714,6,44.333333333333336,5,2,26.0,19.0,40.0,43.0,47.0,91.0,vinculo_aps_abaixo_50pct;quatro_ou_mais_indicadores_abaixo_50,7
352570,José Bonifácio,SP,São Paulo,SUDESTE,37992,10,10,2.6321330806485577,3799.2,0.0,37859,10255.0,27.08735043186561,6,44.333333333333336,5,1,24.0,37.0,47.0,39.0,46.0,73.0,vinculo_aps_abaixo_50pct;quatro_ou_mais_indicadores_abaixo_50,7
130406,Tabatinga,AM,Amazonas,NORTE,73348,8,8,1.090690952718547,9168.5,8.44084235238722,72283,28855.0,39.91948314264765,6,44.333333333333336,3,2,21.0,18.0,63.0,67.0,37.0,60.0,ubs_por_10k_abaixo_de_50pct_media_nacional;vinculo_aps_abaixo_50pct,7
330190,Itaboraí,RJ,Rio de Janeiro,SUDESTE,240127,42,41,1.7490744481045448,5717.309523809524,11.824100882800971,240040,97551.0,40.639476753874355,6,44.333333333333336,4,2,21.0,9.0,37.0,71.0,46.0,82.0,vinculo_aps_abaixo_50pct;quatro_ou_mais_indicadores_abaixo_50,7
500380,Fátima do Sul,MS,Mato Grosso do Sul,CENTRO-OESTE,21504,8,7,3.720238095238095,2688.0,0.0,21388,8802.0,41.153918084907424,6,44.333333333333336,4,1,39.0,27.0,44.0,50.0,37.0,69.0,vinculo_aps_abaixo_50pct;quatro_ou_mais_indicadores_abaixo_50,7
352140,Iracemápolis,SP,São Paulo,SUDESTE,22500,4,4,1.777777777777778,5625.0,1.0433406899808098,22435,6334.0,28.23267216402942,6,44.5,4,0,30.0,36.0,44.0,56.0,44.0,57.0,vinculo_aps_abaixo_50pct;quatro_ou_mais_indicadores_abaixo_50,7
316553,Sarzedo,MG,Minas Gerais,SUDESTE,39974,11,11,2.7517886626307098,3634.0,0.0,39327,12248.0,31.143997762351567,6,44.666666666666664,5,0,40.0,33.0,38.0,47.0,37.0,73.0,vinculo_aps_abaixo_50pct;quatro_ou_mais_indicadores_abaixo_50,7
354160,Promissão,SP,São Paulo,SUDESTE,35973,15,13,4.169794012175799,2398.2,0.0,35991,11610.0,32.25806451612903,6,44.666666666666664,4,1,40.0,22.0,57.0,39.0,36.0,74.0,vinculo_aps_abaixo_50pct;quatro_ou_mais_indicadores_abaixo_50,7
314610,Ouro Preto,MG,Minas Gerais,SUDESTE,77914,26,25,3.3370126036399106,2996.6923076923076,0.0,77601,28106.0,36.21860543034239,6,44.666666666666664,5,0,34.0,30.0,32.0,43.0,35.0,94.0,vinculo_aps_abaixo_50pct;quatro_ou_mais_indicadores_abaixo_50,7
355330,Tambaú,SP,São Paulo,SUDESTE,21650,10,10,4.618937644341801,2165.0,0.0,21682,7952.0,36.67558343326262,6,44.666666666666664,4,1,35.0,19.0,43.0,73.0,41.0,57.0,vinculo_aps_abaixo_50pct;quatro_ou_mais_indicadores_abaixo_50,7
352040,Ilhabela,SP,São Paulo,SUDESTE,36559,14,14,3.829426406630378,2611.3571428571427,0.0,36329,13874.0,38.18987585675356,6,44.666666666666664,4,1,44.0,27.0,47.0,50.0,43.0,57.0,vinculo_aps_abaixo_50pct;quatro_ou_mais_indicadores_abaixo_50,7
350170,Américo Brasiliense,SP,São Paulo,SUDESTE,33708,7,6,2.0766583600332265,4815.428571428572,0.5555967990165842,33757,5566.0,16.488432028912523,6,44.833333333333336,4,2,21.0,9.0,41.0,60.0,42.0,96.0,vinculo_aps_abaixo_50pct;quatro_ou_mais_indicadores_abaixo_50,7
431060,Itaqui,RS,Rio Grande do Sul,SUL,36811,15,12,4.074868925049578,2454.0666666666666,0.0,36830,12016.0,32.62557697529188,6,44.833333333333336,4,1,39.0,24.0,47.0,50.0,35.0,74.0,vinculo_aps_abaixo_50pct;quatro_ou_mais_indicadores_abaixo_50,7
352480,Jales,SP,São Paulo,SUDESTE,50078,12,12,2.3962618315427933,4173.166666666667,0.0,50017,16671.0,33.33066757302517,6,44.833333333333336,4,2,22.0,18.0,40.0,51.0,40.0,98.0,vinculo_aps_abaixo_50pct;quatro_ou_mais_indicadores_abaixo_50,7
521020,Iporá,GO,Goiás,CENTRO-OESTE,37283,9,9,2.4139688329801787,4142.555555555556,0.0,36983,13549.0,36.63575156152827,6,44.833333333333336,4,1,20.0,33.0,45.0,63.0,46.0,62.0,vinculo_aps_abaixo_50pct;quatro_ou_mais_indicadores_abaixo_50,7
431530,Quaraí,RS,Rio Grande do Sul,SUL,23995,8,8,3.3340279224838505,2999.375,0.0,23988,10822.0,45.114223778555946,6,44.833333333333336,4,1,30.0,19.0,44.0,59.0,42.0,75.0,vinculo_aps_abaixo_50pct;quatro_ou_mais_indicadores_abaixo_50,7
420395,Capivari de Baixo,SC,Santa Catarina,SUL,25015,15,15,5.996402158704776,1667.6666666666667,0.0,24799,6813.0,27.47288197104722,6,45.0,4,0,46.0,37.0,39.0,53.0,36.0,59.0,vinculo_aps_abaixo_50pct;quatro_ou_mais_indicadores_abaixo_50,7
411840,Paranavaí,PR,Paraná,SUL,96209,23,23,2.390628735357399,4183.0,0.0,95525,33446.0,35.01282386809736,6,45.0,4,1,35.0,17.0,45.0,54.0,48.0,71.0,vinculo_aps_abaixo_50pct;quatro_ou_mais_indicadores_abaixo_50,7
310730,Bocaiúva,MG,Minas Gerais,SUDESTE,49797,14,13,2.8114143422294515,3556.9285714285716,0.0,49668,24035.0,48.39131835386969,6,45.0,4,1,26.0,36.0,47.0,57.0,33.0,71.0,vinculo_aps_abaixo_50pct;quatro_ou_mais_indicadores_abaixo_50,7
420590,Gaspar,SC,Santa Catarina,SUL,78344,24,24,3.0634126416828344,3264.3333333333335,0.0,76982,19156.0,24.883739055883193,6,45.166666666666664,5,2,28.0,19.0,49.0,48.0,37.0,90.0,vinculo_aps_abaixo_50pct;quatro_ou_mais_indicadores_abaixo_50,7
350530,Barra Bonita,SP,São Paulo,SUDESTE,35129,8,8,2.2773207321586155,4391.125,0.0,35159,10363.0,29.474672203418756,6,45.166666666666664,4,2,20.0,7.0,42.0,60.0,48.0,94.0,vinculo_aps_abaixo_50pct;quatro_ou_mais_indicadores_abaixo_50,7
432280,Veranópolis,RS,Rio Grande do Sul,SUL,24554,6,6,2.4435937118188478,4092.3333333333335,0.0,24540,7284.0,29.682151589242057,6,45.166666666666664,5,2,27.0,20.0,44.0,49.0,37.0,94.0,vinculo_aps_abaixo_50pct;quatro_ou_mais_indicadores_abaixo_50,7
350780,Brodowski,SP,São Paulo,SUDESTE,26314,6,6,2.280155050543437,4385.666666666667,0.0,26167,8767.0,33.5040317957733,6,45.166666666666664,5,0,55.0,49.0,45.0,44.0,42.0,36.0,vinculo_aps_abaixo_50pct;quatro_ou_mais_indicadores_abaixo_50,7
352430,Jaboticabal,SP,São Paulo,SUDESTE,73473,12,12,1.6332530317259402,6122.75,4.468860911776002,73467,18665.0,25.405964582737827,6,45.333333333333336,4,2,41.0,23.0,20.0,63.0,39.0,86.0,vinculo_aps_abaixo_50pct;quatro_ou_mais_indicadores_abaixo_50,7
354890,São Carlos,SP,São Paulo,SUDESTE,266427,35,35,1.3136806705026143,7612.2,24.719205778200763,265294,72437.0,27.304424525243693,6,45.333333333333336,4,2,15.0,28.0,40.0,57.0,40.0,92.0,vinculo_aps_abaixo_50pct;quatro_ou_mais_indicadores_abaixo_50,7
352930,Matão,SP,São Paulo,SUDESTE,81075,19,19,2.343509096515572,4267.105263157895,0.0,80998,26587.0,32.82426726585842,6,45.5,4,2,28.0,50.0,36.0,41.0,27.0,91.0,vinculo_aps_abaixo_50pct;quatro_ou_mais_indicadores_abaixo_50,7
120045,Senador Guiomard,AC,Acre,NORTE,22402,11,10,4.910275868226051,2036.5454545454545,0.0,22352,10821.0,48.411775232641375,6,45.5,4,2,25.0,21.0,46.0,53.0,47.0,81.0,vinculo_aps_abaixo_50pct;quatro_ou_mais_indicadores_abaixo_50,7
210043,Alto Alegre do Maranhão,MA,Maranhão,NORDESTE,24528,1,1,0.40769732550554466,24528.0,4.497913797504413,24543,15975.0,65.0898423175651,6,45.5,3,2,51.0,3.0,26.0,69.0,46.0,78.0,ubs_por_10k_abaixo_de_50pct_media_nacional;mais_de_10k_habitantes_por_ubs;vinculo_aps_entre_50_70pct,7
350280,Araçatuba,SP,São Paulo,SUDESTE,208415,21,21,1.0076050188326175,9924.52380952381,25.715904440104467,207775,61315.0,29.510287570689446,6,45.666666666666664,3,2,27.0,21.0,56.0,60.0,48.0,62.0,ubs_por_10k_abaixo_de_50pct_media_nacional;vinculo_aps_abaixo_50pct,7
352600,Junqueirópolis,SP,São Paulo,SUDESTE,20939,11,11,5.253354983523568,1903.5454545454545,0.0,20878,8067.0,38.6387585017722,6,45.666666666666664,5,0,40.0,45.0,43.0,43.0,37.0,66.0,vinculo_aps_abaixo_50pct;quatro_ou_mais_indicadores_abaixo_50,7
430790,Farroupilha,RS,Rio Grande do Sul,SUL,72552,19,15,2.618811335318117,3818.5263157894738,0.0,72477,16523.0,22.797577162410143,6,45.833333333333336,4,1,37.0,13.0,39.0,55.0,34.0,97.0,vinculo_aps_abaixo_50pct;quatro_ou_mais_indicadores_abaixo_50,7
412230,Rio Negro,PR,Paraná,SUL,31951,11,11,3.442771744233357,2904.6363636363635,0.0,31992,9595.0,29.991872968242063,6,45.833333333333336,4,1,38.0,17.0,49.0,52.0,47.0,72.0,vinculo_aps_abaixo_50pct;quatro_ou_mais_indicadores_abaixo_50,7
240810,Natal,RN,Rio Grande do Norte,NORDESTE,784249,83,66,1.0583373392889248,9448.783132530121,92.78821745674489,785368,255168.0,32.490246610506155,6,45.833333333333336,3,2,18.0,12.0,37.0,74.0,54.0,80.0,ubs_por_10k_abaixo_de_50pct_media_nacional;vinculo_aps_abaixo_50pct,7
355630,Valparaíso,SP,São Paulo,SUDESTE,24779,7,7,2.8249727591912506,3539.8571428571427,0.0,24723,8593.0,34.7571087651175,6,45.833333333333336,4,0,30.0,33.0,49.0,53.0,37.0,73.0,vinculo_aps_abaixo_50pct;quatro_ou_mais_indicadores_abaixo_50,7
520551,Cocalzinho de Goiás,GO,Goiás,CENTRO-OESTE,27196,7,7,2.573907927636417,3885.1428571428573,0.0,26638,12002.0,45.055935130265034,6,45.833333333333336,4,2,21.0,20.0,47.0,58.0,38.0,91.0,vinculo_aps_abaixo_50pct;quatro_ou_mais_indicadores_abaixo_50,7
313620,João Monlevade,MG,Minas Gerais,SUDESTE,83791,14,13,1.670823835495459,5985.071428571428,4.781624877963646,83360,20608.0,24.72168905950096,6,46.0,4,1,25.0,34.0,45.0,53.0,30.0,89.0,vinculo_aps_abaixo_50pct;quatro_ou_mais_indicadores_abaixo_50,7
431180,Marau,RS,Rio Grande do Sul,SUL,46748,17,15,3.636519209377941,2749.8823529411766,0.0,46656,12694.0,27.20764746227709,6,46.0,4,1,32.0,17.0,38.0,63.0,32.0,94.0,vinculo_aps_abaixo_50pct;quatro_ou_mais_indicadores_abaixo_50,7
311320,Carandaí,MG,Minas Gerais,SUDESTE,24403,10,10,4.097856820882678,2440.3,0.0,24368,10461.0,42.92925147734734,6,46.0,4,0,35.0,42.0,40.0,52.0,33.0,74.0,vinculo_aps_abaixo_50pct;quatro_ou_mais_indicadores_abaixo_50,7
430480,Carlos Barbosa,RS,Rio Grande do Sul,SUL,31585,4,4,1.2664239354123792,7896.25,3.079729586357506,31528,5912.0,18.75158589190561,6,46.166666666666664,5,1,35.0,9.0,40.0,48.0,48.0,97.0,vinculo_aps_abaixo_50pct;quatro_ou_mais_indicadores_abaixo_50,7
350410,Atibaia,SP,São Paulo,SUDESTE,167161,19,19,1.1366287591005078,8797.947368421053,18.468883247905875,166043,46328.0,27.90120631402709,6,46.166666666666664,4,2,27.0,25.0,43.0,62.0,44.0,76.0,vinculo_aps_abaixo_50pct;quatro_ou_mais_indicadores_abaixo_50,7
291840,Juazeiro,BA,Bahia,NORDESTE,256122,58,57,2.264545802391048,4415.896551724138,0.0,254481,119498.0,46.957533175364766,6,46.166666666666664,4,2,24.0,11.0,45.0,71.0,47.0,79.0,vinculo_aps_abaixo_50pct;quatro_ou_mais_indicadores_abaixo_50,7
420430,Concórdia,SC,Santa Catarina,SUL,87206,21,20,2.4080911863862577,4152.666666666667,0.0,85982,23293.0,27.090553836849573,6,46.333333333333336,4,2,28.0,19.0,42.0,56.0,42.0,91.0,vinculo_aps_abaixo_50pct;quatro_ou_mais_indicadores_abaixo_50,7
432200,Triunfo,RS,Rio Grande do Sul,SUL,28435,10,9,3.516792685071215,2843.5,0.0,28414,11913.0,41.92651509819103,6,46.333333333333336,4,1,37.0,15.0,48.0,54.0,36.0,88.0,vinculo_aps_abaixo_50pct;quatro_ou_mais_indicadores_abaixo_50,7
430535,Charqueadas,RS,Rio Grande do Sul,SUL,36110,6,6,1.6615895873719193,6018.333333333333,2.0940014362314234,36109,11770.0,32.59575175164087,6,46.5,4,1,34.0,11.0,42.0,59.0,44.0,89.0,vinculo_aps_abaixo_50pct;quatro_ou_mais_indicadores_abaixo_50,7
314810,Patrocínio,MG,Minas Gerais,SUDESTE,94357,19,19,2.01362908952171,4966.1578947368425,2.149977665978636,93852,33388.0,35.575160891616584,6,46.5,4,1,39.0,18.0,37.0,51.0,45.0,89.0,vinculo_aps_abaixo_50pct;quatro_ou_mais_indicadores_abaixo_50,7
330620,Vassouras,RJ,Rio de Janeiro,SUDESTE,35907,14,14,3.898961205336007,2564.785714285714,0.0,35904,15821.0,44.064728163992875,6,46.5,4,0,35.0,31.0,43.0,55.0,41.0,74.0,vinculo_aps_abaixo_50pct;quatro_ou_mais_indicadores_abaixo_50,7
313720,Lagoa da Prata,MG,Minas Gerais,SUDESTE,53927,16,16,2.9669738720863386,3370.4375,0.0,53583,15679.0,29.261146259074707,6,46.666666666666664,4,1,30.0,20.0,48.0,69.0,39.0,74.0,vinculo_aps_abaixo_50pct;quatro_ou_mais_indicadores_abaixo_50,7
432300,Viamão,RS,Rio Grande do Sul,SUL,231996,24,22,1.034500594837842,9666.5,28.001549631679467,232113,70846.0,30.52220254789693,6,46.666666666666664,3,1,33.0,24.0,56.0,54.0,41.0,72.0,ubs_por_10k_abaixo_de_50pct_media_nacional;vinculo_aps_abaixo_50pct,7
430300,Cachoeira do Sul,RS,Rio Grande do Sul,SUL,82222,31,26,3.7702804602174598,2652.3225806451615,0.0,82250,31068.0,37.77264437689969,6,46.666666666666664,4,2,28.0,13.0,36.0,70.0,45.0,88.0,vinculo_aps_abaixo_50pct;quatro_ou_mais_indicadores_abaixo_50,7
251080,Patos,PB,Paraíba,NORDESTE,108104,45,45,4.162658181010878,2402.311111111111,0.0,107774,52039.0,48.28530072188097,6,46.666666666666664,4,2,19.0,13.0,48.0,60.0,48.0,92.0,vinculo_aps_abaixo_50pct;quatro_ou_mais_indicadores_abaixo_50,7
291005,Dias d'Ávila,BA,Bahia,NORDESTE,75296,16,16,2.124946876328092,4706.0,0.8774835819020022,75053,36881.0,49.13994110828348,6,46.666666666666664,4,2,28.0,16.0,47.0,59.0,37.0,93.0,vinculo_aps_abaixo_50pct;quatro_ou_mais_indicadores_abaixo_50,7
353890,Pirajuí,SP,São Paulo,SUDESTE,22734,10,10,4.398697985396323,2273.4,0.0,22743,8420.0,37.022380512685224,6,46.833333333333336,4,0,33.0,40.0,56.0,38.0,40.0,74.0,vinculo_aps_abaixo_50pct;quatro_ou_mais_indicadores_abaixo_50,7
420240,Blumenau,SC,Santa Catarina,SUL,385558,81,81,2.100851233796212,4759.975308641975,5.422237766560939,380597,89108.0,23.41269111422318,6,47.0,4,1,21.0,31.0,40.0,54.0,43.0,93.0,vinculo_aps_abaixo_50pct;quatro_ou_mais_indicadores_abaixo_50,7
351515,Engenheiro Coelho,SP,São Paulo,SUDESTE,20261,5,5,2.4677952717042593,4052.2,0.0,20139,6246.0,31.01444957545062,6,47.0,4,1,31.0,14.0,36.0,67.0,43.0,91.0,vinculo_aps_abaixo_50pct;quatro_ou_mais_indicadores_abaixo_50,7
350750,Botucatu,SP,São Paulo,SUDESTE,151053,28,23,1.853654015478011,5394.75,5.858299610829835,150442,47612.0,31.648076999774,6,47.166666666666664,5,1,32.0,29.0,46.0,45.0,39.0,92.0,vinculo_aps_abaixo_50pct;quatro_ou_mais_indicadores_abaixo_50,7
350010,Adamantina,SP,São Paulo,SUDESTE,35673,9,9,2.5229164914641324,3963.6666666666665,0.0,35642,11354.0,31.855675887997307,6,47.166666666666664,4,2,22.0,25.0,48.0,56.0,40.0,92.0,vinculo_aps_abaixo_50pct;quatro_ou_mais_indicadores_abaixo_50,7
432190,Três Passos,RS,Rio Grande do Sul,SUL,26304,3,1,1.1405109489051095,8768.0,2.896001489300232,26284,9467.0,36.01810987673109,6,47.166666666666664,4,2,28.0,21.0,41.0,53.0,41.0,99.0,vinculo_aps_abaixo_50pct;quatro_ou_mais_indicadores_abaixo_50,7
316370,São Lourenço,MG,Minas Gerais,SUDESTE,46868,15,14,3.200477938038747,3124.5333333333333,0.0,46653,17858.0,38.27835294621996,6,47.166666666666664,4,0,41.0,34.0,42.0,56.0,42.0,68.0,vinculo_aps_abaixo_50pct;quatro_ou_mais_indicadores_abaixo_50,7
412625,Sarandi,PR,Paraná,SUL,128106,13,12,1.014784631477058,9854.307692307691,15.714764552474739,125785,27734.0,22.048733950789046,6,47.333333333333336,3,2,18.0,13.0,42.0,82.0,59.0,70.0,ubs_por_10k_abaixo_de_50pct_media_nacional;vinculo_aps_abaixo_50pct,7
430640,Dois Irmãos,RS,Rio Grande do Sul,SUL,31804,8,8,2.5154068670607472,3975.5,0.0,31769,7473.0,23.522931159306243,6,47.333333333333336,4,1,39.0,27.0,44.0,50.0,40.0,84.0,vinculo_aps_abaixo_50pct;quatro_ou_mais_indicadores_abaixo_50,7
420630,Guabiruba,SC,Santa Catarina,SUL,26645,7,7,2.6271345468192906,3806.4285714285716,0.0,26082,6717.0,25.753393144697494,6,47.333333333333336,4,2,24.0,26.0,42.0,53.0,47.0,92.0,vinculo_aps_abaixo_50pct;quatro_ou_mais_indicadores_abaixo_50,7
430940,Guaporé,RS,Rio Grande do Sul,SUL,26168,6,6,2.2928767960868233,4361.333333333333,0.0,26138,7229.0,27.657051036804653,6,47.333333333333336,4,2,27.0,25.0,48.0,63.0,45.0,76.0,vinculo_aps_abaixo_50pct;quatro_ou_mais_indicadores_abaixo_50,7
354760,Santa Rosa de Viterbo,SP,São Paulo,SUDESTE,23710,5,5,2.108814846056516,4742.0,0.3145603448642225,23725,5022.0,21.16754478398314,6,47.5,4,2,27.0,34.0,29.0,61.0,37.0,97.0,vinculo_aps_abaixo_50pct;quatro_ou_mais_indicadores_abaixo_50,7
420900,Joaçaba,SC,Santa Catarina,SUL,31809,13,13,4.086893646452261,2446.846153846154,0.0,31509,8053.0,25.557777143038496,6,47.5,4,2,22.0,22.0,43.0,65.0,47.0,86.0,vinculo_aps_abaixo_50pct;quatro_ou_mais_indicadores_abaixo_50,7
351518,Espírito Santo do Pinhal,SP,São Paulo,SUDESTE,40610,7,7,1.7237133710908643,5801.428571428572,2.102669574227586,40681,11389.0,27.995870308006193,6,47.5,5,1,29.0,45.0,44.0,46.0,40.0,81.0,vinculo_aps_abaixo_50pct;quatro_ou_mais_indicadores_abaixo_50,7
353070,Mogi Guaçu,SP,São Paulo,SUDESTE,160318,27,25,1.6841527464164971,5937.7037037037035,8.935035232726378,159735,49234.0,30.82229943343663,6,47.5,4,2,27.0,28.0,45.0,56.0,42.0,87.0,vinculo_aps_abaixo_50pct;quatro_ou_mais_indicadores_abaixo_50,7
420940,Laguna,SC,Santa Catarina,SUL,44060,20,20,4.5392646391284615,2203.0,0.0,43992,14589.0,33.162847790507364,6,47.5,4,2,29.0,22.0,43.0,61.0,43.0,87.0,vinculo_aps_abaixo_50pct;quatro_ou_mais_indicadores_abaixo_50,7
353740,Pereira Barreto,SP,São Paulo,SUDESTE,24360,6,6,2.463054187192118,4060.0,0.0,24389,8984.0,36.83627865021116,6,47.5,4,2,49.0,16.0,28.0,56.0,47.0,89.0,vinculo_aps_abaixo_50pct;quatro_ou_mais_indicadores_abaixo_50,7
311050,Camanducaia,MG,Minas Gerais,SUDESTE,27860,9,8,3.230437903804738,3095.5555555555557,0.0,27551,8132.0,29.51617001197779,6,47.666666666666664,4,1,25.0,32.0,44.0,58.0,39.0,88.0,vinculo_aps_abaixo_50pct;quatro_ou_mais_indicadores_abaixo_50,7
240360,Extremoz,RN,Rio Grande do Norte,NORDESTE,68584,10,10,1.4580660212294412,6858.4,5.37299901696195,66993,27270.0,40.70574537638261,6,47.666666666666664,4,2,21.0,19.0,49.0,81.0,39.0,77.0,vinculo_aps_abaixo_50pct;quatro_ou_mais_indicadores_abaixo_50,7
355010,São Manuel,SP,São Paulo,SUDESTE,38131,9,9,2.360284283129212,4236.777777777777,0.0,38166,12279.0,32.17261436880994,6,47.833333333333336,5,0,30.0,30.0,38.0,48.0,44.0,97.0,vinculo_aps_abaixo_50pct;quatro_ou_mais_indicadores_abaixo_50,7
355540,Ubatuba,SP,São Paulo,SUDESTE,97096,24,22,2.471780505891077,4045.6666666666665,0.0,96598,41360.0,42.81662146214207,6,47.833333333333336,4,1,30.0,26.0,35.0,62.0,44.0,90.0,vinculo_aps_abaixo_50pct;quatro_ou_mais_indicadores_abaixo_50,7
430040,Alegrete,RS,Rio Grande do Sul,SUL,74285,26,23,3.5000336541697514,2857.1153846153848,0.0,74329,24593.0,33.08668218326629,6,48.0,4,1,36.0,11.0,49.0,61.0,48.0,83.0,vinculo_aps_abaixo_50pct;quatro_ou_mais_indicadores_abaixo_50,7
330010,Angra dos Reis,RJ,Rio de Janeiro,SUDESTE,179142,55,50,3.070190128501412,3257.1272727272726,0.0,179120,67336.0,37.59267530147387,6,48.0,4,1,33.0,20.0,48.0,63.0,46.0,78.0,vinculo_aps_abaixo_50pct;quatro_ou_mais_indicadores_abaixo_50,7
355620,Valinhos,SP,São Paulo,SUDESTE,132258,16,15,1.2097566876861892,8266.125,13.64542902113253,131277,20605.0,15.695818764901695,6,48.166666666666664,4,2,16.0,12.0,41.0,86.0,47.0,87.0,vinculo_aps_abaixo_50pct;quatro_ou_mais_indicadores_abaixo_50,7
410140,Apucarana,PR,Paraná,SUL,134910,35,33,2.5943221406863834,3854.5714285714284,0.0,134306,46214.0,34.40948282280762,6,48.166666666666664,4,1,24.0,35.0,47.0,62.0,47.0,74.0,vinculo_aps_abaixo_50pct;quatro_ou_mais_indicadores_abaixo_50,7
351040,Capivari,SP,São Paulo,SUDESTE,51369,10,10,1.9466993712161031,5136.9,1.514283017938854,51318,17851.0,34.785065668966055,6,48.333333333333336,4,0,37.0,41.0,35.0,55.0,48.0,74.0,vinculo_aps_abaixo_50pct;quatro_ou_mais_indicadores_abaixo_50,7
412770,Toledo,PR,Paraná,SUL,160701,29,28,1.8045936241840437,5541.413793103448,7.020884098693605,158620,41217.0,25.98474341192788,6,48.5,4,1,32.0,17.0,49.0,57.0,42.0,94.0,vinculo_aps_abaixo_50pct;quatro_ou_mais_indicadores_abaixo_50,7
150370,Itupiranga,PA,Pará,NORTE,52201,11,11,2.1072393249171473,4745.545454545455,0.7007745492305887,52187,23882.0,45.76235460938548,6,48.5,4,1,33.0,9.0,46.0,88.0,45.0,70.0,vinculo_aps_abaixo_50pct;quatro_ou_mais_indicadores_abaixo_50,7
314800,Patos de Minas,MG,Minas Gerais,SUDESTE,169173,37,34,2.1871102362670167,4572.243243243243,0.9198699798277111,167870,49786.0,29.65747304461786,6,48.666666666666664,5,0,36.0,37.0,46.0,49.0,32.0,92.0,vinculo_aps_abaixo_50pct;quatro_ou_mais_indicadores_abaixo_50,7
110001,Alta Floresta D'Oeste,RO,Rondônia,NORTE,22787,5,5,2.1942335542195113,4557.4,0.10767130233745363,22853,8704.0,38.08690325121428,6,48.666666666666664,4,2,23.0,22.0,46.0,64.0,46.0,91.0,vinculo_aps_abaixo_50pct;quatro_ou_mais_indicadores_abaixo_50,7
353190,Morro Agudo,SP,São Paulo,SUDESTE,28521,13,13,4.558044949335577,2193.923076923077,0.0,28561,10888.0,38.12191449879206,6,48.666666666666664,4,0,38.0,33.0,47.0,57.0,49.0,68.0,vinculo_aps_abaixo_50pct;quatro_ou_mais_indicadores_abaixo_50,7
312230,Divinópolis,MG,Minas Gerais,SUDESTE,243583,60,60,2.4632260872064142,4059.7166666666667,0.0,242328,66502.0,27.44296985903404,6,48.833333333333336,4,1,27.0,35.0,48.0,51.0,38.0,94.0,vinculo_aps_abaixo_50pct;quatro_ou_mais_indicadores_abaixo_50,7
410880,Guaíra,PR,Paraná,SUL,33058,15,15,4.537479581341884,2203.866666666667,0.0,32966,10642.0,32.28174482800461,6,48.833333333333336,4,1,33.0,21.0,49.0,71.0,41.0,78.0,vinculo_aps_abaixo_50pct;quatro_ou_mais_indicadores_abaixo_50,7
350635,Bertioga,SP,São Paulo,SUDESTE,67436,7,6,1.0380212349486921,9633.714285714286,8.115676567535374,66873,27512.0,41.14066962750288,6,49.0,2,2,8.0,26.0,52.0,94.0,57.0,57.0,ubs_por_10k_abaixo_de_50pct_media_nacional;vinculo_aps_abaixo_50pct,7
290570,Camaçari,BA,Bahia,NORDESTE,321636,45,44,1.399097115994478,7147.466666666666,27.094218940563017,319394,133060.0,41.660143897505904,6,49.0,4,2,26.0,17.0,49.0,72.0,46.0,84.0,vinculo_aps_abaixo_50pct;quatro_ou_mais_indicadores_abaixo_50,7
351280,Cosmópolis,SP,São Paulo,SUDESTE,61167,10,10,1.6348684748312,6116.7,3.710489777069164,61204,15609.0,25.503235082674337,6,49.166666666666664,4,2,22.0,22.0,45.0,60.0,49.0,97.0,vinculo_aps_abaixo_50pct;quatro_ou_mais_indicadores_abaixo_50,7
320080,Baixo Guandu,ES,Espírito Santo,SUDESTE,32829,14,14,4.264522221206859,2344.9285714285716,0.0,32694,13387.0,40.946351012418184,6,49.166666666666664,4,1,40.0,33.0,46.0,51.0,28.0,97.0,vinculo_aps_abaixo_50pct;quatro_ou_mais_indicadores_abaixo_50,7
352720,Lorena,SP,São Paulo,SUDESTE,87468,21,18,2.400878035395802,4165.142857142857,0.0,87370,28317.0,32.41043836557171,6,49.333333333333336,4,2,28.0,25.0,46.0,58.0,45.0,94.0,vinculo_aps_abaixo_50pct;quatro_ou_mais_indicadores_abaixo_50,7
330385,Paty do Alferes,RJ,Rio de Janeiro,SUDESTE,31370,9,9,2.868983104877271,3485.5555555555557,0.0,31345,13786.0,43.981496251395754,6,49.333333333333336,4,2,29.0,5.0,41.0,88.0,44.0,89.0,vinculo_aps_abaixo_50pct;quatro_ou_mais_indicadores_abaixo_50,7
354580,Santa Bárbara d'Oeste,SP,São Paulo,SUDESTE,189456,19,19,1.0028713791064943,9971.368421052632,23.466273500489084,189338,39881.0,21.063389282658527,6,49.5,3,2,25.0,20.0,72.0,93.0,53.0,34.0,ubs_por_10k_abaixo_de_50pct_media_nacional;vinculo_aps_abaixo_50pct,7
315250,Pouso Alegre,MG,Minas Gerais,SUDESTE,162133,27,26,1.6652994763558313,6004.925925925926,9.341864715051495,160751,42957.0,26.722695348707003,6,49.5,4,0,40.0,33.0,43.0,59.0,32.0,90.0,vinculo_aps_abaixo_50pct;quatro_ou_mais_indicadores_abaixo_50,7
431720,Santa Rosa,RS,Rio Grande do Sul,SUL,79488,22,22,2.767713365539452,3613.090909090909,0.0,79395,23099.0,29.093771648088673,6,49.5,5,0,47.0,32.0,38.0,41.0,42.0,97.0,vinculo_aps_abaixo_50pct;quatro_ou_mais_indicadores_abaixo_50,7
130260,Manaus,AM,Amazonas,NORTE,2303732,261,255,1.1329442834496373,8826.55938697318,255.37801486270538,2279686,885199.0,38.82986516564123,6,49.5,4,1,37.0,26.0,48.0,69.0,35.0,82.0,vinculo_aps_abaixo_50pct;quatro_ou_mais_indicadores_abaixo_50,7
220220,Campo Maior,PI,Piauí,NORDESTE,47119,4,4,0.848914450646236,11779.75,6.561651998720257,47074,30784.0,65.39491014147937,6,49.5,3,0,39.0,32.0,52.0,55.0,42.0,77.0,ubs_por_10k_abaixo_de_50pct_media_nacional;mais_de_10k_habitantes_por_ubs;vinculo_aps_entre_50_70pct,7
314410,Muzambinho,MG,Minas Gerais,SUDESTE,22620,8,8,3.5366931918656057,2827.5,0.0,22527,8750.0,38.84227815510277,6,49.666666666666664,4,0,38.0,40.0,44.0,62.0,42.0,72.0,vinculo_aps_abaixo_50pct;quatro_ou_mais_indicadores_abaixo_50,7
315960,Santa Rita do Sapucaí,MG,Minas Gerais,SUDESTE,42517,12,12,2.8224004515840724,3543.0833333333335,0.0,42320,13574.0,32.07466918714556,6,49.833333333333336,4,1,34.0,24.0,35.0,64.0,47.0,95.0,vinculo_aps_abaixo_50pct;quatro_ou_mais_indicadores_abaixo_50,7
316870,Timóteo,MG,Minas Gerais,SUDESTE,84172,18,18,2.138478353846885,4676.222222222223,0.867025446980656,84087,25636.0,30.487471309477087,6,50.333333333333336,5,0,40.0,48.0,37.0,49.0,36.0,92.0,vinculo_aps_abaixo_50pct;quatro_ou_mais_indicadores_abaixo_50,7
317020,Uberlândia,MG,Minas Gerais,SUDESTE,761835,82,82,1.076348553164399,9290.670731707318,88.76415353562356,754954,223605.0,29.618360853773872,6,50.5,3,0,41.0,39.0,53.0,55.0,47.0,68.0,ubs_por_10k_abaixo_de_50pct_media_nacional;vinculo_aps_abaixo_50pct,7
314070,Mateus Leme,MG,Minas Gerais,SUDESTE,40814,16,15,3.920223452736806,2550.875,0.0,40239,15544.0,38.62919058624718,6,50.5,4,0,39.0,38.0,40.0,56.0,34.0,96.0,vinculo_aps_abaixo_50pct;quatro_ou_mais_indicadores_abaixo_50,7
351240,Cordeirópolis,SP,São Paulo,SUDESTE,25286,7,7,2.768330301352527,3612.285714285714,0.0,25130,6167.0,24.540389972144848,6,50.666666666666664,4,1,37.0,24.0,49.0,60.0,37.0,97.0,vinculo_aps_abaixo_50pct;quatro_ou_mais_indicadores_abaixo_50,7
410480,Cascavel,PR,Paraná,SUL,368195,51,51,1.3851355939108352,7219.509803921569,31.530347793221527,364104,102121.0,28.04720629270758,6,51.0,4,1,35.0,24.0,44.0,61.0,48.0,94.0,vinculo_aps_abaixo_50pct;quatro_ou_mais_indicadores_abaixo_50,7
354970,São José do Rio Pardo,SP,São Paulo,SUDESTE,53427,11,11,2.0588840848260244,4857.0,0.9755805797157653,53416,15968.0,29.893664819529732,6,51.0,4,1,32.0,29.0,42.0,61.0,47.0,95.0,vinculo_aps_abaixo_50pct;quatro_ou_mais_indicadores_abaixo_50,7
430760,Estância Velha,RS,Rio Grande do Sul,SUL,49499,10,10,2.0202428331885494,4949.9,1.095125369482671,49440,11982.0,24.235436893203882,6,51.166666666666664,4,1,41.0,26.0,46.0,54.0,45.0,95.0,vinculo_aps_abaixo_50pct;quatro_ou_mais_indicadores_abaixo_50,7
314790,Passos,MG,Minas Gerais,SUDESTE,116951,30,29,2.5651768689451138,3898.366666666667,0.0,116530,36889.0,31.656225864584226,6,51.166666666666664,4,0,42.0,37.0,46.0,65.0,49.0,68.0,vinculo_aps_abaixo_50pct;quatro_ou_mais_indicadores_abaixo_50,7
314710,Pará de Minas,MG,Minas Gerais,SUDESTE,102844,28,28,2.722570106180234,3673.0,0.0,102033,28395.0,27.82923171914969,6,51.333333333333336,4,1,36.0,24.0,41.0,67.0,45.0,95.0,vinculo_aps_abaixo_50pct;quatro_ou_mais_indicadores_abaixo_50,7
421360,Porto União,SC,Santa Catarina,SUL,33694,13,13,3.8582536950198847,2591.846153846154,0.0,33727,10360.0,30.717229519376165,6,51.5,4,0,42.0,36.0,46.0,57.0,48.0,80.0,vinculo_aps_abaixo_50pct;quatro_ou_mais_indicadores_abaixo_50,7
432010,Sarandi,RS,Rio Grande do Sul,SUL,23374,6,6,2.566954736031488,3895.6666666666665,0.0,23356,6880.0,29.457098818290806,6,51.666666666666664,4,1,29.0,30.0,44.0,64.0,47.0,96.0,vinculo_aps_abaixo_50pct;quatro_ou_mais_indicadores_abaixo_50,7
313665,Juatuba,MG,Minas Gerais,SUDESTE,33249,14,14,4.2106529519684806,2374.9285714285716,0.0,32726,14615.0,44.65868117093443,6,51.666666666666664,4,0,35.0,34.0,49.0,53.0,43.0,96.0,vinculo_aps_abaixo_50pct;quatro_ou_mais_indicadores_abaixo_50,7
510515,Juína,MT,Mato Grosso,CENTRO-OESTE,48396,16,16,3.3060583519299116,3024.75,0.0,47800,15345.0,32.10251046025105,6,51.833333333333336,4,0,33.0,30.0,46.0,69.0,49.0,84.0,vinculo_aps_abaixo_50pct;quatro_ou_mais_indicadores_abaixo_50,7
353340,Nova Odessa,SP,São Paulo,SUDESTE,64596,7,7,1.083658430862592,9228.0,7.47909489822224,64228,16014.0,24.933051005791867,6,52.333333333333336,3,2,17.0,28.0,57.0,73.0,48.0,91.0,ubs_por_10k_abaixo_de_50pct_media_nacional;vinculo_aps_abaixo_50pct,7
351370,Descalvado,SP,São Paulo,SUDESTE,32663,13,12,3.9800385757585035,2512.5384615384614,0.0,32622,10178.0,31.199803813377475,6,53.0,4,0,42.0,32.0,39.0,59.0,48.0,98.0,vinculo_aps_abaixo_50pct;quatro_ou_mais_indicadores_abaixo_50,7
351100,Castilho,SP,São Paulo,SUDESTE,20485,6,6,2.9289724188430557,3414.1666666666665,0.0,20418,7981.0,39.08805955529434,6,53.333333333333336,4,0,48.0,43.0,46.0,57.0,43.0,83.0,vinculo_aps_abaixo_50pct;quatro_ou_mais_indicadores_abaixo_50,7
293330,Vitória da Conquista,BA,Bahia,NORDESTE,396613,51,51,1.2858882588316571,7776.725490196079,37.90019915890484,394024,157976.0,40.09298925953749,6,53.666666666666664,4,1,25.0,33.0,49.0,73.0,49.0,93.0,vinculo_aps_abaixo_50pct;quatro_ou_mais_indicadores_abaixo_50,7
354220,Rancharia,SP,São Paulo,SUDESTE,29387,13,12,4.423724776261612,2260.5384615384614,0.0,29305,10768.0,36.74458283569357,6,54.0,4,1,43.0,29.0,46.0,61.0,49.0,96.0,vinculo_aps_abaixo_50pct;quatro_ou_mais_indicadores_abaixo_50,7
316710,Serro,MG,Minas Gerais,SUDESTE,22624,8,8,3.536067892503536,2828.0,0.0,22550,11042.0,48.966740576496676,6,54.5,4,0,41.0,38.0,48.0,60.0,40.0,100.0,vinculo_aps_abaixo_50pct;quatro_ou_mais_indicadores_abaixo_50,7
411915,Pinhais,PR,Paraná,SUL,131255,14,13,1.0666260332939697,9375.357142857143,15.420608100596944,131199,46646.0,35.55362464652932,6,54.833333333333336,2,0,31.0,57.0,58.0,62.0,49.0,72.0,ubs_por_10k_abaixo_de_50pct_media_nacional;vinculo_aps_abaixo_50pct,7
150655,Santa Luzia do Pará,PA,Pará,NORTE,21295,1,1,0.46959380136182205,21295.0,3.7732417774729488,21217,14623.0,68.92114813592873,6,55.0,2,2,21.0,13.0,73.0,73.0,58.0,92.0,ubs_por_10k_abaixo_de_50pct_media_nacional;mais_de_10k_habitantes_por_ubs;vinculo_aps_entre_50_70pct,7
130230,Jutaí,AM,Amazonas,NORTE,28202,2,2,0.7091695624423799,14101.0,4.321435295059502,27656,17633.0,63.75831645935782,6,55.5,2,1,72.0,6.0,68.0,85.0,55.0,47.0,ubs_por_10k_abaixo_de_50pct_media_nacional;mais_de_10k_habitantes_por_ubs;vinculo_aps_entre_50_70pct,7
412410,Santo Antônio da Platina,PR,Paraná,SUL,45628,11,11,2.410800385728062,4148.0,0.0,45534,17968.0,39.460622831290905,6,55.833333333333336,4,0,49.0,34.0,49.0,59.0,49.0,95.0,vinculo_aps_abaixo_50pct;quatro_ou_mais_indicadores_abaixo_50,7
353860,Piracaia,SP,São Paulo,SUDESTE,26795,3,3,1.1196118678857996,8931.666666666666,3.006058390579369,26764,9509.0,35.5290688985204,6,56.166666666666664,2,0,37.0,31.0,63.0,64.0,53.0,89.0,ubs_por_10k_abaixo_de_50pct_media_nacional;vinculo_aps_abaixo_50pct,7
350160,Americana,SP,São Paulo,SUDESTE,247571,26,23,1.0502037799257586,9521.961538461539,29.49266213152174,246655,48796.0,19.783097849222596,6,56.333333333333336,2,1,30.0,25.0,72.0,67.0,52.0,92.0,ubs_por_10k_abaixo_de_50pct_media_nacional;vinculo_aps_abaixo_50pct,7
351300,Cotia,SP,São Paulo,SUDESTE,289493,32,32,1.1053807864093432,9046.65625,32.88941450509398,287004,62099.0,21.636980669258964,6,57.166666666666664,3,2,29.0,12.0,75.0,92.0,44.0,91.0,ubs_por_10k_abaixo_de_50pct_media_nacional;vinculo_aps_abaixo_50pct,7
231085,Pindoretama,CE,Ceará,NORDESTE,24919,1,1,0.4013002126891127,24919.0,4.585555851272524,24607,16620.0,67.54175641077742,6,58.5,3,0,49.0,67.0,63.0,38.0,38.0,96.0,ubs_por_10k_abaixo_de_50pct_media_nacional;mais_de_10k_habitantes_por_ubs;vinculo_aps_entre_50_70pct,7
410040,Almirante Tamandaré,PR,Paraná,SUL,125861,14,14,1.112338214379355,8990.07142857143,14.21155122585221,124788,29873.0,23.93900054492419,6,59.166666666666664,2,1,27.0,31.0,65.0,76.0,62.0,94.0,ubs_por_10k_abaixo_de_50pct_media_nacional;vinculo_aps_abaixo_50pct,7
352390,Itu,SP,São Paulo,SUDESTE,175047,18,18,1.028295257845036,9724.833333333334,21.23651812262537,174561,40241.0,23.05268645344607,6,60.5,2,0,42.0,32.0,52.0,88.0,57.0,92.0,ubs_por_10k_abaixo_de_50pct_media_nacional;vinculo_aps_abaixo_50pct,7
290270,Barra,BA,Bahia,NORDESTE,53642,2,2,0.3728421759069386,26821.0,10.023772501864471,53528,31394.0,58.64967867284412,6,64.0,2,1,43.0,22.0,68.0,96.0,61.0,94.0,ubs_por_10k_abaixo_de_50pct_media_nacional;mais_de_10k_habitantes_por_ubs;vinculo_aps_entre_50_70pct,7
293015,Serra do Ramalho,BA,Bahia,NORDESTE,36252,1,1,0.27584684982897495,36252.0,7.125830519697081,36119,22476.0,62.22763642404274,6,64.66666666666667,2,1,38.0,20.0,62.0,95.0,78.0,95.0,ubs_por_10k_abaixo_de_50pct_media_nacional;mais_de_10k_habitantes_por_ubs;vinculo_aps_entre_50_70pct,7
312420,Espera Feliz,MG,Minas Gerais,SUDESTE,24844,2,2,0.8050233456770246,12422.0,3.5687447156392555,24761,12916.0,52.16267517466985,6,66.66666666666667,1,0,44.0,54.0,71.0,73.0,58.0,100.0,ubs_por_10k_abaixo_de_50pct_media_nacional;mais_de_10k_habitantes_por_ubs;vinculo_aps_entre_50_70pct,7
230710,Jardim,CE,Ceará,NORDESTE,28801,1,0,0.3472101663136697,28801.0,5.455700231650547,28707,18915.0,65.88985264917964,6,70.0,2,0,46.0,42.0,70.0,94.0,75.0,93.0,ubs_por_10k_abaixo_de_50pct_media_nacional;mais_de_10k_habitantes_por_ubs;vinculo_aps_entre_50_70pct,7
350460,Bady Bassitt,SP,São Paulo,SUDESTE,29346,3,3,1.0222858311183807,9782.0,3.5778611505856373,28909,8749.0,30.263931647583796,6,71.16666666666667,2,1,25.0,35.0,100.0,95.0,76.0,96.0,ubs_por_10k_abaixo_de_50pct_media_nacional;vinculo_aps_abaixo_50pct,7
353030,Mirassol,SP,São Paulo,SUDESTE,65811,7,6,1.06365197307441,9401.57142857143,7.751435295481203,65485,13746.0,20.99106665648622,6,76.16666666666667,2,0,42.0,44.0,94.0,100.0,82.0,95.0,ubs_por_10k_abaixo_de_50pct_media_nacional;vinculo_aps_abaixo_50pct,7
230930,Nova Russas,CE,Ceará,NORDESTE,32053,2,2,0.6239665553926309,16026.5,5.184631072709107,32014,19797.0,61.83857062535141,6,80.83333333333333,1,0,49.0,52.0,97.0,100.0,88.0,99.0,ubs_por_10k_abaixo_de_50pct_media_nacional;mais_de_10k_habitantes_por_ubs;vinculo_aps_entre_50_70pct,7
330210,Itaocara,RJ,Rio de Janeiro,SUDESTE,23645,4,4,1.6916895749629943,5911.25,1.2999906939820554,23643,9878.0,41.77980797699107,6,43.166666666666664,3,3,21.0,4.0,29.0,63.0,55.0,87.0,vinculo_aps_abaixo_50pct;tres_ou_mais_indicadores_abaixo_30,6
110004,Cacoal,RO,Rondônia,NORTE,98280,15,15,1.5262515262515262,6552.0,7.029312133836179,97637,30791.0,31.536200415825967,6,43.5,3,3,9.0,17.0,27.0,72.0,57.0,79.0,vinculo_aps_abaixo_50pct;tres_ou_mais_indicadores_abaixo_30,6
352680,Lençóis Paulista,SP,São Paulo,SUDESTE,68568,13,13,1.8959281297398203,5274.461538461538,2.369412641360186,68395,18486.0,27.02829154177937,6,43.666666666666664,3,3,29.0,23.0,3.0,74.0,58.0,75.0,vinculo_aps_abaixo_50pct;tres_ou_mais_indicadores_abaixo_30,6
150780,Senador José Porfírio,PA,Pará,NORTE,24989,6,6,2.401056464844532,4164.833333333333,0.0,24441,8410.0,34.40939405097991,6,43.833333333333336,3,3,14.0,5.0,50.0,80.0,29.0,85.0,vinculo_aps_abaixo_50pct;tres_ou_mais_indicadores_abaixo_30,6
330270,Maricá,RJ,Rio de Janeiro,SUDESTE,212470,32,31,1.5060949781145574,6639.6875,15.624826506676563,211986,86689.0,40.893738265734534,6,44.0,3,3,23.0,22.0,25.0,62.0,52.0,80.0,vinculo_aps_abaixo_50pct;tres_ou_mais_indicadores_abaixo_30,6
411125,Itaperuçu,PR,Paraná,SUL,33310,5,5,1.5010507355148603,6662.0,2.4663857059227015,32890,12682.0,38.558832471875945,6,47.833333333333336,3,3,28.0,22.0,28.0,56.0,61.0,92.0,vinculo_aps_abaixo_50pct;tres_ou_mais_indicadores_abaixo_30,6
311060,Cambuí,MG,Minas Gerais,SUDESTE,31066,14,14,4.506534474988734,2219.0,0.0,30870,11734.0,38.01101392938128,6,48.0,3,3,22.0,29.0,58.0,67.0,19.0,93.0,vinculo_aps_abaixo_50pct;tres_ou_mais_indicadores_abaixo_30,6
354630,Santa Cruz das Palmeiras,SP,São Paulo,SUDESTE,29489,6,6,2.034656990742311,4914.833333333333,0.609914382526404,29525,4826.0,16.345469940728197,6,48.333333333333336,3,3,29.0,27.0,21.0,74.0,56.0,83.0,vinculo_aps_abaixo_50pct;tres_ou_mais_indicadores_abaixo_30,6
110009,Espigão D'Oeste,RO,Rondônia,NORTE,32842,6,6,1.8269289324645273,5473.666666666667,1.3614842195710999,32717,9983.0,30.513188862059483,6,48.333333333333336,3,3,18.0,10.0,29.0,78.0,63.0,92.0,vinculo_aps_abaixo_50pct;tres_ou_mais_indicadores_abaixo_30,6
110013,Machadinho D'Oeste,RO,Rondônia,NORTE,34149,10,10,2.928343436118188,3414.9,0.0,34063,13133.0,38.55503038487508,6,50.0,3,3,12.0,26.0,22.0,83.0,67.0,90.0,vinculo_aps_abaixo_50pct;tres_ou_mais_indicadores_abaixo_30,6
350450,Avaré,SP,São Paulo,SUDESTE,96450,23,23,2.384655261793675,4193.478260869565,0.0,96098,22812.0,23.738267185581385,6,54.333333333333336,3,3,21.0,17.0,23.0,97.0,73.0,95.0,vinculo_aps_abaixo_50pct;tres_ou_mais_indicadores_abaixo_30,6
430163,Balneário Pinhal,RS,Rio Grande do Sul,SUL,15413,0,0,0.0,0.0,3.4548004468744096,15371,7024.0,45.69644135059528,6,27.5,5,4,20.0,2.0,28.0,33.0,11.0,71.0,municipio_5k_mais_sem_ubs_no_arquivo,5
431695,Santa Maria do Herval,RS,Rio Grande do Sul,SUL,6486,0,0,0.0,0.0,1.4538270095651347,6482,1456.0,22.4622030237581,6,31.0,4,3,16.0,0.0,17.0,58.0,42.0,53.0,municipio_5k_mais_sem_ubs_no_arquivo,5
431540,Redentora,RS,Rio Grande do Sul,SUL,9931,0,0,0.0,0.0,2.226018506319974,9934,3365.0,33.8735655325146,6,34.333333333333336,5,2,33.0,21.0,35.0,35.0,29.0,53.0,municipio_5k_mais_sem_ubs_no_arquivo,5
310690,Bicas,MG,Minas Gerais,SUDESTE,14358,0,0,0.0,0.0,3.2183238056330876,14331,6948.0,48.48231107389575,6,35.5,5,3,41.0,7.0,22.0,35.0,17.0,91.0,municipio_5k_mais_sem_ubs_no_arquivo,5
293010,Senhor do Bonfim,BA,Bahia,NORDESTE,78090,19,19,2.4330900243309004,4110.0,0.0,77976,44060.0,56.50456550733559,6,40.333333333333336,4,2,41.0,16.0,25.0,51.0,36.0,73.0,vinculo_aps_entre_50_70pct;quatro_ou_mais_indicadores_abaixo_50,5
260990,Ouricuri,PE,Pernambuco,NORDESTE,68489,27,25,3.9422388996773203,2536.6296296296296,0.0,68329,43451.0,63.59086185953255,6,40.5,4,2,16.0,4.0,37.0,56.0,48.0,82.0,vinculo_aps_entre_50_70pct;quatro_ou_mais_indicadores_abaixo_50,5
150030,Afuá,PA,Pará,NORTE,40473,6,6,1.4824697946779335,6745.5,3.071961233137481,40246,22689.0,56.3757888982756,6,41.166666666666664,4,2,32.0,8.0,45.0,66.0,25.0,71.0,vinculo_aps_entre_50_70pct;quatro_ou_mais_indicadores_abaixo_50,5
150490,Muaná,PA,Pará,NORTE,49648,7,7,1.4099258781824042,7092.571428571428,4.128523492274099,48955,24660.0,50.37279133898478,6,41.333333333333336,4,2,8.0,8.0,38.0,76.0,47.0,71.0,vinculo_aps_entre_50_70pct;quatro_ou_mais_indicadores_abaixo_50,5
210360,Coroatá,MA,Maranhão,NORDESTE,61337,20,19,3.2606746335816883,3066.85,0.0,61351,39591.0,64.5319554693485,6,41.5,4,1,33.0,9.0,48.0,59.0,37.0,63.0,vinculo_aps_entre_50_70pct;quatro_ou_mais_indicadores_abaixo_50,5
292520,Pojuca,BA,Bahia,NORDESTE,33573,15,14,4.467875971763023,2238.2,0.0,33608,17957.0,53.430730778386106,6,41.666666666666664,5,1,20.0,46.0,40.0,58.0,44.0,42.0,vinculo_aps_entre_50_70pct;quatro_ou_mais_indicadores_abaixo_50,5
210860,Pinheiro,MA,Maranhão,NORDESTE,88091,31,31,3.5190882155952363,2841.6451612903224,0.0,87919,47893.0,54.47400448139766,6,41.666666666666664,5,1,43.0,22.0,46.0,64.0,33.0,42.0,vinculo_aps_entre_50_70pct;quatro_ou_mais_indicadores_abaixo_50,5
210090,Araioses,MA,Maranhão,NORDESTE,40231,18,18,4.474161716089583,2235.0555555555557,0.0,40278,27895.0,69.25616962113313,6,41.833333333333336,4,2,68.0,9.0,12.0,49.0,34.0,79.0,vinculo_aps_entre_50_70pct;quatro_ou_mais_indicadores_abaixo_50,5
292120,Miguel Calmon,BA,Bahia,NORDESTE,25263,12,12,4.750029687685548,2105.25,0.0,25317,16324.0,64.47841371410514,6,42.0,4,1,46.0,19.0,39.0,53.0,41.0,54.0,vinculo_aps_entre_50_70pct;quatro_ou_mais_indicadores_abaixo_50,5
250890,Mamanguape,PB,Paraíba,NORDESTE,46966,20,20,4.258399693395222,2348.3,0.0,46719,29086.0,62.257325713307225,6,42.333333333333336,4,2,23.0,6.0,49.0,63.0,46.0,67.0,vinculo_aps_entre_50_70pct;quatro_ou_mais_indicadores_abaixo_50,5
210290,Carutapera,MA,Maranhão,NORDESTE,24906,10,10,4.015096763832008,2490.6,0.0,24855,16593.0,66.7592033796017,6,42.333333333333336,5,2,46.0,16.0,46.0,37.0,16.0,93.0,vinculo_aps_entre_50_70pct;quatro_ou_mais_indicadores_abaixo_50,5
261450,Surubim,PE,Pernambuco,NORDESTE,67821,22,22,3.2438330310670733,3082.7727272727275,0.0,67515,41268.0,61.12419462341702,6,42.666666666666664,4,2,29.0,12.0,45.0,58.0,43.0,69.0,vinculo_aps_entre_50_70pct;quatro_ou_mais_indicadores_abaixo_50,5
291350,Iguaí,BA,Bahia,NORDESTE,21763,8,8,3.6759637917566512,2720.375,0.0,21897,12795.0,58.43266200849432,6,42.833333333333336,4,2,35.0,10.0,29.0,58.0,32.0,93.0,vinculo_aps_entre_50_70pct;quatro_ou_mais_indicadores_abaixo_50,5
210690,Monção,MA,Maranhão,NORDESTE,28563,12,12,4.201239365612856,2380.25,0.0,28606,17486.0,61.127036286093826,6,42.833333333333336,4,2,26.0,10.0,35.0,64.0,35.0,87.0,vinculo_aps_entre_50_70pct;quatro_ou_mais_indicadores_abaixo_50,5
210825,Pedro do Rosário,MA,Maranhão,NORDESTE,24955,10,10,4.007212983370066,2495.5,0.0,24917,15247.0,61.19115463338283,6,42.833333333333336,4,2,19.0,21.0,39.0,75.0,36.0,67.0,vinculo_aps_entre_50_70pct;quatro_ou_mais_indicadores_abaixo_50,5
330475,São Francisco de Itabapoana,RJ,Rio de Janeiro,SUDESTE,47397,20,20,4.2196763508238915,2369.85,0.0,47368,24636.0,52.009795642627935,6,43.0,4,2,33.0,18.0,45.0,57.0,27.0,78.0,vinculo_aps_entre_50_70pct;quatro_ou_mais_indicadores_abaixo_50,5
210160,Barra do Corda,MA,Maranhão,NORDESTE,87757,30,29,3.4185307154984788,2925.233333333333,0.0,87672,50565.0,57.67519846701341,6,43.0,4,1,43.0,8.0,33.0,69.0,44.0,61.0,vinculo_aps_entre_50_70pct;quatro_ou_mais_indicadores_abaixo_50,5
210542,Itinga do Maranhão,MA,Maranhão,NORDESTE,22896,10,9,4.367575122292103,2289.6,0.0,22934,13617.0,59.374727478852364,6,43.0,4,2,15.0,12.0,43.0,60.0,40.0,88.0,vinculo_aps_entre_50_70pct;quatro_ou_mais_indicadores_abaixo_50,5
292100,Mata de São João,BA,Bahia,NORDESTE,44962,20,20,4.448200702815711,2248.1,0.0,44839,28251.0,63.005419389370864,6,43.0,5,1,45.0,29.0,46.0,49.0,34.0,55.0,vinculo_aps_entre_50_70pct;quatro_ou_mais_indicadores_abaixo_50,5
355390,Tarabai,SP,São Paulo,SUDESTE,6633,0,0,0.0,0.0,1.4867768354063429,6635,2637.0,39.74378296910324,6,43.166666666666664,3,3,24.0,28.0,18.0,61.0,52.0,76.0,municipio_5k_mais_sem_ubs_no_arquivo,5
352620,Juquitiba,SP,São Paulo,SUDESTE,27969,9,9,3.217848332081948,3107.6666666666665,0.0,28007,14441.0,51.562109472631846,6,43.333333333333336,4,2,36.0,22.0,27.0,62.0,47.0,66.0,vinculo_aps_entre_50_70pct;quatro_ou_mais_indicadores_abaixo_50,5
261000,Palmares,PE,Pernambuco,NORDESTE,56475,32,31,5.66622399291722,1764.84375,0.0,56615,35918.0,63.442550560805444,6,43.333333333333336,5,1,41.0,23.0,47.0,49.0,39.0,61.0,vinculo_aps_entre_50_70pct;quatro_ou_mais_indicadores_abaixo_50,5
150570,Ponta de Pedras,PA,Pará,NORTE,25736,7,7,2.7199253963319863,3676.5714285714284,0.0,25767,17301.0,67.14402142275003,6,43.333333333333336,4,2,14.0,14.0,40.0,65.0,47.0,80.0,vinculo_aps_entre_50_70pct;quatro_ou_mais_indicadores_abaixo_50,5
431660,Sananduva,RS,Rio Grande do Sul,SUL,16770,0,0,0.0,0.0,3.75896992759903,16759,4720.0,28.163971597350677,6,43.5,4,1,36.0,10.0,35.0,67.0,48.0,65.0,municipio_5k_mais_sem_ubs_no_arquivo,5
260400,Carpina,PE,Pernambuco,NORDESTE,83482,28,26,3.3540164346805303,2981.5,0.0,83205,42051.0,50.5390301063638,6,43.5,4,2,17.0,8.0,46.0,52.0,44.0,94.0,vinculo_aps_entre_50_70pct;quatro_ou_mais_indicadores_abaixo_50,5
290750,Catu,BA,Bahia,NORDESTE,50109,16,16,3.1930391745993734,3131.8125,0.0,50153,26356.0,52.55119334835404,6,43.833333333333336,4,2,22.0,15.0,44.0,61.0,31.0,90.0,vinculo_aps_entre_50_70pct;quatro_ou_mais_indicadores_abaixo_50,5
430990,Ibiraiaras,RS,Rio Grande do Sul,SUL,6827,0,0,0.0,0.0,1.5302616395777329,6830,2441.0,35.7393850658858,6,44.166666666666664,4,2,38.0,20.0,28.0,50.0,33.0,96.0,municipio_5k_mais_sem_ubs_no_arquivo,5
130100,Carauari,AM,Amazonas,NORTE,31130,6,6,1.9274012206874398,5188.333333333333,0.9777420301823382,30892,19778.0,64.02304803832708,6,44.333333333333336,4,1,34.0,19.0,67.0,64.0,34.0,48.0,vinculo_aps_entre_50_70pct;quatro_ou_mais_indicadores_abaixo_50,5
150380,Jacundá,PA,Pará,NORTE,37726,16,13,4.2411069289084455,2357.875,0.0,38391,22902.0,59.65460654840978,6,44.5,4,2,23.0,21.0,47.0,72.0,44.0,60.0,vinculo_aps_entre_50_70pct;quatro_ou_mais_indicadores_abaixo_50,5
211210,Timbiras,MA,Maranhão,NORDESTE,27328,10,10,3.659250585480094,2732.8,0.0,27344,14781.0,54.05573434757168,6,44.666666666666664,4,1,34.0,24.0,47.0,66.0,44.0,53.0,vinculo_aps_entre_50_70pct;quatro_ou_mais_indicadores_abaixo_50,5
210950,Riachão,MA,Maranhão,NORDESTE,22740,5,5,2.198768689533861,4548.0,0.09713632400727203,22699,13361.0,58.86162386008195,6,44.666666666666664,4,1,30.0,1.0,33.0,74.0,48.0,82.0,vinculo_aps_entre_50_70pct;quatro_ou_mais_indicadores_abaixo_50,5
432050,Sertão,RS,Rio Grande do Sul,SUL,5630,0,0,0.0,0.0,1.2619559148707538,5637,2273.0,40.32286677310626,6,44.833333333333336,4,1,43.0,7.0,31.0,69.0,44.0,75.0,municipio_5k_mais_sem_ubs_no_arquivo,5
292240,Mutuípe,BA,Bahia,NORDESTE,20590,10,10,4.856726566294317,2059.0,0.0,20612,14284.0,69.29943722103629,6,45.0,4,1,37.0,19.0,37.0,57.0,41.0,79.0,vinculo_aps_entre_50_70pct;quatro_ou_mais_indicadores_abaixo_50,5
291760,Jaguaquara,BA,Bahia,NORDESTE,47624,18,18,3.7796069208802283,2645.777777777778,0.0,47738,26565.0,55.647492563576186,6,45.166666666666664,4,2,23.0,18.0,45.0,65.0,47.0,73.0,vinculo_aps_entre_50_70pct;quatro_ou_mais_indicadores_abaixo_50,5
241120,Santa Cruz,RN,Rio Grande do Norte,NORDESTE,39101,8,8,2.0459834786834095,4887.625,0.7644295252862072,38996,21728.0,55.71853523438301,6,45.833333333333336,4,2,16.0,8.0,45.0,68.0,46.0,92.0,vinculo_aps_entre_50_70pct;quatro_ou_mais_indicadores_abaixo_50,5
354430,Roseira,SP,São Paulo,SUDESTE,11137,0,0,0.0,0.0,2.4963415673029457,11095,4336.0,39.0806669671023,6,46.0,3,1,34.0,7.0,39.0,59.0,54.0,83.0,municipio_5k_mais_sem_ubs_no_arquivo,5
210990,Santa Inês,MA,Maranhão,NORDESTE,88249,23,22,2.606261827329488,3836.913043478261,0.0,88167,44985.0,51.02249140835007,6,46.166666666666664,4,1,34.0,16.0,41.0,75.0,48.0,63.0,vinculo_aps_entre_50_70pct;quatro_ou_mais_indicadores_abaixo_50,5
250110,Areia,PB,Paraíba,NORDESTE,23031,14,14,6.078763405844297,1645.0714285714287,0.0,23082,15643.0,67.7714236201369,6,46.166666666666664,4,1,43.0,28.0,49.0,50.0,42.0,65.0,vinculo_aps_entre_50_70pct;quatro_ou_mais_indicadores_abaixo_50,5
330415,Quissamã,RJ,Rio de Janeiro,SUDESTE,23142,9,9,3.88903292714545,2571.3333333333335,0.0,23126,12010.0,51.932889388566984,6,46.333333333333336,4,1,43.0,11.0,39.0,60.0,47.0,78.0,vinculo_aps_entre_50_70pct;quatro_ou_mais_indicadores_abaixo_50,5
250300,Caaporã,PB,Paraíba,NORDESTE,21942,13,12,5.924710600674506,1687.8461538461538,0.0,21865,12517.0,57.24674136748228,6,46.333333333333336,4,1,35.0,18.0,47.0,60.0,46.0,72.0,vinculo_aps_entre_50_70pct;quatro_ou_mais_indicadores_abaixo_50,5
293350,Wenceslau Guimarães,BA,Bahia,NORDESTE,25535,9,8,3.5245741139612297,2837.222222222222,0.0,25430,15013.0,59.036570979158476,6,46.333333333333336,4,2,19.0,17.0,38.0,67.0,48.0,89.0,vinculo_aps_entre_50_70pct;quatro_ou_mais_indicadores_abaixo_50,5
431150,Lavras do Sul,RS,Rio Grande do Sul,SUL,7290,0,0,0.0,0.0,1.6340423835537823,7294,2899.0,39.744995887030434,6,46.5,3,2,17.0,16.0,44.0,63.0,50.0,89.0,municipio_5k_mais_sem_ubs_no_arquivo,5
291460,Irecê,BA,Bahia,NORDESTE,78781,25,25,3.173353981289905,3151.24,0.0,78425,43883.0,55.95537137392414,6,46.666666666666664,4,1,35.0,28.0,53.0,49.0,46.0,69.0,vinculo_aps_entre_50_70pct;quatro_ou_mais_indicadores_abaixo_50,5
260890,Limoeiro,PE,Pernambuco,NORDESTE,59236,21,21,3.5451414680262,2820.7619047619046,0.0,59125,37061.0,62.68245243128964,6,46.666666666666664,4,1,43.0,22.0,48.0,53.0,44.0,70.0,vinculo_aps_entre_50_70pct;quatro_ou_mais_indicadores_abaixo_50,5
280560,Porto da Folha,SE,Sergipe,NORDESTE,27348,2,2,0.7313149041977475,13674.0,4.130012497315342,27350,19229.0,70.3071297989031,6,46.666666666666664,3,2,15.0,8.0,49.0,67.0,51.0,90.0,ubs_por_10k_abaixo_de_50pct_media_nacional;mais_de_10k_habitantes_por_ubs,5
353820,Pinhalzinho,SP,São Paulo,SUDESTE,15676,0,0,0.0,0.0,3.5137514958284073,15605,5331.0,34.162127523229735,6,47.666666666666664,4,2,25.0,24.0,47.0,64.0,44.0,82.0,municipio_5k_mais_sem_ubs_no_arquivo,5
150010,Abaetetuba,PA,Pará,NORTE,172344,30,30,1.7407046372371537,5744.8,8.63064479440234,170999,99818.0,58.373440780355445,6,47.666666666666664,4,2,17.0,15.0,47.0,90.0,45.0,72.0,vinculo_aps_entre_50_70pct;quatro_ou_mais_indicadores_abaixo_50,5
211290,Vitória do Mearim,MA,Maranhão,NORDESTE,31859,13,13,4.080479613296086,2450.6923076923076,0.0,31851,18749.0,58.8647138237418,6,47.666666666666664,4,1,46.0,14.0,35.0,67.0,49.0,75.0,vinculo_aps_entre_50_70pct;quatro_ou_mais_indicadores_abaixo_50,5
211250,Tutóia,MA,Maranhão,NORDESTE,55076,24,24,4.357614932093834,2294.8333333333335,0.0,55041,36703.0,66.68301811376973,6,47.833333333333336,4,1,31.0,15.0,45.0,71.0,45.0,80.0,vinculo_aps_entre_50_70pct;quatro_ou_mais_indicadores_abaixo_50,5
292170,Morro do Chapéu,BA,Bahia,NORDESTE,35235,23,22,6.527600397332198,1531.9565217391305,0.0,35224,20223.0,57.412559618441975,6,49.5,4,1,47.0,44.0,23.0,66.0,46.0,71.0,vinculo_aps_entre_50_70pct;quatro_ou_mais_indicadores_abaixo_50,5
250060,Alhandra,PB,Paraíba,NORDESTE,23065,12,12,5.202688055495339,1922.0833333333333,0.0,22797,14750.0,64.70149581085231,6,49.666666666666664,4,0,36.0,34.0,46.0,53.0,40.0,89.0,vinculo_aps_entre_50_70pct;quatro_ou_mais_indicadores_abaixo_50,5
130140,Eirunepé,AM,Amazonas,NORTE,35793,4,4,1.117536948565362,8948.25,4.022946369621473,35534,23499.0,66.13102943659594,6,50.833333333333336,3,1,46.0,23.0,58.0,63.0,41.0,74.0,ubs_por_10k_abaixo_de_50pct_media_nacional;vinculo_aps_entre_50_70pct,5
211020,Santa Rita,MA,Maranhão,NORDESTE,38542,22,22,5.70805874111359,1751.909090909091,0.0,38446,22749.0,59.171305207303746,6,51.166666666666664,4,0,39.0,32.0,48.0,57.0,41.0,90.0,vinculo_aps_entre_50_70pct;quatro_ou_mais_indicadores_abaixo_50,5
292110,Medeiros Neto,BA,Bahia,NORDESTE,22801,11,11,4.824349809218894,2072.818181818182,0.0,22925,12280.0,53.56597600872411,6,51.5,4,1,43.0,27.0,45.0,55.0,46.0,93.0,vinculo_aps_entre_50_70pct;quatro_ou_mais_indicadores_abaixo_50,5
293100,Tanhaçu,BA,Bahia,NORDESTE,21787,10,10,4.589893055491808,2178.7,0.0,21741,15170.0,69.77599926406329,6,51.833333333333336,4,0,32.0,32.0,48.0,64.0,40.0,95.0,vinculo_aps_entre_50_70pct;quatro_ou_mais_indicadores_abaixo_50,5
150565,Placas,PA,Pará,NORTE,18510,0,0,0.0,0.0,4.14898827429088,18772,12780.0,68.08011932665671,6,52.0,2,2,15.0,8.0,55.0,79.0,68.0,87.0,municipio_5k_mais_sem_ubs_no_arquivo,5
150497,Nova Ipixuna,PA,Pará,NORTE,14400,0,0,0.0,0.0,3.227738041587718,14417,7800.0,54.102795311091064,6,52.5,2,2,27.0,12.0,55.0,93.0,55.0,73.0,municipio_5k_mais_sem_ubs_no_arquivo,5
260080,Altinho,PE,Pernambuco,NORDESTE,21134,12,12,5.678054320052995,1761.1666666666667,0.0,21185,13970.0,65.9428841161199,6,52.666666666666664,4,1,49.0,21.0,68.0,46.0,42.0,90.0,vinculo_aps_entre_50_70pct;quatro_ou_mais_indicadores_abaixo_50,5
310940,Buritizeiro,MG,Minas Gerais,SUDESTE,23908,7,7,2.9278902459427805,3415.4285714285716,0.0,24068,14444.0,60.013295662290176,6,53.833333333333336,4,0,47.0,45.0,46.0,52.0,40.0,93.0,vinculo_aps_entre_50_70pct;quatro_ou_mais_indicadores_abaixo_50,5
291830,Jitaúna,BA,Bahia,NORDESTE,14824,0,0,0.0,0.0,3.322776995034468,14815,8860.0,59.804252446844416,6,54.666666666666664,3,2,25.0,14.0,49.0,98.0,53.0,89.0,municipio_5k_mais_sem_ubs_no_arquivo,5
351535,Euclides da Cunha Paulista,SP,São Paulo,SUDESTE,7883,0,0,0.0,0.0,1.7669624292941655,7928,3790.0,47.80524722502523,6,54.833333333333336,2,1,40.0,23.0,69.0,59.0,55.0,83.0,municipio_5k_mais_sem_ubs_no_arquivo,5
220890,Ribeiro Gonçalves,PI,Piauí,NORDESTE,6182,0,0,0.0,0.0,1.3856858731316162,6215,3802.0,61.17457763475463,6,55.166666666666664,3,2,28.0,15.0,75.0,67.0,46.0,100.0,municipio_5k_mais_sem_ubs_no_arquivo,5
290600,Campo Formoso,BA,Bahia,NORDESTE,75112,8,7,1.0650761529449355,9389.0,8.836240262481716,74894,49441.0,66.01463401607606,6,56.5,2,1,34.0,16.0,58.0,83.0,64.0,84.0,ubs_por_10k_abaixo_de_50pct_media_nacional;vinculo_aps_entre_50_70pct,5
412627,Saudade do Iguaçu,PR,Paraná,SUL,6413,0,0,0.0,0.0,1.437464170882086,6342,2426.0,38.252917060864085,6,57.666666666666664,2,1,30.0,8.0,56.0,92.0,60.0,100.0,municipio_5k_mais_sem_ubs_no_arquivo,5
432210,Tucunduva,RS,Rio Grande do Sul,SUL,5646,0,0,0.0,0.0,1.265542290472518,5649,2153.0,38.11294034342361,6,58.666666666666664,2,1,32.0,10.0,55.0,73.0,82.0,100.0,municipio_5k_mais_sem_ubs_no_arquivo,5
312100,Datas,MG,Minas Gerais,SUDESTE,5635,0,0,0.0,0.0,1.263076657246305,5618,3580.0,63.72374510501958,6,59.166666666666664,3,0,43.0,49.0,41.0,68.0,64.0,90.0,municipio_5k_mais_sem_ubs_no_arquivo,5
430471,Caraá,RS,Rio Grande do Sul,SUL,7555,0,0,0.0,0.0,1.6934417294580009,7553,3787.0,50.13901760889713,6,60.166666666666664,2,1,33.0,26.0,72.0,78.0,67.0,85.0,municipio_5k_mais_sem_ubs_no_arquivo,5
410130,Antônio Olinto,PR,Paraná,SUL,7048,0,0,0.0,0.0,1.5797984525770998,7071,4128.0,58.37929571489181,6,60.166666666666664,3,0,32.0,30.0,78.0,87.0,39.0,95.0,municipio_5k_mais_sem_ubs_no_arquivo,5
150797,Terra Santa,PA,Pará,NORTE,19792,0,0,0.0,0.0,4.43634661938223,19667,12281.0,62.44470432704531,6,60.666666666666664,2,1,39.0,15.0,72.0,92.0,56.0,90.0,municipio_5k_mais_sem_ubs_no_arquivo,5
260310,Cachoeirinha,PE,Pernambuco,NORDESTE,20673,1,0,0.4837227301310889,20673.0,3.633821425954368,20612,15180.0,73.64641956142053,6,61.166666666666664,2,1,41.0,5.0,55.0,95.0,78.0,93.0,ubs_por_10k_abaixo_de_50pct_media_nacional;mais_de_10k_habitantes_por_ubs,5
251140,Picuí,PB,Paraíba,NORDESTE,18862,0,0,0.0,0.0,4.227888537529691,18835,12972.0,68.87178125829573,6,62.5,2,1,49.0,17.0,75.0,69.0,67.0,98.0,municipio_5k_mais_sem_ubs_no_arquivo,5
430063,Amaral Ferrador,RS,Rio Grande do Sul,SUL,5384,0,0,0.0,0.0,1.2068153899936302,5394,2217.0,41.10122358175751,6,62.833333333333336,2,2,13.0,5.0,100.0,91.0,73.0,95.0,municipio_5k_mais_sem_ubs_no_arquivo,5
430370,Campina das Missões,RS,Rio Grande do Sul,SUL,5999,0,0,0.0,0.0,1.3446667021864391,6001,2167.0,36.11064822529578,6,63.833333333333336,2,2,27.0,16.0,85.0,92.0,69.0,94.0,municipio_5k_mais_sem_ubs_no_arquivo,5
330110,Cantagalo,RJ,Rio de Janeiro,SUDESTE,19995,0,0,0.0,0.0,4.481848759829613,19996,9080.0,45.40908181636327,6,64.0,2,0,40.0,31.0,73.0,78.0,67.0,95.0,municipio_5k_mais_sem_ubs_no_arquivo,5
412390,Santa Mariana,PR,Paraná,SUL,10941,0,0,0.0,0.0,2.452408466181335,11034,5610.0,50.84284937466014,6,65.33333333333333,2,0,36.0,47.0,71.0,97.0,71.0,70.0,municipio_5k_mais_sem_ubs_no_arquivo,5
220150,Batalha,PI,Piauí,NORDESTE,27129,2,2,0.7372184746949758,13564.5,4.080923981266196,27123,19036.0,70.18397669874277,6,66.0,2,1,41.0,22.0,87.0,76.0,77.0,93.0,ubs_por_10k_abaixo_de_50pct_media_nacional;mais_de_10k_habitantes_por_ubs,5
431415,Paverama,RS,Rio Grande do Sul,SUL,8146,0,0,0.0,0.0,1.8259134782481632,8146,3013.0,36.987478517063586,6,66.66666666666667,2,1,40.0,26.0,74.0,89.0,74.0,97.0,municipio_5k_mais_sem_ubs_no_arquivo,5
432135,Tavares,RS,Rio Grande do Sul,SUL,5319,0,0,0.0,0.0,1.1922457391114634,5319,2488.0,46.775709719872154,6,68.16666666666667,2,2,27.0,22.0,92.0,83.0,92.0,93.0,municipio_5k_mais_sem_ubs_no_arquivo,5
412175,Reserva do Iguaçu,PR,Paraná,SUL,6493,0,0,0.0,0.0,1.4553960488909066,6543,3108.0,47.50114626318202,6,69.33333333333333,2,1,34.0,12.0,88.0,100.0,82.0,100.0,municipio_5k_mais_sem_ubs_no_arquivo,5
230320,Caririaçu,CE,Ceará,NORDESTE,27532,1,1,0.36321371494987653,27532.0,5.171255816735629,27482,19965.0,72.64755112437231,6,69.5,2,1,43.0,29.0,87.0,91.0,77.0,90.0,ubs_por_10k_abaixo_de_50pct_media_nacional;mais_de_10k_habitantes_por_ubs,5
410895,Guamiranga,PR,Paraná,SUL,7916,0,0,0.0,0.0,1.774359328972804,7961,3478.0,43.68797889712347,6,70.66666666666667,1,0,41.0,54.0,71.0,91.0,77.0,90.0,municipio_5k_mais_sem_ubs_no_arquivo,5
170650,Darcinópolis,TO,Tocantins,NORTE,6093,0,0,0.0,0.0,1.3657366588468034,6054,3684.0,60.85232903865213,6,71.33333333333333,0,0,54.0,50.0,87.0,97.0,71.0,69.0,municipio_5k_mais_sem_ubs_no_arquivo,5
412120,Quitandinha,PR,Paraná,SUL,18882,0,0,0.0,0.0,4.232371507031895,18823,6867.0,36.481963555224986,6,72.16666666666667,0,0,53.0,50.0,86.0,85.0,63.0,96.0,municipio_5k_mais_sem_ubs_no_arquivo,5
354050,Porangaba,SP,São Paulo,SUDESTE,10850,0,0,0.0,0.0,2.4320109549463016,10773,4507.0,41.83607166063306,6,72.5,1,0,30.0,51.0,75.0,93.0,89.0,97.0,municipio_5k_mais_sem_ubs_no_arquivo,5
150090,Augusto Corrêa,PA,Pará,NORTE,47912,4,4,0.8348639171814994,11978.0,6.739401739482691,47596,36062.0,75.76687116564416,6,72.5,1,1,58.0,24.0,93.0,96.0,72.0,92.0,ubs_por_10k_abaixo_de_50pct_media_nacional;mais_de_10k_habitantes_por_ubs,5
411095,Itaipulândia,PR,Paraná,SUL,12116,0,0,0.0,0.0,2.7157829244358886,11984,3916.0,32.676902536715616,6,77.33333333333333,0,0,50.0,55.0,88.0,92.0,83.0,96.0,municipio_5k_mais_sem_ubs_no_arquivo,5
320370,Muniz Freire,ES,Espírito Santo,SUDESTE,18809,0,0,0.0,0.0,4.216008668348847,18811,9395.0,49.94418159587475,6,79.33333333333333,1,0,55.0,48.0,97.0,100.0,77.0,99.0,municipio_5k_mais_sem_ubs_no_arquivo,5
430530,Chapada,RS,Rio Grande do Sul,SUL,9751,0,0,0.0,0.0,2.185671780800128,9748,3455.0,35.44316782929832,6,80.16666666666667,1,0,44.0,74.0,90.0,90.0,86.0,97.0,municipio_5k_mais_sem_ubs_no_arquivo,5
412760,Tijucas do Sul,PR,Paraná,SUL,18458,0,0,0.0,0.0,4.1373325535851455,18279,8538.0,46.709338585261776,6,81.66666666666667,0,0,58.0,55.0,96.0,98.0,84.0,99.0,municipio_5k_mais_sem_ubs_no_arquivo,5
231095,Pires Ferreira,CE,Ceará,NORDESTE,10984,0,0,0.0,0.0,2.462046850611076,10952,6488.0,59.240321402483566,6,89.5,0,0,71.0,81.0,100.0,94.0,94.0,97.0,municipio_5k_mais_sem_ubs_no_arquivo,5
260520,Escada,PE,Pernambuco,NORDESTE,62174,9,7,1.4475504230064014,6908.222222222223,4.936207291505195,62252,32207.0,51.73649039388293,6,40.166666666666664,3,3,21.0,13.0,51.0,58.0,27.0,71.0,vinculo_aps_entre_50_70pct;tres_ou_mais_indicadores_abaixo_30,4
500320,Corumbá,MS,Mato Grosso do Sul,CENTRO-OESTE,98751,28,26,2.8354143249182284,3526.8214285714284,0.0,99107,43250.0,43.63970254371538,6,40.833333333333336,3,2,20.0,12.0,55.0,63.0,30.0,65.0,vinculo_aps_abaixo_50pct,4
260680,Igarassu,PE,Pernambuco,NORDESTE,123017,39,39,3.170293536665664,3154.2820512820513,0.0,122312,59229.0,48.4245208973772,6,41.333333333333336,3,2,23.0,10.0,57.0,56.0,32.0,70.0,vinculo_aps_abaixo_50pct,4
110025,Presidente Médici,RO,Rondônia,NORTE,20443,11,11,5.380814948882258,1858.4545454545455,0.0,20518,9088.0,44.29281606394385,6,41.5,3,2,14.0,10.0,37.0,61.0,55.0,72.0,vinculo_aps_abaixo_50pct,4
150309,Goianésia do Pará,PA,Pará,NORTE,26703,12,12,4.4938770924615214,2225.25,0.0,27059,13265.0,49.022506374958425,6,42.166666666666664,3,2,22.0,8.0,52.0,74.0,46.0,51.0,vinculo_aps_abaixo_50pct,4
170930,Guaraí,TO,Tocantins,NORTE,25831,8,8,3.097053927451512,3228.875,0.0,25681,9756.0,37.98917487636774,6,42.5,3,2,13.0,14.0,62.0,64.0,41.0,61.0,vinculo_aps_abaixo_50pct,4
316930,Três Corações,MG,Minas Gerais,SUDESTE,78291,18,16,2.2991148407862974,4349.5,0.0,78079,26147.0,33.4878776623676,6,42.666666666666664,3,2,23.0,17.0,51.0,59.0,38.0,68.0,vinculo_aps_abaixo_50pct,4
330550,Saquarema,RJ,Rio de Janeiro,SUDESTE,95315,25,23,2.622882022766616,3812.6,0.0,95201,41958.0,44.07306645938593,6,42.666666666666664,3,1,43.0,19.0,53.0,55.0,30.0,56.0,vinculo_aps_abaixo_50pct,4
411950,Piraquara,PR,Paraná,SUL,127433,21,20,1.6479247918514044,6068.238095238095,7.563912628725533,124934,37563.0,30.06627499319641,6,43.166666666666664,3,2,18.0,1.0,66.0,46.0,57.0,71.0,vinculo_aps_abaixo_50pct,4
412080,Quatro Barras,PR,Paraná,SUL,25397,9,9,3.543725636886246,2821.8888888888887,0.0,25109,7740.0,30.82560038233303,6,43.166666666666664,3,2,16.0,22.0,45.0,54.0,50.0,72.0,vinculo_aps_abaixo_50pct,4
160050,Oiapoque,AP,Amapá,NORTE,30786,7,7,2.2737608003638017,4398.0,0.0,30481,12421.0,40.749975394508056,6,43.333333333333336,3,1,51.0,51.0,41.0,34.0,24.0,59.0,vinculo_aps_abaixo_50pct,4
260610,Glória do Goitá,PE,Pernambuco,NORDESTE,30420,12,12,3.944773175542406,2535.0,0.0,30370,18027.0,59.357918999012185,6,43.333333333333336,3,3,13.0,6.0,26.0,88.0,56.0,71.0,vinculo_aps_entre_50_70pct;tres_ou_mais_indicadores_abaixo_30,4
355650,Várzea Paulista,SP,São Paulo,SUDESTE,119655,14,13,1.170030504366721,8546.785714285714,12.820485789317948,119576,25217.0,21.08868000267612,6,43.666666666666664,3,2,22.0,16.0,57.0,51.0,31.0,85.0,vinculo_aps_abaixo_50pct,4
354020,Pontal,SP,São Paulo,SUDESTE,38286,14,13,3.6566891291856027,2734.714285714286,0.0,38376,11758.0,30.638941004794663,6,43.666666666666664,3,2,25.0,17.0,42.0,55.0,50.0,73.0,vinculo_aps_abaixo_50pct,4
351820,Guararapes,SP,São Paulo,SUDESTE,31888,6,4,1.8815855494229805,5314.666666666667,1.1476465743159137,31872,10612.0,33.295682730923694,6,43.666666666666664,3,2,29.0,12.0,48.0,59.0,50.0,64.0,vinculo_aps_abaixo_50pct,4
170210,Araguaína,TO,Tocantins,NORTE,183024,23,23,1.2566657924643763,7957.565217391304,18.0245505085799,181493,66051.0,36.393139129332816,6,43.833333333333336,3,2,16.0,18.0,43.0,66.0,52.0,68.0,vinculo_aps_abaixo_50pct,4
330220,Itaperuna,RJ,Rio de Janeiro,SUDESTE,107297,29,29,2.702778269662712,3699.896551724138,0.0,107246,40818.0,38.06016075191616,6,43.833333333333336,3,2,18.0,2.0,53.0,55.0,49.0,86.0,vinculo_aps_abaixo_50pct,4
500370,Dourados,MS,Mato Grosso do Sul,CENTRO-OESTE,264017,38,35,1.4393012571160189,6947.815789473684,21.17900795318505,260640,70546.0,27.06645181092695,6,44.0,3,2,20.0,18.0,52.0,56.0,45.0,73.0,vinculo_aps_abaixo_50pct,4
500769,São Gabriel do Oeste,MS,Mato Grosso do Sul,CENTRO-OESTE,32207,14,13,4.346881112801565,2300.5,0.0,31694,10642.0,33.577333249195426,6,44.166666666666664,3,2,24.0,5.0,57.0,57.0,32.0,90.0,vinculo_aps_abaixo_50pct,4
171820,Porto Nacional,TO,Tocantins,NORTE,69551,20,20,2.875587698235827,3477.55,0.0,68555,26729.0,38.9891328130698,6,44.333333333333336,3,2,27.0,11.0,53.0,64.0,43.0,68.0,vinculo_aps_abaixo_50pct,4
291072,Eunápolis,BA,Bahia,NORDESTE,121067,34,27,2.808362311777776,3560.794117647059,0.0,120515,51076.0,42.38144629299258,6,44.333333333333336,3,2,21.0,14.0,53.0,73.0,47.0,58.0,vinculo_aps_abaixo_50pct,4
351350,Cubatão,SP,São Paulo,SUDESTE,114870,18,18,1.5669887699138156,6381.666666666667,7.747935335915361,115082,30825.0,26.785248779131404,6,44.5,3,2,22.0,11.0,53.0,53.0,40.0,88.0,vinculo_aps_abaixo_50pct,4
172100,Palmas,TO,Tocantins,NORTE,328499,51,51,1.5525161416016486,6441.156862745098,22.632549925244717,323625,108268.0,33.45477018153728,6,44.5,3,2,18.0,26.0,58.0,59.0,43.0,63.0,vinculo_aps_abaixo_50pct,4
520910,Goiatuba,GO,Goiás,CENTRO-OESTE,36984,16,16,4.3261951113995245,2311.5,0.0,36777,13250.0,36.027952252766674,6,44.5,3,2,27.0,15.0,54.0,58.0,38.0,75.0,vinculo_aps_abaixo_50pct,4
293050,Serrinha,BA,Bahia,NORDESTE,84690,26,25,3.070020073208171,3257.3076923076924,0.0,84428,40280.0,47.70929075662102,6,44.5,3,2,21.0,16.0,48.0,65.0,56.0,61.0,vinculo_aps_abaixo_50pct,4
315980,Santa Vitória,MG,Minas Gerais,SUDESTE,21914,7,7,3.1943050104955737,3130.5714285714284,0.0,21745,8477.0,38.98367440790986,6,44.666666666666664,3,2,29.0,11.0,61.0,56.0,41.0,70.0,vinculo_aps_abaixo_50pct,4
500330,Coxim,MS,Mato Grosso do Sul,CENTRO-OESTE,33440,12,11,3.588516746411483,2786.6666666666665,0.0,33390,13962.0,41.81491464510332,6,44.666666666666664,3,1,30.0,18.0,53.0,65.0,46.0,56.0,vinculo_aps_abaixo_50pct,4
521250,Luziânia,GO,Goiás,CENTRO-OESTE,221262,39,36,1.7626162648805488,5673.384615384615,10.595539899845955,218872,73223.0,33.45471325706349,6,44.833333333333336,3,2,17.0,11.0,52.0,67.0,47.0,75.0,vinculo_aps_abaixo_50pct,4
500070,Anastácio,MS,Mato Grosso do Sul,CENTRO-OESTE,24781,10,10,4.0353496630483034,2478.1,0.0,24741,11286.0,45.616587850127324,6,44.833333333333336,3,1,32.0,18.0,56.0,64.0,39.0,60.0,vinculo_aps_abaixo_50pct,4
352710,Lins,SP,São Paulo,SUDESTE,76844,14,14,1.8218728853261155,5488.857142857143,3.2244654213726807,76729,16132.0,21.024645179788607,6,45.0,3,1,30.0,22.0,50.0,53.0,41.0,74.0,vinculo_aps_abaixo_50pct,4
520510,Catalão,GO,Goiás,CENTRO-OESTE,122760,20,17,1.6291951775822744,6138.0,7.516466804535298,120789,28362.0,23.480614956659963,6,45.0,3,2,15.0,7.0,40.0,61.0,69.0,78.0,vinculo_aps_abaixo_50pct,4
351930,Ibaté,SP,São Paulo,SUDESTE,33160,12,11,3.618817852834741,2763.3333333333335,0.0,33110,9867.0,29.80066445182724,6,45.0,3,2,24.0,19.0,30.0,79.0,50.0,68.0,vinculo_aps_abaixo_50pct,4
431337,Nova Santa Rita,RS,Rio Grande do Sul,SUL,30189,7,7,2.3187253635430123,4312.714285714285,0.0,30121,10703.0,35.533348826400186,6,45.0,3,1,31.0,23.0,54.0,55.0,37.0,70.0,vinculo_aps_abaixo_50pct,4
410940,Guarapuava,PR,Paraná,SUL,189630,48,45,2.5312450561619997,3950.625,0.0,188710,68513.0,36.305972126543374,6,45.0,3,2,28.0,15.0,54.0,57.0,48.0,68.0,vinculo_aps_abaixo_50pct,4
270890,Satuba,AL,Alagoas,NORDESTE,25105,8,8,3.1866162119099783,3138.125,0.0,25000,9206.0,36.824,6,45.0,3,2,26.0,10.0,61.0,61.0,44.0,68.0,vinculo_aps_abaixo_50pct,4
431640,Rosário do Sul,RS,Rio Grande do Sul,SUL,37674,11,11,2.9197855284811807,3424.909090909091,0.0,37700,13891.0,36.84615384615385,6,45.0,3,2,20.0,14.0,50.0,49.0,51.0,86.0,vinculo_aps_abaixo_50pct,4
355070,São Sebastião,SP,São Paulo,SUDESTE,84280,30,30,3.5595633602278123,2809.3333333333335,0.0,84019,31075.0,36.98568181006677,6,45.166666666666664,2,1,30.0,12.0,50.0,58.0,55.0,66.0,vinculo_aps_abaixo_50pct,4
411750,Paiçandu,PR,Paraná,SUL,48695,7,6,1.4375192524899887,6956.428571428572,3.914909995494024,48207,13622.0,28.257307030099366,6,45.333333333333336,3,2,19.0,18.0,30.0,67.0,52.0,86.0,vinculo_aps_abaixo_50pct,4
330225,Itatiaia,RJ,Rio de Janeiro,SUDESTE,32713,8,8,2.445510958945985,4089.125,0.0,32694,11116.0,34.00012234660794,6,45.5,3,2,52.0,10.0,44.0,65.0,27.0,75.0,vinculo_aps_abaixo_50pct,4
210405,Estreito,MA,Maranhão,NORDESTE,34321,11,11,3.2050348183327992,3120.090909090909,0.0,34353,16722.0,48.67697144354205,6,45.5,3,2,8.0,23.0,63.0,64.0,48.0,67.0,vinculo_aps_abaixo_50pct,4
520860,Goianésia,GO,Goiás,CENTRO-OESTE,78009,27,24,3.461139099334692,2889.222222222222,0.0,77014,28324.0,36.77772872464747,6,45.666666666666664,2,2,14.0,6.0,51.0,68.0,50.0,85.0,vinculo_aps_abaixo_50pct,4
292950,São Sebastião do Passé,BA,Bahia,NORDESTE,42944,17,16,3.9586438152011922,2526.1176470588234,0.0,42936,19824.0,46.17104527669088,6,46.0,3,2,19.0,14.0,59.0,68.0,46.0,70.0,vinculo_aps_abaixo_50pct,4
230765,Maracanaú,CE,Ceará,NORDESTE,251613,35,33,1.3910251060159848,7188.942857142857,21.398670267917403,249684,123479.0,49.454109995033726,6,46.0,3,0,36.0,43.0,50.0,50.0,35.0,62.0,vinculo_aps_abaixo_50pct,4
330411,Porto Real,RJ,Rio de Janeiro,SUDESTE,21089,8,8,3.7934468206173837,2636.125,0.0,21064,8063.0,38.2785795670338,6,46.333333333333336,3,1,40.0,13.0,51.0,57.0,42.0,75.0,vinculo_aps_abaixo_50pct,4
521560,Padre Bernardo,GO,Goiás,CENTRO-OESTE,37207,11,11,2.9564329292874993,3382.4545454545455,0.0,36692,14580.0,39.73618227406519,6,46.333333333333336,3,2,20.0,6.0,44.0,72.0,54.0,82.0,vinculo_aps_abaixo_50pct,4
520920,Guapó,GO,Goiás,CENTRO-OESTE,20985,7,7,3.3357159876101976,2997.8571428571427,0.0,20588,8292.0,40.27588886730134,6,46.5,3,2,16.0,9.0,43.0,87.0,52.0,72.0,vinculo_aps_abaixo_50pct,4
210005,Açailândia,MA,Maranhão,NORDESTE,110611,35,34,3.164242254386996,3160.3142857142857,0.0,110506,49190.0,44.513420085787196,6,46.5,2,2,17.0,13.0,53.0,72.0,53.0,71.0,vinculo_aps_abaixo_50pct,4
431570,Rio Pardo,RS,Rio Grande do Sul,SUL,35641,9,9,2.5251816727925704,3960.1111111111113,0.0,35666,11973.0,33.56978635114675,6,46.666666666666664,2,2,22.0,12.0,63.0,68.0,54.0,61.0,vinculo_aps_abaixo_50pct,4
350250,Aparecida,SP,São Paulo,SUDESTE,33141,11,11,3.3191515041791138,3012.818181818182,0.0,33223,11616.0,34.96372994612166,6,46.666666666666664,3,2,23.0,24.0,64.0,66.0,41.0,62.0,vinculo_aps_abaixo_50pct,4
316960,Tupaciguara,MG,Minas Gerais,SUDESTE,26583,6,6,2.257081593499605,4430.5,0.0,26482,12224.0,46.15965561513481,6,46.666666666666664,3,2,18.0,24.0,49.0,53.0,50.0,86.0,vinculo_aps_abaixo_50pct,4
430910,Gramado,RS,Rio Grande do Sul,SUL,41705,9,9,2.15801462654358,4633.888888888889,0.34811215447331945,41621,10170.0,24.43478051944932,6,46.833333333333336,2,1,36.0,13.0,50.0,55.0,58.0,69.0,vinculo_aps_abaixo_50pct,4
431410,Passo Fundo,RS,Rio Grande do Sul,SUL,214811,57,44,2.6534953982803486,3768.6140350877195,0.0,214564,60492.0,28.192986707928636,6,46.833333333333336,3,2,28.0,21.0,55.0,59.0,46.0,72.0,vinculo_aps_abaixo_50pct,4
171610,Paraíso do Tocantins,TO,Tocantins,NORTE,55704,11,11,1.9747235387045814,5064.0,1.4859666575418233,55164,16216.0,29.395982887390325,6,46.833333333333336,2,2,21.0,15.0,50.0,67.0,54.0,74.0,vinculo_aps_abaixo_50pct,4
352640,Laranjal Paulista,SP,São Paulo,SUDESTE,27044,8,8,2.9581422866439877,3380.5,0.0,27009,12079.0,44.722129660483546,6,46.833333333333336,2,1,23.0,53.0,52.0,52.0,40.0,61.0,vinculo_aps_abaixo_50pct,4
353130,Monte Alto,SP,São Paulo,SUDESTE,48758,10,10,2.0509454858689855,4875.8,0.9290313494259707,48725,10966.0,22.50590046177527,6,47.0,3,2,16.0,13.0,69.0,48.0,59.0,77.0,vinculo_aps_abaixo_50pct,4
500830,Três Lagoas,MS,Mato Grosso do Sul,CENTRO-OESTE,143523,20,20,1.3935048737832962,7176.15,12.170461593249588,141435,48450.0,34.256018665818225,6,47.0,3,2,27.0,27.0,50.0,61.0,42.0,75.0,vinculo_aps_abaixo_50pct,4
520005,Abadia de Goiás,GO,Goiás,CENTRO-OESTE,22052,5,5,2.26736803918012,4410.4,0.0,21165,8378.0,39.584219229860615,6,47.0,2,2,28.0,7.0,57.0,74.0,61.0,55.0,vinculo_aps_abaixo_50pct,4
210140,Balsas,MA,Maranhão,NORDESTE,105974,33,32,3.1139713514635665,3211.3333333333335,0.0,106094,49452.0,46.611495466284616,6,47.0,3,2,25.0,21.0,46.0,74.0,52.0,64.0,vinculo_aps_abaixo_50pct,4
355670,Vinhedo,SP,São Paulo,SUDESTE,79089,9,8,1.1379585024466108,8787.666666666666,8.727678747995212,79235,16873.0,21.294882312109547,6,47.166666666666664,3,2,28.0,24.0,40.0,72.0,56.0,63.0,vinculo_aps_abaixo_50pct,4
520450,Caldas Novas,GO,Goiás,CENTRO-OESTE,106820,22,22,2.059539412095113,4855.454545454545,1.943540111277784,104788,28831.0,27.513646600755813,6,47.166666666666664,2,2,18.0,7.0,61.0,70.0,55.0,72.0,vinculo_aps_abaixo_50pct,4
411990,Ponta Grossa,PR,Paraná,SUL,375632,68,65,1.8102824040550325,5524.0,16.197340002616517,372562,102826.0,27.59970152618893,6,47.333333333333336,2,2,19.0,14.0,53.0,70.0,58.0,70.0,vinculo_aps_abaixo_50pct,4
431490,Porto Alegre,RS,Rio Grande do Sul,SUL,1388794,174,159,1.2528855971439967,7981.574712643678,137.296057342276,1389322,424588.0,30.56080591828244,6,47.333333333333336,3,0,31.0,31.0,53.0,58.0,41.0,70.0,vinculo_aps_abaixo_50pct,4
430920,Gravataí,RS,Rio Grande do Sul,SUL,275430,31,30,1.1255128344769996,8884.838709677419,30.73721449961842,275294,88972.0,32.31890270038577,6,47.333333333333336,3,0,30.0,34.0,54.0,54.0,39.0,73.0,vinculo_aps_abaixo_50pct,4
351670,Garça,SP,São Paulo,SUDESTE,43081,13,13,3.017571551263898,3313.923076923077,0.0,43115,17768.0,41.21071552823843,6,47.333333333333336,2,1,30.0,17.0,55.0,60.0,53.0,69.0,vinculo_aps_abaixo_50pct,4
241200,São Gonçalo do Amarante,RN,Rio Grande do Norte,NORDESTE,124495,35,33,2.81135788585887,3557.0,0.0,123207,53482.0,43.40824790799224,6,47.333333333333336,3,2,18.0,17.0,49.0,69.0,52.0,79.0,vinculo_aps_abaixo_50pct,4
320510,Viana,ES,Espírito Santo,SUDESTE,79043,27,26,3.415862252191845,2927.5185185185187,0.0,78442,34373.0,43.81963743912699,6,47.333333333333336,3,1,45.0,17.0,54.0,65.0,40.0,63.0,vinculo_aps_abaixo_50pct,4
420200,Balneário Camboriú,SC,Santa Catarina,SUL,151674,18,17,1.1867558052138139,8426.333333333334,15.997495813873305,148758,33218.0,22.330227618010458,6,47.5,3,2,24.0,22.0,45.0,74.0,59.0,61.0,vinculo_aps_abaixo_50pct,4
420230,Biguaçu,SC,Santa Catarina,SUL,83756,18,18,2.1490997659869144,4653.111111111111,0.7737796813347866,82028,24465.0,29.825181645291853,6,47.5,3,2,27.0,15.0,45.0,60.0,51.0,87.0,vinculo_aps_abaixo_50pct,4
431870,São Leopoldo,RS,Rio Grande do Sul,SUL,225737,30,28,1.328980184905443,7524.566666666667,20.59860432596436,225669,55109.0,24.420279258560104,6,47.666666666666664,3,1,31.0,24.0,54.0,82.0,38.0,57.0,vinculo_aps_abaixo_50pct,4
353790,Pilar do Sul,SP,São Paulo,SUDESTE,28459,9,8,3.1624442179978214,3162.1111111111113,0.0,28417,8271.0,29.105816940563745,6,47.666666666666664,3,2,16.0,9.0,43.0,69.0,57.0,92.0,vinculo_aps_abaixo_50pct,4
411420,Mandaguari,PR,Paraná,SUL,38313,8,8,2.0880641035679797,4789.125,0.5878005268993225,38050,11201.0,29.437582128777922,6,47.666666666666664,3,2,17.0,56.0,25.0,55.0,37.0,96.0,vinculo_aps_abaixo_50pct,4
410425,Campo Magro,PR,Paraná,SUL,31888,7,7,2.195183140993477,4555.428571428572,0.14764657431591455,31555,9347.0,29.6212961495801,6,47.666666666666664,2,1,25.0,36.0,53.0,58.0,54.0,60.0,vinculo_aps_abaixo_50pct,4
352690,Limeira,SP,São Paulo,SUDESTE,301292,34,34,1.1284733746664366,8861.529411764706,33.534142362919916,300728,76921.0,25.57826341411508,6,47.833333333333336,3,0,33.0,36.0,51.0,60.0,42.0,65.0,vinculo_aps_abaixo_50pct,4
521180,Jaraguá,GO,Goiás,CENTRO-OESTE,46633,12,12,2.573285012759205,3886.0833333333335,0.0,46427,21748.0,46.84343162383958,6,47.833333333333336,3,2,12.0,19.0,68.0,63.0,45.0,80.0,vinculo_aps_abaixo_50pct,4
320150,Colatina,ES,Espírito Santo,SUDESTE,129301,46,46,3.5575904285349687,2810.891304347826,0.0,128622,38121.0,29.638009049773757,6,48.0,3,2,29.0,22.0,52.0,62.0,47.0,76.0,vinculo_aps_abaixo_50pct,4
353730,Penápolis,SP,São Paulo,SUDESTE,63426,11,9,1.734304543877905,5766.0,3.216841182343237,63317,21858.0,34.52153450100289,6,48.0,2,1,32.0,24.0,52.0,58.0,55.0,67.0,vinculo_aps_abaixo_50pct,4
211220,Timon,MA,Maranhão,NORDESTE,182711,48,48,2.6270996272802405,3806.4791666666665,0.0,182241,89535.0,49.12999818921099,6,48.0,3,2,25.0,7.0,69.0,67.0,44.0,76.0,vinculo_aps_abaixo_50pct,4
240310,Currais Novos,RN,Rio Grande do Norte,NORDESTE,42922,19,19,4.426634360001864,2259.0526315789475,0.0,42930,21440.0,49.9417656650361,6,48.0,2,1,31.0,10.0,56.0,67.0,55.0,69.0,vinculo_aps_abaixo_50pct,4
431690,Santa Maria,RS,Rio Grande do Sul,SUL,282395,43,43,1.5226898493245276,6567.325581395349,20.298408628761372,282244,67300.0,23.84461671461572,6,48.166666666666664,3,1,33.0,19.0,50.0,65.0,41.0,81.0,vinculo_aps_abaixo_50pct,4
421320,Pomerode,SC,Santa Catarina,SUL,37003,12,12,3.2429802988946843,3083.5833333333335,0.0,36392,8792.0,24.159155858430424,6,48.166666666666664,3,0,33.0,43.0,51.0,52.0,42.0,68.0,vinculo_aps_abaixo_50pct,4
352740,Lucélia,SP,São Paulo,SUDESTE,20378,11,7,5.397978211797036,1852.5454545454545,0.0,20372,6317.0,31.00824661299823,6,48.166666666666664,3,2,28.0,9.0,41.0,76.0,68.0,67.0,vinculo_aps_abaixo_50pct,4
351220,Conchal,SP,São Paulo,SUDESTE,29132,11,11,3.77591651791844,2648.3636363636365,0.0,29034,10978.0,37.81084246056348,6,48.166666666666664,3,1,33.0,14.0,52.0,65.0,46.0,79.0,vinculo_aps_abaixo_50pct,4
431390,Panambi,RS,Rio Grande do Sul,SUL,45102,13,13,2.8823555496430315,3469.3846153846152,0.0,45042,12025.0,26.697304737800277,6,48.333333333333336,3,1,31.0,20.0,50.0,56.0,43.0,90.0,vinculo_aps_abaixo_50pct,4
350400,Assis,SP,São Paulo,SUDESTE,104858,24,23,2.2888096282591697,4369.083333333333,0.0,104642,28574.0,27.306435274555152,6,48.333333333333336,3,2,21.0,19.0,47.0,63.0,52.0,88.0,vinculo_aps_abaixo_50pct,4
353350,Novo Horizonte,SP,São Paulo,SUDESTE,39494,8,8,2.0256241454398136,4936.75,0.8525198760045382,39435,13676.0,34.67985292253075,6,48.333333333333336,3,0,34.0,39.0,52.0,53.0,44.0,68.0,vinculo_aps_abaixo_50pct,4
352410,Ituverava,SP,São Paulo,SUDESTE,38413,13,13,3.3842709499388226,2954.846153846154,0.0,38451,13848.0,36.01466801903722,6,48.333333333333336,3,1,37.0,20.0,63.0,58.0,46.0,66.0,vinculo_aps_abaixo_50pct,4
431750,Santo Ângelo,RS,Rio Grande do Sul,SUL,79146,20,20,2.5269754630682537,3957.3,0.0,79130,28531.0,36.05585744976621,6,48.333333333333336,3,1,31.0,4.0,55.0,60.0,47.0,93.0,vinculo_aps_abaixo_50pct,4
521930,Santa Helena de Goiás,GO,Goiás,CENTRO-OESTE,39601,10,10,2.5251887578596497,3960.1,0.0,39481,15128.0,38.3171652187128,6,48.333333333333336,3,1,42.0,29.0,46.0,53.0,50.0,70.0,vinculo_aps_abaixo_50pct,4
313490,Jacutinga,MG,Minas Gerais,SUDESTE,26888,9,8,3.3472180898542097,2987.5555555555557,0.0,26705,7136.0,26.721587717655872,6,48.5,2,2,24.0,15.0,64.0,71.0,57.0,60.0,vinculo_aps_abaixo_50pct,4
353980,Poá,SP,São Paulo,SUDESTE,106355,17,15,1.5984203845611396,6256.176470588235,6.8393110703515125,106431,31953.0,30.02226794824816,6,48.5,3,2,29.0,7.0,33.0,76.0,53.0,93.0,vinculo_aps_abaixo_50pct,4
500620,Nova Andradina,MS,Mato Grosso do Sul,CENTRO-OESTE,50848,14,13,2.7533039647577096,3632.0,0.0,50610,18576.0,36.70420865441612,6,48.5,3,1,20.0,32.0,50.0,57.0,38.0,94.0,vinculo_aps_abaixo_50pct,4
410970,Ibaiti,PR,Paraná,SUL,29464,9,9,3.0545750746673908,3273.777777777778,0.0,29440,10945.0,37.177309782608695,6,48.5,3,1,20.0,35.0,43.0,61.0,55.0,77.0,vinculo_aps_abaixo_50pct,4
522010,São Luís de Montes Belos,GO,Goiás,CENTRO-OESTE,35288,10,10,2.833824529585128,3528.8,0.0,35031,13683.0,39.059689988867,6,48.5,3,1,22.0,33.0,53.0,56.0,38.0,89.0,vinculo_aps_abaixo_50pct,4
421290,Pinhalzinho,SC,Santa Catarina,SUL,23897,9,9,3.7661631167092104,2655.222222222222,0.0,23379,5428.0,23.217417340348177,6,48.666666666666664,2,1,50.0,17.0,50.0,48.0,53.0,74.0,vinculo_aps_abaixo_50pct,4
354390,Rio Claro,SP,São Paulo,SUDESTE,210323,24,24,1.141102019275115,8763.458333333334,23.14357973061484,208857,53949.0,25.830592223387296,6,48.666666666666664,3,1,28.0,36.0,53.0,57.0,41.0,77.0,vinculo_aps_abaixo_50pct,4
150375,Jacareacanga,PA,Pará,NORTE,26579,3,3,1.128710636216562,8859.666666666666,2.957642319955553,26006,8060.0,30.99284780435284,6,48.666666666666664,3,0,49.0,37.0,66.0,52.0,35.0,53.0,vinculo_aps_abaixo_50pct,4
292530,Porto Seguro,BA,Bahia,NORDESTE,182630,49,47,2.6830203142966655,3727.1428571428573,0.0,181007,70003.0,38.67419492063843,6,48.666666666666664,3,2,16.0,13.0,54.0,78.0,48.0,83.0,vinculo_aps_abaixo_50pct,4
352270,Itápolis,SP,São Paulo,SUDESTE,40445,8,8,1.9779948077636298,5055.625,1.0656850758343928,40464,10952.0,27.066034005535784,6,48.833333333333336,3,2,24.0,6.0,52.0,66.0,48.0,97.0,vinculo_aps_abaixo_50pct,4
431320,Nova Petrópolis,RS,Rio Grande do Sul,SUL,23934,8,8,3.3425252778474137,2991.75,0.0,23889,7150.0,29.93009334840303,6,48.833333333333336,2,1,50.0,23.0,52.0,55.0,47.0,66.0,vinculo_aps_abaixo_50pct,4
210750,Paço do Lumiar,MA,Maranhão,NORDESTE,153158,22,21,1.436425129604722,6961.727272727273,12.330132150936928,152306,49770.0,32.677635812115085,6,48.833333333333336,3,2,22.0,10.0,56.0,85.0,42.0,78.0,vinculo_aps_abaixo_50pct,4
431033,Imbé,RS,Rio Grande do Sul,SUL,28027,9,9,3.211189210404253,3114.1111111111113,0.0,27931,11027.0,39.479431456088214,6,48.833333333333336,3,1,32.0,10.0,76.0,74.0,36.0,65.0,vinculo_aps_abaixo_50pct,4
314600,Ouro Fino,MG,Minas Gerais,SUDESTE,33285,11,9,3.304791948325071,3025.909090909091,0.0,33227,8200.0,24.67872513317483,6,49.0,3,1,32.0,11.0,33.0,65.0,63.0,90.0,vinculo_aps_abaixo_50pct,4
351080,Casa Branca,SP,São Paulo,SUDESTE,28779,8,8,2.77980471871851,3597.375,0.0,28786,9106.0,31.633432918779963,6,49.0,3,1,32.0,16.0,33.0,54.0,67.0,92.0,vinculo_aps_abaixo_50pct,4
521310,Mineiros,GO,Goiás,CENTRO-OESTE,74999,13,13,1.7333564447525966,5769.153846153846,3.8109114847942562,73781,24798.0,33.610279069137036,6,49.0,2,1,34.0,8.0,66.0,60.0,50.0,76.0,vinculo_aps_abaixo_50pct,4
421720,São Miguel do Oeste,SC,Santa Catarina,SUL,47724,18,18,3.7716872014080964,2651.3333333333335,0.0,46969,11963.0,25.469990845025443,6,49.166666666666664,3,2,20.0,17.0,54.0,66.0,48.0,90.0,vinculo_aps_abaixo_50pct,4
354060,Porto Feliz,SP,São Paulo,SUDESTE,58605,13,11,2.2182407644398943,4508.076923076923,0.13622138383668245,58345,17215.0,29.505527465935383,6,49.166666666666664,3,1,30.0,24.0,49.0,62.0,55.0,75.0,vinculo_aps_abaixo_50pct,4
351860,Guariba,SP,São Paulo,SUDESTE,38678,8,8,2.068359274005895,4834.75,0.6696147203145669,38609,11862.0,30.72340645963376,6,49.166666666666664,3,1,30.0,24.0,53.0,67.0,49.0,72.0,vinculo_aps_abaixo_50pct,4
521000,Inhumas,GO,Goiás,CENTRO-OESTE,53884,12,12,2.2270061613837133,4490.333333333333,0.07801643284115285,53629,21337.0,39.786309645900545,6,49.166666666666664,3,1,45.0,17.0,52.0,68.0,48.0,65.0,vinculo_aps_abaixo_50pct,4
431100,Jaguarão,RS,Rio Grande do Sul,SUL,27396,10,10,3.6501679077237554,2739.6,0.0,27406,11369.0,41.48361672626432,6,49.166666666666664,3,1,38.0,11.0,53.0,65.0,45.0,83.0,vinculo_aps_abaixo_50pct,4
313420,Ituiutaba,MG,Minas Gerais,SUDESTE,106775,15,15,1.4048232264106766,7118.333333333333,8.933453429897822,106397,29754.0,27.965074203220013,6,49.333333333333336,3,1,33.0,28.0,47.0,62.0,52.0,74.0,vinculo_aps_abaixo_50pct,4
430450,Canguçu,RS,Rio Grande do Sul,SUL,50968,9,9,1.7658138439805369,5663.111111111111,2.4243994794196406,50998,14388.0,28.212871092984038,6,49.333333333333336,3,2,21.0,5.0,57.0,87.0,30.0,96.0,vinculo_aps_abaixo_50pct,4
412710,Telêmaco Borba,PR,Paraná,SUL,77479,22,22,2.839479084655197,3521.7727272727275,0.0,77182,22312.0,28.90829468010676,6,49.333333333333336,2,0,32.0,32.0,54.0,64.0,51.0,63.0,vinculo_aps_abaixo_50pct,4
315720,Santa Bárbara,MG,Minas Gerais,SUDESTE,31916,11,11,3.446547186364206,2901.4545454545455,0.0,31756,12490.0,39.331150018894064,6,49.333333333333336,3,1,36.0,27.0,53.0,51.0,31.0,98.0,vinculo_aps_abaixo_50pct,4
292400,Paulo Afonso,BA,Bahia,NORDESTE,119418,29,29,2.4284446230886463,4117.862068965517,0.0,119128,58528.0,49.13034718957759,6,49.333333333333336,2,2,24.0,5.0,60.0,80.0,52.0,75.0,vinculo_aps_abaixo_50pct,4
352530,Jaú,SP,São Paulo,SUDESTE,137409,21,20,1.5282841735257517,6543.285714285715,9.800017816425468,137323,27823.0,20.260990511421976,6,49.5,3,2,20.0,7.0,46.0,76.0,75.0,73.0,vinculo_aps_abaixo_50pct,4
411460,Marechal Cândido Rondon,PR,Paraná,SUL,58734,20,19,3.4051826880512137,2936.7,0.0,58140,15915.0,27.37358101135191,6,49.5,3,1,35.0,24.0,55.0,59.0,44.0,80.0,vinculo_aps_abaixo_50pct,4
420300,Caçador,SC,Santa Catarina,SUL,76298,9,9,1.1795853102309366,8477.555555555555,8.102080353962481,75998,23970.0,31.540303692202425,6,49.5,2,1,30.0,22.0,52.0,58.0,50.0,85.0,vinculo_aps_abaixo_50pct,4
500210,Bela Vista,MS,Mato Grosso do Sul,CENTRO-OESTE,21881,8,8,3.6561400301631557,2735.125,0.0,21965,10539.0,47.980878670612334,6,49.5,3,2,27.0,10.0,61.0,78.0,32.0,89.0,vinculo_aps_abaixo_50pct,4
421010,Mafra,SC,Santa Catarina,SUL,57262,9,9,1.5717229576333345,6362.444444444444,3.835189981763606,57023,19316.0,33.8740508215983,6,49.666666666666664,3,0,49.0,39.0,53.0,57.0,42.0,58.0,vinculo_aps_abaixo_50pct,4
330555,Seropédica,RJ,Rio de Janeiro,SUDESTE,84794,22,19,2.5945231973960423,3854.2727272727275,0.0,84737,33099.0,39.06085889280952,6,49.666666666666664,2,2,21.0,5.0,65.0,70.0,52.0,85.0,vinculo_aps_abaixo_50pct,4
520013,Acreúna,GO,Goiás,CENTRO-OESTE,22079,7,6,3.1704334435436383,3154.1428571428573,0.0,21995,8989.0,40.8683791770857,6,49.666666666666664,3,1,32.0,21.0,52.0,57.0,43.0,93.0,vinculo_aps_abaixo_50pct,4
150730,São Félix do Xingu,PA,Pará,NORTE,64651,19,17,2.9388563208612397,3402.684210526316,0.0,65957,31396.0,47.600709553193745,6,49.666666666666664,2,2,15.0,6.0,61.0,81.0,56.0,79.0,vinculo_aps_abaixo_50pct,4
260775,Itapissuma,PE,Pernambuco,NORDESTE,29669,12,12,4.044625703596346,2472.4166666666665,0.0,29463,14400.0,48.87485999389064,6,49.666666666666664,3,1,32.0,3.0,72.0,81.0,33.0,77.0,vinculo_aps_abaixo_50pct,4
355700,Votorantim,SP,São Paulo,SUDESTE,133510,19,18,1.4231143734551719,7026.8421052631575,10.926062911970574,132849,12724.0,9.57779132699531,6,49.833333333333336,2,2,19.0,11.0,53.0,68.0,51.0,97.0,vinculo_aps_abaixo_50pct,4
330030,Barra do Piraí,RJ,Rio de Janeiro,SUDESTE,98506,28,27,2.8424664487442386,3518.0714285714284,0.0,98501,24683.0,25.05862884640765,6,49.833333333333336,3,1,21.0,30.0,56.0,65.0,40.0,87.0,vinculo_aps_abaixo_50pct,4
410430,Campo Mourão,PR,Paraná,SUL,104122,27,19,2.593111926394038,3856.3703703703704,0.0,103340,34205.0,33.09947745306754,6,49.833333333333336,2,2,27.0,1.0,59.0,66.0,53.0,93.0,vinculo_aps_abaixo_50pct,4
353080,Mogi Mirim,SP,São Paulo,SUDESTE,95742,14,14,1.462263165590859,6838.714285714285,7.460423304006341,95534,19865.0,20.7936441476333,6,50.0,3,1,33.0,16.0,53.0,67.0,41.0,90.0,vinculo_aps_abaixo_50pct,4
352840,Mairinque,SP,São Paulo,SUDESTE,51888,18,14,3.469010175763182,2882.6666666666665,0.0,51660,13456.0,26.047231900890438,6,50.0,3,2,23.0,16.0,44.0,72.0,52.0,93.0,vinculo_aps_abaixo_50pct,4
410345,Cafelândia,PR,Paraná,SUL,20145,5,4,2.482005460412013,4029.0,0.0,19844,6372.0,32.110461600483774,6,50.0,2,1,31.0,18.0,57.0,69.0,61.0,64.0,vinculo_aps_abaixo_50pct,4
316470,São Sebastião do Paraíso,MG,Minas Gerais,SUDESTE,75179,29,28,3.8574601950012637,2592.3793103448274,0.0,74742,27527.0,36.82935966391052,6,50.0,3,1,43.0,23.0,59.0,58.0,49.0,68.0,vinculo_aps_abaixo_50pct,4
290320,Barreiras,BA,Bahia,NORDESTE,171634,53,53,3.0879662537725623,3238.377358490566,0.0,170667,71699.0,42.01105075966648,6,50.0,2,1,37.0,10.0,60.0,68.0,51.0,74.0,vinculo_aps_abaixo_50pct,4
522045,Senador Canedo,GO,Goiás,CENTRO-OESTE,175042,24,24,1.3710995075467602,7293.416666666667,15.23539738024982,169849,47764.0,28.121449051804838,6,50.166666666666664,3,2,23.0,12.0,75.0,62.0,42.0,87.0,vinculo_aps_abaixo_50pct,4
500060,Amambai,MS,Mato Grosso do Sul,CENTRO-OESTE,41751,10,10,2.395152211923068,4175.1,0.0,41414,12883.0,31.107837929202688,6,50.166666666666664,3,1,37.0,24.0,52.0,74.0,43.0,71.0,vinculo_aps_abaixo_50pct,4
314280,Monte Alegre de Minas,MG,Minas Gerais,SUDESTE,20708,6,6,2.8974309445624877,3451.3333333333335,0.0,20666,8392.0,40.60776154069486,6,50.166666666666664,3,1,33.0,10.0,60.0,55.0,49.0,94.0,vinculo_aps_abaixo_50pct,4
310260,Andradas,MG,Minas Gerais,SUDESTE,42501,11,11,2.588174395896567,3863.7272727272725,0.0,42282,12188.0,28.82550494300175,6,50.333333333333336,3,2,23.0,14.0,44.0,70.0,57.0,94.0,vinculo_aps_abaixo_50pct,4
313940,Manhuaçu,MG,Minas Gerais,SUDESTE,97328,28,28,2.8768699654775602,3476.0,0.0,96545,33943.0,35.15769848257289,6,50.333333333333336,2,0,41.0,58.0,51.0,58.0,33.0,61.0,vinculo_aps_abaixo_50pct,4
240200,Caicó,RN,Rio Grande do Norte,NORDESTE,63338,26,25,4.1049606871072655,2436.076923076923,0.0,63339,30985.0,48.919307219880324,6,50.333333333333336,3,1,31.0,15.0,48.0,61.0,52.0,95.0,vinculo_aps_abaixo_50pct,4
353870,Piracicaba,SP,São Paulo,SUDESTE,440835,85,78,1.9281590617804847,5186.294117647059,13.812493025230683,438827,93631.0,21.336654307961908,6,50.5,3,2,27.0,19.0,46.0,74.0,56.0,81.0,vinculo_aps_abaixo_50pct,4
110002,Ariquemes,RO,Rondônia,NORTE,109170,16,16,1.4656041036914904,6823.125,8.470289027786889,108573,35344.0,32.55321304560066,6,50.5,3,1,27.0,32.0,51.0,68.0,46.0,79.0,vinculo_aps_abaixo_50pct,4
522185,Valparaíso de Goiás,GO,Goiás,CENTRO-OESTE,218416,40,39,1.8313676653725002,5460.4,8.95761333968216,213506,55865.0,26.16554101524079,6,50.666666666666664,3,2,19.0,11.0,48.0,83.0,56.0,87.0,vinculo_aps_abaixo_50pct,4
110012,Ji-Paraná,RO,Rondônia,NORTE,140101,17,17,1.2134103254080983,8241.235294117647,14.403425511422288,139359,40716.0,29.216627559038166,6,50.666666666666664,3,2,21.0,17.0,41.0,77.0,55.0,93.0,vinculo_aps_abaixo_50pct,4
353670,Pederneiras,SP,São Paulo,SUDESTE,46337,14,14,3.0213436346763927,3309.785714285714,0.0,46223,13823.0,29.905025636587844,6,50.666666666666664,3,1,26.0,31.0,45.0,60.0,51.0,91.0,vinculo_aps_abaixo_50pct,4
410150,Arapongas,PR,Paraná,SUL,124838,31,31,2.4832182508531053,4027.032258064516,0.0,123863,37350.0,30.154283361455803,6,50.666666666666664,3,2,22.0,23.0,54.0,70.0,45.0,90.0,vinculo_aps_abaixo_50pct,4
410590,Colorado,PR,Paraná,SUL,23313,6,6,2.573671342169605,3885.5,0.0,23278,7106.0,30.526677549617666,6,50.666666666666664,2,2,23.0,9.0,52.0,56.0,70.0,94.0,vinculo_aps_abaixo_50pct,4
353050,Mococa,SP,São Paulo,SUDESTE,69372,20,14,2.88300755347979,3468.6,0.0,69324,21711.0,31.318158213605678,6,50.666666666666664,2,2,23.0,11.0,59.0,62.0,56.0,93.0,vinculo_aps_abaixo_50pct,4
150293,Dom Eliseu,PA,Pará,NORTE,62823,14,14,2.228483198828455,4487.357142857143,0.0816796518517503,62322,19962.0,32.03042264368923,6,50.666666666666664,2,2,11.0,7.0,69.0,80.0,59.0,78.0,vinculo_aps_abaixo_50pct,4
311550,Caxambu,MG,Minas Gerais,SUDESTE,21412,10,10,4.670278348589576,2141.2,0.0,21436,7091.0,33.079865646575854,6,50.666666666666664,3,1,40.0,5.0,67.0,67.0,41.0,84.0,vinculo_aps_abaixo_50pct,4
410860,Goioerê,PR,Paraná,SUL,28931,8,7,2.7651999585220004,3616.375,0.0,28970,12836.0,44.30790472903003,6,50.666666666666664,2,1,29.0,32.0,59.0,63.0,54.0,67.0,vinculo_aps_abaixo_50pct,4
314330,Montes Claros,MG,Minas Gerais,SUDESTE,437601,140,100,3.1992614276475604,3125.7214285714285,0.0,434321,155707.0,35.85067265916223,6,50.833333333333336,3,0,41.0,48.0,52.0,57.0,37.0,70.0,vinculo_aps_abaixo_50pct,4
316290,São João Nepomuceno,MG,Minas Gerais,SUDESTE,26529,4,4,1.5077839345621773,6632.25,1.94643489620004,26478,10401.0,39.28166779968276,6,50.833333333333336,3,2,29.0,21.0,57.0,65.0,39.0,94.0,vinculo_aps_abaixo_50pct,4
320460,Santa Teresa,ES,Espírito Santo,SUDESTE,23872,13,10,5.445710455764075,1836.3076923076924,0.0,23796,9743.0,40.94385611027063,6,50.833333333333336,3,1,34.0,22.0,51.0,64.0,43.0,91.0,vinculo_aps_abaixo_50pct,4
521120,Itapuranga,GO,Goiás,CENTRO-OESTE,26553,7,7,2.6362369600421798,3793.285714285714,0.0,26574,12306.0,46.30842176563558,6,50.833333333333336,2,2,7.0,8.0,70.0,74.0,73.0,73.0,vinculo_aps_abaixo_50pct,4
420390,Capinzal,SC,Santa Catarina,SUL,24414,12,12,4.915212582944212,2034.5,0.0,24176,4029.0,16.665287888815353,6,51.0,2,2,23.0,17.0,61.0,92.0,61.0,52.0,vinculo_aps_abaixo_50pct,4
351110,Catanduva,SP,São Paulo,SUDESTE,119275,27,24,2.263676378117795,4417.592592592592,0.0,119172,33632.0,28.22139428724868,6,51.0,3,1,24.0,67.0,51.0,46.0,45.0,73.0,vinculo_aps_abaixo_50pct,4
292770,Santa Cruz Cabrália,BA,Bahia,NORDESTE,31007,15,15,4.837617312219821,2067.133333333333,0.0,30862,13981.0,45.30166547858207,6,51.0,3,2,21.0,15.0,77.0,73.0,49.0,71.0,vinculo_aps_abaixo_50pct,4
250320,Cabedelo,PB,Paraíba,NORDESTE,70734,23,23,3.2516187406339245,3075.391304347826,0.0,70067,31882.0,45.50216221616453,6,51.0,2,2,26.0,21.0,69.0,70.0,52.0,68.0,vinculo_aps_abaixo_50pct,4
350700,Boituva,SP,São Paulo,SUDESTE,63850,10,10,1.5661707126076743,6385.0,4.311880135789988,63415,18565.0,29.275408026492155,6,51.166666666666664,3,2,29.0,16.0,61.0,45.0,67.0,89.0,vinculo_aps_abaixo_50pct,4
320190,Domingos Martins,ES,Espírito Santo,SUDESTE,38236,13,13,3.399937231928026,2941.230769230769,0.0,37972,12382.0,32.608237648793846,6,51.166666666666664,2,1,48.0,21.0,55.0,66.0,52.0,65.0,vinculo_aps_abaixo_50pct,4
411480,Marialva,PR,Paraná,SUL,44749,9,9,2.011218127779392,4972.111111111111,1.030420112708944,44098,15724.0,35.65694589323779,6,51.166666666666664,3,2,29.0,18.0,43.0,63.0,59.0,95.0,vinculo_aps_abaixo_50pct,4
314720,Paraguaçu,MG,Minas Gerais,SUDESTE,22452,9,9,4.008551576696954,2494.6666666666665,0.0,22357,8096.0,36.21237196403811,6,51.166666666666664,2,1,18.0,42.0,57.0,66.0,51.0,73.0,vinculo_aps_abaixo_50pct,4
430350,Camaquã,RS,Rio Grande do Sul,SUL,63961,15,15,2.345179093510108,4264.066666666667,0.0,63959,23578.0,36.8642411544896,6,51.166666666666664,3,1,28.0,37.0,46.0,77.0,54.0,65.0,vinculo_aps_abaixo_50pct,4
500520,Ladário,MS,Mato Grosso do Sul,CENTRO-OESTE,22425,6,6,2.6755852842809364,3737.5,0.0,22290,8677.0,38.92777030058322,6,51.166666666666664,3,2,30.0,20.0,68.0,79.0,29.0,81.0,vinculo_aps_abaixo_50pct,4
320410,Pinheiros,ES,Espírito Santo,SUDESTE,24843,9,9,3.6227508754981286,2760.3333333333335,0.0,24825,11253.0,45.329305135951664,6,51.166666666666664,2,1,32.0,20.0,53.0,72.0,56.0,74.0,vinculo_aps_abaixo_50pct,4
521308,Minaçu,GO,Goiás,CENTRO-OESTE,26616,7,7,2.6299969942891495,3802.285714285714,0.0,26939,12406.0,46.05219198930918,6,51.166666666666664,2,1,31.0,17.0,62.0,67.0,50.0,80.0,vinculo_aps_abaixo_50pct,4
430210,Bento Gonçalves,RS,Rio Grande do Sul,SUL,127977,21,20,1.6409198527860474,6094.142857142857,7.685849399185519,127775,26494.0,20.73488554099002,6,51.333333333333336,3,0,38.0,38.0,54.0,63.0,42.0,73.0,vinculo_aps_abaixo_50pct,4
317100,Vazante,MG,Minas Gerais,SUDESTE,20459,12,10,5.865389315215798,1704.9166666666667,0.0,20433,7205.0,35.26158664904811,6,51.333333333333336,3,0,47.0,38.0,53.0,53.0,47.0,70.0,vinculo_aps_abaixo_50pct,4
150060,Altamira,PA,Pará,NORTE,138749,28,28,2.018032562396846,4955.321428571428,3.1003767730732212,136982,61091.0,44.59783037187368,6,51.333333333333336,3,2,26.0,20.0,56.0,81.0,47.0,78.0,vinculo_aps_abaixo_50pct,4
432220,Tupanciretã,RS,Rio Grande do Sul,SUL,20324,5,5,2.4601456406219246,4064.8,0.0,20345,9149.0,44.969279921356595,6,51.333333333333336,2,2,26.0,17.0,58.0,69.0,51.0,87.0,vinculo_aps_abaixo_50pct,4
510760,Rondonópolis,MT,Mato Grosso,CENTRO-OESTE,263708,70,70,2.654451135346671,3767.2571428571428,0.0,259167,83447.0,32.19815794449139,6,51.5,3,1,29.0,36.0,63.0,67.0,47.0,67.0,vinculo_aps_abaixo_50pct,4
313240,Itajubá,MG,Minas Gerais,SUDESTE,96855,23,23,2.3746838056889166,4211.086956521739,0.0,96632,34059.0,35.24608825233877,6,51.5,2,0,33.0,51.0,53.0,55.0,42.0,75.0,vinculo_aps_abaixo_50pct,4
311120,Campo Belo,MG,Minas Gerais,SUDESTE,54027,18,18,3.331667499583542,3001.5,0.0,53943,22256.0,41.25836531153254,6,51.5,3,1,43.0,23.0,53.0,56.0,38.0,96.0,vinculo_aps_abaixo_50pct,4
430680,Encantado,RS,Rio Grande do Sul,SUL,23520,3,2,1.2755102040816328,7840.0,2.271972134593273,23494,6323.0,26.91325444794416,6,51.666666666666664,3,2,48.0,27.0,58.0,62.0,24.0,91.0,vinculo_aps_abaixo_50pct,4
350550,Barretos,SP,São Paulo,SUDESTE,126957,19,18,1.4965697047031672,6681.9473684210525,9.457217954573053,126600,34984.0,27.633491311216428,6,51.666666666666664,2,1,17.0,46.0,61.0,58.0,53.0,75.0,vinculo_aps_abaixo_50pct,4
431800,São Borja,RS,Rio Grande do Sul,SUL,61311,28,27,4.56688033142503,2189.6785714285716,0.0,61323,21302.0,34.737374231528136,6,51.666666666666664,3,1,32.0,18.0,51.0,69.0,46.0,94.0,vinculo_aps_abaixo_50pct,4
510180,Barra do Garças,MT,Mato Grosso,CENTRO-OESTE,73878,23,21,3.113240748260646,3212.086956521739,0.0,72694,26324.0,36.212067020661955,6,51.666666666666664,2,1,26.0,38.0,64.0,62.0,50.0,70.0,vinculo_aps_abaixo_50pct,4
431830,São Gabriel,RS,Rio Grande do Sul,SUL,60090,12,12,1.9970044932601096,5007.5,1.4690818693754175,60102,21809.0,36.28664603507371,6,51.666666666666664,2,2,27.0,25.0,62.0,73.0,54.0,69.0,vinculo_aps_abaixo_50pct,4
432080,Soledade,RS,Rio Grande do Sul,SUL,30939,16,16,5.171466433950677,1933.6875,0.0,30936,11500.0,37.17351952417895,6,51.666666666666664,2,2,21.0,23.0,61.0,66.0,58.0,81.0,vinculo_aps_abaixo_50pct,4
280290,Itabaiana,SE,Sergipe,NORDESTE,109250,24,23,2.196796338672769,4552.083333333333,0.48822090579570976,108408,51489.0,47.49557228248838,6,51.666666666666664,2,2,17.0,5.0,56.0,82.0,56.0,94.0,vinculo_aps_abaixo_50pct,4
432130,Taquari,RS,Rio Grande do Sul,SUL,25963,3,3,1.155490505719678,8654.333333333334,2.819566859287634,25968,7301.0,28.115372766481823,6,51.833333333333336,3,2,22.0,11.0,67.0,75.0,42.0,94.0,vinculo_aps_abaixo_50pct,4
421690,São Lourenço do Oeste,SC,Santa Catarina,SUL,26056,7,6,2.6865213386552043,3722.285714285714,0.0,25770,7540.0,29.258828094683743,6,51.833333333333336,3,0,40.0,33.0,60.0,58.0,48.0,72.0,vinculo_aps_abaixo_50pct,4
410200,Assis Chateaubriand,PR,Paraná,SUL,38357,13,13,3.389211877884089,2950.5384615384614,0.0,38105,12745.0,33.447054192363204,6,51.833333333333336,3,1,34.0,19.0,42.0,73.0,51.0,92.0,vinculo_aps_abaixo_50pct,4
510170,Barra do Bugres,MT,Mato Grosso,CENTRO-OESTE,29406,11,11,3.7407331837040063,2673.2727272727275,0.0,29576,11607.0,39.24465783067352,6,51.833333333333336,2,2,20.0,9.0,69.0,68.0,75.0,70.0,vinculo_aps_abaixo_50pct,4
410370,Cambé,PR,Paraná,SUL,110923,13,13,1.171984169198453,8532.538461538461,11.863221304655173,111009,33875.0,30.515543784738174,6,52.0,2,2,29.0,22.0,50.0,66.0,53.0,92.0,vinculo_aps_abaixo_50pct,4
431680,Santa Cruz do Sul,RS,Rio Grande do Sul,SUL,138270,43,43,3.1098575251319884,3215.5813953488373,0.0,138104,35227.0,25.507588484041012,6,52.166666666666664,2,1,34.0,29.0,59.0,67.0,50.0,74.0,vinculo_aps_abaixo_50pct,4
353800,Pindamonhangaba,SP,São Paulo,SUDESTE,172681,32,31,1.853128022191208,5396.28125,6.706182830514498,172027,53176.0,30.91142669464677,6,52.166666666666664,3,1,31.0,24.0,47.0,70.0,54.0,87.0,vinculo_aps_abaixo_50pct,4
311800,Congonhas,MG,Minas Gerais,SUDESTE,55272,21,21,3.7993920972644375,2632.0,0.0,54986,17882.0,32.52100534681555,6,52.166666666666664,3,0,38.0,51.0,50.0,44.0,32.0,98.0,vinculo_aps_abaixo_50pct,4
410960,Guaratuba,PR,Paraná,SUL,44913,7,7,1.5585687885467459,6416.142857142857,3.067180462627028,44323,17459.0,39.390384224894525,6,52.166666666666664,2,1,33.0,3.0,53.0,80.0,61.0,83.0,vinculo_aps_abaixo_50pct,4
130070,Boca do Acre,AM,Amazonas,NORTE,38792,5,5,1.2889255516601361,7758.4,3.6951676464771364,38246,17777.0,46.480677717931286,6,52.166666666666664,3,0,31.0,43.0,62.0,67.0,45.0,65.0,vinculo_aps_abaixo_50pct,4
430820,Flores da Cunha,RS,Rio Grande do Sul,SUL,32015,6,6,1.8741215055442761,5335.833333333333,1.1761134306549168,31973,8357.0,26.137678666374754,6,52.333333333333336,3,0,51.0,50.0,41.0,42.0,39.0,91.0,vinculo_aps_abaixo_50pct,4
352470,Jaguariúna,SP,São Paulo,SUDESTE,62309,13,13,2.0863759649488838,4793.0,0.9664673356450793,61801,16631.0,26.910567790165207,6,52.333333333333336,2,0,40.0,30.0,53.0,66.0,54.0,71.0,vinculo_aps_abaixo_50pct,4
410180,Araucária,PR,Paraná,SUL,162247,19,19,1.1710540102436409,8539.315789473685,17.367417641214065,160038,48119.0,30.067234031917415,6,52.333333333333336,3,1,35.0,24.0,61.0,55.0,49.0,90.0,vinculo_aps_abaixo_50pct,4
520025,Águas Lindas de Goiás,GO,Goiás,CENTRO-OESTE,245352,34,29,1.385764126642538,7216.235294117647,20.995276665252074,240613,76645.0,31.85405609838205,6,52.333333333333336,2,2,19.0,13.0,63.0,87.0,61.0,71.0,vinculo_aps_abaixo_50pct,4
410490,Castro,PR,Paraná,SUL,75644,24,22,3.1727565966897573,3151.8333333333335,0.0,75291,29499.0,39.17998167111607,6,52.333333333333336,2,0,36.0,32.0,62.0,64.0,50.0,70.0,vinculo_aps_abaixo_50pct,4
412240,Rolândia,PR,Paraná,SUL,75818,10,10,1.3189480070695614,7581.8,6.9944890859095565,74935,23714.0,31.646093280843395,6,52.5,3,1,32.0,22.0,44.0,72.0,62.0,83.0,vinculo_aps_abaixo_50pct,4
353390,Olímpia,SP,São Paulo,SUDESTE,56874,9,9,1.5824454056335058,6319.333333333333,3.748220373420825,56701,18072.0,31.872453748611136,6,52.5,2,2,25.0,17.0,64.0,63.0,55.0,91.0,vinculo_aps_abaixo_50pct,4
355160,Serra Negra,SP,São Paulo,SUDESTE,31047,10,10,3.2209231165652072,3104.7,0.0,30920,9892.0,31.99223803363519,6,52.5,3,1,33.0,26.0,67.0,58.0,34.0,97.0,vinculo_aps_abaixo_50pct,4
351140,Cerqueira César,SP,São Paulo,SUDESTE,22210,13,12,5.85321927059883,1708.4615384615386,0.0,22076,7111.0,32.211451349882225,6,52.5,2,2,18.0,14.0,51.0,71.0,65.0,96.0,vinculo_aps_abaixo_50pct,4
500720,Rio Brilhante,MS,Mato Grosso do Sul,CENTRO-OESTE,40419,13,13,3.2163091615329424,3109.153846153846,0.0,39936,13018.0,32.59715544871795,6,52.5,3,0,31.0,32.0,53.0,61.0,42.0,96.0,vinculo_aps_abaixo_50pct,4
110015,Ouro Preto do Oeste,RO,Rondônia,NORTE,38684,7,7,1.8095336573260263,5526.285714285715,1.6709596111652285,38681,14544.0,37.59985522607999,6,52.5,2,2,27.0,18.0,62.0,80.0,62.0,66.0,vinculo_aps_abaixo_50pct,4
431880,São Lourenço do Sul,RS,Rio Grande do Sul,SUL,43278,15,14,3.4659642312491337,2885.2,0.0,43283,14925.0,34.48236028001756,6,52.666666666666664,2,1,39.0,15.0,53.0,64.0,52.0,93.0,vinculo_aps_abaixo_50pct,4
355710,Votuporanga,SP,São Paulo,SUDESTE,100568,18,16,1.789833744332193,5587.111111111111,4.54216384488845,100159,34701.0,34.64591299833265,6,52.666666666666664,1,0,32.0,50.0,52.0,55.0,51.0,76.0,vinculo_aps_abaixo_50pct,4
500790,Sidrolândia,MS,Mato Grosso do Sul,CENTRO-OESTE,49735,15,15,3.015984719010757,3315.6666666666665,0.0,49374,19069.0,38.62154170211042,6,52.666666666666664,2,2,24.0,16.0,66.0,73.0,53.0,84.0,vinculo_aps_abaixo_50pct,4
351360,Cunha,SP,São Paulo,SUDESTE,22460,7,7,3.116651825467498,3208.5714285714284,0.0,22456,9444.0,42.05557534734592,6,52.666666666666664,3,2,20.0,7.0,34.0,90.0,69.0,96.0,vinculo_aps_abaixo_50pct,4
500740,Rio Verde de Mato Grosso,MS,Mato Grosso do Sul,CENTRO-OESTE,20454,12,12,5.866823115283074,1704.5,0.0,20393,9525.0,46.70720345216496,6,52.666666666666664,2,2,28.0,10.0,66.0,78.0,61.0,73.0,vinculo_aps_abaixo_50pct,4
292200,Mucuri,BA,Bahia,NORDESTE,40114,15,15,3.7393428728124847,2674.266666666667,0.0,40005,19567.0,48.911386076740406,6,52.666666666666664,3,1,44.0,27.0,40.0,61.0,55.0,89.0,vinculo_aps_abaixo_50pct,4
150120,Baião,PA,Pará,NORTE,56850,14,14,2.4626209322779244,4060.714285714286,0.0,55949,22236.0,39.74333768253231,6,52.833333333333336,2,2,17.0,24.0,53.0,80.0,57.0,86.0,vinculo_aps_abaixo_50pct,4
521040,Itaberaí,GO,Goiás,CENTRO-OESTE,47603,14,13,2.9409911140054197,3400.214285714286,0.0,46943,19187.0,40.872973606288475,6,52.833333333333336,2,2,21.0,9.0,71.0,76.0,50.0,90.0,vinculo_aps_abaixo_50pct,4
500568,Mundo Novo,MS,Mato Grosso do Sul,CENTRO-OESTE,20087,5,5,2.489172101359088,4017.4,0.0,19937,8448.0,42.373476450820085,6,52.833333333333336,3,1,39.0,15.0,56.0,73.0,46.0,88.0,vinculo_aps_abaixo_50pct,4
130080,Borba,AM,Amazonas,NORTE,34869,9,9,2.5810892196506923,3874.3333333333335,0.0,34879,16390.0,46.991026118868085,6,52.833333333333336,2,0,56.0,35.0,56.0,64.0,33.0,73.0,vinculo_aps_abaixo_50pct,4
410720,Dois Vizinhos,PR,Paraná,SUL,47589,17,17,3.5722540923322614,2799.3529411764707,0.0,47014,13598.0,28.92329944271919,6,53.0,3,1,36.0,21.0,47.0,65.0,54.0,95.0,vinculo_aps_abaixo_50pct,4
312610,Formiga,MG,Minas Gerais,SUDESTE,70897,18,18,2.538894452515621,3938.722222222222,0.0,70668,23051.0,32.618724175015565,6,53.0,3,0,35.0,54.0,40.0,54.0,39.0,96.0,vinculo_aps_abaixo_50pct,4
311940,Coronel Fabriciano,MG,Minas Gerais,SUDESTE,108708,19,18,1.7478014497553076,5721.473684210527,5.366732432285953,108551,37343.0,34.40134130500871,6,53.0,3,1,53.0,29.0,37.0,56.0,47.0,96.0,vinculo_aps_abaixo_50pct,4
420550,Fraiburgo,SC,Santa Catarina,SUL,34065,8,8,2.3484514897989137,4258.125,0.0,34148,12747.0,37.328686892350945,6,53.0,2,1,30.0,26.0,62.0,68.0,61.0,71.0,vinculo_aps_abaixo_50pct,4
130350,Pauini,AM,Amazonas,NORTE,20229,4,4,1.9773592367393347,5057.25,0.5342995030054133,20232,8250.0,40.77698695136417,6,53.0,3,0,40.0,37.0,60.0,71.0,40.0,70.0,vinculo_aps_abaixo_50pct,4
150543,Ourilândia do Norte,PA,Pará,NORTE,35252,11,10,3.1203903324634066,3204.7272727272725,0.0,34905,17005.0,48.717948717948715,6,53.0,2,0,33.0,73.0,56.0,58.0,45.0,53.0,vinculo_aps_abaixo_50pct,4
410420,Campo Largo,PR,Paraná,SUL,144504,20,20,1.3840447323257488,7225.2,12.390351247332752,142695,38201.0,26.771085181681208,6,53.166666666666664,2,2,21.0,27.0,55.0,70.0,52.0,94.0,vinculo_aps_abaixo_50pct,4
421900,Urussanga,SC,Santa Catarina,SUL,21464,10,9,4.658963846440551,2146.4,0.0,21395,6441.0,30.105164758121056,6,53.166666666666664,3,1,44.0,11.0,49.0,67.0,52.0,96.0,vinculo_aps_abaixo_50pct,4
410550,Cianorte,PR,Paraná,SUL,82988,17,16,2.0484889381597338,4881.64705882353,1.6016336524501102,82359,25235.0,30.640245753348143,6,53.166666666666664,2,0,30.0,37.0,61.0,62.0,51.0,78.0,vinculo_aps_abaixo_50pct,4
350210,Andradina,SP,São Paulo,SUDESTE,61625,9,9,1.460446247464503,6847.222222222223,4.813149778669663,61473,20911.0,34.01656011582321,6,53.166666666666664,2,1,36.0,25.0,58.0,66.0,56.0,78.0,vinculo_aps_abaixo_50pct,4
411690,Nova Esperança,PR,Paraná,SUL,27142,9,8,3.3158941861321938,3015.777777777778,0.0,27142,10519.0,38.75543438213838,6,53.166666666666664,2,2,23.0,13.0,55.0,69.0,60.0,99.0,vinculo_aps_abaixo_50pct,4
521010,Ipameri,GO,Goiás,CENTRO-OESTE,26223,12,11,4.576135453609427,2185.25,0.0,26163,11818.0,45.17066085693537,6,53.166666666666664,2,2,7.0,10.0,74.0,66.0,71.0,91.0,vinculo_aps_abaixo_50pct,4
431350,Osório,RS,Rio Grande do Sul,SUL,48999,8,8,1.6326863813547214,6124.875,2.983051131927543,48929,16041.0,32.78423838623311,6,53.333333333333336,2,1,33.0,21.0,55.0,77.0,51.0,83.0,vinculo_aps_abaixo_50pct,4
521710,Piracanjuba,GO,Goiás,CENTRO-OESTE,25373,8,8,3.152957868600481,3171.625,0.0,25309,8752.0,34.58058398198269,6,53.333333333333336,2,2,19.0,7.0,64.0,76.0,66.0,88.0,vinculo_aps_abaixo_50pct,4
352920,Martinópolis,SP,São Paulo,SUDESTE,25240,14,14,5.546751188589541,1802.857142857143,0.0,25299,9296.0,36.74453535712874,6,53.333333333333336,3,1,34.0,26.0,42.0,68.0,58.0,92.0,vinculo_aps_abaixo_50pct,4
315140,Pitangui,MG,Minas Gerais,SUDESTE,27834,11,11,3.952001149673062,2530.3636363636365,0.0,27734,10684.0,38.523112425182084,6,53.333333333333336,3,0,36.0,30.0,51.0,65.0,45.0,93.0,vinculo_aps_abaixo_50pct,4
280060,Barra dos Coqueiros,SE,Sergipe,NORDESTE,45175,14,12,3.099059214167128,3226.785714285714,0.0,44384,17204.0,38.76171593366979,6,53.333333333333336,3,1,23.0,43.0,58.0,72.0,46.0,78.0,vinculo_aps_abaixo_50pct,4
431850,São José do Norte,RS,Rio Grande do Sul,SUL,26248,10,10,3.809814081072844,2624.8,0.0,26245,10646.0,40.563916936559345,6,53.333333333333336,2,2,25.0,10.0,62.0,85.0,58.0,80.0,vinculo_aps_abaixo_50pct,4
292990,Seabra,BA,Bahia,NORDESTE,48721,11,11,2.257753330186162,4429.181818181818,0.0,48530,20101.0,41.41974036678343,6,53.333333333333336,2,2,24.0,11.0,53.0,89.0,60.0,83.0,vinculo_aps_abaixo_50pct,4
430850,Frederico Westphalen,RS,Rio Grande do Sul,SUL,33726,6,6,1.7790428749332858,5621.0,1.5596314715685689,33684,9695.0,28.78221113881962,6,53.5,2,1,28.0,36.0,65.0,70.0,52.0,70.0,vinculo_aps_abaixo_50pct,4
211120,São José de Ribamar,MA,Maranhão,NORDESTE,259164,37,37,1.4276674229445447,7004.4324324324325,21.091215403474962,257414,102644.0,39.8750650702759,6,53.5,3,2,22.0,21.0,69.0,84.0,46.0,79.0,vinculo_aps_abaixo_50pct,4
500500,Jardim,MS,Mato Grosso do Sul,CENTRO-OESTE,24504,12,10,4.897159647404505,2042.0,0.0,24509,10671.0,43.539108082745116,6,53.5,2,2,27.0,14.0,65.0,71.0,51.0,93.0,vinculo_aps_abaixo_50pct,4
351310,Cravinhos,SP,São Paulo,SUDESTE,34307,15,15,4.3722855393942925,2287.133333333333,0.0,34252,9764.0,28.506364591848648,6,53.666666666666664,2,2,27.0,26.0,72.0,51.0,60.0,86.0,vinculo_aps_abaixo_50pct,4
352180,Itaí,SP,São Paulo,SUDESTE,25979,9,8,3.4643365795450167,2886.5555555555557,0.0,25930,7405.0,28.557655225607405,6,53.666666666666664,3,2,29.0,23.0,57.0,70.0,49.0,94.0,vinculo_aps_abaixo_50pct,4
510787,Sapezal,MT,Mato Grosso,CENTRO-OESTE,32514,8,8,2.4604785630805193,4064.25,0.0,31499,9035.0,28.683450268262483,6,53.666666666666664,3,1,35.0,26.0,64.0,63.0,44.0,90.0,vinculo_aps_abaixo_50pct,4
420380,Canoinhas,SC,Santa Catarina,SUL,56948,24,24,4.214371005127485,2372.8333333333335,0.0,56721,16937.0,29.860192873891506,6,53.666666666666664,3,0,37.0,33.0,42.0,67.0,52.0,91.0,vinculo_aps_abaixo_50pct,4
410210,Astorga,PR,Paraná,SUL,26203,8,8,3.0530855245582567,3275.375,0.0,26145,9278.0,35.48670873972079,6,53.666666666666664,2,1,39.0,16.0,50.0,69.0,53.0,95.0,vinculo_aps_abaixo_50pct,4
521975,Santo Antônio do Descoberto,GO,Goiás,CENTRO-OESTE,75221,23,22,3.0576567713803326,3270.478260869565,0.0,74614,27303.0,36.59232851743641,6,53.666666666666664,2,2,20.0,15.0,70.0,81.0,51.0,85.0,vinculo_aps_abaixo_50pct,4
150080,Ananindeua,PA,Pará,NORTE,509227,73,69,1.4335453540366085,6975.712328767123,41.142455534971454,507838,195481.0,38.492787069892366,6,53.666666666666664,2,1,28.0,54.0,64.0,65.0,43.0,68.0,vinculo_aps_abaixo_50pct,4
430700,Erechim,RS,Rio Grande do Sul,SUL,109609,13,13,1.186033993558923,8431.461538461539,11.568690208360294,109497,27501.0,25.115756596071126,6,53.833333333333336,2,1,30.0,19.0,58.0,76.0,50.0,90.0,vinculo_aps_abaixo_50pct,4
352670,Leme,SP,São Paulo,SUDESTE,101537,19,19,1.8712390557136807,5344.0526315789475,3.759363717270289,101316,30086.0,29.695211022938135,6,53.833333333333336,2,2,20.0,22.0,52.0,72.0,63.0,94.0,vinculo_aps_abaixo_50pct,4
522060,Silvânia,GO,Goiás,CENTRO-OESTE,23150,9,9,3.8876889848812093,2572.222222222222,0.0,22939,8301.0,36.187279305985435,6,53.833333333333336,3,0,45.0,44.0,45.0,52.0,53.0,84.0,vinculo_aps_abaixo_50pct,4
353550,Paraguaçu Paulista,SP,São Paulo,SUDESTE,42049,13,13,3.0916311921805515,3234.5384615384614,0.0,42087,16385.0,38.93126143464728,6,53.833333333333336,3,0,41.0,41.0,43.0,67.0,59.0,72.0,vinculo_aps_abaixo_50pct,4
431080,Ivoti,RS,Rio Grande do Sul,SUL,23566,5,5,2.121700755325469,4713.2,0.2822829644483449,23533,4565.0,19.398291760506524,6,54.0,2,0,38.0,30.0,50.0,68.0,50.0,88.0,vinculo_aps_abaixo_50pct,4
430860,Garibaldi,RS,Rio Grande do Sul,SUL,35563,6,6,1.687146753648455,5927.166666666667,1.9713922203461123,35522,7660.0,21.564101120432408,6,54.0,2,2,28.0,15.0,56.0,71.0,57.0,97.0,vinculo_aps_abaixo_50pct,4
353470,Ourinhos,SP,São Paulo,SUDESTE,106911,18,18,1.6836434043269637,5939.5,5.963937622512814,106877,27665.0,25.884895721249663,6,54.0,3,2,22.0,17.0,49.0,79.0,65.0,92.0,vinculo_aps_abaixo_50pct,4
421630,São João Batista,SC,Santa Catarina,SUL,35336,13,13,3.6789676250848995,2718.153846153846,0.0,34733,9250.0,26.63173350991852,6,54.0,2,2,24.0,24.0,62.0,67.0,57.0,90.0,vinculo_aps_abaixo_50pct,4
421250,Penha,SC,Santa Catarina,SUL,36995,11,10,2.9733747803757264,3363.181818181818,0.0,36124,13503.0,37.37958144170081,6,54.0,2,2,28.0,24.0,60.0,64.0,55.0,93.0,vinculo_aps_abaixo_50pct,4
411570,Matinhos,PR,Paraná,SUL,42063,7,7,1.6641704110500917,6009.0,2.428357308562791,41416,18081.0,43.65704075719529,6,54.0,2,2,19.0,27.0,51.0,88.0,56.0,83.0,vinculo_aps_abaixo_50pct,4
500660,Ponta Porã,MS,Mato Grosso do Sul,CENTRO-OESTE,98598,24,24,2.4341264528692266,4108.25,0.0,97577,45765.0,46.90142144152823,6,54.0,3,0,40.0,34.0,64.0,72.0,45.0,69.0,vinculo_aps_abaixo_50pct,4
432180,Três de Maio,RS,Rio Grande do Sul,SUL,25466,11,11,4.319484803267101,2315.090909090909,0.0,25452,9390.0,36.892975011786895,6,54.166666666666664,3,1,42.0,26.0,50.0,64.0,48.0,95.0,vinculo_aps_abaixo_50pct,4
521760,Planaltina,GO,Goiás,CENTRO-OESTE,112304,33,30,2.9384527710500072,3403.151515151515,0.0,110619,42333.0,38.26919426138367,6,54.166666666666664,2,1,48.0,12.0,64.0,67.0,54.0,80.0,vinculo_aps_abaixo_50pct,4
352730,Louveira,SP,São Paulo,SUDESTE,54865,7,7,1.2758589264558462,7837.857142857143,5.297906086924317,54111,12965.0,23.960008131433536,6,54.333333333333336,2,1,42.0,24.0,56.0,60.0,50.0,94.0,vinculo_aps_abaixo_50pct,4
431000,Ibirubá,RS,Rio Grande do Sul,SUL,22106,7,7,3.1665611146295123,3158.0,0.0,22082,5900.0,26.71859433022371,6,54.333333333333336,3,1,29.0,31.0,50.0,70.0,49.0,97.0,vinculo_aps_abaixo_50pct,4
411790,Palotina,PR,Paraná,SUL,37039,10,9,2.6998569075838983,3703.9,0.0,36623,11718.0,31.996286486634084,6,54.333333333333336,2,1,34.0,25.0,64.0,72.0,64.0,67.0,vinculo_aps_abaixo_50pct,4
355040,São Pedro,SP,São Paulo,SUDESTE,39855,11,10,2.7600050181909426,3623.181818181818,0.0,39725,14703.0,37.011957205789805,6,54.333333333333336,3,0,37.0,32.0,35.0,69.0,62.0,91.0,vinculo_aps_abaixo_50pct,4
150808,Tucumã,PA,Pará,NORTE,42883,10,10,2.331926404402677,4288.3,0.0,42480,17363.0,40.873352165725045,6,54.333333333333336,2,1,30.0,11.0,66.0,74.0,63.0,82.0,vinculo_aps_abaixo_50pct,4
320390,Nova Venécia,ES,Espírito Santo,SUDESTE,52324,17,16,3.2489870804984324,3077.8823529411766,0.0,52084,22760.0,43.69864065739959,6,54.333333333333336,2,0,38.0,34.0,58.0,73.0,52.0,71.0,vinculo_aps_abaixo_50pct,4
350920,Cajamar,SP,São Paulo,SUDESTE,98365,12,11,1.2199461190464087,8197.083333333334,10.04836475422055,97363,31410.0,32.26071505602744,6,54.5,3,1,34.0,25.0,54.0,71.0,49.0,94.0,vinculo_aps_abaixo_50pct,4
500600,Nova Alvorada do Sul,MS,Mato Grosso do Sul,CENTRO-OESTE,23409,7,7,2.9903028749626213,3344.1428571428573,0.0,23054,7763.0,33.67311529452589,6,54.5,2,2,25.0,7.0,70.0,86.0,60.0,79.0,vinculo_aps_abaixo_50pct,4
290460,Brumado,BA,Bahia,NORDESTE,74368,18,18,2.42039586919105,4131.555555555556,0.0,74095,34247.0,46.22039273905122,6,54.5,2,1,36.0,19.0,57.0,68.0,51.0,96.0,vinculo_aps_abaixo_50pct,4
110018,Pimenta Bueno,RO,Rondônia,NORTE,39220,8,8,2.039775624681285,4902.5,0.7911031938243274,39053,11971.0,30.653214861854405,6,54.666666666666664,3,1,37.0,28.0,48.0,66.0,55.0,94.0,vinculo_aps_abaixo_50pct,4
230730,Juazeiro do Norte,CE,Ceará,NORDESTE,305531,54,53,1.7674147631500567,5657.981481481482,14.484307748912304,303004,131634.0,43.44299085160592,6,54.666666666666664,3,0,37.0,34.0,54.0,62.0,49.0,92.0,vinculo_aps_abaixo_50pct,4
260640,Gravatá,PE,Pernambuco,NORDESTE,92429,24,22,2.5965876510618964,3851.2083333333335,0.0,91887,45890.0,49.94177631220956,6,54.666666666666664,2,1,33.0,9.0,70.0,77.0,61.0,78.0,vinculo_aps_abaixo_50pct,4
510270,Canarana,MT,Mato Grosso,CENTRO-OESTE,28324,8,8,2.824459822059031,3540.5,0.0,27657,8467.0,30.6143110243338,6,54.833333333333336,2,1,37.0,20.0,64.0,73.0,50.0,85.0,vinculo_aps_abaixo_50pct,4
350290,Araçoiaba da Serra,SP,São Paulo,SUDESTE,33832,9,9,2.6602033577677937,3759.1111111111113,0.0,33656,12432.0,36.938435940099836,6,54.833333333333336,3,2,25.0,24.0,42.0,77.0,66.0,95.0,vinculo_aps_abaixo_50pct,4
230190,Barbalha,CE,Ceará,NORDESTE,81441,26,26,3.1924951805601602,3132.346153846154,0.0,80217,38534.0,48.03719909744817,6,54.833333333333336,2,0,31.0,30.0,58.0,68.0,50.0,92.0,vinculo_aps_abaixo_50pct,4
432120,Taquara,RS,Rio Grande do Sul,SUL,54353,9,9,1.6558423638069657,6039.222222222223,3.183142067667864,54360,16485.0,30.325607064017664,6,55.0,2,1,34.0,24.0,68.0,68.0,55.0,81.0,vinculo_aps_abaixo_50pct,4
330040,Barra Mansa,RJ,Rio de Janeiro,SUDESTE,181679,52,50,2.862191007216024,3493.826923076923,0.0,181688,63577.0,34.99240456166615,6,55.0,3,0,33.0,45.0,55.0,67.0,42.0,88.0,vinculo_aps_abaixo_50pct,4
230960,Pacajus,CE,Ceará,NORDESTE,75454,20,20,2.6506215707583425,3772.7,0.0,74825,34273.0,45.80420982292014,6,55.0,2,2,16.0,13.0,66.0,81.0,59.0,95.0,vinculo_aps_abaixo_50pct,4
421950,Xanxerê,SC,Santa Catarina,SUL,54891,16,16,2.914867646790913,3430.6875,0.0,54194,13857.0,25.56925120862088,6,55.166666666666664,2,2,29.0,18.0,58.0,89.0,65.0,72.0,vinculo_aps_abaixo_50pct,4
420670,Herval d'Oeste,SC,Santa Catarina,SUL,22222,10,10,4.5000450004500046,2222.2,0.0,22173,6349.0,28.633924141974475,6,55.166666666666664,2,1,36.0,21.0,60.0,70.0,53.0,91.0,vinculo_aps_abaixo_50pct,4
350580,Bastos,SP,São Paulo,SUDESTE,21936,6,6,2.735229759299781,3656.0,0.0,21900,7344.0,33.534246575342465,6,55.166666666666664,2,0,33.0,36.0,61.0,77.0,57.0,67.0,vinculo_aps_abaixo_50pct,4
150550,Paragominas,PA,Pará,NORTE,113498,27,27,2.378896544432501,4203.62962962963,0.0,112843,46939.0,41.59673174233227,6,55.166666666666664,2,2,20.0,13.0,74.0,87.0,56.0,81.0,vinculo_aps_abaixo_50pct,4
280480,Nossa Senhora do Socorro,SE,Sergipe,NORDESTE,204081,43,30,2.107006531720248,4746.069767441861,2.744444948976614,202450,93469.0,46.16893060014819,6,55.166666666666664,2,2,17.0,19.0,64.0,88.0,53.0,90.0,vinculo_aps_abaixo_50pct,4
260700,Inajá,PE,Pernambuco,NORDESTE,27758,9,9,3.2423085236688527,3084.222222222222,0.0,27488,13177.0,47.93728172293365,6,55.166666666666664,2,2,28.0,18.0,57.0,78.0,59.0,91.0,vinculo_aps_abaixo_50pct,4
150503,Novo Progresso,PA,Pará,NORTE,37054,9,9,2.428887569493172,4117.111111111111,0.0,36518,18058.0,49.44958650528506,6,55.166666666666664,2,2,28.0,13.0,59.0,96.0,59.0,76.0,vinculo_aps_abaixo_50pct,4
431405,Parobé,RS,Rio Grande do Sul,SUL,53569,14,14,2.6134518098153783,3826.3571428571427,0.0,53555,17925.0,33.47026421435907,6,55.333333333333336,2,1,38.0,15.0,56.0,77.0,58.0,88.0,vinculo_aps_abaixo_50pct,4
430610,Cruz Alta,RS,Rio Grande do Sul,SUL,60454,24,24,3.9699606312237403,2518.9166666666665,0.0,60486,22527.0,37.243329034817975,6,55.333333333333336,2,0,32.0,31.0,68.0,73.0,60.0,68.0,vinculo_aps_abaixo_50pct,4
500110,Aquidauana,MS,Mato Grosso do Sul,CENTRO-OESTE,48689,15,15,3.080777999137382,3245.9333333333334,0.0,48561,21460.0,44.19184118943185,6,55.333333333333336,2,1,35.0,17.0,75.0,79.0,50.0,76.0,vinculo_aps_abaixo_50pct,4
352340,Itatiba,SP,São Paulo,SUDESTE,127112,25,25,1.9667694631506072,5084.48,3.4919609682151442,126403,34019.0,26.91312706185771,6,55.5,2,1,32.0,22.0,64.0,64.0,58.0,93.0,vinculo_aps_abaixo_50pct,4
430780,Estrela,RS,Rio Grande do Sul,SUL,33263,8,8,2.405074707633106,4157.875,0.0,33243,9780.0,29.419727461420447,6,55.5,2,2,29.0,14.0,54.0,74.0,66.0,96.0,vinculo_aps_abaixo_50pct,4
311420,Carmo do Cajuru,MG,Minas Gerais,SUDESTE,24581,9,9,3.6613644684919247,2731.222222222222,0.0,24376,7375.0,30.255169018706923,6,55.5,3,0,42.0,45.0,56.0,62.0,46.0,82.0,vinculo_aps_abaixo_50pct,4
431020,Ijuí,RS,Rio Grande do Sul,SUL,87848,25,22,2.845824606137875,3513.92,0.0,87775,28464.0,32.42836798632868,6,55.5,2,0,36.0,42.0,56.0,61.0,51.0,87.0,vinculo_aps_abaixo_50pct,4
522160,Uruaçu,GO,Goiás,CENTRO-OESTE,44533,13,13,2.9191835268228057,3425.6153846153848,0.0,44150,14350.0,32.50283125707814,6,55.5,2,2,13.0,11.0,73.0,75.0,75.0,86.0,vinculo_aps_abaixo_50pct,4
311100,Campestre,MG,Minas Gerais,SUDESTE,21155,10,10,4.727014890096904,2115.5,0.0,21143,6907.0,32.66802251336139,6,55.5,2,2,28.0,27.0,66.0,63.0,68.0,81.0,vinculo_aps_abaixo_50pct,4
421830,Três Barras,SC,Santa Catarina,SUL,20525,3,3,1.4616321559074301,6841.666666666667,1.6006474516380496,20373,6715.0,32.960290580670495,6,55.5,3,2,27.0,17.0,46.0,91.0,65.0,87.0,vinculo_aps_abaixo_50pct,4
316940,Três Pontas,MG,Minas Gerais,SUDESTE,57209,17,17,2.9715604188152214,3365.235294117647,0.0,57086,19147.0,33.54062291980521,6,55.5,3,0,41.0,49.0,50.0,64.0,30.0,99.0,vinculo_aps_abaixo_50pct,4
313010,Igarapé,MG,Minas Gerais,SUDESTE,49120,14,12,2.8501628664495113,3508.5714285714284,0.0,48475,17555.0,36.21454357916451,6,55.5,2,0,48.0,44.0,52.0,72.0,50.0,67.0,vinculo_aps_abaixo_50pct,4
110011,Jaru,RO,Rondônia,NORTE,55682,12,12,2.1550950037714163,4640.166666666667,0.48103539108939797,55583,20862.0,37.53305866901751,6,55.5,2,2,24.0,26.0,56.0,72.0,59.0,96.0,vinculo_aps_abaixo_50pct,4
521890,Rubiataba,GO,Goiás,CENTRO-OESTE,20186,9,9,4.458535618745666,2242.8888888888887,0.0,20132,8529.0,42.36538843632028,6,55.5,2,1,77.0,15.0,55.0,61.0,49.0,76.0,vinculo_aps_abaixo_50pct,4
320300,Iúna,ES,Espírito Santo,SUDESTE,30556,11,11,3.599947637125278,2777.818181818182,0.0,30444,12936.0,42.49113125739062,6,55.5,3,0,36.0,42.0,44.0,73.0,50.0,88.0,vinculo_aps_abaixo_50pct,4
351740,Guaíra,SP,São Paulo,SUDESTE,40489,8,7,1.9758452913136901,5061.125,1.075547608739245,40424,13722.0,33.94518108054621,6,55.666666666666664,2,1,36.0,26.0,60.0,64.0,51.0,97.0,vinculo_aps_abaixo_50pct,4
510700,Poxoréu,MT,Mato Grosso,CENTRO-OESTE,25103,7,7,2.788511333306776,3586.1428571428573,0.0,24587,8813.0,35.84414528002603,6,55.666666666666664,2,1,32.0,7.0,70.0,84.0,68.0,73.0,vinculo_aps_abaixo_50pct,4
411180,Jacarezinho,PR,Paraná,SUL,41493,11,11,2.6510495746270455,3772.090909090909,0.0,41400,16875.0,40.76086956521739,6,55.666666666666664,2,0,38.0,35.0,60.0,70.0,57.0,74.0,vinculo_aps_abaixo_50pct,4
172120,Tocantinópolis,TO,Tocantins,NORTE,23225,5,5,2.1528525296017222,4645.0,0.20584833443574715,23203,11221.0,48.36012584579581,6,55.666666666666664,2,0,35.0,54.0,64.0,70.0,46.0,65.0,vinculo_aps_abaixo_50pct,4
411070,Irati,PR,Paraná,SUL,61004,15,15,2.4588551570388826,4066.9333333333334,0.0,60796,17889.0,29.424633199552602,6,55.833333333333336,2,2,26.0,0.0,51.0,82.0,77.0,99.0,vinculo_aps_abaixo_50pct,4
354070,Porto Ferreira,SP,São Paulo,SUDESTE,53966,12,12,2.2236222806952526,4497.166666666667,0.09639660780019481,53940,16664.0,30.893585465331853,6,55.833333333333336,3,0,36.0,63.0,44.0,52.0,48.0,92.0,vinculo_aps_abaixo_50pct,4
510480,Jaciara,MT,Mato Grosso,CENTRO-OESTE,29803,8,8,2.684293527497232,3725.375,0.0,29560,10621.0,35.93031123139377,6,55.833333333333336,2,1,66.0,80.0,49.0,51.0,27.0,62.0,vinculo_aps_abaixo_50pct,4
353880,Piraju,SP,São Paulo,SUDESTE,30294,10,10,3.300983693140556,3029.4,0.0,30261,11714.0,38.70989061828756,6,55.833333333333336,2,1,46.0,28.0,59.0,56.0,50.0,96.0,vinculo_aps_abaixo_50pct,4
354640,Santa Cruz do Rio Pardo,SP,São Paulo,SUDESTE,47759,11,10,2.3032308046650893,4341.727272727273,0.0,47677,15874.0,33.29488013088071,6,56.0,2,1,42.0,23.0,62.0,61.0,52.0,96.0,vinculo_aps_abaixo_50pct,4
150650,Santa Izabel do Pará,PA,Pará,NORTE,79195,28,28,3.5355767409558685,2828.3928571428573,0.0,78317,31576.0,40.31819400640985,6,56.0,2,2,23.0,11.0,66.0,90.0,55.0,91.0,vinculo_aps_abaixo_50pct,4
412090,Quedas do Iguaçu,PR,Paraná,SUL,31423,12,11,3.8188587976959547,2618.5833333333335,0.0,31405,14025.0,44.65849387040281,6,56.0,2,1,30.0,28.0,52.0,71.0,59.0,96.0,vinculo_aps_abaixo_50pct,4
231290,Sobral,CE,Ceará,NORDESTE,216519,45,42,2.0783395452593076,4811.533333333334,3.532403682397996,215286,102902.0,47.7978131415884,6,56.0,2,0,43.0,32.0,65.0,67.0,57.0,72.0,vinculo_aps_abaixo_50pct,4
420845,Itapoá,SC,Santa Catarina,SUL,36033,13,12,3.607803957483418,2771.769230769231,0.0,34546,11813.0,34.19498639495166,6,56.166666666666664,3,0,32.0,30.0,41.0,90.0,58.0,86.0,vinculo_aps_abaixo_50pct,4
350220,Angatuba,SP,São Paulo,SUDESTE,24573,6,2,2.4417043096081064,4095.5,0.0,24512,8708.0,35.52545691906005,6,56.166666666666664,2,0,31.0,37.0,51.0,65.0,57.0,96.0,vinculo_aps_abaixo_50pct,4
310740,Bom Despacho,MG,Minas Gerais,SUDESTE,54377,18,18,3.310223072254814,3020.9444444444443,0.0,53995,19505.0,36.123715158810995,6,56.166666666666664,2,1,31.0,27.0,72.0,75.0,54.0,78.0,vinculo_aps_abaixo_50pct,4
350130,Álvares Machado,SP,São Paulo,SUDESTE,28386,9,9,3.170577045022194,3154.0,0.0,28250,10396.0,36.8,6,56.166666666666664,2,0,33.0,41.0,54.0,64.0,54.0,91.0,vinculo_aps_abaixo_50pct,4
510562,Mirassol d'Oeste,MT,Mato Grosso,CENTRO-OESTE,27637,8,8,2.894670188515396,3454.625,0.0,27511,11803.0,42.90283886445422,6,56.166666666666664,3,1,29.0,49.0,69.0,49.0,63.0,78.0,vinculo_aps_abaixo_50pct,4
350710,Bom Jesus dos Perdões,SP,São Paulo,SUDESTE,22579,3,3,1.328668231542584,7526.333333333333,2.06104841951452,22501,7617.0,33.851828807608555,6,56.333333333333336,3,1,34.0,10.0,47.0,80.0,76.0,91.0,vinculo_aps_abaixo_50pct,4
421280,Balneário Piçarras,SC,Santa Catarina,SUL,30593,10,10,3.2687216029810737,3059.3,0.0,29725,10911.0,36.70647603027754,6,56.333333333333336,2,1,31.0,29.0,71.0,71.0,52.0,84.0,vinculo_aps_abaixo_50pct,4
520330,Bela Vista de Goiás,GO,Goiás,CENTRO-OESTE,37305,11,11,2.948666398606085,3391.3636363636365,0.0,36583,13913.0,38.03132602574967,6,56.333333333333336,2,0,39.0,55.0,38.0,82.0,53.0,71.0,vinculo_aps_abaixo_50pct,4
311160,Campos Gerais,MG,Minas Gerais,SUDESTE,26749,14,13,5.23384051740252,1910.642857142857,0.0,26809,10968.0,40.91163415270991,6,56.333333333333336,2,1,30.0,29.0,68.0,66.0,52.0,93.0,vinculo_aps_abaixo_50pct,4
510335,Confresa,MT,Mato Grosso,CENTRO-OESTE,38460,9,9,2.3400936037441498,4273.333333333333,0.0,37541,15403.0,41.02980741056445,6,56.333333333333336,2,1,45.0,6.0,50.0,90.0,65.0,82.0,vinculo_aps_abaixo_50pct,4
320090,Barra de São Francisco,ES,Espírito Santo,SUDESTE,45415,17,16,3.743256633270946,2671.470588235294,0.0,45250,19813.0,43.78563535911602,6,56.333333333333336,2,0,30.0,38.0,70.0,57.0,50.0,93.0,vinculo_aps_abaixo_50pct,4
420570,Garopaba,SC,Santa Catarina,SUL,34070,11,11,3.228646903434106,3097.2727272727275,0.0,32962,11311.0,34.31527213154541,6,56.5,2,1,38.0,26.0,63.0,70.0,61.0,81.0,vinculo_aps_abaixo_50pct,4
350940,Cajuru,SP,São Paulo,SUDESTE,24233,12,7,4.951925060867412,2019.4166666666667,0.0,24217,8982.0,37.08964776809679,6,56.5,2,0,42.0,37.0,56.0,63.0,61.0,80.0,vinculo_aps_abaixo_50pct,4
320470,São Gabriel da Palha,ES,Espírito Santo,SUDESTE,34272,5,4,1.4589169000933706,6854.4,2.6820165389787696,34210,13036.0,38.105817012569425,6,56.5,2,0,46.0,30.0,56.0,60.0,53.0,94.0,vinculo_aps_abaixo_50pct,4
420690,Ibirama,SC,Santa Catarina,SUL,20900,8,8,3.827751196172249,2612.5,0.0,20663,5250.0,25.40773363016019,6,56.666666666666664,2,2,22.0,20.0,66.0,81.0,60.0,91.0,vinculo_aps_abaixo_50pct,4
350790,Brotas,SP,São Paulo,SUDESTE,24501,7,7,2.8570262438267826,3500.1428571428573,0.0,24423,6502.0,26.622446054948206,6,56.666666666666664,2,2,24.0,11.0,54.0,97.0,76.0,78.0,vinculo_aps_abaixo_50pct,4
412660,Siqueira Campos,PR,Paraná,SUL,24031,11,10,4.577420831426075,2184.6363636363635,0.0,23712,6932.0,29.234143049932527,6,56.666666666666664,2,2,27.0,29.0,63.0,57.0,65.0,99.0,vinculo_aps_abaixo_50pct,4
431370,Palmeira das Missões,RS,Rio Grande do Sul,SUL,34227,14,13,4.090338037222076,2444.785714285714,0.0,34233,13752.0,40.1717640872842,6,56.666666666666664,3,0,37.0,62.0,44.0,63.0,42.0,92.0,vinculo_aps_abaixo_50pct,4
521460,Niquelândia,GO,Goiás,CENTRO-OESTE,33890,12,12,3.5408675125405726,2824.1666666666665,0.0,34466,14721.0,42.71165786572274,6,56.666666666666664,2,2,14.0,11.0,80.0,75.0,74.0,86.0,vinculo_aps_abaixo_50pct,4
355410,Taubaté,SP,São Paulo,SUDESTE,322397,58,49,1.7990241844682178,5558.568965517241,14.264795930121918,321298,73200.0,22.78258812691022,6,56.833333333333336,2,2,26.0,19.0,73.0,83.0,54.0,86.0,vinculo_aps_abaixo_50pct,4
500240,Caarapó,MS,Mato Grosso do Sul,CENTRO-OESTE,32748,7,7,2.137535116648345,4678.285714285715,0.340414262910736,32406,8693.0,26.825279269271125,6,56.833333333333336,2,1,46.0,17.0,60.0,66.0,56.0,96.0,vinculo_aps_abaixo_50pct,4
411200,Jaguariaíva,PR,Paraná,SUL,36384,5,4,1.3742304309586633,7276.8,3.1554181184116343,36231,12313.0,33.98470922690514,6,56.833333333333336,3,0,37.0,31.0,48.0,75.0,55.0,95.0,vinculo_aps_abaixo_50pct,4
411995,Pontal do Paraná,PR,Paraná,SUL,33131,5,5,1.5091606048715704,6626.2,2.426263128877965,32426,10405.0,32.08844754209585,6,57.0,3,1,20.0,44.0,74.0,95.0,44.0,65.0,vinculo_aps_abaixo_50pct,4
110032,São Miguel do Guaporé,RO,Rondônia,NORTE,22305,4,4,1.7933198834342077,5576.25,0.9996317373343092,22267,7940.0,35.658148830107336,6,57.0,2,2,19.0,15.0,80.0,96.0,72.0,60.0,vinculo_aps_abaixo_50pct,4
314590,Ouro Branco,MG,Minas Gerais,SUDESTE,40638,21,13,5.167577144544515,1935.142857142857,0.0,40411,14474.0,35.816980525104555,6,57.0,3,0,49.0,59.0,48.0,50.0,40.0,96.0,vinculo_aps_abaixo_50pct,4
313900,Machado,MG,Minas Gerais,SUDESTE,38809,15,14,3.865082841608905,2587.266666666667,0.0,38831,14566.0,37.51126677139399,6,57.0,2,0,50.0,60.0,42.0,54.0,40.0,96.0,vinculo_aps_abaixo_50pct,4
311730,Conceição das Alagoas,MG,Minas Gerais,SUDESTE,30278,13,8,4.293546469383711,2329.076923076923,0.0,29949,11458.0,38.25837256669672,6,57.0,3,0,43.0,55.0,49.0,59.0,44.0,92.0,vinculo_aps_abaixo_50pct,4
311330,Carangola,MG,Minas Gerais,SUDESTE,32134,13,13,4.045559220763055,2471.846153846154,0.0,32165,15062.0,46.827296751127,6,57.166666666666664,2,0,38.0,65.0,50.0,53.0,43.0,94.0,vinculo_aps_abaixo_50pct,4
521523,Novo Gama,GO,Goiás,CENTRO-OESTE,107663,24,20,2.229178083464143,4485.958333333333,0.13249727579572956,107092,43261.0,40.39610801927315,6,57.333333333333336,2,1,28.0,43.0,50.0,81.0,55.0,87.0,vinculo_aps_abaixo_50pct,4
420890,Jaraguá do Sul,SC,Santa Catarina,SUL,199519,38,37,1.9045805161413198,5250.5,6.7218796055236085,195753,38163.0,19.49548665920829,6,57.5,2,0,30.0,60.0,63.0,72.0,45.0,75.0,vinculo_aps_abaixo_50pct,4
355480,Tremembé,SP,São Paulo,SUDESTE,53426,11,11,2.0589226219443715,4856.909090909091,0.9753564312406564,53083,13796.0,25.989488160051238,6,57.5,2,1,29.0,42.0,61.0,72.0,51.0,90.0,vinculo_aps_abaixo_50pct,4
420140,Araranguá,SC,Santa Catarina,SUL,76611,25,18,3.2632389604625964,3064.44,0.0,75597,20109.0,26.600261915155365,6,57.5,2,1,33.0,19.0,62.0,74.0,66.0,91.0,vinculo_aps_abaixo_50pct,4
354680,Santa Isabel,SP,São Paulo,SUDESTE,54691,12,12,2.1941452889872193,4557.583333333333,0.25890425225513114,54586,19179.0,35.13538269886051,6,57.5,2,1,30.0,27.0,73.0,80.0,58.0,77.0,vinculo_aps_abaixo_50pct,4
316292,São Joaquim de Bicas,MG,Minas Gerais,SUDESTE,37017,12,12,3.2417537887997407,3084.75,0.0,36496,15863.0,43.46503726435774,6,57.5,3,0,42.0,32.0,64.0,63.0,48.0,96.0,vinculo_aps_abaixo_50pct,4
150240,Castanhal,PA,Pará,NORTE,209126,50,47,2.3909030919158787,4182.52,0.0,207603,96228.0,46.3519313304721,6,57.5,2,1,30.0,15.0,60.0,92.0,63.0,85.0,vinculo_aps_abaixo_50pct,4
421800,Tijucas,SC,Santa Catarina,SUL,58695,9,9,1.533350370559673,6521.666666666667,4.156394746596606,56674,15786.0,27.85404241804002,6,57.666666666666664,2,2,29.0,14.0,80.0,87.0,64.0,72.0,vinculo_aps_abaixo_50pct,4
420210,Barra Velha,SC,Santa Catarina,SUL,52860,10,10,1.8917896329928112,5286.0,1.8484883943282493,50730,16146.0,31.827321111768185,6,57.666666666666664,3,2,29.0,13.0,79.0,86.0,46.0,93.0,vinculo_aps_abaixo_50pct,4
351550,Fernandópolis,SP,São Paulo,SUDESTE,73508,20,19,2.7207922947162215,3675.4,0.0,73286,25086.0,34.2302759053571,6,57.666666666666664,2,1,33.0,24.0,65.0,72.0,56.0,96.0,vinculo_aps_abaixo_50pct,4
210980,Santa Helena,MA,Maranhão,NORDESTE,43200,11,10,2.5462962962962963,3927.2727272727275,0.0,43112,20212.0,46.88253850436073,6,57.666666666666664,3,2,29.0,24.0,77.0,89.0,46.0,81.0,vinculo_aps_abaixo_50pct,4
420750,Indaial,SC,Santa Catarina,SUL,77888,31,31,3.9800739523418245,2512.516129032258,0.0,76333,17537.0,22.974336132472196,6,57.833333333333336,2,1,28.0,45.0,54.0,66.0,57.0,97.0,vinculo_aps_abaixo_50pct,4
510263,Campo Novo do Parecis,MT,Mato Grosso,CENTRO-OESTE,51722,12,12,2.3200958972970884,4310.166666666667,0.0,50033,14215.0,28.41124857593988,6,57.833333333333336,2,1,30.0,12.0,81.0,74.0,63.0,87.0,vinculo_aps_abaixo_50pct,4
314560,Oliveira,MG,Minas Gerais,SUDESTE,40576,15,14,3.6967665615141954,2705.0666666666666,0.0,40552,15974.0,39.391398697968036,6,57.833333333333336,2,1,42.0,29.0,62.0,60.0,54.0,100.0,vinculo_aps_abaixo_50pct,4
320501,Sooretama,ES,Espírito Santo,SUDESTE,28668,7,7,2.441746895493233,4095.4285714285716,0.0,28453,11895.0,41.80578497873687,6,57.833333333333336,3,1,39.0,17.0,45.0,94.0,62.0,90.0,vinculo_aps_abaixo_50pct,4
313510,Janaúba,MG,Minas Gerais,SUDESTE,73555,19,19,2.583101080823873,3871.315789473684,0.0,73281,35256.0,48.11069717935072,6,57.833333333333336,2,1,42.0,25.0,67.0,75.0,62.0,76.0,vinculo_aps_abaixo_50pct,4
521730,Pirenópolis,GO,Goiás,CENTRO-OESTE,28028,7,7,2.4975024975024973,4004.0,0.0,27757,10238.0,36.884389523363474,6,58.0,2,2,21.0,27.0,66.0,80.0,60.0,94.0,vinculo_aps_abaixo_50pct,4
150270,Conceição do Araguaia,PA,Pará,NORTE,47144,15,15,3.18174104870185,3142.9333333333334,0.0,47099,21756.0,46.19206352576487,6,58.0,2,0,41.0,35.0,60.0,68.0,52.0,92.0,vinculo_aps_abaixo_50pct,4
521880,Rio Verde,GO,Goiás,CENTRO-OESTE,241494,48,44,1.9876270217893612,5031.125,6.130511848276697,238025,69424.0,29.166684171830692,6,58.166666666666664,2,1,33.0,27.0,61.0,79.0,61.0,88.0,vinculo_aps_abaixo_50pct,4
431710,Sant'Ana do Livramento,RS,Rio Grande do Sul,SUL,87329,15,13,1.717642478443587,5821.933333333333,4.574662182903738,87296,25518.0,29.23157991202346,6,58.166666666666664,2,2,29.0,19.0,64.0,92.0,62.0,83.0,vinculo_aps_abaixo_50pct,4
500100,Aparecida do Taboado,MS,Mato Grosso do Sul,CENTRO-OESTE,29826,7,7,2.346945617917253,4260.857142857143,0.0,29446,11611.0,39.43150173198397,6,58.166666666666664,2,2,28.0,29.0,66.0,78.0,54.0,94.0,vinculo_aps_abaixo_50pct,4
312090,Curvelo,MG,Minas Gerais,SUDESTE,84297,30,29,3.5588455105163885,2809.9,0.0,83862,33313.0,39.72359352269204,6,58.166666666666664,3,0,41.0,45.0,53.0,67.0,48.0,95.0,vinculo_aps_abaixo_50pct,4
500325,Costa Rica,MS,Mato Grosso do Sul,CENTRO-OESTE,28740,7,6,2.4356297842727903,4105.714285714285,0.0,28163,11826.0,41.991265135106346,6,58.166666666666664,2,0,44.0,42.0,64.0,65.0,56.0,78.0,vinculo_aps_abaixo_50pct,4
320230,Guaçuí,ES,Espírito Santo,SUDESTE,31418,13,12,4.137755426825387,2416.769230769231,0.0,31290,13810.0,44.135506551613936,6,58.166666666666664,3,1,40.0,26.0,67.0,79.0,46.0,91.0,vinculo_aps_abaixo_50pct,4
432160,Tramandaí,RS,Rio Grande do Sul,SUL,56430,11,11,1.949317738791423,5130.0,1.6486984504718718,56296,17176.0,30.51016057979253,6,58.333333333333336,2,2,23.0,18.0,69.0,96.0,55.0,89.0,vinculo_aps_abaixo_50pct,4
500470,Ivinhema,MS,Mato Grosso do Sul,CENTRO-OESTE,30001,9,9,2.9999000033332224,3333.4444444444443,0.0,29613,9870.0,33.32995643805086,6,58.333333333333336,2,2,20.0,10.0,67.0,93.0,68.0,92.0,vinculo_aps_abaixo_50pct,4
352510,Jardinópolis,SP,São Paulo,SUDESTE,47125,12,12,2.546419098143236,3927.0833333333335,0.0,46868,15753.0,33.61141930528292,6,58.333333333333336,2,1,42.0,28.0,61.0,72.0,59.0,88.0,vinculo_aps_abaixo_50pct,4
500710,Ribas do Rio Pardo,MS,Mato Grosso do Sul,CENTRO-OESTE,24152,8,8,3.3123550844650547,3019.0,0.0,23996,8404.0,35.022503750625106,6,58.333333333333336,2,2,24.0,12.0,67.0,93.0,71.0,83.0,vinculo_aps_abaixo_50pct,4
410540,Chopinzinho,PR,Paraná,SUL,21604,3,3,1.3886317348639141,7201.333333333333,1.8425036562820183,21559,7983.0,37.028619138178954,6,58.333333333333336,3,0,44.0,60.0,49.0,53.0,45.0,99.0,vinculo_aps_abaixo_50pct,4
412750,Tibagi,PR,Paraná,SUL,20374,7,7,3.4357514479238245,2910.5714285714284,0.0,20304,8498.0,41.8538219070134,6,58.333333333333336,2,2,29.0,20.0,75.0,72.0,56.0,98.0,vinculo_aps_abaixo_50pct,4
520620,Cristalina,GO,Goiás,CENTRO-OESTE,66827,22,22,3.2920825414877224,3037.590909090909,0.0,65705,27988.0,42.596453846739216,6,58.333333333333336,2,2,29.0,24.0,65.0,87.0,61.0,84.0,vinculo_aps_abaixo_50pct,4
420320,Camboriú,SC,Santa Catarina,SUL,117324,14,14,1.1932767379223348,8380.285714285714,12.297995693835935,113525,26369.0,23.227482933274608,6,58.5,2,2,26.0,22.0,62.0,86.0,65.0,90.0,vinculo_aps_abaixo_50pct,4
351840,Guaratinguetá,SP,São Paulo,SUDESTE,121916,14,14,1.1483316381771056,8708.285714285714,13.32728549154224,121710,28665.0,23.551885629775697,6,58.5,2,1,26.0,43.0,62.0,96.0,52.0,72.0,vinculo_aps_abaixo_50pct,4
420700,Içara,SC,Santa Catarina,SUL,63489,29,21,4.567720392508939,2189.2758620689656,0.0,62455,18233.0,29.193819550076057,6,58.5,2,1,33.0,28.0,67.0,73.0,58.0,92.0,vinculo_aps_abaixo_50pct,4
432250,Vacaria,RS,Rio Grande do Sul,SUL,66146,18,17,2.7212529858192482,3674.777777777778,0.0,66110,24817.0,37.53895023445772,6,58.5,2,0,40.0,31.0,69.0,72.0,61.0,78.0,vinculo_aps_abaixo_50pct,4
350925,Cajati,SP,São Paulo,SUDESTE,29262,13,13,4.442621830360194,2250.923076923077,0.0,29257,12920.0,44.16037187681581,6,58.5,3,0,45.0,44.0,37.0,72.0,58.0,95.0,vinculo_aps_abaixo_50pct,4
230970,Pacatuba,CE,Ceará,NORDESTE,86564,20,20,2.3104292777598077,4328.2,0.0,85873,39440.0,45.928289450700454,6,58.5,2,2,23.0,13.0,81.0,85.0,55.0,94.0,vinculo_aps_abaixo_50pct,4
220390,Floriano,PI,Piauí,NORDESTE,64393,27,27,4.193002344975386,2384.925925925926,0.0,64150,30411.0,47.40607950116914,6,58.5,2,1,31.0,20.0,74.0,89.0,60.0,77.0,vinculo_aps_abaixo_50pct,4
354140,Presidente Prudente,SP,São Paulo,SUDESTE,234706,34,33,1.4486208277589836,6903.117647058823,18.608991999228262,234083,63141.0,26.973765715579518,6,58.666666666666664,2,0,44.0,30.0,63.0,69.0,55.0,91.0,vinculo_aps_abaixo_50pct,4
354910,São João da Boa Vista,SP,São Paulo,SUDESTE,96080,14,14,1.457119067443797,6862.857142857143,7.536185488593607,95762,29019.0,30.303251811783376,6,58.666666666666664,3,0,47.0,67.0,49.0,51.0,42.0,96.0,vinculo_aps_abaixo_50pct,4
353710,Pedreira,SP,São Paulo,SUDESTE,44385,11,11,2.478314745972739,4035.0,0.0,44332,12377.0,27.918884778489577,6,58.833333333333336,2,0,45.0,56.0,47.0,60.0,52.0,93.0,vinculo_aps_abaixo_50pct,4
354260,Registro,SP,São Paulo,SUDESTE,61927,22,21,3.5525699614061717,2814.8636363636365,0.0,61732,24420.0,39.55808980755524,6,58.833333333333336,2,0,43.0,30.0,60.0,70.0,57.0,93.0,vinculo_aps_abaixo_50pct,4
291955,Luís Eduardo Magalhães,BA,Bahia,NORDESTE,118382,34,26,2.8720582520991367,3481.823529411765,0.0,116662,46794.0,40.110747287034336,6,58.833333333333336,2,2,27.0,13.0,74.0,87.0,70.0,82.0,vinculo_aps_abaixo_50pct,4
430690,Encruzilhada do Sul,RS,Rio Grande do Sul,SUL,24275,6,6,2.47167868177137,4045.8333333333335,0.0,24280,10273.0,42.31054365733114,6,58.833333333333336,2,0,36.0,34.0,77.0,76.0,59.0,71.0,vinculo_aps_abaixo_50pct,4
110045,Buritis,RO,Rondônia,NORTE,30649,6,6,1.957649515481745,5108.166666666667,0.8699266136543038,30729,13231.0,43.05704708906896,6,58.833333333333336,1,1,22.0,64.0,65.0,75.0,60.0,67.0,vinculo_aps_abaixo_50pct,4
150619,Rurópolis,PA,Pará,NORTE,37198,13,13,3.4948115490080114,2861.3846153846152,0.0,37360,18634.0,49.87687366167023,6,58.833333333333336,2,2,29.0,11.0,67.0,87.0,66.0,93.0,vinculo_aps_abaixo_50pct,4
420880,Jaguaruna,SC,Santa Catarina,SUL,21570,12,12,5.563282336578582,1797.5,0.0,21284,8036.0,37.75606089081,6,59.0,2,1,33.0,27.0,69.0,72.0,65.0,88.0,vinculo_aps_abaixo_50pct,4
230523,Horizonte,CE,Ceará,NORDESTE,81161,21,20,2.5874496371409914,3864.809523809524,0.0,79934,36362.0,45.49002927415117,6,59.166666666666664,2,0,46.0,39.0,65.0,69.0,58.0,78.0,vinculo_aps_abaixo_50pct,4
411410,Mandaguaçu,PR,Paraná,SUL,34521,6,6,1.7380724776223169,5753.5,1.7378295092812237,33752,7868.0,23.31121118748519,6,59.333333333333336,2,2,28.0,15.0,60.0,95.0,63.0,95.0,vinculo_aps_abaixo_50pct,4
320240,Guarapari,ES,Espírito Santo,SUDESTE,136311,30,25,2.2008495279177764,4543.7,0.5539027907544053,134944,39744.0,29.452217216030352,6,59.333333333333336,2,1,33.0,25.0,70.0,97.0,62.0,69.0,vinculo_aps_abaixo_50pct,4
410620,Contenda,PR,Paraná,SUL,20006,5,5,2.49925022493252,4001.2,0.0,19827,7140.0,36.011499470419125,6,59.333333333333336,3,0,36.0,34.0,37.0,84.0,71.0,94.0,vinculo_aps_abaixo_50pct,4
150840,Xinguara,PA,Pará,NORTE,57768,15,15,2.596593269630245,3851.2,0.0,56999,22706.0,39.83578659274724,6,59.333333333333336,2,1,30.0,23.0,73.0,94.0,67.0,69.0,vinculo_aps_abaixo_50pct,4
317080,Várzea da Palma,MG,Minas Gerais,SUDESTE,34555,12,12,3.4727246418752715,2879.5833333333335,0.0,34639,14876.0,42.94581252345622,6,59.333333333333336,2,1,33.0,17.0,74.0,66.0,68.0,98.0,vinculo_aps_abaixo_50pct,4
352010,Igarapava,SP,São Paulo,SUDESTE,26696,7,7,2.622115672759964,3813.714285714286,0.0,26755,9200.0,34.38609605681181,6,59.5,2,0,40.0,84.0,58.0,30.0,51.0,94.0,vinculo_aps_abaixo_50pct,4
521190,Jataí,GO,Goiás,CENTRO-OESTE,111634,19,19,1.7019904330221975,5875.473684210527,6.022590870458566,110404,27828.0,25.205608492445926,6,59.666666666666664,2,2,26.0,8.0,72.0,95.0,71.0,86.0,vinculo_aps_abaixo_50pct,4
411850,Pato Branco,PR,Paraná,SUL,97821,19,19,1.9423232230298197,5148.473684210527,2.9264279837605693,96602,26566.0,27.50046582886483,6,59.666666666666664,2,0,42.0,44.0,58.0,64.0,52.0,98.0,vinculo_aps_abaixo_50pct,4
350760,Bragança Paulista,SP,São Paulo,SUDESTE,185688,35,30,1.8848821679376158,5305.371428571429,6.621682046273628,184634,55886.0,30.26853125643164,6,59.666666666666664,2,1,30.0,22.0,75.0,76.0,62.0,93.0,vinculo_aps_abaixo_50pct,4
315895,Santana do Paraíso,MG,Minas Gerais,SUDESTE,49025,14,14,2.855685874553799,3501.785714285714,0.0,48286,15498.0,32.096259785445056,6,59.666666666666664,1,0,31.0,55.0,59.0,66.0,54.0,93.0,vinculo_aps_abaixo_50pct,4
313460,Jaboticatubas,MG,Minas Gerais,SUDESTE,21407,6,6,2.802821506983697,3567.8333333333335,0.0,21214,6935.0,32.690675968699914,6,59.666666666666664,2,0,33.0,36.0,63.0,72.0,54.0,100.0,vinculo_aps_abaixo_50pct,4
510510,Juara,MT,Mato Grosso,CENTRO-OESTE,36089,11,11,3.048020172351686,3280.818181818182,0.0,35899,12330.0,34.346360622858576,6,59.833333333333336,2,1,25.0,47.0,66.0,72.0,58.0,91.0,vinculo_aps_abaixo_50pct,4
320245,Ibatiba,ES,Espírito Santo,SUDESTE,27543,7,7,2.541480593980322,3934.714285714286,0.0,27308,9799.0,35.88325765343489,6,59.833333333333336,2,1,22.0,32.0,65.0,98.0,64.0,78.0,vinculo_aps_abaixo_50pct,4
355430,Teodoro Sampaio,SP,São Paulo,SUDESTE,22598,12,12,5.310204442871051,1883.1666666666667,0.0,22559,9499.0,42.107362915022826,6,59.833333333333336,2,1,46.0,29.0,69.0,79.0,65.0,71.0,vinculo_aps_abaixo_50pct,4
314400,Mutum,MG,Minas Gerais,SUDESTE,28749,12,12,4.174058228112282,2395.75,0.0,28670,13377.0,46.65852807813045,6,59.833333333333336,2,2,23.0,26.0,84.0,70.0,66.0,90.0,vinculo_aps_abaixo_50pct,4
355150,Serrana,SP,São Paulo,SUDESTE,45580,8,7,1.7551557700745941,5697.5,2.2166874955255693,45408,11197.0,24.65865045806906,6,60.166666666666664,2,0,41.0,32.0,64.0,90.0,74.0,60.0,vinculo_aps_abaixo_50pct,4
421170,Orleans,SC,Santa Catarina,SUL,24686,13,13,5.266142752977395,1898.923076923077,0.0,24474,6939.0,28.35253738661437,6,60.166666666666664,2,0,31.0,32.0,69.0,75.0,57.0,97.0,vinculo_aps_abaixo_50pct,4
421350,Porto Belo,SC,Santa Catarina,SUL,31557,9,9,2.851982127578667,3506.3333333333335,0.0,30590,10050.0,32.85387381497221,6,60.166666666666664,3,1,34.0,27.0,88.0,96.0,78.0,38.0,vinculo_aps_abaixo_50pct,4
150613,Redenção,PA,Pará,NORTE,92694,18,16,1.9418732604052042,5149.666666666667,2.777218751870275,91947,39069.0,42.490782733531276,6,60.166666666666664,2,0,48.0,42.0,63.0,69.0,56.0,83.0,vinculo_aps_abaixo_50pct,4
270030,Arapiraca,AL,Alagoas,NORDESTE,243906,47,45,1.9269718662107533,5189.489361702128,7.67115797024264,243661,116574.0,47.842699488223396,6,60.166666666666664,2,2,27.0,27.0,70.0,83.0,60.0,94.0,vinculo_aps_abaixo_50pct,4
320305,Jaguaré,ES,Espírito Santo,SUDESTE,31551,18,16,5.705048968336978,1752.8333333333333,0.0,31232,15176.0,48.59118852459016,6,60.166666666666664,1,1,53.0,19.0,63.0,75.0,59.0,92.0,vinculo_aps_abaixo_50pct,4
432145,Teutônia,RS,Rio Grande do Sul,SUL,34023,9,9,2.6452693765981836,3780.3333333333335,0.0,33963,8224.0,24.21458646173777,6,60.333333333333336,2,1,47.0,23.0,64.0,74.0,56.0,98.0,vinculo_aps_abaixo_50pct,4
312510,Extrema,MG,Minas Gerais,SUDESTE,59336,26,26,4.381825535930969,2282.153846153846,0.0,57913,19495.0,33.66256280973184,6,60.333333333333336,2,1,33.0,17.0,73.0,84.0,66.0,89.0,vinculo_aps_abaixo_50pct,4
310020,Abaeté,MG,Minas Gerais,SUDESTE,23173,7,6,3.020756915375653,3310.4285714285716,0.0,23161,9568.0,41.31082423038729,6,60.333333333333336,3,1,47.0,30.0,78.0,88.0,28.0,91.0,vinculo_aps_abaixo_50pct,4
315120,Pirapora,MG,Minas Gerais,SUDESTE,57713,20,20,3.465423734687159,2885.65,0.0,57543,24393.0,42.39090766904749,6,60.333333333333336,3,0,42.0,48.0,64.0,71.0,40.0,97.0,vinculo_aps_abaixo_50pct,4
510140,Aripuanã,MT,Mato Grosso,CENTRO-OESTE,26558,6,6,2.2592062655320433,4426.333333333333,0.0,26010,9020.0,34.678969627066515,6,60.5,2,2,29.0,11.0,66.0,92.0,75.0,90.0,vinculo_aps_abaixo_50pct,4
210900,Porto Franco,MA,Maranhão,NORDESTE,24571,8,8,3.255870741931545,3071.375,0.0,24517,11120.0,45.35628339519517,6,60.5,2,2,23.0,26.0,64.0,95.0,67.0,88.0,vinculo_aps_abaixo_50pct,4
310630,Belo Oriente,MG,Minas Gerais,SUDESTE,24546,13,11,5.296178603438443,1888.1538461538462,0.0,24503,11676.0,47.65130800310166,6,60.5,1,0,51.0,77.0,48.0,55.0,51.0,81.0,vinculo_aps_abaixo_50pct,4
315690,Sacramento,MG,Minas Gerais,SUDESTE,28076,11,9,3.917937028066676,2552.3636363636365,0.0,27891,10358.0,37.13742784410742,6,60.666666666666664,2,1,34.0,16.0,74.0,77.0,67.0,96.0,vinculo_aps_abaixo_50pct,4
510350,Diamantino,MT,Mato Grosso,CENTRO-OESTE,22623,12,12,5.3043362949210975,1885.25,0.0,22479,9252.0,41.15841452021887,6,60.666666666666664,0,0,50.0,56.0,65.0,69.0,60.0,64.0,vinculo_aps_abaixo_50pct,4
351020,Capão Bonito,SP,São Paulo,SUDESTE,47409,13,13,2.742095382733236,3646.846153846154,0.0,47403,20539.0,43.328481319747695,6,60.666666666666664,2,2,27.0,16.0,70.0,85.0,68.0,98.0,vinculo_aps_abaixo_50pct,4
320020,Alegre,ES,Espírito Santo,SUDESTE,30702,11,11,3.5828284802293013,2791.090909090909,0.0,30744,13434.0,43.69633099141296,6,60.666666666666664,2,1,28.0,75.0,50.0,64.0,47.0,100.0,vinculo_aps_abaixo_50pct,4
520549,Cidade Ocidental,GO,Goiás,CENTRO-OESTE,101570,27,26,2.658265235797972,3761.8518518518517,0.0,98963,45083.0,45.55540959752635,6,60.666666666666664,2,1,24.0,32.0,85.0,89.0,63.0,71.0,vinculo_aps_abaixo_50pct,4
431960,São Sepé,RS,Rio Grande do Sul,SUL,21551,11,9,5.104171500162405,1959.1818181818182,0.0,21575,10158.0,47.082271147161066,6,60.666666666666664,1,0,51.0,49.0,63.0,66.0,55.0,80.0,vinculo_aps_abaixo_50pct,4
320280,Itapemirim,ES,Espírito Santo,SUDESTE,44020,17,17,3.8618809631985465,2589.4117647058824,0.0,43362,21328.0,49.185923158525895,6,60.666666666666664,1,0,37.0,54.0,69.0,78.0,55.0,71.0,vinculo_aps_abaixo_50pct,4
421930,Videira,SC,Santa Catarina,SUL,59074,22,22,3.724142600805769,2685.181818181818,0.0,58299,13983.0,23.984974013276386,6,60.833333333333336,2,1,35.0,27.0,56.0,96.0,65.0,86.0,vinculo_aps_abaixo_50pct,4
313780,Lambari,MG,Minas Gerais,SUDESTE,21010,3,3,1.4278914802475011,7003.333333333333,1.7093594620665251,20950,9433.0,45.02625298329356,6,60.833333333333336,1,0,33.0,51.0,51.0,80.0,55.0,95.0,vinculo_aps_abaixo_50pct,4
354800,Santo Antônio de Posse,SP,São Paulo,SUDESTE,23867,7,7,2.932919931285876,3409.5714285714284,0.0,23779,8480.0,35.661718322889946,6,61.0,2,1,35.0,9.0,79.0,86.0,71.0,86.0,vinculo_aps_abaixo_50pct,4
314390,Muriaé,MG,Minas Gerais,SUDESTE,108447,38,37,3.5040157865132278,2853.8684210526317,0.0,108161,43481.0,40.20025702425089,6,61.0,2,0,32.0,57.0,65.0,68.0,46.0,98.0,vinculo_aps_abaixo_50pct,4
290520,Caetité,BA,Bahia,NORDESTE,54730,15,15,2.7407272062854013,3648.6666666666665,0.0,54572,26801.0,49.11126585061937,6,61.0,2,1,37.0,23.0,66.0,92.0,66.0,82.0,vinculo_aps_abaixo_50pct,4
510795,Tangará da Serra,MT,Mato Grosso,CENTRO-OESTE,114603,27,27,2.3559592680819876,4244.555555555556,0.0,112547,30666.0,27.247283357175224,6,61.166666666666664,2,2,28.0,22.0,69.0,93.0,66.0,89.0,vinculo_aps_abaixo_50pct,4
315200,Pompéu,MG,Minas Gerais,SUDESTE,32441,10,8,3.0825190345550384,3244.1,0.0,32305,13333.0,41.272248877882674,6,61.166666666666664,2,1,42.0,24.0,72.0,80.0,55.0,94.0,vinculo_aps_abaixo_50pct,4
431010,Igrejinha,RS,Rio Grande do Sul,SUL,34776,13,12,3.7382102599493905,2675.076923076923,0.0,34763,10891.0,31.32928688548169,6,61.333333333333336,2,0,40.0,37.0,72.0,81.0,66.0,72.0,vinculo_aps_abaixo_50pct,4
310540,Barão de Cocais,MG,Minas Gerais,SUDESTE,32264,11,10,3.4093726754277216,2933.090909090909,0.0,32095,10394.0,32.385106714441505,6,61.333333333333336,2,1,35.0,28.0,78.0,72.0,61.0,94.0,vinculo_aps_abaixo_50pct,4
520970,Hidrolândia,GO,Goiás,CENTRO-OESTE,30587,10,10,3.269362801190048,3058.7,0.0,29827,10516.0,35.25664666241995,6,61.333333333333336,2,1,31.0,21.0,75.0,79.0,71.0,91.0,vinculo_aps_abaixo_50pct,4
510250,Cáceres,MT,Mato Grosso,CENTRO-OESTE,91767,25,22,2.724290867087297,3670.68,0.0,91626,35434.0,38.672429223146274,6,61.333333333333336,2,2,25.0,26.0,81.0,93.0,63.0,80.0,vinculo_aps_abaixo_50pct,4
430420,Candelária,RS,Rio Grande do Sul,SUL,29775,8,8,2.686817800167926,3721.875,0.0,29783,11020.0,37.00097370983447,6,61.5,2,2,29.0,12.0,61.0,96.0,83.0,88.0,vinculo_aps_abaixo_50pct,4
311440,Carmo do Rio Claro,MG,Minas Gerais,SUDESTE,21506,11,11,5.11485166930159,1955.090909090909,0.0,21464,7966.0,37.11330600074543,6,61.5,2,0,40.0,30.0,67.0,84.0,63.0,85.0,vinculo_aps_abaixo_50pct,4
351030,Capela do Alto,SP,São Paulo,SUDESTE,23777,6,6,2.523447028641124,3962.8333333333335,0.0,23597,9461.0,40.09407975590118,6,61.5,1,0,35.0,63.0,66.0,85.0,61.0,59.0,vinculo_aps_abaixo_50pct,4
280670,São Cristóvão,SE,Sergipe,NORDESTE,101213,22,22,2.1736338217422664,4600.590909090909,0.6867396113345642,100360,42278.0,42.12634515743324,6,61.5,2,2,26.0,19.0,80.0,95.0,63.0,86.0,vinculo_aps_abaixo_50pct,4
150360,Itaituba,PA,Pará,NORTE,135369,25,25,1.8468039211340852,5414.76,5.342754927200547,133684,62520.0,46.76700278268155,6,61.5,2,0,41.0,42.0,66.0,92.0,51.0,77.0,vinculo_aps_abaixo_50pct,4
420830,Itapema,SC,Santa Catarina,SUL,86116,20,20,2.3224487900041804,4305.8,0.0,83330,24470.0,29.36517460698428,6,61.666666666666664,2,2,25.0,24.0,78.0,83.0,72.0,88.0,vinculo_aps_abaixo_50pct,4
211050,São Bento,MA,Maranhão,NORDESTE,48166,24,24,4.982767927583772,2006.9166666666667,0.0,48036,22641.0,47.13339995003747,6,61.666666666666664,2,0,44.0,53.0,52.0,92.0,42.0,87.0,vinculo_aps_abaixo_50pct,4
314310,Monte Carmelo,MG,Minas Gerais,SUDESTE,49500,14,13,2.8282828282828283,3535.714285714286,0.0,49354,14884.0,30.157636665721117,6,61.833333333333336,2,0,34.0,59.0,64.0,70.0,45.0,99.0,vinculo_aps_abaixo_50pct,4
510320,Colíder,MT,Mato Grosso,CENTRO-OESTE,32054,10,10,3.1197354464341425,3205.4,0.0,32010,11577.0,36.166822867853796,6,61.833333333333336,2,1,29.0,45.0,70.0,77.0,63.0,87.0,vinculo_aps_abaixo_50pct,4
150200,Cachoeira do Arari,PA,Pará,NORTE,25467,9,9,3.5339851572623395,2829.6666666666665,0.0,25243,11723.0,46.440597393336766,6,61.833333333333336,2,1,18.0,60.0,95.0,92.0,30.0,76.0,vinculo_aps_abaixo_50pct,4
420360,Campos Novos,SC,Santa Catarina,SUL,39049,11,11,2.8169735460575174,3549.909090909091,0.0,38656,8289.0,21.44298427152318,6,62.0,2,1,34.0,22.0,72.0,93.0,59.0,92.0,vinculo_aps_abaixo_50pct,4
354075,Potim,SP,São Paulo,SUDESTE,20801,9,9,4.326715061775876,2311.222222222222,0.0,20767,6869.0,33.07651562575239,6,62.0,2,1,17.0,64.0,45.0,93.0,70.0,83.0,vinculo_aps_abaixo_50pct,4
410660,Cruzeiro do Oeste,PR,Paraná,SUL,24859,4,4,1.609075184037974,6214.75,1.5721069427659096,24622,8703.0,35.346438144748596,6,62.0,2,1,41.0,6.0,86.0,97.0,72.0,70.0,vinculo_aps_abaixo_50pct,4
260410,Caruaru,PE,Pernambuco,NORDESTE,405408,76,75,1.8746546688767858,5334.315789473684,14.871584997499566,402290,166559.0,41.40271943125606,6,62.0,2,2,24.0,22.0,75.0,90.0,69.0,92.0,vinculo_aps_abaixo_50pct,4
500540,Maracaju,MS,Mato Grosso do Sul,CENTRO-OESTE,48073,18,17,3.7443055353316828,2670.722222222222,0.0,47558,13241.0,27.841793178855294,6,62.166666666666664,2,1,31.0,19.0,78.0,96.0,60.0,89.0,vinculo_aps_abaixo_50pct,4
291490,Itacaré,BA,Bahia,NORDESTE,29496,14,14,4.746406292378627,2106.8571428571427,0.0,29337,13863.0,47.25432048266694,6,62.166666666666664,2,2,25.0,28.0,83.0,89.0,61.0,87.0,vinculo_aps_abaixo_50pct,4
500220,Bonito,MS,Mato Grosso do Sul,CENTRO-OESTE,25034,6,6,2.396740433011105,4172.333333333333,0.0,24761,9488.0,38.318323169500424,6,62.333333333333336,2,2,25.0,22.0,80.0,94.0,64.0,89.0,vinculo_aps_abaixo_50pct,4
521570,Palmeiras de Goiás,GO,Goiás,CENTRO-OESTE,34375,5,5,1.4545454545454546,6875.0,2.705103831915126,33749,10937.0,32.4068861299594,6,62.5,1,1,20.0,57.0,65.0,87.0,65.0,81.0,vinculo_aps_abaixo_50pct,4
510267,Campo Verde,MT,Mato Grosso,CENTRO-OESTE,49053,17,17,3.465639206572483,2885.470588235294,0.0,47831,15534.0,32.47684556041061,6,62.5,1,0,40.0,54.0,69.0,70.0,62.0,80.0,vinculo_aps_abaixo_50pct,4
510325,Colniza,MT,Mato Grosso,CENTRO-OESTE,26026,9,8,3.458080381157304,2891.777777777778,0.0,26090,10193.0,39.06860866232273,6,62.5,2,2,25.0,29.0,59.0,96.0,75.0,91.0,vinculo_aps_abaixo_50pct,4
292870,Santo Antônio de Jesus,BA,Bahia,NORDESTE,109791,30,28,2.7324644096510644,3659.7,0.0,109267,53577.0,49.03310240054179,6,62.5,2,2,27.0,24.0,79.0,92.0,65.0,88.0,vinculo_aps_abaixo_50pct,4
351830,Guararema,SP,São Paulo,SUDESTE,32620,4,3,1.226241569589209,8155.0,3.311723258096623,32436,3091.0,9.529535084474041,6,62.666666666666664,2,1,67.0,20.0,37.0,96.0,69.0,87.0,vinculo_aps_abaixo_50pct,4
431760,Santo Antônio da Patrulha,RS,Rio Grande do Sul,SUL,44431,9,8,2.0256127478562265,4936.777777777777,0.959140897623883,44393,15337.0,34.54823958732233,6,62.666666666666664,2,2,26.0,20.0,76.0,94.0,66.0,94.0,vinculo_aps_abaixo_50pct,4
314320,Monte Santo de Minas,MG,Minas Gerais,SUDESTE,21294,10,10,4.696158542312388,2129.4,0.0,21301,9275.0,43.54255668747946,6,62.666666666666664,2,1,43.0,27.0,76.0,71.0,63.0,96.0,vinculo_aps_abaixo_50pct,4
411580,Medianeira,PR,Paraná,SUL,57910,12,12,2.072180970471421,4825.833333333333,0.9804381936350548,57120,14730.0,25.787815126050422,6,62.833333333333336,2,1,32.0,15.0,70.0,97.0,73.0,90.0,vinculo_aps_abaixo_50pct,4
230428,Eusébio,CE,Ceará,NORDESTE,82016,18,18,2.194693718298869,4556.444444444444,0.38376133464293527,80304,34445.0,42.89325562861128,6,62.833333333333336,1,0,49.0,53.0,61.0,63.0,55.0,96.0,vinculo_aps_abaixo_50pct,4
170550,Colinas do Tocantins,TO,Tocantins,NORTE,36209,12,12,3.3140931812532797,3017.4166666666665,0.0,35957,17267.0,48.02124760130155,6,62.833333333333336,2,0,45.0,49.0,67.0,75.0,63.0,78.0,vinculo_aps_abaixo_50pct,4
510630,Paranatinga,MT,Mato Grosso,CENTRO-OESTE,28870,8,8,2.7710426047800487,3608.75,0.0,28204,8322.0,29.506452985392144,6,63.0,2,2,24.0,22.0,80.0,92.0,70.0,90.0,vinculo_aps_abaixo_50pct,4
351960,Ibitinga,SP,São Paulo,SUDESTE,62143,13,12,2.091949213909853,4780.2307692307695,0.9292586887767768,61908,15526.0,25.07914970601538,6,63.166666666666664,2,0,35.0,46.0,74.0,95.0,74.0,55.0,vinculo_aps_abaixo_50pct,4
510675,Pontes e Lacerda,MT,Mato Grosso,CENTRO-OESTE,55762,13,13,2.3313367526272373,4289.384615384615,0.0,54795,18058.0,32.95556163883566,6,63.166666666666664,2,2,19.0,21.0,81.0,96.0,76.0,86.0,vinculo_aps_abaixo_50pct,4
510410,Guarantã do Norte,MT,Mato Grosso,CENTRO-OESTE,31209,11,11,3.524624307090903,2837.181818181818,0.0,31328,14832.0,47.34422880490296,6,63.166666666666664,2,2,21.0,26.0,87.0,98.0,68.0,79.0,vinculo_aps_abaixo_50pct,4
421580,São Bento do Sul,SC,Santa Catarina,SUL,87661,26,24,2.965971184449185,3371.576923076923,0.0,86851,18470.0,21.266306663135715,6,63.333333333333336,2,1,44.0,19.0,62.0,96.0,63.0,96.0,vinculo_aps_abaixo_50pct,4
510790,Sinop,MT,Mato Grosso,CENTRO-OESTE,223780,38,35,1.6980963446241844,5888.9473684210525,12.159945760173587,216029,52281.0,24.20091746941383,6,63.333333333333336,2,1,30.0,19.0,79.0,94.0,72.0,86.0,vinculo_aps_abaixo_50pct,4
291270,Ibirapitanga,BA,Bahia,NORDESTE,26917,8,8,2.9720994167254897,3364.625,0.0,26794,13010.0,48.55564678659402,6,63.333333333333336,1,0,69.0,45.0,64.0,70.0,58.0,74.0,vinculo_aps_abaixo_50pct,4
315280,Prata,MG,Minas Gerais,SUDESTE,29745,9,8,3.02571860816944,3305.0,0.0,29578,8962.0,30.29954696057881,6,63.5,3,0,39.0,43.0,78.0,80.0,48.0,93.0,vinculo_aps_abaixo_50pct,4
110028,Rolim de Moura,RO,Rondônia,NORTE,62959,15,11,2.38250289871186,4197.266666666666,0.0,62559,19238.0,30.751770328809602,6,63.5,2,0,39.0,45.0,63.0,75.0,64.0,95.0,vinculo_aps_abaixo_50pct,4
412800,Ubiratã,PR,Paraná,SUL,25732,11,11,4.274832892896005,2339.2727272727275,0.0,25517,10715.0,41.99161343418113,6,63.5,2,0,41.0,43.0,73.0,75.0,59.0,90.0,vinculo_aps_abaixo_50pct,4
314520,Nova Serrana,MG,Minas Gerais,SUDESTE,114791,28,28,2.4392156179491424,4099.678571428572,0.0,112910,30583.0,27.086174829510227,6,63.666666666666664,2,0,50.0,34.0,63.0,94.0,47.0,94.0,vinculo_aps_abaixo_50pct,4
314740,Paraopeba,MG,Minas Gerais,SUDESTE,24899,4,4,1.606490220490783,6224.75,1.581072881770319,24800,9456.0,38.12903225806451,6,63.666666666666664,2,1,37.0,24.0,66.0,97.0,74.0,84.0,vinculo_aps_abaixo_50pct,4
521830,Posse,GO,Goiás,CENTRO-OESTE,36291,14,14,3.857705767270122,2592.214285714286,0.0,36060,16548.0,45.89018302828619,6,63.666666666666664,2,1,31.0,16.0,81.0,91.0,66.0,97.0,vinculo_aps_abaixo_50pct,4
412170,Reserva,PR,Paraná,SUL,24878,4,4,1.6078462898946861,6219.5,1.5763657637930037,24851,11992.0,48.2556033962416,6,63.666666666666664,2,1,26.0,36.0,61.0,96.0,78.0,85.0,vinculo_aps_abaixo_50pct,4
412820,União da Vitória,PR,Paraná,SUL,56560,14,13,2.4752475247524752,4040.0,0.0,56397,18551.0,32.89359363086689,6,63.833333333333336,1,0,52.0,42.0,73.0,77.0,64.0,75.0,vinculo_aps_abaixo_50pct,4
510642,Peixoto de Azevedo,MT,Mato Grosso,CENTRO-OESTE,33754,10,10,2.962611838596907,3375.4,0.0,33599,15633.0,46.528170481264326,6,64.0,1,1,29.0,69.0,70.0,69.0,65.0,82.0,vinculo_aps_abaixo_50pct,4
421050,Maravilha,SC,Santa Catarina,SUL,30743,12,10,3.9033275867677193,2561.9166666666665,0.0,30155,8167.0,27.083402420825735,6,64.16666666666667,1,0,52.0,34.0,72.0,73.0,56.0,98.0,vinculo_aps_abaixo_50pct,4
311910,Corinto,MG,Minas Gerais,SUDESTE,23988,10,9,4.16875104218776,2398.8,0.0,23996,11192.0,46.641106851141856,6,64.16666666666667,1,0,31.0,51.0,85.0,89.0,54.0,75.0,vinculo_aps_abaixo_50pct,4
320010,Afonso Cláudio,ES,Espírito Santo,SUDESTE,32456,8,8,2.4648755237860485,4057.0,0.0,32446,15436.0,47.57443136287986,6,64.16666666666667,1,0,53.0,43.0,67.0,72.0,57.0,93.0,vinculo_aps_abaixo_50pct,4
500295,Chapadão do Sul,MS,Mato Grosso do Sul,CENTRO-OESTE,34606,9,9,2.600705080043923,3845.1111111111113,0.0,33791,10085.0,29.8452250599272,6,64.5,2,1,38.0,14.0,84.0,94.0,68.0,89.0,vinculo_aps_abaixo_50pct,4
140047,Rorainópolis,RR,Roraima,NORTE,37787,14,14,3.704977902453225,2699.0714285714284,0.0,36747,17283.0,47.032410809045636,6,64.5,1,0,54.0,34.0,69.0,82.0,60.0,88.0,vinculo_aps_abaixo_50pct,4
420480,Curitibanos,SC,Santa Catarina,SUL,41741,13,13,3.1144438322033494,3210.846153846154,0.0,41512,14522.0,34.982655617652725,6,64.66666666666667,2,1,37.0,21.0,69.0,97.0,74.0,90.0,vinculo_aps_abaixo_50pct,4
421970,Xaxim,SC,Santa Catarina,SUL,34485,12,10,3.4797738147020447,2873.75,0.0,33902,9688.0,28.576485163117223,6,64.83333333333333,2,1,31.0,20.0,86.0,93.0,68.0,91.0,vinculo_aps_abaixo_50pct,4
420420,Chapecó,SC,Santa Catarina,SUL,282648,36,34,1.273669015878407,7851.333333333333,27.35511819296427,275959,71127.0,25.774480991741527,6,65.0,2,0,45.0,33.0,76.0,80.0,64.0,92.0,vinculo_aps_abaixo_50pct,4
410840,Francisco Beltrão,PR,Paraná,SUL,102312,21,21,2.052545155993432,4872.0,1.9330787854807394,101302,27240.0,26.88989358551657,6,65.0,2,1,44.0,29.0,73.0,77.0,73.0,94.0,vinculo_aps_abaixo_50pct,4
430463,Capão da Canoa,RS,Rio Grande do Sul,SUL,66234,17,15,2.5666576078751095,3896.1176470588234,0.0,66012,20782.0,31.482154759740656,6,65.0,2,1,38.0,29.0,77.0,89.0,71.0,86.0,vinculo_aps_abaixo_50pct,4
353950,Pitangueiras,SP,São Paulo,SUDESTE,34361,9,7,2.619248566688979,3817.8888888888887,0.0,34416,11373.0,33.04567642956764,6,65.16666666666667,1,0,45.0,51.0,77.0,73.0,57.0,88.0,vinculo_aps_abaixo_50pct,4
355060,São Roque,SP,São Paulo,SUDESTE,81366,13,13,1.5977189489467345,6258.923076923077,5.23806482582127,81342,21867.0,26.88279117798923,6,65.33333333333333,2,1,41.0,28.0,67.0,92.0,70.0,94.0,vinculo_aps_abaixo_50pct,4
421400,Presidente Getúlio,SC,Santa Catarina,SUL,21764,6,6,2.7568461679838268,3627.3333333333335,0.0,21293,5572.0,26.168224299065418,6,65.5,2,1,28.0,40.0,82.0,82.0,70.0,91.0,vinculo_aps_abaixo_50pct,4
520880,Goianira,GO,Goiás,CENTRO-OESTE,81495,17,17,2.0860175470887783,4793.823529411765,1.2669799791104945,78754,26741.0,33.95510069329812,6,65.66666666666667,2,1,38.0,20.0,90.0,84.0,69.0,93.0,vinculo_aps_abaixo_50pct,4
411150,Ivaiporã,PR,Paraná,SUL,33566,10,10,2.979205148066496,3356.6,0.0,33529,11423.0,34.06901488263891,6,65.66666666666667,1,0,47.0,64.0,65.0,69.0,52.0,97.0,vinculo_aps_abaixo_50pct,4
510625,Nova Xavantina,MT,Mato Grosso,CENTRO-OESTE,25915,6,6,2.3152614316033184,4319.166666666667,0.0,25486,8731.0,34.25802401318371,6,65.83333333333333,2,0,40.0,35.0,79.0,78.0,72.0,91.0,vinculo_aps_abaixo_50pct,4
510025,Alta Floresta,MT,Mato Grosso,CENTRO-OESTE,62158,19,19,3.056726406898549,3271.4736842105262,0.0,61291,21476.0,35.03940219608099,6,65.83333333333333,2,1,27.0,31.0,87.0,86.0,68.0,96.0,vinculo_aps_abaixo_50pct,4
510622,Nova Mutum,MT,Mato Grosso,CENTRO-OESTE,63455,15,15,2.3638799149003233,4230.333333333333,0.0,61223,19862.0,32.44205609003152,6,66.0,2,2,27.0,28.0,83.0,97.0,73.0,88.0,vinculo_aps_abaixo_50pct,4
311660,Cláudio,MG,Minas Gerais,SUDESTE,31936,11,11,3.4443887775551105,2903.2727272727275,0.0,31665,9961.0,31.457445128690985,6,66.16666666666667,2,0,43.0,43.0,75.0,73.0,65.0,98.0,vinculo_aps_abaixo_50pct,4
420130,Araquari,SC,Santa Catarina,SUL,52079,13,12,2.496207684479349,4006.076923076923,0.0,50178,15884.0,31.65530710670015,6,66.16666666666667,2,0,34.0,37.0,78.0,95.0,69.0,84.0,vinculo_aps_abaixo_50pct,4
521850,Quirinópolis,GO,Goiás,CENTRO-OESTE,50329,17,16,3.377774245464841,2960.529411764706,0.0,49986,17734.0,35.47793382147001,6,66.16666666666667,1,0,74.0,69.0,61.0,64.0,44.0,85.0,vinculo_aps_abaixo_50pct,4
510792,Sorriso,MT,Mato Grosso,CENTRO-OESTE,124665,31,31,2.4866642602173825,4021.451612903226,0.0,120561,39495.0,32.759350038569686,6,66.33333333333333,2,0,33.0,31.0,85.0,93.0,70.0,86.0,vinculo_aps_abaixo_50pct,4
354240,Regente Feijó,SP,São Paulo,SUDESTE,20620,11,11,5.33462657613967,1874.5454545454545,0.0,20565,7060.0,34.33017262338925,6,66.33333333333333,2,0,45.0,38.0,75.0,75.0,65.0,100.0,vinculo_aps_abaixo_50pct,4
130180,Ipixuna,AM,Amazonas,NORTE,25629,4,4,1.5607319833001678,6407.25,1.7447012686008079,25458,12672.0,49.77610181475371,6,66.33333333333333,2,0,82.0,37.0,76.0,92.0,34.0,77.0,vinculo_aps_abaixo_50pct,4
510706,Querência,MT,Mato Grosso,CENTRO-OESTE,31100,11,11,3.5369774919614145,2827.2727272727275,0.0,29820,9706.0,32.54862508383635,6,66.5,2,1,39.0,20.0,86.0,94.0,70.0,90.0,vinculo_aps_abaixo_50pct,4
500290,Cassilândia,MS,Mato Grosso do Sul,CENTRO-OESTE,21565,15,13,6.9557152793878965,1437.6666666666667,0.0,21549,9603.0,44.5635528330781,6,66.5,2,0,42.0,31.0,77.0,79.0,76.0,94.0,vinculo_aps_abaixo_50pct,4
410160,Arapoti,PR,Paraná,SUL,26325,13,8,4.938271604938271,2025.0,0.0,26310,9638.0,36.63245914101102,6,66.66666666666667,2,0,35.0,48.0,73.0,80.0,66.0,98.0,vinculo_aps_abaixo_50pct,4
320040,Anchieta,ES,Espírito Santo,SUDESTE,33017,22,10,6.663234091528606,1500.7727272727273,0.0,32584,14037.0,43.07942548490056,6,67.0,2,0,47.0,30.0,70.0,76.0,82.0,97.0,vinculo_aps_abaixo_50pct,4
320420,Piúma,ES,Espírito Santo,SUDESTE,23912,9,9,3.763800602208096,2656.8888888888887,0.0,23682,10642.0,44.93708301663711,6,67.0,2,0,45.0,33.0,69.0,98.0,66.0,91.0,vinculo_aps_abaixo_50pct,4
510704,Primavera do Leste,MT,Mato Grosso,CENTRO-OESTE,96006,21,21,2.187363289794388,4571.714285714285,0.519598501435449,92927,25627.0,27.577560881121745,6,67.16666666666667,2,1,41.0,17.0,89.0,97.0,65.0,94.0,vinculo_aps_abaixo_50pct,4
420545,Forquilhinha,SC,Santa Catarina,SUL,34771,15,15,4.313939777400707,2318.0666666666666,0.0,33929,8832.0,26.0308290842642,6,67.83333333333333,1,0,51.0,31.0,74.0,88.0,68.0,95.0,vinculo_aps_abaixo_50pct,4
352100,Iperó,SP,São Paulo,SUDESTE,38277,6,6,1.5675209655929148,6379.5,2.5797311817953537,37999,12560.0,33.05350140793179,6,67.83333333333333,2,1,40.0,26.0,86.0,91.0,72.0,92.0,vinculo_aps_abaixo_50pct,4
412405,Santa Terezinha de Itaipu,PR,Paraná,SUL,25300,3,3,1.1857707509881423,8433.333333333334,2.6709564202895324,25055,8486.0,33.8694871283177,6,67.83333333333333,2,0,44.0,39.0,92.0,80.0,78.0,74.0,vinculo_aps_abaixo_50pct,4
421500,Rio Negrinho,SC,Santa Catarina,SUL,40132,12,12,2.990132562543606,3344.3333333333335,0.0,40168,10821.0,26.93935471021709,6,68.0,2,1,43.0,28.0,84.0,94.0,67.0,92.0,vinculo_aps_abaixo_50pct,4
412810,Umuarama,PR,Paraná,SUL,123059,24,22,1.950284010108972,5127.458333333333,3.5834871985932675,121972,37670.0,30.884137342996752,6,68.0,2,1,46.0,26.0,80.0,89.0,75.0,92.0,vinculo_aps_abaixo_50pct,4
411330,Laranjeiras do Sul,PR,Paraná,SUL,33179,9,9,2.7125591488592184,3686.5555555555557,0.0,33103,12792.0,38.6430232909404,6,68.0,2,1,39.0,26.0,69.0,99.0,77.0,98.0,vinculo_aps_abaixo_50pct,4
130068,Boa Vista do Ramos,AM,Amazonas,NORTE,26479,3,3,1.1329732995959063,8826.333333333334,2.935227472444527,25769,12237.0,47.48729093096356,6,68.0,1,1,62.0,23.0,85.0,89.0,61.0,88.0,vinculo_aps_abaixo_50pct,4
261370,São Lourenço da Mata,PE,Pernambuco,NORDESTE,118258,40,39,3.382435014967275,2956.45,0.0,117759,56301.0,47.81035844394059,6,68.0,0,0,79.0,67.0,57.0,59.0,53.0,93.0,vinculo_aps_abaixo_50pct,4
350270,Apiaí,SP,São Paulo,SUDESTE,24857,9,9,3.6207104638532406,2761.8888888888887,0.0,24886,11475.0,46.11026279836052,6,68.16666666666667,1,0,46.0,55.0,69.0,78.0,62.0,99.0,vinculo_aps_abaixo_50pct,4
420245,Bombinhas,SC,Santa Catarina,SUL,28738,10,10,3.479713271626418,2873.8,0.0,27732,9057.0,32.65902206836867,6,68.33333333333333,2,1,37.0,28.0,93.0,89.0,74.0,89.0,vinculo_aps_abaixo_50pct,4
316935,Três Marias,MG,Minas Gerais,SUDESTE,29985,12,11,4.00200100050025,2498.75,0.0,29927,12309.0,41.13008320245932,6,68.5,0,0,68.0,52.0,64.0,70.0,62.0,95.0,vinculo_aps_abaixo_50pct,4
412560,São Mateus do Sul,PR,Paraná,SUL,43490,23,23,5.288572085536905,1890.8695652173913,0.0,43413,13416.0,30.903185681708244,6,68.66666666666667,2,1,40.0,15.0,83.0,98.0,77.0,99.0,vinculo_aps_abaixo_50pct,4
411760,Palmas,PR,Paraná,SUL,50238,9,9,1.7914725904693656,5582.0,2.2607710925891533,49891,15970.0,32.009781323284756,6,68.66666666666667,2,0,35.0,35.0,84.0,96.0,72.0,90.0,vinculo_aps_abaixo_50pct,4
421820,Timbó,SC,Santa Catarina,SUL,49768,17,17,3.4158495418742967,2927.529411764706,0.0,48903,11381.0,23.272600862932745,6,68.83333333333333,2,1,41.0,20.0,87.0,98.0,68.0,99.0,vinculo_aps_abaixo_50pct,4
420280,Braço do Norte,SC,Santa Catarina,SUL,35985,17,16,4.7241906349868,2116.764705882353,0.0,35534,10659.0,29.996622952665053,6,68.83333333333333,0,0,53.0,53.0,70.0,75.0,65.0,97.0,vinculo_aps_abaixo_50pct,4
311230,Capelinha,MG,Minas Gerais,SUDESTE,41858,17,17,4.061350279516461,2462.235294117647,0.0,41536,20110.0,48.41583204930662,6,69.0,0,0,53.0,52.0,70.0,76.0,63.0,100.0,vinculo_aps_abaixo_50pct,4
411930,Pinhão,PR,Paraná,SUL,30451,11,11,3.6123608420084725,2768.2727272727275,0.0,30472,14948.0,49.05487004463114,6,69.0,2,0,46.0,34.0,80.0,90.0,84.0,80.0,vinculo_aps_abaixo_50pct,4
352230,Itapetininga,SP,São Paulo,SUDESTE,164256,28,23,1.7046561465030197,5866.285714285715,8.817731927710573,163774,48828.0,29.8142562311478,6,69.16666666666667,2,0,36.0,35.0,70.0,97.0,82.0,95.0,vinculo_aps_abaixo_50pct,4
510020,Água Boa,MT,Mato Grosso,CENTRO-OESTE,32099,16,16,4.984578958846069,2006.1875,0.0,31314,9587.0,30.615699048348983,6,69.33333333333333,2,0,34.0,34.0,90.0,94.0,69.0,95.0,vinculo_aps_abaixo_50pct,4
510560,Matupá,MT,Mato Grosso,CENTRO-OESTE,21959,7,7,3.18775900541919,3137.0,0.0,21415,7398.0,34.545879056735934,6,69.33333333333333,1,0,52.0,31.0,79.0,99.0,77.0,78.0,vinculo_aps_abaixo_50pct,4
432150,Torres,RS,Rio Grande do Sul,SUL,43344,12,12,2.768549280177187,3612.0,0.0,43268,11998.0,27.729499861329387,6,69.5,2,1,43.0,27.0,81.0,99.0,73.0,94.0,vinculo_aps_abaixo_50pct,4
353920,Pirapozinho,SP,São Paulo,SUDESTE,26097,9,9,3.448672261179446,2899.6666666666665,0.0,26065,8003.0,30.704009207749856,6,69.5,1,0,49.0,69.0,69.0,71.0,63.0,96.0,vinculo_aps_abaixo_50pct,4
420810,Itaiópolis,SC,Santa Catarina,SUL,22906,9,9,3.9291015454466076,2545.1111111111113,0.0,22741,7218.0,31.740029022470427,6,69.66666666666667,2,0,47.0,30.0,74.0,92.0,90.0,85.0,vinculo_aps_abaixo_50pct,4
421770,Sombrio,SC,Santa Catarina,SUL,31722,8,8,2.5219090851774792,3965.25,0.0,31397,9656.0,30.754530687645314,6,69.83333333333333,2,0,38.0,33.0,86.0,93.0,81.0,88.0,vinculo_aps_abaixo_50pct,4
320140,Castelo,ES,Espírito Santo,SUDESTE,39575,11,10,2.779532533164877,3597.7272727272725,0.0,39396,14830.0,37.643415575185294,6,69.83333333333333,0,0,53.0,64.0,70.0,74.0,58.0,100.0,vinculo_aps_abaixo_50pct,4
410650,Coronel Vivida,PR,Paraná,SUL,24010,10,10,4.164931278633903,2401.0,0.0,23859,8986.0,37.66293641812314,6,69.83333333333333,1,0,54.0,47.0,66.0,83.0,69.0,100.0,vinculo_aps_abaixo_50pct,4
316040,Santo Antônio do Monte,MG,Minas Gerais,SUDESTE,28456,13,13,4.568456564520663,2188.923076923077,0.0,28358,9219.0,32.50934480569857,6,70.0,0,0,51.0,50.0,76.0,86.0,70.0,87.0,vinculo_aps_abaixo_50pct,4
320455,Santa Maria de Jetibá,ES,Espírito Santo,SUDESTE,45575,16,16,3.5106966538672517,2848.4375,0.0,45062,15491.0,34.377080466912254,6,70.0,1,0,57.0,45.0,77.0,97.0,68.0,76.0,vinculo_aps_abaixo_50pct,4
353140,Monte Aprazível,SP,São Paulo,SUDESTE,22668,7,7,3.0880536439032995,3238.285714285714,0.0,22650,8134.0,35.91169977924945,6,70.16666666666667,2,2,26.0,29.0,96.0,90.0,80.0,100.0,vinculo_aps_abaixo_50pct,4
150618,Rondon do Pará,PA,Pará,NORTE,57031,14,14,2.4548052813382197,4073.6428571428573,0.0,56593,19207.0,33.938826356616545,6,70.5,2,1,24.0,46.0,87.0,97.0,76.0,93.0,vinculo_aps_abaixo_50pct,4
500450,Itaporã,MS,Mato Grosso do Sul,CENTRO-OESTE,25263,9,8,3.562522265764161,2807.0,0.0,25075,6398.0,25.515453639082754,6,71.0,2,1,45.0,29.0,88.0,94.0,73.0,97.0,vinculo_aps_abaixo_50pct,4
150812,Ulianópolis,PA,Pará,NORTE,39360,9,9,2.2865853658536586,4373.333333333333,0.0,39576,16248.0,41.05518496058217,6,71.0,2,1,28.0,47.0,95.0,92.0,73.0,91.0,vinculo_aps_abaixo_50pct,4
351750,Guapiaçu,SP,São Paulo,SUDESTE,22445,10,9,4.455335263978615,2244.5,0.0,22316,7755.0,34.7508514070622,6,71.16666666666667,2,1,41.0,24.0,96.0,97.0,90.0,79.0,vinculo_aps_abaixo_50pct,4
230625,Itaitinga,CE,Ceará,NORDESTE,72512,24,24,3.309796999117388,3021.3333333333335,0.0,70679,24949.0,35.299027999830216,6,71.16666666666667,1,0,48.0,52.0,84.0,80.0,66.0,97.0,vinculo_aps_abaixo_50pct,4
291970,Macarani,BA,Bahia,NORDESTE,22768,6,6,2.6352775825720305,3794.6666666666665,0.0,22596,9933.0,43.95910780669145,6,71.16666666666667,2,0,44.0,32.0,81.0,96.0,79.0,95.0,vinculo_aps_abaixo_50pct,4
430660,Dom Pedrito,RS,Rio Grande do Sul,SUL,38080,8,8,2.100840336134454,4760.0,0.5355739321986325,38094,11432.0,30.009975324198034,6,71.66666666666667,2,1,41.0,12.0,97.0,97.0,85.0,98.0,vinculo_aps_abaixo_50pct,4
310900,Brumadinho,MG,Minas Gerais,SUDESTE,41090,19,18,4.623996106108542,2162.6315789473683,0.0,40777,14879.0,36.48870686906835,6,71.66666666666667,2,0,42.0,47.0,81.0,93.0,70.0,97.0,vinculo_aps_abaixo_50pct,4
320503,Vargem Alta,ES,Espírito Santo,SUDESTE,20390,12,11,5.88523786169691,1699.1666666666667,0.0,20353,8564.0,42.07733503660394,6,71.83333333333333,1,0,43.0,51.0,72.0,95.0,73.0,97.0,vinculo_aps_abaixo_50pct,4
411350,Loanda,PR,Paraná,SUL,23966,7,7,2.9208044730034217,3423.714285714286,0.0,23813,7403.0,31.08806114307311,6,72.0,1,0,51.0,47.0,74.0,93.0,72.0,95.0,vinculo_aps_abaixo_50pct,4
411010,Imbituva,PR,Paraná,SUL,30849,10,10,3.2415961619501443,3084.9,0.0,30757,11709.0,38.06938257957538,6,72.16666666666667,0,0,50.0,61.0,83.0,91.0,75.0,73.0,vinculo_aps_abaixo_50pct,4
316270,São João do Paraíso,MG,Minas Gerais,SUDESTE,24706,8,8,3.23807981866753,3088.25,0.0,24604,12111.0,49.22370346285157,6,72.66666666666667,2,0,48.0,37.0,85.0,85.0,81.0,100.0,vinculo_aps_abaixo_50pct,4
316970,Turmalina,MG,Minas Gerais,SUDESTE,20769,9,9,4.333381482016467,2307.6666666666665,0.0,20650,10171.0,49.25423728813559,6,72.66666666666667,1,0,57.0,35.0,93.0,89.0,65.0,97.0,vinculo_aps_abaixo_50pct,4
410100,Ampére,PR,Paraná,SUL,20337,7,6,3.442002261887201,2905.285714285714,0.0,20199,6128.0,30.338135551264916,6,73.33333333333333,2,0,46.0,33.0,86.0,86.0,91.0,98.0,vinculo_aps_abaixo_50pct,4
411940,Piraí do Sul,PR,Paraná,SUL,23977,8,8,3.336530842056971,2997.125,0.0,24000,8958.0,37.325,6,73.5,1,0,71.0,46.0,88.0,81.0,82.0,73.0,vinculo_aps_abaixo_50pct,4
412060,Prudentópolis,PR,Paraná,SUL,50946,17,17,3.336866486083304,2996.823529411765,0.0,50428,20794.0,41.23502815895931,6,73.5,2,0,43.0,34.0,84.0,96.0,87.0,97.0,vinculo_aps_abaixo_50pct,4
420650,Guaramirim,SC,Santa Catarina,SUL,51009,10,10,1.960438354015958,5100.9,1.4335895668991612,49941,11902.0,23.83212190384654,6,73.66666666666667,1,0,51.0,42.0,95.0,96.0,71.0,87.0,vinculo_aps_abaixo_50pct,4
315150,Piumhi,MG,Minas Gerais,SUDESTE,38007,16,16,4.209750835372431,2375.4375,0.0,37742,14646.0,38.80557469132531,6,74.0,0,0,55.0,60.0,80.0,80.0,72.0,97.0,vinculo_aps_abaixo_50pct,4
314730,Paraisópolis,MG,Minas Gerais,SUDESTE,21076,8,8,3.7957866767887642,2634.5,0.0,21005,7605.0,36.20566531778148,6,75.33333333333333,1,0,30.0,66.0,90.0,93.0,74.0,99.0,vinculo_aps_abaixo_50pct,4
130014,Apuí,AM,Amazonas,NORTE,21781,8,8,3.6729259446306415,2722.625,0.0,21735,9903.0,45.56245686680469,6,75.33333333333333,1,0,52.0,47.0,90.0,81.0,86.0,96.0,vinculo_aps_abaixo_50pct,4
150215,Canaã dos Carajás,PA,Pará,NORTE,89524,14,14,1.5638264599437022,6394.571428571428,6.066668085770758,86629,39848.0,45.99845317387942,6,75.83333333333333,1,0,46.0,52.0,95.0,99.0,75.0,88.0,vinculo_aps_abaixo_50pct,4
355380,Taquarituba,SP,São Paulo,SUDESTE,24932,7,7,2.8076367720198943,3561.714285714286,0.0,24863,9014.0,36.25467562241081,6,77.16666666666667,2,0,48.0,38.0,99.0,100.0,89.0,89.0,vinculo_aps_abaixo_50pct,4
320506,Venda Nova do Imigrante,ES,Espírito Santo,SUDESTE,25395,5,5,1.9688915140775742,5079.0,0.6922505254250076,25168,9798.0,38.930387794024156,6,80.0,0,0,53.0,59.0,94.0,99.0,78.0,97.0,vinculo_aps_abaixo_50pct,4
412140,Realeza,PR,Paraná,SUL,20097,7,7,3.483106931382794,2871.0,0.0,19903,6037.0,30.332110737074814,6,81.33333333333333,1,0,48.0,73.0,92.0,92.0,84.0,99.0,vinculo_aps_abaixo_50pct,4
230195,Barreira,CE,Ceará,NORDESTE,23474,14,14,5.9640453267444835,1676.7142857142858,0.0,23351,16408.0,70.26679799580317,6,42.166666666666664,5,2,28.0,14.0,44.0,38.0,38.0,91.0,quatro_ou_mais_indicadores_abaixo_50,3
210170,Barreirinhas,MA,Maranhão,NORDESTE,68234,32,27,4.68974411583668,2132.3125,0.0,67999,48830.0,71.80987955705231,6,45.166666666666664,4,2,26.0,11.0,48.0,72.0,33.0,81.0,quatro_ou_mais_indicadores_abaixo_50,3
292150,Monte Santo,BA,Bahia,NORDESTE,49807,18,18,3.613949846407132,2767.0555555555557,0.0,49823,36788.0,73.8373843405656,6,47.5,4,1,36.0,17.0,40.0,52.0,45.0,95.0,quatro_ou_mais_indicadores_abaixo_50,3
280550,Poço Verde,SE,Sergipe,NORDESTE,22217,8,6,3.6008461988567313,2777.125,0.0,22214,15665.0,70.51859187899522,6,47.666666666666664,4,1,34.0,25.0,48.0,65.0,49.0,65.0,quatro_ou_mais_indicadores_abaixo_50,3
293200,Uauá,BA,Bahia,NORDESTE,25449,3,3,1.1788282447247436,8483.0,2.7043545430809615,25441,18998.0,74.67473762823789,6,47.666666666666664,4,2,21.0,13.0,49.0,73.0,38.0,92.0,quatro_ou_mais_indicadores_abaixo_50,3
160027,Laranjal do Jari,AP,Amapá,NORTE,37872,10,10,2.6404731727925643,3787.2,0.0,37969,24110.0,63.49917037583291,6,40.333333333333336,3,2,19.0,20.0,52.0,58.0,39.0,54.0,vinculo_aps_entre_50_70pct,2
520030,Alexânia,GO,Goiás,CENTRO-OESTE,28244,10,10,3.5405749893782748,2824.4,0.0,28009,14902.0,53.20432718054911,6,40.5,3,2,44.0,4.0,28.0,55.0,52.0,60.0,vinculo_aps_entre_50_70pct,2
210960,Rosário,MA,Maranhão,NORDESTE,39761,20,19,5.03005457609215,1988.05,0.0,39763,25432.0,63.95895681915349,6,42.0,3,2,22.0,12.0,54.0,68.0,32.0,64.0,vinculo_aps_entre_50_70pct,2
150400,Limoeiro do Ajuru,PA,Pará,NORTE,32088,10,10,3.1164298180004986,3208.8,0.0,31778,16655.0,52.410472654037385,6,42.166666666666664,3,2,15.0,7.0,64.0,61.0,43.0,63.0,vinculo_aps_entre_50_70pct,2
280210,Estância,SE,Sergipe,NORDESTE,67060,17,17,2.5350432448553533,3944.705882352941,0.0,66978,34978.0,52.223118038759,6,42.333333333333336,3,2,20.0,8.0,56.0,63.0,38.0,69.0,vinculo_aps_entre_50_70pct,2
290560,Camacan,BA,Bahia,NORDESTE,22485,14,13,6.226373137647321,1606.0714285714287,0.0,22756,15314.0,67.29653717700826,6,43.0,3,2,24.0,27.0,53.0,58.0,40.0,56.0,vinculo_aps_entre_50_70pct,2
260040,Água Preta,PE,Pernambuco,NORDESTE,26981,18,17,6.671361328342166,1498.9444444444443,0.0,27221,15971.0,58.67161382755961,6,43.166666666666664,3,2,15.0,4.0,54.0,59.0,43.0,84.0,vinculo_aps_entre_50_70pct,2
251120,Pedras de Fogo,PB,Paraíba,NORDESTE,31356,17,17,5.421609899221839,1844.4705882352941,0.0,31152,20702.0,66.454802259887,6,43.5,3,1,32.0,12.0,55.0,50.0,42.0,70.0,vinculo_aps_entre_50_70pct,2
150495,Nova Esperança do Piriá,PA,Pará,NORTE,21304,8,8,3.755163349605708,2663.0,0.0,21259,12693.0,59.70647725669128,6,43.666666666666664,3,2,23.0,4.0,61.0,44.0,50.0,80.0,vinculo_aps_entre_50_70pct,2
150680,Santarém,PA,Pará,NORTE,360871,75,73,2.078304989871727,4811.613333333334,5.888684361513995,357311,181695.0,50.850659509502925,6,44.166666666666664,3,2,19.0,8.0,52.0,84.0,40.0,62.0,vinculo_aps_entre_50_70pct,2
150190,Bujaru,PA,Pará,NORTE,25065,10,10,3.9896269698783167,2506.5,0.0,25112,18337.0,73.02086651799937,6,44.333333333333336,3,3,26.0,22.0,57.0,62.0,24.0,75.0,tres_ou_mais_indicadores_abaixo_30,2
210300,Caxias,MA,Maranhão,NORDESTE,163546,42,40,2.568084820172918,3893.9523809523807,0.0,163428,85495.0,52.31355704040923,6,44.5,3,2,16.0,13.0,56.0,65.0,48.0,69.0,vinculo_aps_entre_50_70pct,2
150715,São Domingos do Araguaia,PA,Pará,NORTE,21555,9,9,4.175365344467641,2395.0,0.0,21638,11292.0,52.185969128385246,6,44.833333333333336,3,2,13.0,14.0,65.0,65.0,40.0,72.0,vinculo_aps_entre_50_70pct,2
290930,Correntina,BA,Bahia,NORDESTE,34266,14,14,4.08568260082881,2447.5714285714284,0.0,34179,19118.0,55.93493080546534,6,44.833333333333336,3,2,13.0,3.0,38.0,70.0,58.0,87.0,vinculo_aps_entre_50_70pct,2
290860,Conde,BA,Bahia,NORDESTE,24460,10,10,4.088307440719542,2446.0,0.0,24434,14606.0,59.77735941720553,6,44.833333333333336,3,2,58.0,12.0,18.0,73.0,38.0,70.0,vinculo_aps_entre_50_70pct,2
290690,Caravelas,BA,Bahia,NORDESTE,21384,10,10,4.676393565282454,2138.4,0.0,21229,13242.0,62.3769372085355,6,45.0,3,1,53.0,8.0,47.0,50.0,42.0,70.0,vinculo_aps_entre_50_70pct,2
261620,Vertentes,PE,Pernambuco,NORDESTE,23127,9,9,3.8915553249448696,2569.6666666666665,0.0,22955,13040.0,56.806795905031585,6,45.5,2,2,14.0,6.0,53.0,59.0,56.0,85.0,vinculo_aps_entre_50_70pct,2
290980,Cruz das Almas,BA,Bahia,NORDESTE,63326,18,18,2.8424343871395634,3518.1111111111113,0.0,63203,32095.0,50.780817366264266,6,45.833333333333336,3,2,15.0,11.0,36.0,75.0,51.0,87.0,vinculo_aps_entre_50_70pct,2
261180,Ribeirão,PE,Pernambuco,NORDESTE,33843,12,12,3.545784948142895,2820.25,0.0,34255,20703.0,60.4378922784995,6,45.833333333333336,3,2,7.0,7.0,89.0,65.0,37.0,70.0,vinculo_aps_entre_50_70pct,2
150170,Bragança,PA,Pará,NORTE,132489,33,33,2.490772818875529,4014.818181818182,0.0,131679,81376.0,61.79876821664806,6,45.833333333333336,3,1,32.0,13.0,57.0,65.0,41.0,67.0,vinculo_aps_entre_50_70pct,2
150660,Santa Maria do Pará,PA,Pará,NORTE,25815,13,13,5.035831880689521,1985.7692307692307,0.0,25696,16607.0,64.62873599003736,6,45.833333333333336,3,2,14.0,9.0,34.0,81.0,52.0,85.0,vinculo_aps_entre_50_70pct,2
220290,Corrente,PI,Piauí,NORDESTE,28381,13,13,4.580529227299954,2183.153846153846,0.0,28275,17234.0,60.95137046861184,6,46.0,3,2,21.0,14.0,53.0,63.0,48.0,77.0,vinculo_aps_entre_50_70pct,2
260140,Barreiros,PE,Pernambuco,NORDESTE,42083,17,16,4.039635957512535,2475.470588235294,0.0,42056,25634.0,60.9520639147803,6,46.0,3,2,25.0,8.0,54.0,68.0,46.0,75.0,vinculo_aps_entre_50_70pct,2
290490,Cachoeira,BA,Bahia,NORDESTE,30498,13,13,4.262574595055414,2346.0,0.0,30550,19414.0,63.54828150572831,6,46.166666666666664,3,2,12.0,23.0,56.0,65.0,38.0,83.0,vinculo_aps_entre_50_70pct,2
291390,Ipiaú,BA,Bahia,NORDESTE,42429,15,14,3.535317825072474,2828.6,0.0,42507,25668.0,60.38534829557485,6,46.5,3,1,34.0,16.0,54.0,65.0,44.0,66.0,vinculo_aps_entre_50_70pct,2
130300,Nhamundá,AM,Amazonas,NORTE,21251,7,7,3.293962637052374,3035.8571428571427,0.0,21106,14207.0,67.31261252724345,6,46.5,3,2,46.0,10.0,65.0,57.0,27.0,74.0,vinculo_aps_entre_50_70pct,2
210280,Carolina,MA,Maranhão,NORDESTE,24619,11,11,4.468093748730655,2238.090909090909,0.0,24606,12470.0,50.67869625294643,6,47.0,2,2,11.0,6.0,50.0,83.0,51.0,81.0,vinculo_aps_entre_50_70pct,2
292880,Santo Estêvão,BA,Bahia,NORDESTE,55146,14,14,2.538715410002539,3939.0,0.0,54940,29460.0,53.62213323625774,6,47.0,3,2,14.0,11.0,43.0,71.0,55.0,88.0,vinculo_aps_entre_50_70pct,2
292860,Santo Amaro,BA,Bahia,NORDESTE,58398,19,17,3.25353608000274,3073.5789473684213,0.0,58413,32081.0,54.92099361443514,6,47.166666666666664,3,2,10.0,6.0,68.0,86.0,49.0,64.0,vinculo_aps_entre_50_70pct,2
261130,Pombos,PE,Pernambuco,NORDESTE,26942,15,15,5.567515403459283,1796.1333333333334,0.0,26847,16322.0,60.79636458449734,6,47.166666666666664,2,2,17.0,15.0,53.0,64.0,59.0,75.0,vinculo_aps_entre_50_70pct,2
280350,Lagarto,SE,Sergipe,NORDESTE,105957,28,22,2.6425814245401438,3784.1785714285716,0.0,105558,63621.0,60.27113056329222,6,47.333333333333336,2,1,51.0,13.0,43.0,66.0,52.0,59.0,vinculo_aps_entre_50_70pct,2
270930,União dos Palmares,AL,Alagoas,NORDESTE,60860,25,25,4.107788366743345,2434.4,0.0,60874,36825.0,60.49380687978447,6,47.5,3,1,40.0,18.0,47.0,65.0,50.0,65.0,vinculo_aps_entre_50_70pct,2
150745,São Geraldo do Araguaia,PA,Pará,NORTE,24929,14,13,5.615949296000641,1780.642857142857,0.0,24978,14208.0,56.882056209464324,6,47.666666666666664,3,2,16.0,13.0,58.0,74.0,46.0,79.0,vinculo_aps_entre_50_70pct,2
210670,Mirador,MA,Maranhão,NORDESTE,21536,12,12,5.5720653789004455,1794.6666666666667,0.0,21518,14725.0,68.43108095547913,6,47.666666666666664,2,2,16.0,13.0,54.0,71.0,53.0,79.0,vinculo_aps_entre_50_70pct,2
210660,Matões,MA,Maranhão,NORDESTE,33327,8,8,2.400456086656465,4165.875,0.0,33300,22102.0,66.37237237237237,6,47.833333333333336,3,2,20.0,8.0,74.0,78.0,48.0,59.0,vinculo_aps_entre_50_70pct,2
290990,Curaçá,BA,Bahia,NORDESTE,36127,18,18,4.982423118443269,2007.0555555555557,0.0,36021,23913.0,66.38627467310737,6,47.833333333333336,2,1,33.0,17.0,50.0,66.0,53.0,68.0,vinculo_aps_entre_50_70pct,2
290580,Camamu,BA,Bahia,NORDESTE,31694,19,19,5.9948255190256825,1668.1052631578948,0.0,31775,21301.0,67.03697875688435,6,48.0,2,0,55.0,35.0,50.0,58.0,37.0,53.0,vinculo_aps_entre_50_70pct,2
220800,Picos,PI,Piauí,NORDESTE,86701,37,34,4.267540166780083,2343.2702702702704,0.0,86228,44239.0,51.30468061418565,6,48.166666666666664,2,1,32.0,20.0,53.0,66.0,52.0,66.0,vinculo_aps_entre_50_70pct,2
290340,Belmonte,BA,Bahia,NORDESTE,20527,11,11,5.358795732449944,1866.090909090909,0.0,20567,11052.0,53.736568289006655,6,48.166666666666664,3,2,20.0,6.0,58.0,74.0,48.0,83.0,vinculo_aps_entre_50_70pct,2
210820,Pedreiras,MA,Maranhão,NORDESTE,38252,11,11,2.875666631810102,3477.4545454545455,0.0,38267,21792.0,56.9472391355476,6,48.333333333333336,2,1,40.0,20.0,52.0,63.0,51.0,64.0,vinculo_aps_entre_50_70pct,2
261060,Paudalho,PE,Pernambuco,NORDESTE,59924,25,25,4.171951138108271,2396.96,0.0,59638,36958.0,61.97055568597203,6,48.666666666666664,2,2,29.0,12.0,52.0,69.0,51.0,79.0,vinculo_aps_entre_50_70pct,2
291190,Iaçu,BA,Bahia,NORDESTE,25315,13,13,5.135295279478569,1947.3076923076924,0.0,25333,16376.0,64.64295582836617,6,48.666666666666664,2,1,34.0,22.0,58.0,67.0,56.0,55.0,vinculo_aps_entre_50_70pct,2
230100,Aquiraz,CE,Ceará,NORDESTE,85316,41,41,4.805663650428993,2080.878048780488,0.0,84737,49620.0,58.557654861512674,6,49.0,3,2,28.0,14.0,57.0,59.0,47.0,89.0,vinculo_aps_entre_50_70pct,2
270630,Palmeira dos Índios,AL,Alagoas,NORDESTE,73621,25,25,3.3957702286032516,2944.84,0.0,73596,45052.0,61.21528343931736,6,49.0,3,0,37.0,46.0,51.0,58.0,42.0,60.0,vinculo_aps_entre_50_70pct,2
230075,Amontada,CE,Ceará,NORDESTE,44584,17,16,3.8130270949219454,2622.5882352941176,0.0,44342,30774.0,69.40147038924721,6,49.0,3,2,18.0,11.0,30.0,81.0,61.0,93.0,vinculo_aps_entre_50_70pct,2
230110,Aracati,CE,Ceará,NORDESTE,79205,24,24,3.030111735370242,3300.2083333333335,0.0,78752,39852.0,50.604429093864276,6,49.166666666666664,3,2,29.0,19.0,44.0,72.0,57.0,74.0,vinculo_aps_entre_50_70pct,2
210467,Governador Nunes Freire,MA,Maranhão,NORDESTE,23526,13,13,5.5258012411799715,1809.6923076923076,0.0,23563,15674.0,66.51954335186522,6,49.166666666666664,2,1,31.0,7.0,60.0,75.0,54.0,68.0,vinculo_aps_entre_50_70pct,2
230420,Crato,CE,Ceará,NORDESTE,139027,37,37,2.6613535500298506,3757.4864864864867,0.0,138232,72999.0,52.80904566236472,6,49.333333333333336,2,1,42.0,19.0,60.0,56.0,50.0,69.0,vinculo_aps_entre_50_70pct,2
280620,Salgado,SE,Sergipe,NORDESTE,20825,11,10,5.282112845138055,1893.1818181818182,0.0,20772,12710.0,61.188137877912574,6,49.333333333333336,3,2,20.0,11.0,41.0,90.0,59.0,75.0,vinculo_aps_entre_50_70pct,2
240830,Nova Cruz,RN,Rio Grande do Norte,NORDESTE,35523,16,16,4.504124088618641,2220.1875,0.0,35534,23618.0,66.46591996397817,6,49.333333333333336,3,2,21.0,17.0,52.0,64.0,45.0,97.0,vinculo_aps_entre_50_70pct,2
160040,Mazagão,AP,Amapá,NORTE,23773,10,9,4.206452698439406,2377.3,0.0,23575,14339.0,60.82290562036056,6,49.5,3,2,48.0,29.0,51.0,66.0,29.0,74.0,vinculo_aps_entre_50_70pct,2
290080,Alcobaça,BA,Bahia,NORDESTE,25601,11,11,4.296707159876568,2327.3636363636365,0.0,25494,16266.0,63.80324782301719,6,49.5,2,2,14.0,7.0,63.0,79.0,53.0,81.0,vinculo_aps_entre_50_70pct,2
260940,Moreno,PE,Pernambuco,NORDESTE,57654,17,16,2.9486245533701045,3391.4117647058824,0.0,57647,29944.0,51.943726473190274,6,49.666666666666664,3,2,24.0,28.0,50.0,72.0,47.0,77.0,vinculo_aps_entre_50_70pct,2
251530,Sapé,PB,Paraíba,NORDESTE,53457,21,21,3.9283910432684213,2545.5714285714284,0.0,53309,32840.0,61.6031064173029,6,49.666666666666664,2,2,17.0,7.0,55.0,86.0,58.0,75.0,vinculo_aps_entre_50_70pct,2
211300,Vitorino Freire,MA,Maranhão,NORDESTE,31920,19,16,5.9523809523809526,1680.0,0.0,31906,20354.0,63.79364382874695,6,49.666666666666664,2,2,19.0,25.0,59.0,75.0,51.0,69.0,vinculo_aps_entre_50_70pct,2
230120,Aracoiaba,CE,Ceará,NORDESTE,26752,12,12,4.4856459330143545,2229.3333333333335,0.0,26696,18486.0,69.24632903805814,6,49.833333333333336,3,1,41.0,13.0,74.0,46.0,50.0,75.0,vinculo_aps_entre_50_70pct,2
250630,Guarabira,PB,Paraíba,NORDESTE,60057,25,24,4.162712090180994,2402.28,0.0,59836,31414.0,52.50016712347082,6,50.0,3,2,26.0,17.0,52.0,70.0,45.0,90.0,vinculo_aps_entre_50_70pct,2
130050,Barreirinha,AM,Amazonas,NORTE,33722,12,12,3.5585077990629266,2810.1666666666665,0.0,33436,17944.0,53.66670654384495,6,50.0,2,1,63.0,28.0,54.0,57.0,33.0,65.0,vinculo_aps_entre_50_70pct,2
251290,Rio Tinto,PB,Paraíba,NORDESTE,25500,9,9,3.5294117647058827,2833.3333333333335,0.0,25394,16360.0,64.42466724423092,6,50.0,3,1,44.0,17.0,51.0,53.0,38.0,97.0,vinculo_aps_entre_50_70pct,2
260260,Brejo da Madre de Deus,PE,Pernambuco,NORDESTE,51308,16,14,3.118422078428315,3206.75,0.0,51107,31250.0,61.14622263095075,6,50.166666666666664,2,2,14.0,11.0,64.0,68.0,54.0,90.0,vinculo_aps_entre_50_70pct,2
292595,Rafael Jambeiro,BA,Bahia,NORDESTE,20081,10,10,4.979831681689158,2008.1,0.0,20146,13653.0,67.77027697806017,6,50.166666666666664,2,2,11.0,4.0,63.0,83.0,60.0,80.0,vinculo_aps_entre_50_70pct,2
150620,Salinópolis,PA,Pará,NORTE,48663,17,17,3.493413887347677,2862.529411764706,0.0,48168,26076.0,54.13552566018933,6,50.333333333333336,3,2,22.0,17.0,65.0,84.0,35.0,79.0,vinculo_aps_entre_50_70pct,2
291170,Guanambi,BA,Bahia,NORDESTE,93488,27,27,2.888071196303269,3462.5185185185187,0.0,93065,50617.0,54.388867995487026,6,50.333333333333336,2,1,36.0,22.0,53.0,66.0,52.0,73.0,vinculo_aps_entre_50_70pct,2
210380,Dom Pedro,MA,Maranhão,NORDESTE,23594,10,10,4.238365686191405,2359.4,0.0,23579,13521.0,57.34339878705627,6,50.333333333333336,3,2,20.0,8.0,31.0,92.0,58.0,93.0,vinculo_aps_entre_50_70pct,2
150320,Igarapé-Açu,PA,Pará,NORTE,37925,18,18,4.746209624258405,2106.9444444444443,0.0,37855,25033.0,66.12864879144102,6,50.333333333333336,3,1,35.0,13.0,55.0,71.0,44.0,84.0,vinculo_aps_entre_50_70pct,2
261530,Timbaúba,PE,Pernambuco,NORDESTE,47312,33,31,6.974974636455867,1433.6969696969697,0.0,47575,32047.0,67.36100893326326,6,50.333333333333336,2,1,40.0,10.0,57.0,66.0,52.0,77.0,vinculo_aps_entre_50_70pct,2
150445,Medicilândia,PA,Pará,NORTE,28677,9,8,3.1384035987027934,3186.3333333333335,0.0,28633,15219.0,53.15195753151958,6,50.5,2,2,19.0,2.0,61.0,84.0,54.0,83.0,vinculo_aps_entre_50_70pct,2
261220,Salgueiro,PE,Pernambuco,NORDESTE,65946,22,21,3.3360628392927545,2997.5454545454545,0.0,65635,37906.0,57.752723394530356,6,50.5,2,1,32.0,23.0,63.0,60.0,55.0,70.0,vinculo_aps_entre_50_70pct,2
280067,Boquim,SE,Sergipe,NORDESTE,25007,14,14,5.5984324389171025,1786.2142857142858,0.0,25038,15837.0,63.25185717709082,6,50.5,2,1,61.0,5.0,52.0,73.0,37.0,75.0,vinculo_aps_entre_50_70pct,2
240260,Ceará-Mirim,RN,Rio Grande do Norte,NORDESTE,83543,36,36,4.309158158074285,2320.6388888888887,0.0,83009,42094.0,50.71016395812502,6,50.666666666666664,2,2,17.0,11.0,57.0,82.0,52.0,85.0,vinculo_aps_entre_50_70pct,2
261390,Serra Talhada,PE,Pernambuco,NORDESTE,98816,26,24,2.631152849740933,3800.6153846153848,0.0,98143,51680.0,52.65785639322213,6,50.666666666666664,3,1,40.0,26.0,61.0,67.0,40.0,70.0,vinculo_aps_entre_50_70pct,2
251620,Sousa,PB,Paraíba,NORDESTE,70066,47,43,6.707961065281306,1490.7659574468084,0.0,69876,44287.0,63.37941496364989,6,50.833333333333336,2,1,26.0,30.0,55.0,68.0,60.0,66.0,vinculo_aps_entre_50_70pct,2
330290,Miguel Pereira,RJ,Rio de Janeiro,SUDESTE,28142,13,13,4.619430033402033,2164.769230769231,0.0,28123,14985.0,53.28378906944494,6,51.0,2,0,52.0,41.0,54.0,52.0,43.0,64.0,vinculo_aps_entre_50_70pct,2
150800,Tomé-Açu,PA,Pará,NORTE,73058,18,18,2.4637958881984177,4058.777777777778,0.0,72326,40854.0,56.48591101401985,6,51.0,3,2,25.0,7.0,64.0,89.0,43.0,78.0,vinculo_aps_entre_50_70pct,2
260450,Chã Grande,PE,Pernambuco,NORDESTE,21258,9,9,4.233700254022015,2362.0,0.0,21224,13433.0,63.29155672823219,6,51.0,2,2,20.0,10.0,52.0,80.0,75.0,69.0,vinculo_aps_entre_50_70pct,2
292820,Santana,BA,Bahia,NORDESTE,25521,9,9,3.5265075819913014,2835.6666666666665,0.0,25520,16314.0,63.926332288401255,6,51.0,3,2,20.0,9.0,38.0,80.0,64.0,95.0,vinculo_aps_entre_50_70pct,2
210945,Raposa,MA,Maranhão,NORDESTE,32156,6,6,1.8659037193680805,5359.333333333333,1.2077183656454633,32054,20904.0,65.21494977225932,6,51.166666666666664,2,2,22.0,21.0,53.0,75.0,53.0,83.0,vinculo_aps_entre_50_70pct,2
241220,São José de Mipibu,RN,Rio Grande do Norte,NORDESTE,50053,22,18,4.395340938605078,2275.1363636363635,0.0,49693,26791.0,53.91302597951422,6,51.333333333333336,3,1,35.0,14.0,49.0,73.0,50.0,87.0,vinculo_aps_entre_50_70pct,2
270860,São Miguel dos Campos,AL,Alagoas,NORDESTE,53380,17,13,3.184713375796178,3140.0,0.0,53391,31170.0,58.38062594819352,6,51.5,2,1,65.0,18.0,55.0,67.0,48.0,56.0,vinculo_aps_entre_50_70pct,2
210350,Colinas,MA,Maranhão,NORDESTE,41788,21,21,5.025366133818321,1989.904761904762,0.0,41745,24550.0,58.80943825607857,6,51.5,2,2,21.0,12.0,52.0,90.0,63.0,71.0,vinculo_aps_entre_50_70pct,2
230630,Itapajé,CE,Ceará,NORDESTE,49073,23,23,4.686895033929044,2133.608695652174,0.0,49086,30887.0,62.92425538850181,6,51.5,3,1,40.0,25.0,48.0,60.0,56.0,80.0,vinculo_aps_entre_50_70pct,2
310860,Brasília de Minas,MG,Minas Gerais,SUDESTE,33262,16,16,4.810294029222536,2078.875,0.0,33188,18350.0,55.29106906110643,6,51.666666666666664,2,1,44.0,5.0,61.0,57.0,50.0,93.0,vinculo_aps_entre_50_70pct,2
251210,Pombal,PB,Paraíba,NORDESTE,33866,15,15,4.429221047658419,2257.733333333333,0.0,33796,21062.0,62.32098473192094,6,51.666666666666664,2,1,42.0,22.0,54.0,67.0,52.0,73.0,vinculo_aps_entre_50_70pct,2
211000,Santa Luzia,MA,Maranhão,NORDESTE,58839,27,26,4.588793147402233,2179.222222222222,0.0,59037,38250.0,64.78987753442756,6,51.666666666666664,2,1,33.0,12.0,50.0,93.0,55.0,67.0,vinculo_aps_entre_50_70pct,2
220780,Paulistana,PI,Piauí,NORDESTE,21633,12,12,5.54708084870337,1802.75,0.0,21601,14930.0,69.11717050136568,6,51.666666666666664,3,1,52.0,8.0,49.0,58.0,48.0,95.0,vinculo_aps_entre_50_70pct,2
280760,Umbaúba,SE,Sergipe,NORDESTE,24618,6,6,2.4372410431391667,4103.0,0.0,24538,14456.0,58.91270682207189,6,51.833333333333336,2,2,20.0,13.0,63.0,84.0,58.0,73.0,vinculo_aps_entre_50_70pct,2
250370,Cajazeiras,PB,Paraíba,NORDESTE,66585,43,38,6.457910940902606,1548.4883720930231,0.0,66171,39714.0,60.01722809085551,6,51.833333333333336,2,2,24.0,20.0,60.0,62.0,50.0,95.0,vinculo_aps_entre_50_70pct,2
150830,Viseu,PA,Pará,NORTE,62189,25,25,4.020003537603113,2487.56,0.0,61970,39169.0,63.20639018880103,6,51.833333333333336,2,2,23.0,16.0,62.0,83.0,51.0,76.0,vinculo_aps_entre_50_70pct,2
150275,Concórdia do Pará,PA,Pará,NORTE,28270,8,8,2.8298549699327906,3533.75,0.0,28287,18028.0,63.73245660550783,6,51.833333333333336,2,2,12.0,9.0,61.0,86.0,50.0,93.0,vinculo_aps_entre_50_70pct,2
270100,Boca da Mata,AL,Alagoas,NORDESTE,21479,11,11,5.121281251454909,1952.6363636363637,0.0,21517,14460.0,67.20267695310685,6,51.833333333333336,3,2,27.0,27.0,46.0,74.0,66.0,71.0,vinculo_aps_entre_50_70pct,2
220550,José de Freitas,PI,Piauí,NORDESTE,44689,23,23,5.146680391147711,1943.0,0.0,44391,27588.0,62.14773264850984,6,52.0,3,1,49.0,18.0,50.0,51.0,48.0,96.0,vinculo_aps_entre_50_70pct,2
230030,Acopiara,CE,Ceará,NORDESTE,45937,23,19,5.006857217493524,1997.2608695652175,0.0,46215,31832.0,68.87806989072813,6,52.0,2,2,23.0,14.0,59.0,63.0,56.0,97.0,vinculo_aps_entre_50_70pct,2
140017,Cantá,RR,Roraima,NORTE,21102,5,5,2.369443654629893,4220.4,0.0,20552,10581.0,51.48404048267808,6,52.166666666666664,2,1,26.0,40.0,54.0,68.0,55.0,70.0,vinculo_aps_entre_50_70pct,2
293320,Vera Cruz,BA,Bahia,NORDESTE,45191,14,14,3.0979619835808014,3227.9285714285716,0.0,44978,23700.0,52.69242740895549,6,52.166666666666664,2,2,17.0,13.0,63.0,85.0,52.0,83.0,vinculo_aps_entre_50_70pct,2
210060,Amarante do Maranhão,MA,Maranhão,NORDESTE,38335,18,18,4.695448023998956,2129.722222222222,0.0,38333,21925.0,57.19614953173506,6,52.166666666666664,2,0,42.0,37.0,55.0,60.0,55.0,64.0,vinculo_aps_entre_50_70pct,2
250690,Itabaiana,PB,Paraíba,NORDESTE,23558,12,12,5.093811019611172,1963.1666666666667,0.0,23621,16293.0,68.97675796960331,6,52.166666666666664,2,1,46.0,7.0,69.0,68.0,61.0,62.0,vinculo_aps_entre_50_70pct,2
230550,Iguatu,CE,Ceará,NORDESTE,102588,32,31,3.1192732093422233,3205.875,0.0,102251,59472.0,58.162756354461074,6,52.333333333333336,2,0,33.0,31.0,57.0,66.0,56.0,71.0,vinculo_aps_entre_50_70pct,2
210510,Icatu,MA,Maranhão,NORDESTE,25332,14,14,5.526606663508606,1809.4285714285713,0.0,25332,16035.0,63.299384178114636,6,52.333333333333336,3,1,34.0,16.0,71.0,73.0,35.0,85.0,vinculo_aps_entre_50_70pct,2
150390,Juruti,PA,Pará,NORTE,54255,16,15,2.949036955119344,3390.9375,0.0,53952,34493.0,63.932755041518384,6,52.333333333333336,3,1,34.0,9.0,66.0,86.0,41.0,78.0,vinculo_aps_entre_50_70pct,2
292340,Palmas de Monte Alto,BA,Bahia,NORDESTE,20666,9,9,4.354979192877189,2296.222222222222,0.0,20677,10905.0,52.73975915268172,6,52.5,3,1,40.0,17.0,45.0,72.0,58.0,83.0,vinculo_aps_entre_50_70pct,2
150442,Marituba,PA,Pará,NORTE,119437,20,20,1.6745229702688447,5971.85,6.771621421743911,118998,63679.0,53.51266407838787,6,52.5,3,2,21.0,18.0,74.0,84.0,41.0,77.0,vinculo_aps_entre_50_70pct,2
231020,Paracuru,CE,Ceará,NORDESTE,41894,21,20,5.012650976273452,1994.952380952381,0.0,41447,23799.0,57.42031992665332,6,52.5,2,2,28.0,26.0,57.0,57.0,51.0,96.0,vinculo_aps_entre_50_70pct,2
210550,João Lisboa,MA,Maranhão,NORDESTE,25311,9,9,3.5557662676306743,2812.3333333333335,0.0,25287,13738.0,54.32831098983667,6,52.666666666666664,2,1,40.0,17.0,66.0,68.0,53.0,72.0,vinculo_aps_entre_50_70pct,2
210100,Arari,MA,Maranhão,NORDESTE,30555,14,14,4.581901489117984,2182.5,0.0,30521,19515.0,63.93958258248419,6,52.666666666666664,2,1,33.0,19.0,55.0,65.0,55.0,89.0,vinculo_aps_entre_50_70pct,2
261420,Sirinhaém,PE,Pernambuco,NORDESTE,39171,17,17,4.339945367746547,2304.176470588235,0.0,39233,19974.0,50.91122269518008,6,52.833333333333336,2,2,18.0,9.0,58.0,90.0,60.0,82.0,vinculo_aps_entre_50_70pct,2
150475,Mojuí dos Campos,PA,Pará,NORTE,25818,12,12,4.647920055775041,2151.5,0.0,25312,16430.0,64.90992414664981,6,52.833333333333336,2,2,26.0,5.0,59.0,77.0,62.0,88.0,vinculo_aps_entre_50_70pct,2
221060,São Raimundo Nonato,PI,Piauí,NORDESTE,41139,15,14,3.646175162254795,2742.6,0.0,40784,26680.0,65.41781090623773,6,52.833333333333336,2,1,34.0,12.0,56.0,68.0,51.0,96.0,vinculo_aps_entre_50_70pct,2
150530,Oriximiná,PA,Pará,NORTE,72889,10,10,1.371949128126329,7288.9,6.337958202311612,72460,38484.0,53.11068175545128,6,53.0,2,2,29.0,8.0,61.0,93.0,52.0,75.0,vinculo_aps_entre_50_70pct,2
292840,Santa Rita de Cássia,BA,Bahia,NORDESTE,28890,10,10,3.4614053305642094,2889.0,0.0,28826,19208.0,66.63428848955803,6,53.0,3,1,30.0,13.0,46.0,83.0,54.0,92.0,vinculo_aps_entre_50_70pct,2
270730,Porto Calvo,AL,Alagoas,NORDESTE,24509,11,11,4.4881472112285286,2228.090909090909,0.0,24520,16470.0,67.16965742251223,6,53.0,2,0,44.0,30.0,54.0,66.0,54.0,70.0,vinculo_aps_entre_50_70pct,2
150220,Capanema,PA,Pará,NORTE,75309,24,23,3.1868700952077442,3137.875,0.0,74808,38111.0,50.94508608704952,6,53.166666666666664,2,2,18.0,10.0,65.0,84.0,58.0,84.0,vinculo_aps_entre_50_70pct,2
291835,João Dourado,BA,Bahia,NORDESTE,25892,8,8,3.089757454039858,3236.5,0.0,25799,15449.0,59.88216597542541,6,53.166666666666664,3,0,47.0,38.0,47.0,67.0,52.0,68.0,vinculo_aps_entre_50_70pct,2
211270,Vargem Grande,MA,Maranhão,NORDESTE,44444,18,18,4.050040500405005,2469.1111111111113,0.0,44540,27168.0,60.99685675797036,6,53.166666666666664,2,1,42.0,4.0,69.0,77.0,58.0,69.0,vinculo_aps_entre_50_70pct,2
261250,Santa Cruz do Capibaribe,PE,Pernambuco,NORDESTE,104854,27,27,2.5750090602170634,3883.4814814814813,0.0,104277,53348.0,51.15989144298359,6,53.333333333333336,3,2,20.0,18.0,49.0,83.0,65.0,85.0,vinculo_aps_entre_50_70pct,2
230870,Morada Nova,CE,Ceará,NORDESTE,65390,31,26,4.74078605291329,2109.3548387096776,0.0,65323,40932.0,62.66093106562772,6,53.333333333333336,3,1,44.0,13.0,48.0,65.0,56.0,94.0,vinculo_aps_entre_50_70pct,2
210270,Cantanhede,MA,Maranhão,NORDESTE,25059,10,10,3.9905822259467656,2505.9,0.0,24976,12889.0,51.605541319666884,6,53.5,2,1,60.0,20.0,55.0,71.0,31.0,84.0,vinculo_aps_entre_50_70pct,2
291950,Livramento de Nossa Senhora,BA,Bahia,NORDESTE,46376,14,14,3.0188028290495086,3312.5714285714284,0.0,46249,28551.0,61.73322666436031,6,53.5,2,1,43.0,20.0,63.0,69.0,53.0,73.0,vinculo_aps_entre_50_70pct,2
290630,Canavieiras,BA,Bahia,NORDESTE,34392,12,11,3.489183531053733,2866.0,0.0,34343,18365.0,53.475235127973676,6,53.666666666666664,2,1,30.0,17.0,56.0,83.0,50.0,86.0,vinculo_aps_entre_50_70pct,2
150050,Almeirim,PA,Pará,NORTE,36442,9,9,2.4696778442456506,4049.1111111111113,0.0,36334,19961.0,54.937524082126934,6,53.666666666666664,3,0,34.0,32.0,57.0,75.0,40.0,84.0,vinculo_aps_entre_50_70pct,2
292620,Riachão das Neves,BA,Bahia,NORDESTE,22329,8,8,3.5827847194231714,2791.125,0.0,22323,13958.0,62.527438068359984,6,53.666666666666664,2,1,52.0,15.0,62.0,65.0,48.0,80.0,vinculo_aps_entre_50_70pct,2
150670,Santana do Araguaia,PA,Pará,NORTE,30455,14,14,4.596946314234116,2175.3571428571427,0.0,31683,20691.0,65.30631568980209,6,53.666666666666664,2,1,11.0,32.0,57.0,77.0,64.0,81.0,vinculo_aps_entre_50_70pct,2
260170,Belo Jardim,PE,Pernambuco,NORDESTE,84033,31,30,3.6890269298965883,2710.7419354838707,0.0,83647,47560.0,56.85798653866845,6,53.833333333333336,2,2,26.0,15.0,61.0,62.0,68.0,91.0,vinculo_aps_entre_50_70pct,2
240420,Goianinha,RN,Rio Grande do Norte,NORDESTE,28422,16,15,5.629441981563578,1776.375,0.0,28212,17277.0,61.23989791578052,6,53.833333333333336,1,0,33.0,50.0,59.0,60.0,51.0,70.0,vinculo_aps_entre_50_70pct,2
130240,Lábrea,AM,Amazonas,NORTE,49469,13,13,2.6279083870706907,3805.3076923076924,0.0,48927,30948.0,63.25341835796186,6,53.833333333333336,2,1,77.0,7.0,57.0,73.0,42.0,67.0,vinculo_aps_entre_50_70pct,2
210200,Bom Jardim,MA,Maranhão,NORDESTE,33936,22,22,6.482791136256482,1542.5454545454545,0.0,34035,21550.0,63.31717349786984,6,54.0,2,2,27.0,10.0,51.0,91.0,73.0,72.0,vinculo_aps_entre_50_70pct,2
260600,Garanhuns,PE,Pernambuco,NORDESTE,151803,50,50,3.293742547907485,3036.06,0.0,151064,81718.0,54.09495313244717,6,54.166666666666664,2,1,36.0,23.0,68.0,73.0,55.0,70.0,vinculo_aps_entre_50_70pct,2
293270,Uruçuca,BA,Bahia,NORDESTE,22155,9,9,4.062288422477995,2461.6666666666665,0.0,22130,12701.0,57.39267962042476,6,54.166666666666664,3,2,14.0,23.0,56.0,97.0,46.0,89.0,vinculo_aps_entre_50_70pct,2
291110,Formosa do Rio Preto,BA,Bahia,NORDESTE,27567,12,12,4.3530307976928935,2297.25,0.0,27421,15741.0,57.404908646657674,6,54.166666666666664,2,2,21.0,9.0,59.0,75.0,66.0,95.0,vinculo_aps_entre_50_70pct,2
241250,São Miguel,RN,Rio Grande do Norte,NORDESTE,24422,12,11,4.913602489558595,2035.1666666666667,0.0,24329,14359.0,59.020099469768596,6,54.166666666666664,2,2,21.0,9.0,62.0,90.0,56.0,87.0,vinculo_aps_entre_50_70pct,2
314530,Novo Cruzeiro,MG,Minas Gerais,SUDESTE,27268,10,10,3.6673023324042835,2726.8,0.0,27453,16662.0,60.69282045678068,6,54.166666666666664,3,0,48.0,43.0,54.0,63.0,49.0,68.0,vinculo_aps_entre_50_70pct,2
291320,Ibotirama,BA,Bahia,NORDESTE,27723,10,9,3.6071132272842044,2772.3,0.0,27670,16938.0,61.21431152873148,6,54.166666666666664,3,1,44.0,18.0,62.0,61.0,48.0,92.0,vinculo_aps_entre_50_70pct,2
210203,Bom Jesus das Selvas,MA,Maranhão,NORDESTE,29606,10,10,3.377693710734311,2960.6,0.0,29588,18530.0,62.62674057050156,6,54.166666666666664,3,1,40.0,14.0,40.0,84.0,58.0,89.0,vinculo_aps_entre_50_70pct,2
290720,Casa Nova,BA,Bahia,NORDESTE,76131,19,18,2.495698204410818,4006.8947368421054,0.0,75815,39766.0,52.451361867704286,6,54.333333333333336,2,2,20.0,12.0,61.0,85.0,64.0,84.0,vinculo_aps_entre_50_70pct,2
313950,Manhumirim,MG,Minas Gerais,SUDESTE,20939,9,9,4.298199531973829,2326.5555555555557,0.0,20970,11322.0,53.99141630901288,6,54.333333333333336,2,0,44.0,51.0,58.0,55.0,45.0,73.0,vinculo_aps_entre_50_70pct,2
292890,São Desidério,BA,Bahia,NORDESTE,34982,18,18,5.145503401749472,1943.4444444444443,0.0,34783,20229.0,58.15772072564184,6,54.333333333333336,3,1,30.0,6.0,71.0,86.0,49.0,84.0,vinculo_aps_entre_50_70pct,2
292720,Ruy Barbosa,BA,Bahia,NORDESTE,29590,12,12,4.055424129773573,2465.8333333333335,0.0,29606,18292.0,61.78477335675201,6,54.333333333333336,2,2,21.0,6.0,71.0,76.0,62.0,90.0,vinculo_aps_entre_50_70pct,2
210230,Buriti Bravo,MA,Maranhão,NORDESTE,22938,12,12,5.23149359142035,1911.5,0.0,22940,14428.0,62.89450741063645,6,54.333333333333336,2,2,23.0,23.0,74.0,80.0,65.0,61.0,vinculo_aps_entre_50_70pct,2
260300,Cabrobó,PE,Pernambuco,NORDESTE,31762,21,19,6.611674327813111,1512.4761904761904,0.0,31746,21408.0,67.43526743526743,6,54.333333333333336,2,0,39.0,37.0,58.0,65.0,55.0,72.0,vinculo_aps_entre_50_70pct,2
130423,Tonantins,AM,Amazonas,NORTE,20257,5,5,2.468282568988498,4051.4,0.0,20224,11467.0,56.69996044303798,6,54.5,2,1,43.0,3.0,57.0,79.0,54.0,91.0,vinculo_aps_entre_50_70pct,2
312430,Espinosa,MG,Minas Gerais,SUDESTE,31375,10,7,3.1872509960159365,3137.5,0.0,31385,18488.0,58.907121236259364,6,54.5,2,1,35.0,7.0,56.0,75.0,68.0,86.0,vinculo_aps_entre_50_70pct,2
130250,Manacapuru,AM,Amazonas,NORTE,111751,21,21,1.8791778149636245,5321.476190476191,4.048816242046467,110691,67111.0,60.629138773703374,6,54.5,3,1,45.0,25.0,67.0,73.0,42.0,75.0,vinculo_aps_entre_50_70pct,2
150277,Curionópolis,PA,Pará,NORTE,20975,7,7,3.3373063170440997,2996.4285714285716,0.0,20859,12754.0,61.14387075123447,6,54.5,2,1,41.0,22.0,60.0,57.0,57.0,90.0,vinculo_aps_entre_50_70pct,2
320160,Conceição da Barra,ES,Espírito Santo,SUDESTE,28923,11,11,3.8032016042595855,2629.3636363636365,0.0,28953,16378.0,56.567540496667014,6,54.666666666666664,3,1,41.0,14.0,67.0,72.0,44.0,90.0,vinculo_aps_entre_50_70pct,2
313270,Itambacuri,MG,Minas Gerais,SUDESTE,21210,12,12,5.657708628005658,1767.5,0.0,21296,12917.0,60.6545830202855,6,54.666666666666664,2,1,27.0,33.0,56.0,64.0,55.0,93.0,vinculo_aps_entre_50_70pct,2
220270,Cocal,PI,Piauí,NORDESTE,29302,8,8,2.7301890655927923,3662.75,0.0,29209,19533.0,66.87322400629942,6,54.666666666666664,2,1,35.0,6.0,55.0,82.0,60.0,90.0,vinculo_aps_entre_50_70pct,2
130290,Maués,AM,Amazonas,NORTE,66336,13,12,1.9597202122527737,5102.7692307692305,1.8691132449140893,65714,35568.0,54.12545271935964,6,54.833333333333336,2,1,50.0,12.0,73.0,80.0,44.0,70.0,vinculo_aps_entre_50_70pct,2
261090,Pesqueira,PE,Pernambuco,NORDESTE,65481,20,20,3.054321100777325,3274.05,0.0,65408,35437.0,54.178387964774956,6,54.833333333333336,2,1,35.0,17.0,59.0,68.0,57.0,93.0,vinculo_aps_entre_50_70pct,2
280450,Nossa Senhora da Glória,SE,Sergipe,NORDESTE,43686,16,10,3.6625005722657145,2730.375,0.0,43255,24991.0,57.77597965553115,6,54.833333333333336,2,2,15.0,16.0,62.0,80.0,59.0,97.0,vinculo_aps_entre_50_70pct,2
270510,Matriz de Camaragibe,AL,Alagoas,NORDESTE,24331,10,10,4.109983149069088,2433.1,0.0,24330,15232.0,62.605836415947394,6,55.166666666666664,2,2,24.0,10.0,64.0,85.0,59.0,89.0,vinculo_aps_entre_50_70pct,2
240940,Pau dos Ferros,RN,Rio Grande do Norte,NORDESTE,32123,14,14,4.3582479843103075,2294.5,0.0,31975,16308.0,51.00234558248632,6,55.333333333333336,2,1,35.0,17.0,63.0,76.0,53.0,88.0,vinculo_aps_entre_50_70pct,2
240100,Apodi,RN,Rio Grande do Norte,NORDESTE,37486,9,9,2.4008963346315957,4165.111111111111,0.0,37390,22760.0,60.87189087991442,6,55.333333333333336,3,0,35.0,30.0,54.0,71.0,48.0,94.0,vinculo_aps_entre_50_70pct,2
310340,Araçuaí,MG,Minas Gerais,SUDESTE,35185,14,14,3.978968310359528,2513.214285714286,0.0,35250,17907.0,50.8,6,55.5,2,1,31.0,19.0,65.0,69.0,52.0,97.0,vinculo_aps_entre_50_70pct,2
292360,Paramirim,BA,Bahia,NORDESTE,21025,14,14,6.658739595719382,1501.7857142857142,0.0,21009,11851.0,56.409157979913374,6,55.5,2,1,75.0,13.0,45.0,56.0,52.0,92.0,vinculo_aps_entre_50_70pct,2
292380,Paripiranga,BA,Bahia,NORDESTE,27860,12,11,4.3072505384063176,2321.6666666666665,0.0,27866,18245.0,65.47405440321539,6,55.5,2,1,33.0,16.0,56.0,93.0,59.0,76.0,vinculo_aps_entre_50_70pct,2
120020,Cruzeiro do Sul,AC,Acre,NORTE,98916,30,30,3.032876379958753,3297.2,0.0,98382,58560.0,59.52308349088248,6,55.666666666666664,2,2,28.0,11.0,80.0,87.0,50.0,78.0,vinculo_aps_entre_50_70pct,2
230800,Massapê,CE,Ceará,NORDESTE,39840,14,13,3.5140562248995986,2845.714285714286,0.0,39633,25238.0,63.679257184669346,6,55.666666666666664,2,1,33.0,20.0,59.0,70.0,61.0,91.0,vinculo_aps_entre_50_70pct,2
210210,Brejo,MA,Maranhão,NORDESTE,35354,14,14,3.9599479549697345,2525.285714285714,0.0,35322,24413.0,69.11556537002434,6,55.666666666666664,2,1,16.0,40.0,57.0,77.0,62.0,82.0,vinculo_aps_entre_50_70pct,2
150760,São Miguel do Guamá,PA,Pará,NORTE,55970,15,15,2.6800071466857243,3731.3333333333335,0.0,55798,33201.0,59.502132692928065,6,55.833333333333336,3,2,25.0,25.0,61.0,90.0,48.0,86.0,vinculo_aps_entre_50_70pct,2
290710,Carinhanha,BA,Bahia,NORDESTE,30439,11,11,3.6137849469430665,2767.181818181818,0.0,30375,19965.0,65.72839506172839,6,55.833333333333336,2,1,34.0,18.0,70.0,82.0,58.0,73.0,vinculo_aps_entre_50_70pct,2
240890,Parelhas,RN,Rio Grande do Norte,NORDESTE,22242,8,8,3.5967988490243683,2780.25,0.0,22179,12224.0,55.11519906217593,6,56.0,2,1,37.0,27.0,57.0,65.0,56.0,94.0,vinculo_aps_entre_50_70pct,2
231240,São Gonçalo do Amarante,CE,Ceará,NORDESTE,58191,22,22,3.780653365640735,2645.0454545454545,0.0,57499,36461.0,63.41153759195812,6,56.0,2,1,47.0,24.0,58.0,69.0,54.0,84.0,vinculo_aps_entre_50_70pct,2
130030,Autazes,AM,Amazonas,NORTE,45960,13,13,2.8285465622280244,3535.3846153846152,0.0,45328,29392.0,64.84292269678785,6,56.0,2,0,66.0,34.0,59.0,60.0,42.0,75.0,vinculo_aps_entre_50_70pct,2
230270,Campos Sales,CE,Ceará,NORDESTE,26049,19,19,7.293946024799417,1371.0,0.0,26082,17094.0,65.53945249597423,6,56.0,2,1,35.0,17.0,60.0,73.0,69.0,82.0,vinculo_aps_entre_50_70pct,2
291640,Itapetinga,BA,Bahia,NORDESTE,68724,22,22,3.2012106396600895,3123.818181818182,0.0,68735,34880.0,50.74561722557649,6,56.333333333333336,3,0,40.0,40.0,67.0,70.0,49.0,72.0,vinculo_aps_entre_50_70pct,2
150635,Santa Bárbara do Pará,PA,Pará,NORTE,22530,6,6,2.6631158455392807,3755.0,0.0,22288,12833.0,57.57806891600862,6,56.333333333333336,2,2,23.0,20.0,81.0,90.0,59.0,65.0,vinculo_aps_entre_50_70pct,2
291880,Laje,BA,Bahia,NORDESTE,21705,9,9,4.14651002073255,2411.6666666666665,0.0,21704,14666.0,67.57279764098783,6,56.333333333333336,2,1,30.0,25.0,65.0,72.0,53.0,93.0,vinculo_aps_entre_50_70pct,2
260110,Araripina,PE,Pernambuco,NORDESTE,90504,44,44,4.861663572880756,2056.909090909091,0.0,90104,49523.0,54.96204386042795,6,56.5,2,2,29.0,12.0,53.0,85.0,67.0,93.0,vinculo_aps_entre_50_70pct,2
210030,Aldeias Altas,MA,Maranhão,NORDESTE,23776,4,3,1.6823687752355316,5944.0,1.3293541442214993,23782,14828.0,62.349676225716934,6,56.5,3,0,48.0,37.0,57.0,68.0,46.0,83.0,vinculo_aps_entre_50_70pct,2
150795,Tailândia,PA,Pará,NORTE,75290,10,10,1.3281976358082084,7529.0,6.876138691051341,75526,40673.0,53.8529777824855,6,56.666666666666664,2,2,19.0,28.0,60.0,89.0,60.0,84.0,vinculo_aps_entre_50_70pct,2
313580,Jequitinhonha,MG,Minas Gerais,SUDESTE,24516,10,10,4.078968836678087,2451.6,0.0,24509,13851.0,56.513933657023955,6,56.666666666666664,3,0,47.0,30.0,49.0,65.0,55.0,94.0,vinculo_aps_entre_50_70pct,2
210810,Paulo Ramos,MA,Maranhão,NORDESTE,20798,10,10,4.8081546302529095,2079.8,0.0,20792,13038.0,62.70681031165834,6,56.666666666666664,3,1,15.0,47.0,49.0,74.0,65.0,90.0,vinculo_aps_entre_50_70pct,2
150295,Eldorado do Carajás,PA,Pará,NORTE,29287,8,8,2.731587393724178,3660.875,0.0,29425,15616.0,53.070518266779956,6,56.833333333333336,2,2,25.0,13.0,80.0,92.0,55.0,76.0,vinculo_aps_entre_50_70pct,2
261500,Taquaritinga do Norte,PE,Pernambuco,NORDESTE,25511,11,11,4.311865469797342,2319.181818181818,0.0,25497,13996.0,54.892732478330785,6,56.833333333333336,2,2,22.0,8.0,60.0,92.0,68.0,91.0,vinculo_aps_entre_50_70pct,2
260070,Aliança,PE,Pernambuco,NORDESTE,37349,23,22,6.158130070416878,1623.8695652173913,0.0,37372,23143.0,61.92604088622499,6,56.833333333333336,2,1,50.0,26.0,49.0,67.0,52.0,97.0,vinculo_aps_entre_50_70pct,2
230210,Baturité,CE,Ceará,NORDESTE,37147,12,12,3.2304089159286082,3095.5833333333335,0.0,36978,23373.0,63.20785331818919,6,56.833333333333336,2,0,38.0,55.0,60.0,66.0,46.0,76.0,vinculo_aps_entre_50_70pct,2
130340,Parintins,AM,Amazonas,NORTE,101855,21,20,2.0617544548623044,4850.238095238095,1.8306429323553497,101956,65632.0,64.37286672682333,6,56.833333333333336,3,1,32.0,17.0,74.0,86.0,49.0,83.0,vinculo_aps_entre_50_70pct,2
221000,São João do Piauí,PI,Piauí,NORDESTE,22137,6,6,2.710394362379726,3689.5,0.0,22036,14662.0,66.53657651116355,6,56.833333333333336,1,1,53.0,23.0,54.0,61.0,57.0,93.0,vinculo_aps_entre_50_70pct,2
292910,São Felipe,BA,Bahia,NORDESTE,20923,6,6,2.867657601682359,3487.1666666666665,0.0,20918,13947.0,66.67463428626064,6,56.833333333333336,2,2,26.0,14.0,65.0,90.0,59.0,87.0,vinculo_aps_entre_50_70pct,2
240710,Macaíba,RN,Rio Grande do Norte,NORDESTE,87056,31,30,3.5609263003124427,2808.2580645161293,0.0,86433,45469.0,52.60606481320792,6,57.0,2,2,22.0,16.0,79.0,83.0,57.0,85.0,vinculo_aps_entre_50_70pct,2
290390,Bom Jesus da Lapa,BA,Bahia,NORDESTE,68866,26,26,3.775447971422763,2648.6923076923076,0.0,68704,41468.0,60.357475547275264,6,57.0,2,1,48.0,15.0,70.0,75.0,63.0,71.0,vinculo_aps_entre_50_70pct,2
120033,Mâncio Lima,AC,Acre,NORTE,20479,10,9,4.883050930221202,2047.9,0.0,20329,12540.0,61.685277190220866,6,57.0,3,1,34.0,20.0,78.0,83.0,43.0,84.0,vinculo_aps_entre_50_70pct,2
291650,Itapicuru,BA,Bahia,NORDESTE,33284,14,14,4.206225213315707,2377.4285714285716,0.0,33254,21123.0,63.520178023696396,6,57.0,2,1,40.0,16.0,53.0,92.0,65.0,76.0,vinculo_aps_entre_50_70pct,2
261360,São José do Egito,PE,Pernambuco,NORDESTE,32508,18,18,5.537098560354374,1806.0,0.0,32491,21696.0,66.77541473023298,6,57.0,2,0,45.0,31.0,66.0,70.0,53.0,77.0,vinculo_aps_entre_50_70pct,2
260620,Goiana,PE,Pernambuco,NORDESTE,85497,31,30,3.625858217247389,2757.967741935484,0.0,85160,45318.0,53.2151244715829,6,57.166666666666664,3,0,34.0,35.0,63.0,71.0,47.0,93.0,vinculo_aps_entre_50_70pct,2
290120,Anagé,BA,Bahia,NORDESTE,26745,10,9,3.7390166386240415,2674.5,0.0,26715,15559.0,58.24068875163766,6,57.166666666666664,2,1,30.0,22.0,67.0,79.0,64.0,81.0,vinculo_aps_entre_50_70pct,2
260900,Macaparana,PE,Pernambuco,NORDESTE,24642,14,14,5.681357032708384,1760.142857142857,0.0,24624,15254.0,61.94769330734243,6,57.166666666666664,2,1,32.0,11.0,68.0,71.0,65.0,96.0,vinculo_aps_entre_50_70pct,2
292600,Remanso,BA,Bahia,NORDESTE,42855,14,14,3.266830008167075,3061.0714285714284,0.0,42746,27858.0,65.17101015299677,6,57.166666666666664,2,1,38.0,20.0,81.0,79.0,63.0,62.0,vinculo_aps_entre_50_70pct,2
292575,Presidente Tancredo Neves,BA,Bahia,NORDESTE,29489,10,10,3.391094984570518,2948.9,0.0,29343,18526.0,63.13601199604676,6,57.333333333333336,2,1,30.0,20.0,69.0,92.0,63.0,70.0,vinculo_aps_entre_50_70pct,2
221120,Uruçuí,PI,Piauí,NORDESTE,26779,10,10,3.7342693901938087,2677.9,0.0,26501,15645.0,59.035508094034185,6,57.666666666666664,2,2,23.0,18.0,74.0,78.0,63.0,90.0,vinculo_aps_entre_50_70pct,2
211223,Trizidela do Vale,MA,Maranhão,NORDESTE,23097,14,14,6.061393254535221,1649.7857142857142,0.0,23052,13758.0,59.68245705361791,6,57.666666666666664,2,2,28.0,19.0,54.0,80.0,65.0,100.0,vinculo_aps_entre_50_70pct,2
260570,Floresta,PE,Pernambuco,NORDESTE,31702,13,13,4.100687653775787,2438.6153846153848,0.0,31627,19467.0,61.55183861890157,6,57.666666666666664,3,2,29.0,27.0,68.0,82.0,47.0,93.0,vinculo_aps_entre_50_70pct,2
316110,São Francisco,MG,Minas Gerais,SUDESTE,54223,20,20,3.6884716817586636,2711.15,0.0,54239,34278.0,63.19806781098472,6,57.666666666666664,2,0,36.0,34.0,56.0,67.0,59.0,94.0,vinculo_aps_entre_50_70pct,2
220580,Luzilândia,PI,Piauí,NORDESTE,26143,15,14,5.73767356462533,1742.8666666666666,0.0,26204,17336.0,66.15783849793925,6,57.666666666666664,2,2,28.0,18.0,66.0,73.0,67.0,94.0,vinculo_aps_entre_50_70pct,2
280140,Carira,SE,Sergipe,NORDESTE,20314,4,4,1.9690853598503495,5078.5,0.5533521233897855,20315,13527.0,66.58626630568546,6,57.666666666666664,2,0,37.0,52.0,68.0,79.0,34.0,76.0,vinculo_aps_entre_50_70pct,2
260050,Águas Belas,PE,Pernambuco,NORDESTE,43822,25,25,5.704897083656611,1752.88,0.0,43713,29672.0,67.87912062773088,6,57.666666666666664,3,1,41.0,23.0,47.0,77.0,61.0,97.0,vinculo_aps_entre_50_70pct,2
220840,Piripiri,PI,Piauí,NORDESTE,67887,31,31,4.566411831425752,2189.9032258064517,0.0,67676,38496.0,56.882794491400205,6,57.833333333333336,2,1,30.0,20.0,72.0,81.0,66.0,78.0,vinculo_aps_entre_50_70pct,2
261100,Petrolândia,PE,Pernambuco,NORDESTE,36104,13,13,3.600709062707733,2777.230769230769,0.0,35991,22318.0,62.00994693117724,6,57.833333333333336,1,0,52.0,32.0,64.0,70.0,54.0,75.0,vinculo_aps_entre_50_70pct,2
150330,Igarapé-Miri,PA,Pará,NORTE,69446,17,17,2.447945166028281,4085.0588235294117,0.0,68955,44942.0,65.17583931549561,6,57.833333333333336,2,1,14.0,30.0,64.0,94.0,59.0,86.0,vinculo_aps_entre_50_70pct,2
230410,Crateús,CE,Ceará,NORDESTE,80130,35,35,4.3679021589916385,2289.4285714285716,0.0,79809,44020.0,55.156686589231796,6,58.0,2,1,31.0,11.0,72.0,79.0,62.0,93.0,vinculo_aps_entre_50_70pct,2
130410,Tapauá,AM,Amazonas,NORTE,20728,6,6,2.8946352759552294,3454.6666666666665,0.0,20501,12099.0,59.016633334959266,6,58.0,2,1,31.0,10.0,82.0,80.0,63.0,82.0,vinculo_aps_entre_50_70pct,2
210120,Bacabal,MA,Maranhão,NORDESTE,107755,26,23,2.4128810728040464,4144.423076923077,0.0,107620,58706.0,54.54934027132503,6,58.166666666666664,2,1,31.0,19.0,59.0,90.0,59.0,91.0,vinculo_aps_entre_50_70pct,2
210830,Penalva,MA,Maranhão,NORDESTE,33496,16,16,4.776689754000478,2093.5,0.0,33534,21257.0,63.38939583706089,6,58.166666666666664,2,1,29.0,33.0,66.0,76.0,51.0,94.0,vinculo_aps_entre_50_70pct,2
230770,Maranguape,CE,Ceará,NORDESTE,108622,35,34,3.222183351438935,3103.4857142857145,0.0,108937,60153.0,55.21815361172053,6,58.333333333333336,2,1,41.0,21.0,66.0,70.0,56.0,96.0,vinculo_aps_entre_50_70pct,2
290820,Conceição da Feira,BA,Bahia,NORDESTE,21529,8,8,3.7159180640066882,2691.125,0.0,21499,12804.0,59.55625843062467,6,58.333333333333336,2,1,11.0,40.0,76.0,84.0,65.0,74.0,vinculo_aps_entre_50_70pct,2
261560,Trindade,PE,Pernambuco,NORDESTE,32257,13,11,4.030132994388815,2481.3076923076924,0.0,32086,21981.0,68.50651374431216,6,58.333333333333336,2,1,32.0,13.0,63.0,82.0,68.0,92.0,vinculo_aps_entre_50_70pct,2
291120,Gandu,BA,Bahia,NORDESTE,34051,13,13,3.817802707703151,2619.3076923076924,0.0,33938,17560.0,51.7414108079439,6,58.5,2,1,29.0,40.0,64.0,67.0,57.0,94.0,vinculo_aps_entre_50_70pct,2
210480,Grajaú,MA,Maranhão,NORDESTE,76837,22,22,2.8632039251922903,3492.590909090909,0.0,76578,40732.0,53.19021128783724,6,58.5,1,0,54.0,37.0,63.0,77.0,51.0,69.0,vinculo_aps_entre_50_70pct,2
150095,Aurora do Pará,PA,Pará,NORTE,24193,9,9,3.7200843219112967,2688.1111111111113,0.0,24321,16523.0,67.93717363595246,6,58.5,2,2,18.0,26.0,69.0,81.0,68.0,89.0,vinculo_aps_entre_50_70pct,2
290780,Cícero Dantas,BA,Bahia,NORDESTE,32292,11,11,3.406416449894711,2935.6363636363635,0.0,32268,18665.0,57.84368414528325,6,58.666666666666664,2,1,30.0,14.0,58.0,97.0,60.0,93.0,vinculo_aps_entre_50_70pct,2
292630,Riachão do Jacuípe,BA,Bahia,NORDESTE,35188,14,14,3.978629078094805,2513.4285714285716,0.0,35118,20706.0,58.96121647018623,6,58.666666666666664,2,1,20.0,30.0,86.0,84.0,57.0,75.0,vinculo_aps_entre_50_70pct,2
220570,Luís Correia,PI,Piauí,NORDESTE,31901,15,15,4.702046957775618,2126.733333333333,0.0,31775,20787.0,65.41935483870968,6,58.666666666666664,2,1,38.0,18.0,68.0,87.0,50.0,91.0,vinculo_aps_entre_50_70pct,2
291465,Itabela,BA,Bahia,NORDESTE,29588,14,14,4.7316479653913746,2113.4285714285716,0.0,29563,20505.0,69.3603490850049,6,58.666666666666664,2,2,29.0,8.0,77.0,93.0,62.0,83.0,vinculo_aps_entre_50_70pct,2
210850,Pindaré-Mirim,MA,Maranhão,NORDESTE,32542,14,14,4.302132628603036,2324.4285714285716,0.0,32521,18350.0,56.42507917960702,6,58.833333333333336,2,2,28.0,11.0,74.0,95.0,64.0,81.0,vinculo_aps_entre_50_70pct,2
292335,Ourolândia,BA,Bahia,NORDESTE,20141,8,8,3.971997418201678,2517.625,0.0,20037,12151.0,60.642810800019966,6,58.833333333333336,2,0,30.0,34.0,71.0,89.0,66.0,63.0,vinculo_aps_entre_50_70pct,2
270830,São José da Laje,AL,Alagoas,NORDESTE,21180,11,11,5.193578847969783,1925.4545454545455,0.0,21193,13152.0,62.05822677299109,6,58.833333333333336,2,1,39.0,28.0,67.0,68.0,60.0,91.0,vinculo_aps_entre_50_70pct,2
240580,João Câmara,RN,Rio Grande do Norte,NORDESTE,34849,20,20,5.739045596717266,1742.45,0.0,34768,23319.0,67.07029452369996,6,58.833333333333336,2,1,39.0,5.0,78.0,87.0,56.0,88.0,vinculo_aps_entre_50_70pct,2
120010,Brasiléia,AC,Acre,NORTE,28028,10,10,3.5678607107178535,2802.8,0.0,27841,16363.0,58.7730325778528,6,59.0,3,0,43.0,42.0,66.0,68.0,45.0,90.0,vinculo_aps_entre_50_70pct,2
280020,Aquidabã,SE,Sergipe,NORDESTE,20556,8,8,3.891807744697412,2569.5,0.0,20542,12218.0,59.47814234251777,6,59.0,2,1,39.0,12.0,71.0,86.0,58.0,88.0,vinculo_aps_entre_50_70pct,2
312200,Divino,MG,Minas Gerais,SUDESTE,21428,8,8,3.7334328915437744,2678.5,0.0,21329,12837.0,60.185662712738534,6,59.0,2,0,38.0,66.0,38.0,67.0,57.0,88.0,vinculo_aps_entre_50_70pct,2
270940,Viçosa,AL,Alagoas,NORDESTE,24414,13,11,5.324813631522897,1878.0,0.0,24423,15383.0,62.985710191213194,6,59.0,2,1,30.0,16.0,71.0,87.0,65.0,85.0,vinculo_aps_entre_50_70pct,2
210095,Arame,MA,Maranhão,NORDESTE,26089,12,11,4.599639694890567,2174.0833333333335,0.0,26191,17095.0,65.27051277156275,6,59.0,1,0,56.0,55.0,58.0,58.0,48.0,79.0,vinculo_aps_entre_50_70pct,2
250700,Itaporanga,PB,Paraíba,NORDESTE,24766,12,11,4.845352499394331,2063.8333333333335,0.0,24686,13342.0,54.04682816171109,6,59.166666666666664,2,1,36.0,29.0,69.0,75.0,69.0,77.0,vinculo_aps_entre_50_70pct,2
150085,Anapu,PA,Pará,NORTE,35638,10,10,2.8059936023345866,3563.8,0.0,34947,20236.0,57.90482730992647,6,59.166666666666664,2,1,39.0,8.0,80.0,94.0,56.0,78.0,vinculo_aps_entre_50_70pct,2
280740,Tobias Barreto,SE,Sergipe,NORDESTE,52783,18,16,3.4101888865733283,2932.3888888888887,0.0,52613,33810.0,64.26168437458422,6,59.166666666666664,2,0,44.0,43.0,66.0,75.0,59.0,68.0,vinculo_aps_entre_50_70pct,2
230280,Canindé,CE,Ceará,NORDESTE,77376,21,21,2.7140198511166256,3684.5714285714284,0.0,77207,49746.0,64.43198155607652,6,59.166666666666664,2,1,36.0,13.0,55.0,93.0,66.0,92.0,vinculo_aps_entre_50_70pct,2
230500,Guaraciaba do Norte,CE,Ceará,NORDESTE,44565,20,20,4.4878267698866825,2228.25,0.0,44294,30423.0,68.6842461732966,6,59.5,2,1,34.0,23.0,66.0,76.0,67.0,91.0,vinculo_aps_entre_50_70pct,2
280360,Laranjeiras,SE,Sergipe,NORDESTE,24047,9,9,3.7426706034016717,2671.8888888888887,0.0,24170,12717.0,52.61481175010343,6,59.666666666666664,2,1,34.0,15.0,69.0,82.0,64.0,94.0,vinculo_aps_entre_50_70pct,2
291810,Jeremoabo,BA,Bahia,NORDESTE,39539,15,15,3.7937226535825386,2635.9333333333334,0.0,39501,24598.0,62.27184121920965,6,59.666666666666664,2,1,37.0,12.0,75.0,83.0,65.0,86.0,vinculo_aps_entre_50_70pct,2
251390,São Bento,PB,Paraíba,NORDESTE,33845,17,17,5.022898507903679,1990.8823529411766,0.0,33700,21264.0,63.09792284866469,6,59.666666666666664,2,2,19.0,10.0,73.0,89.0,72.0,95.0,vinculo_aps_entre_50_70pct,2
290730,Castro Alves,BA,Bahia,NORDESTE,25470,12,12,4.7114252061248525,2122.5,0.0,25471,16154.0,63.421145616583566,6,59.833333333333336,2,0,33.0,34.0,78.0,78.0,72.0,64.0,vinculo_aps_entre_50_70pct,2
261540,Toritama,PE,Pernambuco,NORDESTE,43921,12,11,2.7321782290931442,3660.0833333333335,0.0,43636,22623.0,51.84480704005867,6,60.0,2,1,32.0,8.0,79.0,88.0,67.0,86.0,vinculo_aps_entre_50_70pct,2
292070,Maraú,BA,Bahia,NORDESTE,25804,11,11,4.262904975972718,2345.818181818182,0.0,25626,14446.0,56.37243424646843,6,60.0,2,1,31.0,22.0,64.0,83.0,66.0,94.0,vinculo_aps_entre_50_70pct,2
290840,Conceição do Coité,BA,Bahia,NORDESTE,71601,27,26,3.7708970545104115,2651.8888888888887,0.0,71316,42425.0,59.48875427674014,6,60.0,1,0,42.0,54.0,60.0,64.0,52.0,88.0,vinculo_aps_entre_50_70pct,2
231220,Santa Quitéria,CE,Ceará,NORDESTE,41569,14,13,3.3678943443431404,2969.214285714286,0.0,41647,28393.0,68.1753787787836,6,60.0,2,0,30.0,45.0,58.0,72.0,57.0,98.0,vinculo_aps_entre_50_70pct,2
293020,Sento Sé,BA,Bahia,NORDESTE,40232,8,8,1.9884668920262476,5029.0,1.0179414506359092,40147,21575.0,53.74000547986151,6,60.166666666666664,2,1,31.0,23.0,67.0,78.0,68.0,94.0,vinculo_aps_entre_50_70pct,2
211260,Urbano Santos,MA,Maranhão,NORDESTE,34143,13,13,3.807515449726152,2626.3846153846152,0.0,34060,22504.0,66.07163828537874,6,60.166666666666664,2,2,25.0,29.0,74.0,82.0,58.0,93.0,vinculo_aps_entre_50_70pct,2
210675,Miranda do Norte,MA,Maranhão,NORDESTE,24373,9,9,3.692610675747754,2708.1111111111113,0.0,24377,12907.0,52.94745046560282,6,60.333333333333336,2,2,24.0,13.0,86.0,85.0,65.0,89.0,vinculo_aps_entre_50_70pct,2
312670,Francisco Sá,MG,Minas Gerais,SUDESTE,23753,12,9,5.051993432408539,1979.4166666666667,0.0,23819,12845.0,53.927536840337545,6,60.5,1,0,51.0,31.0,67.0,59.0,59.0,96.0,vinculo_aps_entre_50_70pct,2
130353,Presidente Figueiredo,AM,Amazonas,NORTE,33291,23,23,6.908774143161815,1447.4347826086957,0.0,33004,20288.0,61.47133680765968,6,60.5,3,1,40.0,29.0,80.0,84.0,47.0,83.0,vinculo_aps_entre_50_70pct,2
150510,Óbidos,PA,Pará,NORTE,55527,15,15,2.70138851369604,3701.8,0.0,55271,34635.0,62.66396482784824,6,60.5,3,0,37.0,35.0,63.0,92.0,46.0,90.0,vinculo_aps_entre_50_70pct,2
292550,Prado,BA,Bahia,NORDESTE,37533,11,11,2.9307542695761066,3412.090909090909,0.0,37241,19528.0,52.43683037512419,6,60.666666666666664,2,2,29.0,15.0,74.0,86.0,67.0,93.0,vinculo_aps_entre_50_70pct,2
230435,Forquilha,CE,Ceará,NORDESTE,25298,9,9,3.5575934856510396,2810.8888888888887,0.0,25127,13485.0,53.66736976161101,6,60.666666666666664,2,1,19.0,33.0,92.0,62.0,65.0,93.0,vinculo_aps_entre_50_70pct,2
291060,Esplanada,BA,Bahia,NORDESTE,34163,14,14,4.098000761057285,2440.214285714286,0.0,34146,19511.0,57.139928542142556,6,60.833333333333336,2,2,25.0,22.0,69.0,96.0,68.0,85.0,vinculo_aps_entre_50_70pct,2
320340,Mimoso do Sul,ES,Espírito Santo,SUDESTE,25088,12,11,4.783163265306122,2090.6666666666665,0.0,25179,14397.0,57.178601215298464,6,60.833333333333336,3,0,36.0,42.0,69.0,73.0,48.0,97.0,vinculo_aps_entre_50_70pct,2
260190,Bezerros,PE,Pernambuco,NORDESTE,65007,25,25,3.845739689571892,2600.28,0.0,64809,39689.0,61.23995124133994,6,60.833333333333336,2,2,25.0,14.0,77.0,85.0,70.0,94.0,vinculo_aps_entre_50_70pct,2
292510,Poções,BA,Bahia,NORDESTE,50773,14,14,2.7573710436649397,3626.6428571428573,0.0,50642,31704.0,62.604162552821776,6,60.833333333333336,2,2,27.0,13.0,79.0,86.0,67.0,93.0,vinculo_aps_entre_50_70pct,2
280460,Nossa Senhora das Dores,SE,Sergipe,NORDESTE,25569,10,10,3.910985959560405,2556.9,0.0,25537,16113.0,63.09668324392058,6,60.833333333333336,2,1,31.0,8.0,79.0,89.0,64.0,94.0,vinculo_aps_entre_50_70pct,2
313520,Januária,MG,Minas Gerais,SUDESTE,67123,25,25,3.724505758085902,2684.92,0.0,67087,37536.0,55.95122751054601,6,61.0,2,0,32.0,31.0,72.0,83.0,57.0,91.0,vinculo_aps_entre_50_70pct,2
230535,Icapuí,CE,Ceará,NORDESTE,22562,8,8,3.545784948142895,2820.25,0.0,22367,13008.0,58.15710645146868,6,61.0,2,1,30.0,19.0,74.0,90.0,78.0,75.0,vinculo_aps_entre_50_70pct,2
270470,Marechal Deodoro,AL,Alagoas,NORDESTE,62477,20,20,3.201178033516334,3123.85,0.0,62341,37505.0,60.16104971046342,6,61.166666666666664,2,0,39.0,38.0,67.0,75.0,54.0,94.0,vinculo_aps_entre_50_70pct,2
150747,São João de Pirabas,PA,Pará,NORTE,21477,10,10,4.65614378171998,2147.7,0.0,21447,14119.0,65.83205110271832,6,61.166666666666664,2,0,34.0,30.0,77.0,74.0,63.0,89.0,vinculo_aps_entre_50_70pct,2
315400,Raul Soares,MG,Minas Gerais,SUDESTE,23874,9,9,3.7697914048755967,2652.6666666666665,0.0,23882,12068.0,50.53178125785111,6,61.333333333333336,1,0,47.0,61.0,54.0,54.0,53.0,99.0,vinculo_aps_entre_50_70pct,2
260510,Custódia,PE,Pernambuco,NORDESTE,39609,21,18,5.301825342725138,1886.142857142857,0.0,39403,25089.0,63.6728167905997,6,61.333333333333336,2,1,39.0,14.0,72.0,85.0,62.0,96.0,vinculo_aps_entre_50_70pct,2
280130,Capela,SE,Sergipe,NORDESTE,32783,4,4,1.2201445871335752,8195.75,3.3482594595395954,32716,19130.0,58.47291844968823,6,61.5,1,1,66.0,28.0,62.0,75.0,65.0,73.0,vinculo_aps_entre_50_70pct,2
260970,Orobó,PE,Pernambuco,NORDESTE,22412,11,11,4.908084954488666,2037.4545454545455,0.0,22438,13163.0,58.663873785542386,6,61.5,2,1,34.0,3.0,72.0,84.0,77.0,99.0,vinculo_aps_entre_50_70pct,2
231025,Paraipaba,CE,Ceará,NORDESTE,34086,14,14,4.107258111834771,2434.714285714286,0.0,33896,22700.0,66.96955392966721,6,61.5,2,1,40.0,24.0,79.0,59.0,73.0,94.0,vinculo_aps_entre_50_70pct,2
291980,Macaúbas,BA,Bahia,NORDESTE,43653,17,17,3.894348612924656,2567.823529411765,0.0,43725,27286.0,62.40365923384791,6,61.666666666666664,2,2,23.0,21.0,74.0,90.0,69.0,93.0,vinculo_aps_entre_50_70pct,2
290475,Buritirama,BA,Bahia,NORDESTE,20221,6,5,2.967212304040354,3370.1666666666665,0.0,20212,14056.0,69.54284583415793,6,61.666666666666664,2,1,37.0,8.0,72.0,92.0,68.0,93.0,vinculo_aps_entre_50_70pct,2
130330,Novo Aripuanã,AM,Amazonas,NORTE,25325,9,9,3.5538005923000986,2813.8888888888887,0.0,24987,13712.0,54.87653579861528,6,61.833333333333336,1,1,55.0,23.0,82.0,84.0,51.0,76.0,vinculo_aps_entre_50_70pct,2
293300,Valente,BA,Bahia,NORDESTE,25132,14,14,5.570587299060958,1795.142857142857,0.0,25126,14723.0,58.59667276924302,6,61.833333333333336,2,1,40.0,13.0,60.0,94.0,75.0,89.0,vinculo_aps_entre_50_70pct,2
211230,Tuntum,MA,Maranhão,NORDESTE,37364,19,19,5.085108660742962,1966.5263157894738,0.0,37401,23590.0,63.073179861501025,6,61.833333333333336,2,1,43.0,16.0,89.0,77.0,60.0,86.0,vinculo_aps_entre_50_70pct,2
270400,Junqueiro,AL,Alagoas,NORDESTE,24382,11,11,4.51152489541465,2216.5454545454545,0.0,24381,16311.0,66.9004552725483,6,61.833333333333336,2,1,43.0,13.0,76.0,77.0,64.0,98.0,vinculo_aps_entre_50_70pct,2
260230,Bonito,PE,Pernambuco,NORDESTE,39212,14,14,3.5703356115474856,2800.8571428571427,0.0,39163,23886.0,60.991241733268645,6,62.0,2,1,39.0,17.0,69.0,83.0,71.0,93.0,vinculo_aps_entre_50_70pct,2
290110,Amélia Rodrigues,BA,Bahia,NORDESTE,24830,12,12,4.8328634716069265,2069.1666666666665,0.0,24848,12509.0,50.3420798454604,6,62.166666666666664,2,2,13.0,16.0,92.0,96.0,61.0,95.0,vinculo_aps_entre_50_70pct,2
140020,Caracaraí,RR,Roraima,NORTE,22750,10,9,4.395604395604396,2275.0,0.0,22443,12558.0,55.95508621842,6,62.166666666666664,2,0,53.0,43.0,83.0,82.0,39.0,73.0,vinculo_aps_entre_50_70pct,2
150150,Benevides,PA,Pará,NORTE,68962,18,18,2.610133116788956,3831.222222222222,0.0,68191,38173.0,55.97952809021718,6,62.166666666666664,2,1,45.0,19.0,78.0,83.0,55.0,93.0,vinculo_aps_entre_50_70pct,2
220040,Altos,PI,Piauí,NORDESTE,50094,8,8,1.5969976444284744,6261.75,3.2284937121732757,49637,28141.0,56.69359550335435,6,62.166666666666664,2,1,24.0,31.0,62.0,93.0,69.0,94.0,vinculo_aps_entre_50_70pct,2
290100,Amargosa,BA,Bahia,NORDESTE,38585,11,11,2.850848775430867,3507.7272727272725,0.0,38478,22502.0,58.48017048703154,6,62.166666666666664,2,1,32.0,17.0,87.0,94.0,72.0,71.0,vinculo_aps_entre_50_70pct,2
290960,Crisópolis,BA,Bahia,NORDESTE,20346,10,10,4.91497100167109,2034.6,0.0,20343,13404.0,65.88998672762129,6,62.166666666666664,2,1,30.0,5.0,73.0,93.0,79.0,93.0,vinculo_aps_entre_50_70pct,2
230495,Guaiúba,CE,Ceará,NORDESTE,25158,14,13,5.564830272676684,1797.0,0.0,25085,14414.0,57.460633844927244,6,62.333333333333336,2,0,47.0,38.0,71.0,70.0,53.0,95.0,vinculo_aps_entre_50_70pct,2
316760,Simonésia,MG,Minas Gerais,SUDESTE,20431,11,11,5.383975331603935,1857.3636363636363,0.0,20339,12315.0,60.548699542750384,6,62.333333333333336,2,0,44.0,32.0,69.0,60.0,73.0,96.0,vinculo_aps_entre_50_70pct,2
231340,Tianguá,CE,Ceará,NORDESTE,86968,29,29,3.3345598381013706,2998.896551724138,0.0,86137,52351.0,60.77643753555383,6,62.333333333333336,2,2,24.0,25.0,76.0,92.0,69.0,88.0,vinculo_aps_entre_50_70pct,2
230690,Jaguaribe,CE,Ceará,NORDESTE,35143,13,13,3.6991719545855504,2703.3076923076924,0.0,35124,21739.0,61.89215351326728,6,62.333333333333336,1,0,66.0,47.0,69.0,69.0,55.0,68.0,vinculo_aps_entre_50_70pct,2
292810,Santa Maria da Vitória,BA,Bahia,NORDESTE,40474,15,15,3.7060829174284726,2698.266666666667,0.0,40467,25170.0,62.198828675216845,6,62.333333333333336,2,1,33.0,15.0,84.0,83.0,63.0,96.0,vinculo_aps_entre_50_70pct,2
231160,Redenção,CE,Ceará,NORDESTE,28382,14,14,4.932703826368826,2027.2857142857142,0.0,28359,19219.0,67.770372721182,6,62.333333333333336,2,1,36.0,23.0,79.0,80.0,61.0,95.0,vinculo_aps_entre_50_70pct,2
261050,Passira,PE,Pernambuco,NORDESTE,29744,20,20,6.7240451855836465,1487.2,0.0,29719,20339.0,68.4376997880144,6,62.333333333333336,2,0,48.0,40.0,68.0,70.0,67.0,81.0,vinculo_aps_entre_50_70pct,2
261630,Vicência,PE,Pernambuco,NORDESTE,27151,14,14,5.156347832492357,1939.357142857143,0.0,27297,14615.0,53.54068212624098,6,62.5,2,2,19.0,10.0,85.0,92.0,71.0,98.0,vinculo_aps_entre_50_70pct,2
292660,Ribeira do Pombal,BA,Bahia,NORDESTE,56316,31,29,5.504652319056751,1816.6451612903227,0.0,56170,33587.0,59.79526437600142,6,62.5,1,1,51.0,20.0,74.0,80.0,77.0,73.0,vinculo_aps_entre_50_70pct,2
293150,Teofilândia,BA,Bahia,NORDESTE,21825,12,12,5.49828178694158,1818.75,0.0,21827,13218.0,60.55802446511201,6,62.5,2,1,37.0,24.0,60.0,87.0,73.0,94.0,vinculo_aps_entre_50_70pct,2
220830,Piracuruca,PI,Piauí,NORDESTE,29721,14,14,4.710474075569462,2122.9285714285716,0.0,29849,20089.0,67.30208717209956,6,62.5,1,1,52.0,13.0,85.0,85.0,76.0,64.0,vinculo_aps_entre_50_70pct,2
320405,Pedro Canário,ES,Espírito Santo,SUDESTE,21923,7,6,3.192993659626876,3131.8571428571427,0.0,22048,11910.0,54.01850507982583,6,63.0,2,0,44.0,45.0,77.0,78.0,52.0,82.0,vinculo_aps_entre_50_70pct,2
231180,Russas,CE,Ceará,NORDESTE,74834,32,28,4.27613117032365,2338.5625,0.0,74582,41215.0,55.2613231074522,6,63.0,0,0,52.0,61.0,64.0,67.0,59.0,75.0,vinculo_aps_entre_50_70pct,2
210540,Itapecuru Mirim,MA,Maranhão,NORDESTE,62264,20,20,3.212128999100604,3113.2,0.0,62269,40165.0,64.50240087362893,6,63.0,0,0,53.0,51.0,70.0,74.0,56.0,74.0,vinculo_aps_entre_50_70pct,2
290290,Barra do Choça,BA,Bahia,NORDESTE,38581,11,11,2.8511443456623726,3507.3636363636365,0.0,38481,24975.0,64.90215950728931,6,63.0,2,1,39.0,26.0,68.0,90.0,75.0,80.0,vinculo_aps_entre_50_70pct,2
314140,Medina,MG,Minas Gerais,SUDESTE,20455,9,9,4.399902224395014,2272.777777777778,0.0,20492,11582.0,56.519617411672854,6,63.166666666666664,2,1,46.0,8.0,76.0,87.0,66.0,96.0,vinculo_aps_entre_50_70pct,2
240820,Nísia Floresta,RN,Rio Grande do Norte,NORDESTE,34325,13,13,3.787327021121632,2640.3846153846152,0.0,33949,19807.0,58.34339744911485,6,63.166666666666664,2,0,39.0,41.0,70.0,75.0,57.0,97.0,vinculo_aps_entre_50_70pct,2
270240,Delmiro Gouveia,AL,Alagoas,NORDESTE,52845,16,16,3.027722584918157,3302.8125,0.0,52809,31505.0,59.65839156204434,6,63.166666666666664,2,1,44.0,12.0,75.0,89.0,68.0,91.0,vinculo_aps_entre_50_70pct,2
240145,Baraúna,RN,Rio Grande do Norte,NORDESTE,28415,11,11,3.8711947914833718,2583.181818181818,0.0,28268,18040.0,63.8177444460167,6,63.166666666666664,2,2,21.0,27.0,75.0,93.0,65.0,98.0,vinculo_aps_entre_50_70pct,2
320332,Marataízes,ES,Espírito Santo,SUDESTE,45953,15,15,3.264204730920723,3063.5333333333333,0.0,45418,24535.0,54.02043242767185,6,63.333333333333336,2,2,29.0,19.0,85.0,82.0,72.0,93.0,vinculo_aps_entre_50_70pct,2
290687,Capim Grosso,BA,Bahia,NORDESTE,35437,9,9,2.5397183734514774,3937.4444444444443,0.0,35228,19920.0,56.5459293743613,6,63.333333333333336,1,1,62.0,16.0,57.0,83.0,71.0,91.0,vinculo_aps_entre_50_70pct,2
250600,Esperança,PB,Paraíba,NORDESTE,32599,16,16,4.908126016135464,2037.4375,0.0,32522,20804.0,63.969005596211794,6,63.333333333333336,2,0,46.0,45.0,67.0,68.0,55.0,99.0,vinculo_aps_entre_50_70pct,2
280710,Simão Dias,SE,Sergipe,NORDESTE,44503,20,16,4.494079050850504,2225.15,0.0,44285,29927.0,67.5781867449475,6,63.333333333333336,1,0,38.0,53.0,59.0,74.0,59.0,97.0,vinculo_aps_entre_50_70pct,2
260540,Feira Nova,PE,Pernambuco,NORDESTE,22222,13,13,5.850058500585006,1709.3846153846155,0.0,22169,15292.0,68.97920519644549,6,63.333333333333336,2,0,34.0,31.0,71.0,83.0,63.0,98.0,vinculo_aps_entre_50_70pct,2
261310,São Caitano,PE,Pernambuco,NORDESTE,39243,15,15,3.8223377417628623,2616.2,0.0,39117,22680.0,57.97990643454253,6,63.5,2,2,23.0,21.0,77.0,93.0,71.0,96.0,vinculo_aps_entre_50_70pct,2
270040,Atalaia,AL,Alagoas,NORDESTE,38480,19,18,4.9376299376299375,2025.2631578947369,0.0,38530,24433.0,63.41292499351155,6,63.666666666666664,2,1,36.0,23.0,78.0,89.0,65.0,91.0,vinculo_aps_entre_50_70pct,2
240020,Açu,RN,Rio Grande do Norte,NORDESTE,59099,18,18,3.0457368144977073,3283.277777777778,0.0,58906,33208.0,56.37456286286626,6,63.833333333333336,2,1,30.0,18.0,79.0,93.0,71.0,92.0,vinculo_aps_entre_50_70pct,2
220190,Bom Jesus,PI,Piauí,NORDESTE,30658,12,12,3.9141496509883225,2554.8333333333335,0.0,30321,17274.0,56.97041654299001,6,64.16666666666667,2,1,34.0,23.0,77.0,85.0,68.0,98.0,vinculo_aps_entre_50_70pct,2
150405,Mãe do Rio,PA,Pará,NORTE,37473,9,9,2.4017292450564405,4163.666666666667,0.0,37048,21632.0,58.38911682142086,6,64.16666666666667,2,1,32.0,24.0,74.0,94.0,70.0,91.0,vinculo_aps_entre_50_70pct,2
230840,Missão Velha,CE,Ceará,NORDESTE,38997,18,16,4.6157396722824835,2166.5,0.0,38767,25471.0,65.70278845409756,6,64.16666666666667,2,0,30.0,35.0,71.0,83.0,71.0,95.0,vinculo_aps_entre_50_70pct,2
270140,Campo Alegre,AL,Alagoas,NORDESTE,32558,18,17,5.528595122550525,1808.7777777777778,0.0,32714,20350.0,62.205783456624076,6,64.33333333333333,2,1,32.0,27.0,88.0,91.0,81.0,67.0,vinculo_aps_entre_50_70pct,2
260810,João Alfredo,PE,Pernambuco,NORDESTE,28842,15,15,5.20074890784273,1922.8,0.0,28903,18730.0,64.80296163028059,6,64.33333333333333,2,1,39.0,9.0,66.0,92.0,80.0,100.0,vinculo_aps_entre_50_70pct,2
150350,Irituia,PA,Pará,NORTE,32740,5,5,1.5271838729383018,6548.0,2.3386210751098537,32698,22128.0,67.67386384488347,6,64.33333333333333,1,1,54.0,11.0,78.0,91.0,63.0,89.0,vinculo_aps_entre_50_70pct,2
210220,Buriti,MA,Maranhão,NORDESTE,30866,12,12,3.8877729540594825,2572.1666666666665,0.0,30799,21136.0,68.62560472742622,6,64.33333333333333,2,1,32.0,21.0,81.0,94.0,75.0,83.0,vinculo_aps_entre_50_70pct,2
260765,Itambé,PE,Pernambuco,NORDESTE,36652,17,17,4.63821892393321,2156.0,0.0,36626,21420.0,58.48304483154043,6,64.5,2,1,34.0,21.0,89.0,89.0,64.0,90.0,vinculo_aps_entre_50_70pct,2
230350,Cascavel,CE,Ceará,NORDESTE,76866,17,17,2.2116410376499362,4521.529411764706,0.22939668782510808,76365,46546.0,60.952006809402214,6,64.5,2,1,38.0,24.0,81.0,89.0,63.0,92.0,vinculo_aps_entre_50_70pct,2
260220,Bom Jardim,PE,Pernambuco,NORDESTE,39289,18,18,4.581435007253939,2182.722222222222,0.0,39278,25409.0,64.69015733998677,6,64.5,2,1,35.0,23.0,70.0,85.0,75.0,99.0,vinculo_aps_entre_50_70pct,2
510650,Poconé,MT,Mato Grosso,CENTRO-OESTE,31203,12,12,3.8457840592250747,2600.25,0.0,31269,16995.0,54.350954619591285,6,64.83333333333333,2,0,43.0,32.0,74.0,75.0,78.0,87.0,vinculo_aps_entre_50_70pct,2
150815,Uruará,PA,Pará,NORTE,45962,7,7,1.5229972586049345,6566.0,3.302312213017688,45939,24991.0,54.40040053113911,6,64.83333333333333,1,1,53.0,18.0,81.0,90.0,60.0,87.0,vinculo_aps_entre_50_70pct,2
280120,Canindé de São Francisco,SE,Sergipe,NORDESTE,33641,10,9,2.9725632412829586,3364.1,0.0,33491,19716.0,58.869547042489025,6,64.83333333333333,2,1,34.0,19.0,74.0,100.0,78.0,84.0,vinculo_aps_entre_50_70pct,2
250460,Conde,PB,Paraíba,NORDESTE,30007,13,13,4.3323224580931115,2308.230769230769,0.0,29543,19887.0,67.31543851335343,6,64.83333333333333,2,0,46.0,40.0,68.0,77.0,64.0,94.0,vinculo_aps_entre_50_70pct,2
220620,Miguel Alves,PI,Piauí,NORDESTE,33074,11,11,3.3258753099111087,3006.7272727272725,0.0,33071,23099.0,69.84669347766925,6,64.83333333333333,1,0,53.0,33.0,71.0,71.0,65.0,96.0,vinculo_aps_entre_50_70pct,2
210632,Maracaçumé,MA,Maranhão,NORDESTE,21730,10,10,4.601932811780948,2173.0,0.0,21686,13156.0,60.66586737987642,6,65.0,2,0,39.0,35.0,81.0,80.0,62.0,93.0,vinculo_aps_entre_50_70pct,2
231030,Parambu,CE,Ceará,NORDESTE,32867,9,8,2.7383089420999784,3651.8888888888887,0.0,32816,20625.0,62.85043881033642,6,65.16666666666667,2,0,45.0,34.0,68.0,78.0,68.0,98.0,vinculo_aps_entre_50_70pct,2
260030,Agrestina,PE,Pernambuco,NORDESTE,24680,14,13,5.672609400324149,1762.857142857143,0.0,24615,16627.0,67.54824294129595,6,65.16666666666667,2,0,33.0,39.0,84.0,75.0,67.0,93.0,vinculo_aps_entre_50_70pct,2
230810,Mauriti,CE,Ceará,NORDESTE,47501,26,26,5.47356897749521,1826.9615384615386,0.0,47406,32996.0,69.60300383917648,6,65.16666666666667,2,1,40.0,19.0,74.0,84.0,78.0,96.0,vinculo_aps_entre_50_70pct,2
150130,Barcarena,PA,Pará,NORTE,139076,31,30,2.228997095113463,4486.322580645161,0.17367332443427366,137331,73666.0,53.64120264179246,6,65.33333333333333,2,1,36.0,26.0,92.0,91.0,65.0,82.0,vinculo_aps_entre_50_70pct,2
292050,Maracás,BA,Bahia,NORDESTE,29330,8,8,2.727582679849983,3666.25,0.0,29197,16106.0,55.16320169880468,6,65.33333333333333,2,1,33.0,27.0,78.0,88.0,74.0,92.0,vinculo_aps_entre_50_70pct,2
291580,Itambé,BA,Bahia,NORDESTE,25088,8,8,3.1887755102040813,3136.0,0.0,25108,13977.0,55.667516329456745,6,65.33333333333333,2,1,37.0,23.0,82.0,97.0,63.0,90.0,vinculo_aps_entre_50_70pct,2
315220,Porteirinha,MG,Minas Gerais,SUDESTE,38692,17,17,4.393673110720562,2276.0,0.0,38668,22226.0,57.479052446467364,6,65.33333333333333,1,0,45.0,51.0,66.0,71.0,63.0,96.0,vinculo_aps_entre_50_70pct,2
270770,Rio Largo,AL,Alagoas,NORDESTE,97658,26,26,2.6623522906469512,3756.076923076923,0.0,97435,58015.0,59.54225894185867,6,65.33333333333333,2,1,37.0,28.0,78.0,88.0,67.0,94.0,vinculo_aps_entre_50_70pct,2
211240,Turiaçu,MA,Maranhão,NORDESTE,38993,10,10,2.5645628702587646,3899.3,0.0,38905,24029.0,61.76326950263462,6,65.33333333333333,2,0,40.0,62.0,67.0,90.0,37.0,96.0,vinculo_aps_entre_50_70pct,2
261410,Sertânia,PE,Pernambuco,NORDESTE,34271,19,19,5.544045986402498,1803.7368421052631,0.0,34269,22599.0,65.94589862557997,6,65.33333333333333,2,1,38.0,19.0,83.0,85.0,73.0,94.0,vinculo_aps_entre_50_70pct,2
290590,Campo Alegre de Lourdes,BA,Bahia,NORDESTE,32500,10,10,3.076923076923077,3250.0,0.0,32377,22201.0,68.5702813725793,6,65.33333333333333,2,0,32.0,40.0,74.0,94.0,59.0,93.0,vinculo_aps_entre_50_70pct,2
150172,Brasil Novo,PA,Pará,NORTE,27130,7,7,2.580169553999263,3875.714285714286,0.0,26606,13699.0,51.4883860783282,6,65.5,2,1,42.0,19.0,83.0,93.0,66.0,90.0,vinculo_aps_entre_50_70pct,2
231130,Quixadá,CE,Ceará,NORDESTE,88846,22,22,2.4761947639736173,4038.4545454545455,0.0,88483,51465.0,58.16371506391058,6,65.5,2,1,35.0,23.0,79.0,90.0,72.0,94.0,vinculo_aps_entre_50_70pct,2
150307,Garrafão do Norte,PA,Pará,NORTE,25558,10,10,3.9126692229438924,2555.8,0.0,25552,17874.0,69.95147150907952,6,65.5,2,1,47.0,18.0,84.0,88.0,72.0,84.0,vinculo_aps_entre_50_70pct,2
290210,Araci,BA,Bahia,NORDESTE,50308,25,25,4.969388566430787,2012.32,0.0,50336,30336.0,60.26700572155118,6,65.66666666666667,2,1,39.0,23.0,98.0,80.0,64.0,90.0,vinculo_aps_entre_50_70pct,2
270450,Maragogi,AL,Alagoas,NORDESTE,33269,10,10,3.005801196308876,3326.9,0.0,33232,21088.0,63.45690900337024,6,65.66666666666667,2,1,35.0,22.0,87.0,92.0,63.0,95.0,vinculo_aps_entre_50_70pct,2
292800,Santaluz,BA,Bahia,NORDESTE,40066,13,13,3.244646333549643,3082.0,0.0,39922,26627.0,66.69756024247282,6,65.66666666666667,2,1,43.0,19.0,68.0,94.0,73.0,97.0,vinculo_aps_entre_50_70pct,2
291070,Euclides da Cunha,BA,Bahia,NORDESTE,64768,20,19,3.0879446640316206,3238.4,0.0,64547,43694.0,67.69330875176229,6,65.83333333333333,2,1,33.0,25.0,85.0,91.0,73.0,88.0,vinculo_aps_entre_50_70pct,2
221130,Valença do Piauí,PI,Piauí,NORDESTE,23025,10,10,4.3431053203040175,2302.5,0.0,22920,13990.0,61.038394415357764,6,66.0,2,0,46.0,31.0,86.0,78.0,73.0,82.0,vinculo_aps_entre_50_70pct,2
270800,Santana do Ipanema,AL,Alagoas,NORDESTE,47418,19,19,4.0069172044371335,2495.684210526316,0.0,47397,31878.0,67.25742135578201,6,66.16666666666667,2,1,44.0,29.0,72.0,90.0,66.0,96.0,vinculo_aps_entre_50_70pct,2
230240,Boa Viagem,CE,Ceará,NORDESTE,52133,12,12,2.301804998753189,4344.416666666667,0.0,52169,32562.0,62.41637754221856,6,66.33333333333333,2,1,46.0,21.0,75.0,91.0,68.0,97.0,vinculo_aps_entre_50_70pct,2
290280,Barra da Estiva,BA,Bahia,NORDESTE,27743,9,9,3.2440615650794795,3082.5555555555557,0.0,27582,17670.0,64.06351968675223,6,66.33333333333333,2,1,31.0,20.0,76.0,94.0,83.0,94.0,vinculo_aps_entre_50_70pct,2
261580,Tupanatinga,PE,Pernambuco,NORDESTE,28141,14,14,4.974947585373655,2010.0714285714287,0.0,27009,16413.0,60.76863267799622,6,66.5,2,1,43.0,28.0,75.0,81.0,74.0,98.0,vinculo_aps_entre_50_70pct,2
231350,Trairi,CE,Ceará,NORDESTE,62004,26,26,4.19327785304174,2384.769230769231,0.0,61516,39762.0,64.63684244749334,6,66.5,2,0,31.0,32.0,81.0,92.0,67.0,96.0,vinculo_aps_entre_50_70pct,2
250830,Lagoa Seca,PB,Paraíba,NORDESTE,29209,14,14,4.79304324009723,2086.3571428571427,0.0,29053,16952.0,58.34853543523904,6,66.66666666666667,2,1,36.0,22.0,92.0,90.0,65.0,95.0,vinculo_aps_entre_50_70pct,2
130370,Santo Antônio do Içá,AM,Amazonas,NORTE,30679,7,7,2.2816910590306074,4382.714285714285,0.0,30448,19479.0,63.97464529689964,6,66.66666666666667,1,0,50.0,39.0,85.0,79.0,58.0,89.0,vinculo_aps_entre_50_70pct,2
290850,Conceição do Jacuípe,BA,Bahia,NORDESTE,37622,17,17,4.518632714900856,2213.0588235294117,0.0,37409,18708.0,50.00935603731722,6,66.83333333333333,2,1,34.0,28.0,89.0,83.0,79.0,88.0,vinculo_aps_entre_50_70pct,2
231070,Pentecoste,CE,Ceará,NORDESTE,39903,17,16,4.260331303410771,2347.235294117647,0.0,39715,22241.0,56.00151076419488,6,66.83333333333333,2,0,46.0,47.0,68.0,78.0,67.0,95.0,vinculo_aps_entre_50_70pct,2
290500,Caculé,BA,Bahia,NORDESTE,23293,9,9,3.8638217490233115,2588.1111111111113,0.0,23246,12149.0,52.262754882560436,6,67.0,2,1,38.0,15.0,79.0,96.0,77.0,97.0,vinculo_aps_entre_50_70pct,2
292300,Nova Viçosa,BA,Bahia,NORDESTE,41629,12,12,2.8826058757116435,3469.0833333333335,0.0,41551,22780.0,54.82419195687228,6,67.0,2,2,27.0,26.0,91.0,97.0,69.0,92.0,vinculo_aps_entre_50_70pct,2
313090,Inhapim,MG,Minas Gerais,SUDESTE,22925,11,11,4.798255179934569,2084.090909090909,0.0,23000,13822.0,60.09565217391304,6,67.0,2,1,36.0,28.0,74.0,93.0,76.0,95.0,vinculo_aps_entre_50_70pct,2
270320,Igreja Nova,AL,Alagoas,NORDESTE,22113,10,10,4.522226744448966,2211.3,0.0,22125,15370.0,69.46892655367232,6,67.0,0,0,56.0,57.0,71.0,68.0,67.0,83.0,vinculo_aps_entre_50_70pct,2
315700,Salinas,MG,Minas Gerais,SUDESTE,41736,13,13,3.114816944604179,3210.4615384615386,0.0,41641,21423.0,51.44689128503158,6,67.16666666666667,2,0,35.0,36.0,86.0,95.0,55.0,96.0,vinculo_aps_entre_50_70pct,2
292250,Nazaré,BA,Bahia,NORDESTE,28427,12,12,4.221338867977627,2368.9166666666665,0.0,28403,14839.0,52.244481216772876,6,67.16666666666667,2,1,35.0,21.0,91.0,95.0,80.0,81.0,vinculo_aps_entre_50_70pct,2
310930,Buritis,MG,Minas Gerais,SUDESTE,24779,9,9,3.6321078332458936,2753.222222222222,0.0,24693,13594.0,55.05203903940388,6,67.16666666666667,2,1,40.0,27.0,81.0,96.0,73.0,86.0,vinculo_aps_entre_50_70pct,2
140030,Mucajaí,RR,Roraima,NORTE,20006,8,8,3.9988003598920323,2500.75,0.0,19619,12215.0,62.2610734492074,6,67.33333333333333,1,1,54.0,25.0,86.0,91.0,59.0,89.0,vinculo_aps_entre_50_70pct,2
250150,Bananeiras,PB,Paraíba,NORDESTE,24134,9,9,3.7291787519681776,2681.5555555555557,0.0,23989,15559.0,64.85889365959399,6,67.33333333333333,2,0,46.0,49.0,71.0,79.0,61.0,98.0,vinculo_aps_entre_50_70pct,2
130185,Iranduba,AM,Amazonas,NORTE,68862,20,19,2.9043594435247306,3443.1,0.0,67114,42274.0,62.98834818368746,6,67.5,2,0,44.0,33.0,84.0,93.0,63.0,88.0,vinculo_aps_entre_50_70pct,2
270500,Mata Grande,AL,Alagoas,NORDESTE,22126,7,7,3.163698815872729,3160.8571428571427,0.0,22147,13713.0,61.91809274393824,6,67.66666666666667,2,0,43.0,45.0,53.0,92.0,77.0,96.0,vinculo_aps_entre_50_70pct,2
130120,Coari,AM,Amazonas,NORTE,73576,15,15,2.0387082744373166,4905.066666666667,1.4919482047123578,73820,46744.0,63.32159306421025,6,67.66666666666667,0,0,62.0,54.0,72.0,72.0,51.0,95.0,vinculo_aps_entre_50_70pct,2
291050,Entre Rios,BA,Bahia,NORDESTE,39890,13,13,3.2589621459012283,3068.4615384615386,0.0,39902,23166.0,58.05724023858453,6,67.83333333333333,1,0,33.0,51.0,70.0,94.0,67.0,92.0,vinculo_aps_entre_50_70pct,2
291370,Inhambupe,BA,Bahia,NORDESTE,35390,14,14,3.955919751342187,2527.8571428571427,0.0,35397,20659.0,58.363703138684066,6,67.83333333333333,2,0,32.0,34.0,85.0,94.0,72.0,90.0,vinculo_aps_entre_50_70pct,2
292700,Rio Real,BA,Bahia,NORDESTE,36966,14,14,3.7872639722988692,2640.4285714285716,0.0,36997,23770.0,64.248452577236,6,67.83333333333333,2,1,31.0,25.0,86.0,96.0,79.0,90.0,vinculo_aps_entre_50_70pct,2
291160,Governador Mangabeira,BA,Bahia,NORDESTE,21353,9,9,4.214864421861097,2372.5555555555557,0.0,21314,13484.0,63.263582621750956,6,68.0,2,0,33.0,39.0,85.0,91.0,65.0,95.0,vinculo_aps_entre_50_70pct,2
270670,Penedo,AL,Alagoas,NORDESTE,60185,22,22,3.6553958627565004,2735.681818181818,0.0,60189,38532.0,64.0183422220007,6,68.0,1,0,55.0,45.0,74.0,77.0,62.0,95.0,vinculo_aps_entre_50_70pct,2
260460,Condado,PE,Pernambuco,NORDESTE,25416,15,13,5.901794145420207,1694.4,0.0,25383,15713.0,61.90363629200646,6,68.16666666666667,2,1,42.0,29.0,88.0,93.0,64.0,93.0,vinculo_aps_entre_50_70pct,2
251600,Solânea,PB,Paraíba,NORDESTE,27748,12,12,4.324636009802508,2312.3333333333335,0.0,27749,18984.0,68.41327615409566,6,68.16666666666667,2,1,37.0,24.0,79.0,98.0,73.0,98.0,vinculo_aps_entre_50_70pct,2
230260,Camocim,CE,Ceará,NORDESTE,65251,24,22,3.6781045501218372,2718.7916666666665,0.0,65031,36765.0,56.53457581768695,6,68.33333333333333,0,0,63.0,58.0,70.0,66.0,54.0,99.0,vinculo_aps_entre_50_70pct,2
350800,Buri,SP,São Paulo,SUDESTE,20731,6,6,2.89421639091216,3455.1666666666665,0.0,20674,10589.0,51.218922317887206,6,68.5,2,1,30.0,24.0,87.0,97.0,75.0,98.0,vinculo_aps_entre_50_70pct,2
221110,União,PI,Piauí,NORDESTE,47896,18,18,3.7581426423918494,2660.8888888888887,0.0,47707,31010.0,65.00094325780283,6,68.5,2,0,49.0,31.0,86.0,86.0,65.0,94.0,vinculo_aps_entre_50_70pct,2
230640,Itapipoca,CE,Ceará,NORDESTE,138978,46,44,3.3098763833124667,3021.2608695652175,0.0,137892,84505.0,61.28346822150669,6,68.66666666666667,2,0,34.0,39.0,85.0,92.0,69.0,93.0,vinculo_aps_entre_50_70pct,2
280320,Itaporanga d'Ajuda,SE,Sergipe,NORDESTE,36074,15,15,4.1581194211897765,2404.9333333333334,0.0,35863,22162.0,61.796280288877114,6,68.66666666666667,2,0,42.0,32.0,83.0,92.0,66.0,97.0,vinculo_aps_entre_50_70pct,2
260915,Manari,PE,Pernambuco,NORDESTE,27046,9,9,3.3276639798861196,3005.1111111111113,0.0,26773,13617.0,50.86094199379973,6,68.83333333333333,2,1,46.0,13.0,92.0,91.0,73.0,98.0,vinculo_aps_entre_50_70pct,2
130170,Humaitá,AM,Amazonas,NORTE,63454,15,15,2.363917168342421,4230.266666666666,0.0,62312,32974.0,52.917576068814995,6,68.83333333333333,1,0,51.0,37.0,75.0,90.0,65.0,95.0,vinculo_aps_entre_50_70pct,2
251250,Queimadas,PB,Paraíba,NORDESTE,50698,19,19,3.7476823543335045,2668.315789473684,0.0,50214,29607.0,58.96164416298244,6,68.83333333333333,1,1,52.0,17.0,86.0,93.0,75.0,90.0,vinculo_aps_entre_50_70pct,2
292640,Riacho de Santana,BA,Bahia,NORDESTE,32060,14,14,4.366812227074236,2290.0,0.0,32103,19857.0,61.85403233342678,6,68.83333333333333,2,1,41.0,20.0,96.0,94.0,66.0,96.0,vinculo_aps_entre_50_70pct,2
231050,Pedra Branca,CE,Ceará,NORDESTE,42227,24,18,5.683567385795818,1759.4583333333333,0.0,42257,28519.0,67.4894100385735,6,68.83333333333333,1,0,59.0,42.0,72.0,74.0,67.0,99.0,vinculo_aps_entre_50_70pct,2
293077,Sobradinho,BA,Bahia,NORDESTE,27097,10,10,3.6904454367642177,2709.7,0.0,26959,15638.0,58.006602618791504,6,69.0,2,1,28.0,38.0,94.0,98.0,64.0,92.0,vinculo_aps_entre_50_70pct,2
230750,Lavras da Mangabeira,CE,Ceará,NORDESTE,32163,13,13,4.041911513229487,2474.076923076923,0.0,32123,20428.0,63.59306415963639,6,69.0,1,1,51.0,25.0,76.0,89.0,73.0,100.0,vinculo_aps_entre_50_70pct,2
250430,Catolé do Rocha,PB,Paraíba,NORDESTE,32288,18,17,5.574826560951437,1793.7777777777778,0.0,32118,18330.0,57.070801419764614,6,69.16666666666667,2,1,34.0,25.0,79.0,98.0,83.0,96.0,vinculo_aps_entre_50_70pct,2
291220,Ibicoara,BA,Bahia,NORDESTE,21827,10,10,4.581481651165987,2182.7,0.0,21690,12982.0,59.852466574458276,6,69.16666666666667,2,1,29.0,34.0,85.0,95.0,80.0,92.0,vinculo_aps_entre_50_70pct,2
230760,Limoeiro do Norte,CE,Ceará,NORDESTE,62623,21,21,3.3534005078006484,2982.0476190476193,0.0,62285,33076.0,53.10427871879264,6,69.5,1,0,44.0,56.0,71.0,79.0,69.0,98.0,vinculo_aps_entre_50_70pct,2
313120,Ipanema,MG,Minas Gerais,SUDESTE,20181,9,8,4.4596402556860415,2242.3333333333335,0.0,20095,10861.0,54.048270714107986,6,69.5,1,0,38.0,62.0,80.0,77.0,75.0,85.0,vinculo_aps_entre_50_70pct,2
260010,Afogados da Ingazeira,PE,Pernambuco,NORDESTE,42672,21,17,4.921259842519685,2032.0,0.0,42407,26863.0,63.345674063244275,6,69.5,2,0,41.0,32.0,90.0,89.0,76.0,89.0,vinculo_aps_entre_50_70pct,2
290670,Cândido Sales,BA,Bahia,NORDESTE,26469,11,11,4.155804903849786,2406.2727272727275,0.0,26465,17824.0,67.34932930285282,6,69.5,2,0,43.0,32.0,77.0,95.0,76.0,94.0,vinculo_aps_entre_50_70pct,2
313250,Itamarandiba,MG,Minas Gerais,SUDESTE,34210,16,15,4.67699503069278,2138.125,0.0,34137,17441.0,51.091191375926414,6,69.66666666666667,1,0,61.0,65.0,77.0,71.0,49.0,95.0,vinculo_aps_entre_50_70pct,2
150548,Pacajá,PA,Pará,NORTE,43741,14,14,3.200658421160924,3124.3571428571427,0.0,43594,24393.0,55.95494792861403,6,69.66666666666667,2,1,48.0,29.0,91.0,97.0,64.0,89.0,vinculo_aps_entre_50_70pct,2
270750,Porto Real do Colégio,AL,Alagoas,NORDESTE,20273,9,9,4.439402160509051,2252.5555555555557,0.0,20262,12211.0,60.26552166617313,6,69.66666666666667,2,1,37.0,22.0,99.0,91.0,76.0,93.0,vinculo_aps_entre_50_70pct,2
291730,Ituberá,BA,Bahia,NORDESTE,22154,13,13,5.86801480545274,1704.1538461538462,0.0,22299,15344.0,68.81026054980043,6,69.66666666666667,2,0,31.0,36.0,98.0,99.0,63.0,91.0,vinculo_aps_entre_50_70pct,2
251230,Princesa Isabel,PB,Paraíba,NORDESTE,21674,13,13,5.9979699178739505,1667.2307692307693,0.0,21659,13656.0,63.050002308509164,6,69.83333333333333,2,1,46.0,19.0,82.0,98.0,74.0,100.0,vinculo_aps_entre_50_70pct,2
292750,Santa Bárbara,BA,Bahia,NORDESTE,21787,9,9,4.130903749942626,2420.777777777778,0.0,21723,15041.0,69.23997606223818,6,69.83333333333333,1,0,41.0,51.0,83.0,81.0,71.0,92.0,vinculo_aps_entre_50_70pct,2
352030,Iguape,SP,São Paulo,SUDESTE,29891,10,9,3.3454886086112876,2989.1,0.0,29881,16306.0,54.56979351427328,6,70.0,2,1,48.0,19.0,86.0,89.0,79.0,99.0,vinculo_aps_entre_50_70pct,2
230170,Aurora,CE,Ceará,NORDESTE,24244,12,12,4.949678270912391,2020.3333333333333,0.0,24267,16299.0,67.16528619112376,6,70.0,1,0,51.0,47.0,81.0,81.0,80.0,80.0,vinculo_aps_entre_50_70pct,2
261080,Pedra,PE,Pernambuco,NORDESTE,23671,12,12,5.0694943179417855,1972.5833333333333,0.0,23605,16141.0,68.37958059733107,6,70.0,2,1,35.0,26.0,89.0,89.0,82.0,99.0,vinculo_aps_entre_50_70pct,2
211150,São Mateus do Maranhão,MA,Maranhão,NORDESTE,40177,11,11,2.7378848594967273,3652.4545454545455,0.0,40160,23349.0,58.13994023904383,6,70.33333333333333,2,0,47.0,44.0,81.0,92.0,65.0,93.0,vinculo_aps_entre_50_70pct,2
260875,Lagoa Grande,PE,Pernambuco,NORDESTE,24951,11,11,4.408640936235021,2268.2727272727275,0.0,24952,15857.0,63.5500160307791,6,70.33333333333333,1,0,34.0,50.0,86.0,88.0,71.0,93.0,vinculo_aps_entre_50_70pct,2
261480,Tacaratu,PE,Pernambuco,NORDESTE,24898,8,8,3.2131094867057595,3112.25,0.0,24803,12751.0,51.40910373745111,6,70.5,2,0,34.0,40.0,82.0,93.0,79.0,95.0,vinculo_aps_entre_50_70pct,2
230580,Ipu,CE,Ceará,NORDESTE,43084,19,19,4.409989787392071,2267.5789473684213,0.0,42968,29735.0,69.20266244647179,6,70.5,2,1,37.0,27.0,89.0,97.0,77.0,96.0,vinculo_aps_entre_50_70pct,2
293190,Tucano,BA,Bahia,NORDESTE,51016,23,22,4.508389524854947,2218.086956521739,0.0,50959,35426.0,69.51863262622892,6,70.66666666666667,2,0,37.0,43.0,81.0,96.0,73.0,94.0,vinculo_aps_entre_50_70pct,2
316800,Taiobeiras,MG,Minas Gerais,SUDESTE,34537,14,12,4.053623649998553,2466.9285714285716,0.0,34392,18802.0,54.66969062572691,6,70.83333333333333,2,0,48.0,49.0,93.0,93.0,67.0,75.0,vinculo_aps_entre_50_70pct,2
210845,Peritoró,MA,Maranhão,NORDESTE,20903,7,7,3.3488016074247717,2986.1428571428573,0.0,20910,13516.0,64.6389287422286,6,70.83333333333333,0,0,64.0,52.0,87.0,88.0,56.0,78.0,vinculo_aps_entre_50_70pct,2
260210,Bom Conselho,PE,Pernambuco,NORDESTE,46202,17,17,3.67949439418207,2717.764705882353,0.0,46192,30669.0,66.39461378593697,6,70.83333333333333,2,0,42.0,32.0,93.0,92.0,77.0,89.0,vinculo_aps_entre_50_70pct,2
270920,Traipu,AL,Alagoas,NORDESTE,24106,10,10,4.1483448104206415,2410.6,0.0,24124,16462.0,68.23909799369922,6,70.83333333333333,1,1,52.0,27.0,71.0,97.0,79.0,99.0,vinculo_aps_entre_50_70pct,2
170220,Araguatins,TO,Tocantins,NORTE,33286,12,12,3.6051192693624947,2773.8333333333335,0.0,33205,16667.0,50.19424785423882,6,71.33333333333333,2,0,40.0,42.0,87.0,93.0,73.0,93.0,vinculo_aps_entre_50_70pct,2
260880,Lajedo,PE,Pernambuco,NORDESTE,41960,17,17,4.051477597712107,2468.235294117647,0.0,41786,27766.0,66.44809266261427,6,71.33333333333333,1,0,35.0,59.0,68.0,96.0,76.0,94.0,vinculo_aps_entre_50_70pct,2
231400,Várzea Alegre,CE,Ceará,NORDESTE,40878,15,13,3.669455452810803,2725.2,0.0,40771,28504.0,69.91243776213484,6,71.33333333333333,0,0,92.0,51.0,62.0,68.0,56.0,99.0,vinculo_aps_entre_50_70pct,2
314290,Monte Azul,MG,Minas Gerais,SUDESTE,20497,16,14,7.806020393228277,1281.0625,0.0,20577,11854.0,57.60800894202265,6,71.5,1,0,50.0,37.0,89.0,65.0,96.0,92.0,vinculo_aps_entre_50_70pct,2
270690,Pilar,AL,Alagoas,NORDESTE,36525,13,13,3.5592060232717317,2809.6153846153848,0.0,36499,24742.0,67.78815857968712,6,71.5,2,0,46.0,49.0,89.0,97.0,58.0,90.0,vinculo_aps_entre_50_70pct,2
260750,Itaíba,PE,Pernambuco,NORDESTE,33995,11,11,3.235769966171496,3090.4545454545455,0.0,33691,20755.0,61.6039891959277,6,72.0,2,1,48.0,26.0,83.0,96.0,80.0,99.0,vinculo_aps_entre_50_70pct,2
260500,Cupira,PE,Pernambuco,NORDESTE,24343,10,10,4.107957112927742,2434.3,0.0,24301,16332.0,67.20711081848484,6,72.16666666666667,2,0,37.0,43.0,83.0,96.0,75.0,99.0,vinculo_aps_entre_50_70pct,2
230590,Ipueiras,CE,Ceará,NORDESTE,38287,6,6,1.5671115522239925,6381.166666666667,2.5819726665464566,38285,24915.0,65.07770667363198,6,72.33333333333333,1,0,58.0,48.0,78.0,80.0,73.0,97.0,vinculo_aps_entre_50_70pct,2
220700,Oeiras,PI,Piauí,NORDESTE,39687,21,21,5.291405246050345,1889.857142857143,0.0,39545,26305.0,66.51915539259072,6,72.33333333333333,1,1,50.0,19.0,93.0,96.0,81.0,95.0,vinculo_aps_entre_50_70pct,2
314870,Pedra Azul,MG,Minas Gerais,SUDESTE,25045,8,8,3.194250349371132,3130.625,0.0,24999,13719.0,54.87819512780511,6,72.5,2,0,41.0,48.0,91.0,93.0,68.0,94.0,vinculo_aps_entre_50_70pct,2
320210,Ecoporanga,ES,Espírito Santo,SUDESTE,22611,9,9,3.9803635398699746,2512.3333333333335,0.0,22670,11433.0,50.432289369210416,6,72.83333333333333,1,1,53.0,25.0,90.0,97.0,78.0,94.0,vinculo_aps_entre_50_70pct,2
260660,Ibimirim,PE,Pernambuco,NORDESTE,28825,13,13,4.509973980919341,2217.3076923076924,0.0,28760,16913.0,58.80737134909597,6,73.16666666666667,2,0,43.0,37.0,93.0,94.0,75.0,97.0,vinculo_aps_entre_50_70pct,2
291440,Iraquara,BA,Bahia,NORDESTE,24833,10,10,4.026899689928724,2483.3,0.0,24759,17237.0,69.61912839775435,6,73.16666666666667,1,1,59.0,26.0,88.0,90.0,79.0,97.0,vinculo_aps_entre_50_70pct,2
261300,São Bento do Una,PE,Pernambuco,NORDESTE,51165,15,14,2.931691586045148,3411.0,0.0,51264,30743.0,59.96995942571785,6,73.33333333333333,1,0,52.0,41.0,76.0,90.0,84.0,97.0,vinculo_aps_entre_50_70pct,2
240780,Monte Alegre,RN,Rio Grande do Norte,NORDESTE,23953,10,10,4.174842399699411,2395.3,0.0,23843,13742.0,57.635364677263766,6,73.66666666666667,1,0,37.0,54.0,85.0,89.0,79.0,98.0,vinculo_aps_entre_50_70pct,2
220370,Esperantina,PI,Piauí,NORDESTE,42710,23,23,5.385155701240928,1856.9565217391305,0.0,42510,27384.0,64.41778405081158,6,73.66666666666667,1,0,48.0,55.0,87.0,85.0,70.0,97.0,vinculo_aps_entre_50_70pct,2
230220,Beberibe,CE,Ceará,NORDESTE,55977,24,23,4.287475213033924,2332.375,0.0,55666,35914.0,64.51694032263859,6,73.66666666666667,2,0,42.0,40.0,90.0,92.0,80.0,98.0,vinculo_aps_entre_50_70pct,2
130420,Tefé,AM,Amazonas,NORTE,80137,9,9,1.1230767310979948,8904.111111111111,8.962586349910762,79278,51982.0,65.56926259491914,6,73.66666666666667,1,0,51.0,45.0,90.0,94.0,70.0,92.0,vinculo_aps_entre_50_70pct,2
230655,Itarema,CE,Ceará,NORDESTE,45852,17,15,3.7075809125010903,2697.176470588235,0.0,45465,29364.0,64.5859452325965,6,73.83333333333333,0,0,51.0,70.0,70.0,80.0,75.0,97.0,vinculo_aps_entre_50_70pct,2
270230,Coruripe,AL,Alagoas,NORDESTE,51784,20,20,3.8621968175498225,2589.2,0.0,51788,30429.0,58.756854869854024,6,74.16666666666667,2,0,46.0,45.0,88.0,94.0,76.0,96.0,vinculo_aps_entre_50_70pct,2
230540,Icó,CE,Ceará,NORDESTE,64745,26,25,4.015754112286663,2490.1923076923076,0.0,64802,41927.0,64.7001635751983,6,74.16666666666667,1,0,74.0,46.0,76.0,85.0,65.0,99.0,vinculo_aps_entre_50_70pct,2
230250,Brejo Santo,CE,Ceará,NORDESTE,54192,25,25,4.613227044582226,2167.68,0.0,53778,29180.0,54.26010636319685,6,74.33333333333333,1,0,38.0,54.0,79.0,95.0,82.0,98.0,vinculo_aps_entre_50_70pct,2
311840,Conselheiro Pena,MG,Minas Gerais,SUDESTE,21052,7,7,3.32509975299259,3007.4285714285716,0.0,21113,11441.0,54.189362004452235,6,74.5,0,0,51.0,57.0,79.0,92.0,73.0,95.0,vinculo_aps_entre_50_70pct,2
231140,Quixeramobim,CE,Ceará,NORDESTE,86431,31,30,3.586676076870567,2788.0967741935483,0.0,85797,47020.0,54.803781017984306,6,74.5,1,0,52.0,37.0,86.0,92.0,82.0,98.0,vinculo_aps_entre_50_70pct,2
313505,Jaíba,MG,Minas Gerais,SUDESTE,39639,15,13,3.784151971543177,2642.6,0.0,39379,22801.0,57.90141953833261,6,74.5,1,0,52.0,43.0,87.0,92.0,78.0,95.0,vinculo_aps_entre_50_70pct,2
210780,Parnarama,MA,Maranhão,NORDESTE,32232,15,15,4.6537602382725245,2148.8,0.0,32256,20220.0,62.686011904761905,6,74.5,0,0,53.0,54.0,83.0,89.0,70.0,98.0,vinculo_aps_entre_50_70pct,2
291210,Ibicaraí,BA,Bahia,NORDESTE,22131,11,11,4.970403506393747,2011.909090909091,0.0,22200,14941.0,67.3018018018018,6,74.5,2,0,34.0,43.0,95.0,96.0,84.0,95.0,vinculo_aps_entre_50_70pct,2
240220,Canguaretama,RN,Rio Grande do Norte,NORDESTE,30789,15,15,4.8718698236383124,2052.6,0.0,30806,20767.0,67.41219243004609,6,74.5,2,0,40.0,41.0,89.0,99.0,81.0,97.0,vinculo_aps_entre_50_70pct,2
260120,Arcoverde,PE,Pernambuco,NORDESTE,82487,31,30,3.7581679537381647,2660.8709677419356,0.0,82003,43207.0,52.689535748692116,6,74.83333333333333,1,0,41.0,62.0,85.0,90.0,77.0,94.0,vinculo_aps_entre_50_70pct,2
291770,Jaguarari,BA,Bahia,NORDESTE,34528,18,15,5.213160333642262,1918.2222222222222,0.0,34440,19900.0,57.78164924506388,6,75.16666666666667,2,0,45.0,43.0,93.0,97.0,76.0,97.0,vinculo_aps_entre_50_70pct,2
130270,Manicoré,AM,Amazonas,NORTE,58018,13,13,2.240683925678238,4462.923076923077,0.004646228946961007,57758,31971.0,55.353370961598394,6,75.33333333333333,1,0,59.0,49.0,88.0,92.0,66.0,98.0,vinculo_aps_entre_50_70pct,2
230395,Chorozinho,CE,Ceará,NORDESTE,20808,10,10,4.805843906189927,2080.8,0.0,20763,13136.0,63.26638732360449,6,75.33333333333333,2,0,36.0,30.0,95.0,99.0,92.0,100.0,vinculo_aps_entre_50_70pct,2
211110,São João dos Patos,MA,Maranhão,NORDESTE,25910,11,11,4.245465071401004,2355.4545454545455,0.0,25891,17255.0,66.64478003939594,6,75.33333333333333,2,0,44.0,48.0,83.0,96.0,84.0,97.0,vinculo_aps_entre_50_70pct,2
316240,São João da Ponte,MG,Minas Gerais,SUDESTE,24197,16,14,6.6123899656982275,1512.3125,0.0,24269,15679.0,64.60505171206066,6,76.16666666666667,1,0,53.0,46.0,91.0,82.0,85.0,100.0,vinculo_aps_entre_50_70pct,2
270570,Olho d'Água das Flores,AL,Alagoas,NORDESTE,21135,11,10,5.204636858291933,1921.3636363636363,0.0,21132,14249.0,67.42854438765853,6,76.16666666666667,1,0,46.0,52.0,85.0,96.0,80.0,98.0,vinculo_aps_entre_50_70pct,2
231270,Senador Pompeu,CE,Ceará,NORDESTE,25108,13,12,5.177632627051139,1931.3846153846155,0.0,25143,15404.0,61.26556099113073,6,76.33333333333333,1,0,48.0,63.0,74.0,87.0,86.0,100.0,vinculo_aps_entre_50_70pct,2
230725,Jijoca de Jericoacoara,CE,Ceará,NORDESTE,28198,9,8,3.1917157245194696,3133.1111111111113,0.0,27662,14138.0,51.1098257537416,6,76.5,2,0,46.0,42.0,89.0,97.0,89.0,96.0,vinculo_aps_entre_50_70pct,2
314180,Minas Novas,MG,Minas Gerais,SUDESTE,23843,13,13,5.452334018370171,1834.076923076923,0.0,24191,13606.0,56.24405770741184,6,76.5,1,0,45.0,55.0,96.0,99.0,86.0,78.0,vinculo_aps_entre_50_70pct,2
231230,São Benedito,CE,Ceará,NORDESTE,50058,21,20,4.195133644971833,2383.714285714286,0.0,49829,30494.0,61.19729474803829,6,76.5,2,0,44.0,47.0,96.0,96.0,82.0,94.0,vinculo_aps_entre_50_70pct,2
230020,Acaraú,CE,Ceará,NORDESTE,69317,26,25,3.750883621622401,2666.0384615384614,0.0,68758,45337.0,65.93705459728324,6,76.66666666666667,0,0,54.0,58.0,91.0,93.0,85.0,79.0,vinculo_aps_entre_50_70pct,2
130440,Urucurituba,AM,Amazonas,NORTE,25965,5,5,1.9256691700365878,5193.0,0.8200151562378544,25592,13157.0,51.41059706158174,6,77.16666666666667,1,0,70.0,38.0,93.0,95.0,72.0,95.0,vinculo_aps_entre_50_70pct,2
311880,Coração de Jesus,MG,Minas Gerais,SUDESTE,26138,12,12,4.59101691024562,2178.1666666666665,0.0,26151,14151.0,54.11265343581507,6,77.16666666666667,0,0,63.0,66.0,83.0,84.0,71.0,96.0,vinculo_aps_entre_50_70pct,2
211003,Santa Luzia do Paruá,MA,Maranhão,NORDESTE,24890,9,9,3.6159100040176777,2765.5555555555557,0.0,24870,15673.0,63.01970245275432,6,77.16666666666667,1,0,50.0,46.0,96.0,94.0,81.0,96.0,vinculo_aps_entre_50_70pct,2
270640,Pão de Açúcar,AL,Alagoas,NORDESTE,24291,9,9,3.705075954057058,2699.0,0.0,24291,16413.0,67.56823514882055,6,77.33333333333333,2,0,48.0,44.0,97.0,97.0,80.0,98.0,vinculo_aps_entre_50_70pct,2
261320,São João,PE,Pernambuco,NORDESTE,24895,15,15,6.025306286402892,1659.6666666666667,0.0,24772,17267.0,69.70369772323592,6,77.33333333333333,2,0,44.0,48.0,88.0,98.0,86.0,100.0,vinculo_aps_entre_50_70pct,2
231380,Uruburetama,CE,Ceará,NORDESTE,21331,12,12,5.625615301673621,1777.5833333333333,0.0,21279,13811.0,64.90436580666385,6,77.5,1,0,51.0,43.0,96.0,98.0,84.0,93.0,vinculo_aps_entre_50_70pct,2
260420,Catende,PE,Pernambuco,NORDESTE,33086,16,16,4.835882246267303,2067.875,0.0,33279,21658.0,65.08008053126596,6,77.5,0,0,50.0,65.0,86.0,91.0,79.0,94.0,vinculo_aps_entre_50_70pct,2
261350,São José do Belmonte,PE,Pernambuco,NORDESTE,36890,14,14,3.795066413662239,2635.0,0.0,36752,23848.0,64.88898563343491,6,78.0,1,0,53.0,37.0,94.0,96.0,90.0,98.0,vinculo_aps_entre_50_70pct,2
270550,Murici,AL,Alagoas,NORDESTE,25926,11,11,4.2428450204427985,2356.909090909091,0.0,25933,15277.0,58.90949755138241,6,78.16666666666667,0,0,51.0,60.0,91.0,91.0,78.0,98.0,vinculo_aps_entre_50_70pct,2
315560,Rio Pardo de Minas,MG,Minas Gerais,SUDESTE,29103,16,15,5.4977150121980545,1818.9375,0.0,29123,17931.0,61.569893211551005,6,78.16666666666667,0,0,62.0,53.0,93.0,93.0,68.0,100.0,vinculo_aps_entre_50_70pct,2
270915,Teotônio Vilela,AL,Alagoas,NORDESTE,39143,23,21,5.8758909639015915,1701.8695652173913,0.0,39161,25078.0,64.03820127167334,6,78.16666666666667,0,0,66.0,74.0,79.0,80.0,71.0,99.0,vinculo_aps_entre_50_70pct,2
292500,Planalto,BA,Bahia,NORDESTE,24026,10,10,4.162157662532257,2402.6,0.0,24036,16588.0,69.01314694624729,6,78.83333333333333,1,0,44.0,57.0,90.0,99.0,91.0,92.0,vinculo_aps_entre_50_70pct,2
260370,Canhotinho,PE,Pernambuco,NORDESTE,25103,14,14,5.577022666613552,1793.0714285714287,0.0,25090,16280.0,64.8864089278597,6,79.0,1,0,47.0,51.0,95.0,99.0,84.0,98.0,vinculo_aps_entre_50_70pct,2
231310,Tabuleiro do Norte,CE,Ceará,NORDESTE,32122,10,10,3.113131187348235,3212.2,0.0,32044,19203.0,59.92697540881288,6,79.33333333333333,1,0,58.0,34.0,97.0,99.0,93.0,95.0,vinculo_aps_entre_50_70pct,2
130190,Itacoatiara,AM,Amazonas,NORTE,113917,17,17,1.4923145799134458,6701.0,8.534321839135284,112520,68240.0,60.64699608958407,6,79.5,0,0,58.0,62.0,94.0,98.0,69.0,96.0,vinculo_aps_entre_50_70pct,2
230470,Granja,CE,Ceará,NORDESTE,55809,16,16,2.866921105914817,3488.0625,0.0,55633,38204.0,68.6714719680765,6,80.33333333333333,0,0,59.0,63.0,85.0,97.0,79.0,99.0,vinculo_aps_entre_50_70pct,2
231330,Tauá,CE,Ceará,NORDESTE,64655,22,21,3.4026757404686414,2938.8636363636365,0.0,64255,34550.0,53.77013461987394,6,80.5,0,0,81.0,68.0,79.0,91.0,70.0,94.0,vinculo_aps_entre_50_70pct,2
250040,Alagoa Nova,PB,Paraíba,NORDESTE,21823,11,11,5.040553544425606,1983.909090909091,0.0,21724,12877.0,59.275455717179156,6,80.5,0,0,54.0,61.0,94.0,97.0,77.0,100.0,vinculo_aps_entre_50_70pct,2
260320,Caetés,PE,Pernambuco,NORDESTE,30571,16,16,5.233718229694809,1910.6875,0.0,30441,20705.0,68.01681942117538,6,81.83333333333333,0,0,72.0,66.0,83.0,96.0,76.0,98.0,vinculo_aps_entre_50_70pct,2
150230,Capitão Poço,PA,Pará,NORTE,60318,15,15,2.4868198547697205,4021.2,0.0,59960,35359.0,58.970980653769175,6,82.33333333333333,0,0,76.0,61.0,91.0,90.0,84.0,92.0,vinculo_aps_entre_50_70pct,2
230890,Morrinhos,CE,Ceará,NORDESTE,23747,9,9,3.7899524150419,2638.5555555555557,0.0,23608,15048.0,63.741104710267706,6,82.33333333333333,1,0,49.0,61.0,96.0,99.0,92.0,97.0,vinculo_aps_entre_50_70pct,2
230425,Cruz,CE,Ceará,NORDESTE,32288,14,14,4.33597621407334,2306.285714285714,0.0,31847,20983.0,65.88689672496625,6,82.5,0,0,56.0,60.0,99.0,99.0,92.0,89.0,vinculo_aps_entre_50_70pct,2
260280,Buíque,PE,Pernambuco,NORDESTE,53489,28,28,5.234721157621193,1910.3214285714287,0.0,54425,35935.0,66.02664216812127,6,83.0,0,0,56.0,75.0,90.0,98.0,79.0,100.0,vinculo_aps_entre_50_70pct,2
231150,Quixeré,CE,Ceará,NORDESTE,21659,9,6,4.155316496606491,2406.5555555555557,0.0,21607,12444.0,57.59244689221086,6,83.33333333333333,0,0,60.0,53.0,96.0,97.0,94.0,100.0,vinculo_aps_entre_50_70pct,2
230230,Bela Cruz,CE,Ceará,NORDESTE,34613,17,17,4.911449455406928,2036.0588235294117,0.0,34441,20235.0,58.75264945849423,6,83.33333333333333,0,0,57.0,53.0,96.0,99.0,97.0,98.0,vinculo_aps_entre_50_70pct,2
270290,Girau do Ponciano,AL,Alagoas,NORDESTE,37337,18,18,4.82095508476846,2074.277777777778,0.0,37335,25069.0,67.14610954868087,6,83.66666666666667,0,0,72.0,87.0,81.0,92.0,75.0,95.0,vinculo_aps_entre_50_70pct,2
