co_ibge6,municipio,uf,uf_nome,regiao,populacao_2025,ubs,ubs_com_coord,ubs_por_10k_hab,habitantes_por_ubs,gap_ubs_para_media_nacional,cadastro_populacao_base,pessoas_vinculadas_aps,pct_populacao_vinculada_aps,qtd_indicadores_previne,media_indicadores_previne,indicadores_abaixo_50,indicadores_abaixo_30,previne_citopatologico,previne_diabetes_hemoglobina_glicada,previne_gestantes_atendimento_odontologico,previne_gestantes_sifilis_hiv,previne_pre_natal_6_consultas,previne_vacinacao_criancas_1_ano
120001,Acrelândia,AC,Acre,NORTE,14712,6,6,4.078303425774878,2452.0,0.0,14657,8209.0,56.0073684928703,6,47.5,4,2,21.0,3.0,44.0,89.0,44.0,84.0
120005,Assis Brasil,AC,Acre,NORTE,8648,4,4,4.6253469010175765,2162.0,0.0,8573,6767.0,78.93386212527703,6,46.0,3,1,39.0,17.0,67.0,65.0,31.0,57.0
120010,Brasiléia,AC,Acre,NORTE,28028,10,10,3.5678607107178535,2802.8,0.0,27841,16363.0,58.7730325778528,6,59.0,3,0,43.0,42.0,66.0,68.0,45.0,90.0
120013,Bujari,AC,Acre,NORTE,13928,6,6,4.30786904078116,2321.3333333333335,0.0,13766,6974.0,50.66104896120878,6,32.333333333333336,4,4,24.0,11.0,15.0,55.0,27.0,62.0
120017,Capixaba,AC,Acre,NORTE,10981,6,6,5.463983243784719,1830.1666666666667,0.0,10922,7004.0,64.12744918513093,6,44.5,4,2,18.0,21.0,46.0,58.0,45.0,79.0
120020,Cruzeiro do Sul,AC,Acre,NORTE,98916,30,30,3.032876379958753,3297.2,0.0,98382,58560.0,59.52308349088248,6,55.666666666666664,2,2,28.0,11.0,80.0,87.0,50.0,78.0
120025,Epitaciolândia,AC,Acre,NORTE,19874,8,8,4.025359766529133,2484.25,0.0,19739,10379.0,52.58118445716602,6,62.333333333333336,1,1,61.0,28.0,66.0,68.0,65.0,86.0
120030,Feijó,AC,Acre,NORTE,37764,8,8,2.118419658934435,4720.5,0.46474301406379154,37644,16396.0,43.55541387737753,6,43.333333333333336,4,2,22.0,5.0,48.0,84.0,31.0,70.0
120032,Jordão,AC,Acre,NORTE,9884,5,5,5.058680696074464,1976.8,0.0,9787,5406.0,55.23653826504547,6,38.166666666666664,4,2,9.0,1.0,39.0,61.0,33.0,86.0
120034,Manoel Urbano,AC,Acre,NORTE,12923,5,5,3.869070649230055,2584.6,0.0,12776,7637.0,59.77614276768942,6,56.833333333333336,3,1,36.0,19.0,73.0,90.0,44.0,79.0
120035,Marechal Thaumaturgo,AC,Acre,NORTE,18057,5,5,2.7690092484908897,3611.4,0.0,17951,9420.0,52.476185170742575,6,42.666666666666664,3,2,22.0,2.0,55.0,63.0,41.0,73.0
120033,Mâncio Lima,AC,Acre,NORTE,20479,10,9,4.883050930221202,2047.9,0.0,20329,12540.0,61.685277190220866,6,57.0,3,1,34.0,20.0,78.0,83.0,43.0,84.0
120038,Plácido de Castro,AC,Acre,NORTE,17107,8,8,4.67644823756357,2138.375,0.0,17127,9573.0,55.8942021369767,6,49.166666666666664,4,1,33.0,20.0,48.0,66.0,45.0,83.0
120080,Porto Acre,AC,Acre,NORTE,17523,5,5,2.8533926839011587,3504.6,0.0,17455,10978.0,62.89315382411916,6,42.333333333333336,4,1,33.0,16.0,41.0,62.0,44.0,58.0
120039,Porto Walter,AC,Acre,NORTE,11333,5,5,4.411894467484338,2266.6,0.0,11275,7229.0,64.11529933481152,6,42.833333333333336,3,2,21.0,3.0,55.0,77.0,45.0,56.0
120040,Rio Branco,AC,Acre,NORTE,389001,103,101,2.647808103321071,3776.7087378640776,0.0,387852,146255.0,37.70897146334169,6,37.166666666666664,4,3,28.0,13.0,25.0,68.0,32.0,57.0
120042,Rodrigues Alves,AC,Acre,NORTE,15560,9,9,5.784061696658098,1728.888888888889,0.0,15537,9684.0,62.32863487159683,6,36.5,4,2,15.0,10.0,46.0,59.0,36.0,53.0
120043,Santa Rosa do Purus,AC,Acre,NORTE,7217,2,2,2.7712345850076208,3608.5,0.0,7143,3430.0,48.01903961920762,6,32.833333333333336,4,4,20.0,10.0,19.0,54.0,15.0,79.0
120050,Sena Madureira,AC,Acre,NORTE,44049,17,17,3.859338463983291,2591.1176470588234,0.0,43916,28308.0,64.45942253392842,6,39.5,4,3,36.0,5.0,29.0,69.0,28.0,70.0
120045,Senador Guiomard,AC,Acre,NORTE,22402,11,10,4.910275868226051,2036.5454545454545,0.0,22352,10821.0,48.411775232641375,6,45.5,4,2,25.0,21.0,46.0,53.0,47.0,81.0
120060,Tarauacá,AC,Acre,NORTE,46816,10,10,2.136021872863978,4681.6,0.49373501076184956,46517,31260.0,67.20123825698133,6,29.166666666666668,5,3,28.0,6.0,31.0,44.0,15.0,51.0
120070,Xapuri,AC,Acre,NORTE,19170,8,8,4.173187271778821,2396.25,0.0,19090,10593.0,55.48978522786799,6,57.666666666666664,2,1,30.0,23.0,73.0,80.0,55.0,85.0
270020,Anadia,AL,Alagoas,NORDESTE,14167,8,8,5.64692595468342,1770.875,0.0,14193,10027.0,70.6475022898612,6,66.66666666666667,2,1,33.0,28.0,76.0,88.0,78.0,97.0
270030,Arapiraca,AL,Alagoas,NORDESTE,243906,47,45,1.9269718662107533,5189.489361702128,7.67115797024264,243661,116574.0,47.842699488223396,6,60.166666666666664,2,2,27.0,27.0,70.0,83.0,60.0,94.0
270040,Atalaia,AL,Alagoas,NORDESTE,38480,19,18,4.9376299376299375,2025.2631578947369,0.0,38530,24433.0,63.41292499351155,6,63.666666666666664,2,1,36.0,23.0,78.0,89.0,65.0,91.0
270050,Barra de Santo Antônio,AL,Alagoas,NORDESTE,16756,5,5,2.9840057292910003,3351.2,0.0,16735,11559.0,69.07080968031073,6,63.0,2,2,29.0,21.0,77.0,89.0,71.0,91.0
270060,Barra de São Miguel,AL,Alagoas,NORDESTE,8123,4,4,4.9242890557675745,2030.75,0.0,8118,5492.0,67.65213106676521,6,65.5,1,0,37.0,53.0,88.0,88.0,68.0,59.0
270070,Batalha,AL,Alagoas,NORDESTE,17103,9,7,5.262234695667427,1900.3333333333333,0.0,17103,12453.0,72.81178740571829,6,62.833333333333336,2,1,30.0,14.0,81.0,86.0,71.0,95.0
270090,Belo Monte,AL,Alagoas,NORDESTE,5895,3,3,5.089058524173028,1965.0,0.0,5898,5567.0,94.38792811122414,6,75.0,2,0,41.0,43.0,89.0,97.0,82.0,98.0
270080,Belém,AL,Alagoas,NORDESTE,4819,4,4,8.300477277443454,1204.75,0.0,4820,3663.0,75.99585062240664,6,62.833333333333336,1,0,50.0,46.0,62.0,69.0,50.0,100.0
270100,Boca da Mata,AL,Alagoas,NORDESTE,21479,11,11,5.121281251454909,1952.6363636363637,0.0,21517,14460.0,67.20267695310685,6,51.833333333333336,3,2,27.0,27.0,46.0,74.0,66.0,71.0
270110,Branquinha,AL,Alagoas,NORDESTE,9779,6,6,6.135596686777789,1629.8333333333333,0.0,9786,7152.0,73.08399754751687,6,79.33333333333333,0,0,54.0,57.0,94.0,94.0,79.0,98.0
270120,Cacimbinhas,AL,Alagoas,NORDESTE,10705,5,5,4.670714619336758,2141.0,0.0,10701,7372.0,68.89075787309598,6,74.5,2,0,47.0,44.0,92.0,100.0,72.0,92.0
270130,Cajueiro,AL,Alagoas,NORDESTE,16572,9,9,5.430847212165098,1841.3333333333333,0.0,16605,11150.0,67.1484492622704,6,54.333333333333336,2,2,20.0,8.0,71.0,80.0,59.0,88.0
270135,Campestre,AL,Alagoas,NORDESTE,6808,3,3,4.406580493537016,2269.3333333333335,0.0,6807,4385.0,64.41898046128985,6,56.0,2,2,21.0,13.0,79.0,90.0,52.0,81.0
270140,Campo Alegre,AL,Alagoas,NORDESTE,32558,18,17,5.528595122550525,1808.7777777777778,0.0,32714,20350.0,62.205783456624076,6,64.33333333333333,2,1,32.0,27.0,88.0,91.0,81.0,67.0
270150,Campo Grande,AL,Alagoas,NORDESTE,8285,8,7,9.656004828002413,1035.625,0.0,8293,7146.0,86.16905824189075,6,57.5,2,0,35.0,33.0,77.0,72.0,51.0,77.0
270160,Canapi,AL,Alagoas,NORDESTE,15730,10,10,6.357279084551812,1573.0,0.0,15743,13513.0,85.83497427428063,6,56.166666666666664,2,1,49.0,25.0,61.0,77.0,51.0,74.0
270170,Capela,AL,Alagoas,NORDESTE,15051,8,8,5.315261444422297,1881.375,0.0,15068,9360.0,62.11839660207061,6,73.16666666666667,1,0,50.0,30.0,83.0,98.0,83.0,95.0
270180,Carneiros,AL,Alagoas,NORDESTE,9206,6,5,6.51748859439496,1534.3333333333333,0.0,9200,6888.0,74.86956521739131,6,81.16666666666667,1,0,54.0,44.0,100.0,100.0,89.0,100.0
270190,Chã Preta,AL,Alagoas,NORDESTE,6000,5,5,8.333333333333334,1200.0,0.0,6010,5183.0,86.2396006655574,6,72.33333333333333,2,0,32.0,31.0,89.0,95.0,87.0,100.0
270200,Coité do Nóia,AL,Alagoas,NORDESTE,11036,6,6,5.436752446538601,1839.3333333333333,0.0,11036,7557.0,68.47589706415368,6,61.166666666666664,3,2,25.0,27.0,48.0,89.0,78.0,100.0
270210,Colônia Leopoldina,AL,Alagoas,NORDESTE,15915,8,8,5.026704366949419,1989.375,0.0,15949,12006.0,75.27744686187222,6,58.166666666666664,2,1,22.0,34.0,50.0,87.0,60.0,96.0
270220,Coqueiro Seco,AL,Alagoas,NORDESTE,5701,5,3,8.770391159445712,1140.2,0.0,5700,3796.0,66.59649122807018,6,76.0,0,0,53.0,54.0,70.0,100.0,83.0,96.0
270230,Coruripe,AL,Alagoas,NORDESTE,51784,20,20,3.8621968175498225,2589.2,0.0,51788,30429.0,58.756854869854024,6,74.16666666666667,2,0,46.0,45.0,88.0,94.0,76.0,96.0
270235,Craíbas,AL,Alagoas,NORDESTE,26144,11,11,4.207466340269278,2376.7272727272725,0.0,26115,19604.0,75.06796860042121,6,80.83333333333333,1,0,47.0,66.0,93.0,90.0,90.0,99.0
270240,Delmiro Gouveia,AL,Alagoas,NORDESTE,52845,16,16,3.027722584918157,3302.8125,0.0,52809,31505.0,59.65839156204434,6,63.166666666666664,2,1,44.0,12.0,75.0,89.0,68.0,91.0
270250,Dois Riachos,AL,Alagoas,NORDESTE,9898,6,5,6.061830672863205,1649.6666666666667,0.0,9906,7259.0,73.2788209166162,6,71.33333333333333,2,0,44.0,40.0,88.0,98.0,63.0,95.0
270255,Estrela de Alagoas,AL,Alagoas,NORDESTE,15688,7,7,4.462009178990311,2241.1428571428573,0.0,15701,12056.0,76.78491815807911,6,68.16666666666667,2,2,24.0,15.0,95.0,98.0,78.0,99.0
270260,Feira Grande,AL,Alagoas,NORDESTE,23204,9,9,3.8786416135149113,2578.222222222222,0.0,23191,16971.0,73.17925057134234,6,68.33333333333333,2,1,43.0,18.0,89.0,81.0,81.0,98.0
270270,Feliz Deserto,AL,Alagoas,NORDESTE,4035,2,2,4.956629491945478,2017.5,0.0,4038,2914.0,72.1644378405151,6,64.16666666666667,0,0,61.0,50.0,67.0,63.0,70.0,74.0
270280,Flexeiras,AL,Alagoas,NORDESTE,9745,5,5,5.13083632632119,1949.0,0.0,9767,7196.0,73.67666632538139,6,51.333333333333336,2,1,35.0,27.0,65.0,62.0,57.0,62.0
270290,Girau do Ponciano,AL,Alagoas,NORDESTE,37337,18,18,4.82095508476846,2074.277777777778,0.0,37335,25069.0,67.14610954868087,6,83.66666666666667,0,0,72.0,87.0,81.0,92.0,75.0,95.0
270300,Ibateguara,AL,Alagoas,NORDESTE,13982,6,6,4.291231583464454,2330.3333333333335,0.0,13992,9977.0,71.30503144654088,6,62.666666666666664,2,1,35.0,23.0,65.0,95.0,64.0,94.0
270310,Igaci,AL,Alagoas,NORDESTE,24445,13,13,5.318060953160155,1880.3846153846155,0.0,24452,18460.0,75.4948470472763,6,66.33333333333333,2,0,43.0,41.0,77.0,78.0,62.0,97.0
270320,Igreja Nova,AL,Alagoas,NORDESTE,22113,10,10,4.522226744448966,2211.3,0.0,22125,15370.0,69.46892655367232,6,67.0,0,0,56.0,57.0,71.0,68.0,67.0,83.0
270330,Inhapi,AL,Alagoas,NORDESTE,15396,6,6,3.897116134060795,2566.0,0.0,15417,13082.0,84.8543815268859,6,76.33333333333333,1,0,49.0,56.0,94.0,95.0,68.0,96.0
270340,Jacaré dos Homens,AL,Alagoas,NORDESTE,5180,3,3,5.7915057915057915,1726.6666666666667,0.0,5182,4244.0,81.89888074102663,6,84.5,0,0,56.0,57.0,100.0,100.0,94.0,100.0
270350,Jacuípe,AL,Alagoas,NORDESTE,5419,3,3,5.536076766931168,1806.3333333333333,0.0,5432,3370.0,62.03976435935199,6,71.5,1,0,55.0,36.0,61.0,100.0,87.0,90.0
270360,Japaratinga,AL,Alagoas,NORDESTE,9457,4,4,4.229671143068626,2364.25,0.0,9443,6743.0,71.40739171873345,6,72.0,2,0,38.0,33.0,92.0,93.0,83.0,93.0
270370,Jaramataia,AL,Alagoas,NORDESTE,5069,3,3,5.918327086210298,1689.6666666666667,0.0,5075,3765.0,74.18719211822659,6,75.5,0,0,51.0,55.0,100.0,96.0,96.0,55.0
270375,Jequiá da Praia,AL,Alagoas,NORDESTE,9607,8,7,8.327261371916311,1200.875,0.0,9625,7280.0,75.63636363636364,6,71.5,2,0,46.0,38.0,79.0,87.0,79.0,100.0
270380,Joaquim Gomes,AL,Alagoas,NORDESTE,17342,1,1,0.5766347595433052,17342.0,2.887182855362098,17386,11568.0,66.53629356953871,6,57.0,2,2,29.0,13.0,74.0,76.0,55.0,95.0
270390,Jundiá,AL,Alagoas,NORDESTE,4175,3,3,7.18562874251497,1391.6666666666667,0.0,4176,2903.0,69.51628352490421,6,77.66666666666667,2,0,48.0,38.0,95.0,95.0,90.0,100.0
270400,Junqueiro,AL,Alagoas,NORDESTE,24382,11,11,4.51152489541465,2216.5454545454545,0.0,24381,16311.0,66.9004552725483,6,61.833333333333336,2,1,43.0,13.0,76.0,77.0,64.0,98.0
270410,Lagoa da Canoa,AL,Alagoas,NORDESTE,18836,6,6,3.185389679337439,3139.3333333333335,0.0,18831,14523.0,77.12282937709097,6,79.66666666666667,0,0,54.0,52.0,90.0,100.0,83.0,99.0
270420,Limoeiro de Anadia,AL,Alagoas,NORDESTE,25184,16,13,6.353240152477764,1574.0,0.0,25197,18504.0,73.43731396594832,6,79.5,1,0,52.0,44.0,93.0,100.0,89.0,99.0
270430,Maceió,AL,Alagoas,NORDESTE,994952,98,93,0.9849721393594867,10152.57142857143,125.01697360790165,994464,185173.0,18.620382437172186,6,48.833333333333336,4,2,29.0,19.0,48.0,79.0,47.0,71.0
270440,Major Isidoro,AL,Alagoas,NORDESTE,17828,7,7,3.9264078976890286,2546.8571428571427,0.0,17834,12649.0,70.92632051138276,6,74.66666666666667,2,0,42.0,43.0,88.0,96.0,80.0,99.0
270490,Mar Vermelho,AL,Alagoas,NORDESTE,3208,2,2,6.234413965087282,1604.0,0.0,3212,2421.0,75.37359900373599,6,75.16666666666667,2,0,42.0,33.0,95.0,95.0,86.0,100.0
270450,Maragogi,AL,Alagoas,NORDESTE,33269,10,10,3.005801196308876,3326.9,0.0,33232,21088.0,63.45690900337024,6,65.66666666666667,2,1,35.0,22.0,87.0,92.0,63.0,95.0
270460,Maravilha,AL,Alagoas,NORDESTE,9709,4,4,4.119888763003399,2427.25,0.0,9715,7614.0,78.37364899639732,6,73.83333333333333,2,0,45.0,41.0,86.0,93.0,78.0,100.0
270470,Marechal Deodoro,AL,Alagoas,NORDESTE,62477,20,20,3.201178033516334,3123.85,0.0,62341,37505.0,60.16104971046342,6,61.166666666666664,2,0,39.0,38.0,67.0,75.0,54.0,94.0
270480,Maribondo,AL,Alagoas,NORDESTE,13970,6,6,4.294917680744453,2328.3333333333335,0.0,13968,8270.0,59.20675830469645,6,57.833333333333336,2,1,35.0,17.0,69.0,71.0,58.0,97.0
270500,Mata Grande,AL,Alagoas,NORDESTE,22126,7,7,3.163698815872729,3160.8571428571427,0.0,22147,13713.0,61.91809274393824,6,67.66666666666667,2,0,43.0,45.0,53.0,92.0,77.0,96.0
270510,Matriz de Camaragibe,AL,Alagoas,NORDESTE,24331,10,10,4.109983149069088,2433.1,0.0,24330,15232.0,62.605836415947394,6,55.166666666666664,2,2,24.0,10.0,64.0,85.0,59.0,89.0
270520,Messias,AL,Alagoas,NORDESTE,15706,6,6,3.8201961033999745,2617.6666666666665,0.0,15707,9692.0,61.70497230534156,6,57.166666666666664,3,1,44.0,27.0,65.0,87.0,48.0,72.0
270530,Minador do Negrão,AL,Alagoas,NORDESTE,4935,3,3,6.079027355623101,1645.0,0.0,4938,3841.0,77.7845281490482,6,68.83333333333333,1,1,61.0,23.0,81.0,85.0,69.0,94.0
270540,Monteirópolis,AL,Alagoas,NORDESTE,7344,4,4,5.446623093681918,1836.0,0.0,7341,5678.0,77.34641057076692,6,77.0,2,0,47.0,48.0,94.0,94.0,79.0,100.0
270550,Murici,AL,Alagoas,NORDESTE,25926,11,11,4.2428450204427985,2356.909090909091,0.0,25933,15277.0,58.90949755138241,6,78.16666666666667,0,0,51.0,60.0,91.0,91.0,78.0,98.0
270560,Novo Lino,AL,Alagoas,NORDESTE,10285,6,5,5.8337384540593105,1714.1666666666667,0.0,10298,6973.0,67.71217712177122,6,85.66666666666667,0,0,76.0,74.0,94.0,83.0,89.0,98.0
270590,Olho d'Água Grande,AL,Alagoas,NORDESTE,4381,3,3,6.847751654873316,1460.3333333333333,0.0,4384,3813.0,86.97536496350365,6,45.5,3,1,42.0,24.0,57.0,54.0,57.0,39.0
270570,Olho d'Água das Flores,AL,Alagoas,NORDESTE,21135,11,10,5.204636858291933,1921.3636363636363,0.0,21132,14249.0,67.42854438765853,6,76.16666666666667,1,0,46.0,52.0,85.0,96.0,80.0,98.0
270580,Olho d'Água do Casado,AL,Alagoas,NORDESTE,8522,3,3,3.5203003989673785,2840.6666666666665,0.0,8522,6681.0,78.39708988500352,6,72.5,2,0,48.0,30.0,83.0,95.0,79.0,100.0
270600,Olivença,AL,Alagoas,NORDESTE,11047,5,5,4.526115687516973,2209.4,0.0,11048,8600.0,77.8421433743664,6,82.16666666666667,0,0,59.0,60.0,93.0,98.0,89.0,94.0
270610,Ouro Branco,AL,Alagoas,NORDESTE,11706,5,5,4.271313856142149,2341.2,0.0,11699,9127.0,78.01521497563894,6,70.0,2,1,33.0,29.0,83.0,97.0,82.0,96.0
270620,Palestina,AL,Alagoas,NORDESTE,4408,3,3,6.8058076225045365,1469.3333333333333,0.0,4410,3606.0,81.7687074829932,6,76.5,0,0,54.0,55.0,71.0,100.0,79.0,100.0
270630,Palmeira dos Índios,AL,Alagoas,NORDESTE,73621,25,25,3.3957702286032516,2944.84,0.0,73596,45052.0,61.21528343931736,6,49.0,3,0,37.0,46.0,51.0,58.0,42.0,60.0
270642,Pariconha,AL,Alagoas,NORDESTE,10807,6,6,5.551957064865364,1801.1666666666667,0.0,10803,6521.0,60.36286216791632,6,56.833333333333336,2,1,32.0,22.0,64.0,72.0,54.0,97.0
270644,Paripueira,AL,Alagoas,NORDESTE,14199,5,5,3.5213747447003314,2839.8,0.0,14176,9407.0,66.3586343115124,6,68.5,2,1,26.0,31.0,97.0,96.0,73.0,88.0
270650,Passo de Camaragibe,AL,Alagoas,NORDESTE,14070,7,7,4.975124378109452,2010.0,0.0,14076,9279.0,65.92071611253198,6,53.833333333333336,3,2,25.0,8.0,34.0,93.0,70.0,93.0
270660,Paulo Jacinto,AL,Alagoas,NORDESTE,6691,4,4,5.978179644298311,1672.75,0.0,6697,5086.0,75.94445274003286,6,74.33333333333333,1,0,56.0,36.0,81.0,96.0,77.0,100.0
270670,Penedo,AL,Alagoas,NORDESTE,60185,22,22,3.6553958627565004,2735.681818181818,0.0,60189,38532.0,64.0183422220007,6,68.0,1,0,55.0,45.0,74.0,77.0,62.0,95.0
270680,Piaçabuçu,AL,Alagoas,NORDESTE,16192,8,8,4.940711462450593,2024.0,0.0,16201,12332.0,76.11875810135177,6,54.166666666666664,2,1,44.0,18.0,70.0,68.0,52.0,73.0
270690,Pilar,AL,Alagoas,NORDESTE,36525,13,13,3.5592060232717317,2809.6153846153848,0.0,36499,24742.0,67.78815857968712,6,71.5,2,0,46.0,49.0,89.0,97.0,58.0,90.0
270700,Pindoba,AL,Alagoas,NORDESTE,2786,1,1,3.589375448671931,2786.0,0.0,2786,1616.0,58.00430725053841,6,69.83333333333333,1,1,24.0,62.0,67.0,83.0,83.0,100.0
270710,Piranhas,AL,Alagoas,NORDESTE,23053,7,7,3.0364811521277058,3293.285714285714,0.0,23053,16787.0,72.8191558582397,6,66.16666666666667,1,0,56.0,38.0,68.0,77.0,61.0,97.0
270730,Porto Calvo,AL,Alagoas,NORDESTE,24509,11,11,4.4881472112285286,2228.090909090909,0.0,24520,16470.0,67.16965742251223,6,53.0,2,0,44.0,30.0,54.0,66.0,54.0,70.0
270750,Porto Real do Colégio,AL,Alagoas,NORDESTE,20273,9,9,4.439402160509051,2252.5555555555557,0.0,20262,12211.0,60.26552166617313,6,69.66666666666667,2,1,37.0,22.0,99.0,91.0,76.0,93.0
270740,Porto de Pedras,AL,Alagoas,NORDESTE,9517,4,4,4.203005148681307,2379.25,0.0,9508,5910.0,62.15818258308793,6,59.166666666666664,2,1,39.0,8.0,67.0,81.0,64.0,96.0
270720,Poço das Trincheiras,AL,Alagoas,NORDESTE,12965,7,7,5.399151561897416,1852.142857142857,0.0,12974,10068.0,77.60135655927239,6,63.666666666666664,2,0,35.0,36.0,76.0,89.0,65.0,81.0
270640,Pão de Açúcar,AL,Alagoas,NORDESTE,24291,9,9,3.705075954057058,2699.0,0.0,24291,16413.0,67.56823514882055,6,77.33333333333333,2,0,48.0,44.0,97.0,97.0,80.0,98.0
270760,Quebrangulo,AL,Alagoas,NORDESTE,11303,7,5,6.193046093957357,1614.7142857142858,0.0,11305,8767.0,77.54975674480319,6,73.83333333333333,1,1,54.0,20.0,100.0,94.0,82.0,93.0
270770,Rio Largo,AL,Alagoas,NORDESTE,97658,26,26,2.6623522906469512,3756.076923076923,0.0,97435,58015.0,59.54225894185867,6,65.33333333333333,2,1,37.0,28.0,78.0,88.0,67.0,94.0
270780,Roteiro,AL,Alagoas,NORDESTE,6606,3,3,4.541326067211625,2202.0,0.0,6607,4753.0,71.93885273195096,6,66.33333333333333,2,2,25.0,29.0,84.0,100.0,71.0,89.0
270790,Santa Luzia do Norte,AL,Alagoas,NORDESTE,7066,5,5,7.076139258420605,1413.2,0.0,7065,4687.0,66.34111818825194,6,89.66666666666667,0,0,76.0,77.0,100.0,97.0,88.0,100.0
270800,Santana do Ipanema,AL,Alagoas,NORDESTE,47418,19,19,4.0069172044371335,2495.684210526316,0.0,47397,31878.0,67.25742135578201,6,66.16666666666667,2,1,44.0,29.0,72.0,90.0,66.0,96.0
270810,Santana do Mundaú,AL,Alagoas,NORDESTE,11572,5,5,4.3207742827514695,2314.4,0.0,11568,8381.0,72.44986168741356,6,75.5,0,0,52.0,75.0,82.0,96.0,78.0,70.0
270890,Satuba,AL,Alagoas,NORDESTE,25105,8,8,3.1866162119099783,3138.125,0.0,25000,9206.0,36.824,6,45.0,3,2,26.0,10.0,61.0,61.0,44.0,68.0
270895,Senador Rui Palmeira,AL,Alagoas,NORDESTE,12545,6,5,4.782781984854523,2090.8333333333335,0.0,12549,9201.0,73.32058331341142,6,81.66666666666667,1,0,64.0,47.0,99.0,97.0,88.0,95.0
270820,São Brás,AL,Alagoas,NORDESTE,6557,3,3,4.575263077626963,2185.6666666666665,0.0,6557,5079.0,77.4592039042245,6,69.0,1,0,45.0,58.0,74.0,74.0,63.0,100.0
270830,São José da Laje,AL,Alagoas,NORDESTE,21180,11,11,5.193578847969783,1925.4545454545455,0.0,21193,13152.0,62.05822677299109,6,58.833333333333336,2,1,39.0,28.0,67.0,68.0,60.0,91.0
270840,São José da Tapera,AL,Alagoas,NORDESTE,31569,14,14,4.4347302733694445,2254.9285714285716,0.0,31557,23468.0,74.36701841112907,6,72.66666666666667,2,1,48.0,28.0,87.0,93.0,82.0,98.0
270850,São Luís do Quitunde,AL,Alagoas,NORDESTE,31785,12,12,3.7753657385559225,2648.75,0.0,31792,17821.0,56.054982385505795,6,38.666666666666664,4,3,24.0,13.0,49.0,63.0,25.0,58.0
270860,São Miguel dos Campos,AL,Alagoas,NORDESTE,53380,17,13,3.184713375796178,3140.0,0.0,53391,31170.0,58.38062594819352,6,51.5,2,1,65.0,18.0,55.0,67.0,48.0,56.0
270870,São Miguel dos Milagres,AL,Alagoas,NORDESTE,8700,4,4,4.597701149425287,2175.0,0.0,8687,5983.0,68.8730286635202,6,56.666666666666664,4,0,40.0,34.0,46.0,81.0,49.0,90.0
270880,São Sebastião,AL,Alagoas,NORDESTE,32707,18,18,5.503409056165347,1817.0555555555557,0.0,32701,24184.0,73.95492492584324,6,60.0,2,1,31.0,25.0,71.0,73.0,65.0,95.0
270900,Tanque d'Arca,AL,Alagoas,NORDESTE,5906,3,3,5.079580088046055,1968.6666666666667,0.0,5909,4469.0,75.63039431375867,6,71.66666666666667,2,0,33.0,31.0,92.0,100.0,84.0,90.0
270910,Taquarana,AL,Alagoas,NORDESTE,19428,8,8,4.117768169652049,2428.5,0.0,19422,13571.0,69.87436927195964,6,69.83333333333333,2,0,39.0,30.0,86.0,88.0,77.0,99.0
270915,Teotônio Vilela,AL,Alagoas,NORDESTE,39143,23,21,5.8758909639015915,1701.8695652173913,0.0,39161,25078.0,64.03820127167334,6,78.16666666666667,0,0,66.0,74.0,79.0,80.0,71.0,99.0
270920,Traipu,AL,Alagoas,NORDESTE,24106,10,10,4.1483448104206415,2410.6,0.0,24124,16462.0,68.23909799369922,6,70.83333333333333,1,1,52.0,27.0,71.0,97.0,79.0,99.0
270930,União dos Palmares,AL,Alagoas,NORDESTE,60860,25,25,4.107788366743345,2434.4,0.0,60874,36825.0,60.49380687978447,6,47.5,3,1,40.0,18.0,47.0,65.0,50.0,65.0
270940,Viçosa,AL,Alagoas,NORDESTE,24414,13,11,5.324813631522897,1878.0,0.0,24423,15383.0,62.985710191213194,6,59.0,2,1,30.0,16.0,71.0,87.0,65.0,85.0
270010,Água Branca,AL,Alagoas,NORDESTE,19550,9,8,4.603580562659847,2172.222222222222,0.0,19550,13693.0,70.04092071611254,6,54.0,2,0,44.0,39.0,54.0,62.0,60.0,65.0
130002,Alvarães,AM,Amazonas,NORTE,16806,6,6,3.570153516601214,2801.0,0.0,16670,12456.0,74.72105578884222,6,58.833333333333336,2,1,59.0,28.0,78.0,69.0,49.0,70.0
130006,Amaturá,AM,Amazonas,NORTE,11533,3,3,2.6012312494580767,3844.3333333333335,0.0,11411,5586.0,48.95276487599685,6,56.833333333333336,2,1,47.0,22.0,68.0,63.0,59.0,82.0
130008,Anamã,AM,Amazonas,NORTE,9981,1,1,1.0019036168720568,9981.0,1.2372259300754875,10318,7559.0,73.26032176778445,6,60.833333333333336,2,1,36.0,9.0,87.0,87.0,59.0,87.0
130010,Anori,AM,Amazonas,NORTE,18056,5,5,2.769162605228179,3611.2,0.0,17932,11853.0,66.09971001561455,6,63.166666666666664,1,1,53.0,25.0,85.0,71.0,64.0,81.0
130014,Apuí,AM,Amazonas,NORTE,21781,8,8,3.6729259446306415,2722.625,0.0,21735,9903.0,45.56245686680469,6,75.33333333333333,1,0,52.0,47.0,90.0,81.0,86.0,96.0
130020,Atalaia do Norte,AM,Amazonas,NORTE,15889,6,6,3.7761973692491657,2648.1666666666665,0.0,15892,7122.0,44.81500125849484,6,54.166666666666664,3,0,30.0,48.0,61.0,54.0,42.0,90.0
130030,Autazes,AM,Amazonas,NORTE,45960,13,13,2.8285465622280244,3535.3846153846152,0.0,45328,29392.0,64.84292269678785,6,56.0,2,0,66.0,34.0,59.0,60.0,42.0,75.0
130040,Barcelos,AM,Amazonas,NORTE,18210,7,7,3.8440417353102694,2601.4285714285716,0.0,18626,9582.0,51.44421776012026,6,42.833333333333336,5,0,30.0,36.0,47.0,62.0,35.0,47.0
130050,Barreirinha,AM,Amazonas,NORTE,33722,12,12,3.5585077990629266,2810.1666666666665,0.0,33436,17944.0,53.66670654384495,6,50.0,2,1,63.0,28.0,54.0,57.0,33.0,65.0
130060,Benjamin Constant,AM,Amazonas,NORTE,40908,6,6,1.4667057788207685,6818.0,3.1694658198104433,40509,15106.0,37.29047865906342,6,41.666666666666664,4,2,28.0,4.0,42.0,54.0,38.0,84.0
130063,Beruri,AM,Amazonas,NORTE,22495,0,0,0.0,0.0,5.0422199476052585,22136,14803.0,66.8729671123961,6,57.833333333333336,2,1,51.0,17.0,83.0,81.0,41.0,74.0
130068,Boa Vista do Ramos,AM,Amazonas,NORTE,26479,3,3,1.1329732995959063,8826.333333333334,2.935227472444527,25769,12237.0,47.48729093096356,6,68.0,1,1,62.0,23.0,85.0,89.0,61.0,88.0
130070,Boca do Acre,AM,Amazonas,NORTE,38792,5,5,1.2889255516601361,7758.4,3.6951676464771364,38246,17777.0,46.480677717931286,6,52.166666666666664,3,0,31.0,43.0,62.0,67.0,45.0,65.0
130080,Borba,AM,Amazonas,NORTE,34869,9,9,2.5810892196506923,3874.3333333333335,0.0,34879,16390.0,46.991026118868085,6,52.833333333333336,2,0,56.0,35.0,56.0,64.0,33.0,73.0
130083,Caapiranga,AM,Amazonas,NORTE,14806,4,4,2.7016074564365797,3701.5,0.0,14310,6828.0,47.714884696016775,6,49.333333333333336,2,2,64.0,27.0,66.0,55.0,22.0,62.0
130090,Canutama,AM,Amazonas,NORTE,18109,3,3,1.6566348224639682,6036.333333333333,1.0591047357716659,17885,7817.0,43.707017053396704,6,50.666666666666664,2,2,24.0,3.0,54.0,69.0,66.0,88.0
130100,Carauari,AM,Amazonas,NORTE,31130,6,6,1.9274012206874398,5188.333333333333,0.9777420301823382,30892,19778.0,64.02304803832708,6,44.333333333333336,4,1,34.0,19.0,67.0,64.0,34.0,48.0
130110,Careiro,AM,Amazonas,NORTE,32336,13,13,4.020286986640277,2487.3846153846152,0.0,32442,23672.0,72.96714135996548,6,62.333333333333336,2,1,38.0,25.0,86.0,91.0,59.0,75.0
130115,Careiro da Várzea,AM,Amazonas,NORTE,20324,0,0,0.0,0.0,4.555593608140888,19809,11796.0,59.54868998939876,6,62.0,2,0,35.0,34.0,84.0,89.0,51.0,79.0
130120,Coari,AM,Amazonas,NORTE,73576,15,15,2.0387082744373166,4905.066666666667,1.4919482047123578,73820,46744.0,63.32159306421025,6,67.66666666666667,0,0,62.0,54.0,72.0,72.0,51.0,95.0
130130,Codajás,AM,Amazonas,NORTE,24572,0,0,0.0,0.0,5.507776330409265,24451,15748.0,64.40636374790397,6,45.833333333333336,4,1,49.0,10.0,50.0,46.0,36.0,84.0
130140,Eirunepé,AM,Amazonas,NORTE,35793,4,4,1.117536948565362,8948.25,4.022946369621473,35534,23499.0,66.13102943659594,6,50.833333333333336,3,1,46.0,23.0,58.0,63.0,41.0,74.0
130150,Envira,AM,Amazonas,NORTE,17985,4,4,2.2240756185710313,4496.25,0.03131032485799421,17920,10789.0,60.206473214285715,6,55.666666666666664,2,2,19.0,24.0,76.0,74.0,52.0,89.0
130160,Fonte Boa,AM,Amazonas,NORTE,28227,4,4,1.417082934778758,7056.75,2.327039006937259,27875,17783.0,63.79551569506726,6,38.833333333333336,5,2,19.0,12.0,47.0,41.0,33.0,81.0
130165,Guajará,AM,Amazonas,NORTE,14344,5,5,3.485778025655326,2868.8,0.0,14332,8595.0,59.97069494836729,6,59.666666666666664,1,1,69.0,11.0,59.0,89.0,58.0,72.0
130170,Humaitá,AM,Amazonas,NORTE,63454,15,15,2.363917168342421,4230.266666666666,0.0,62312,32974.0,52.917576068814995,6,68.83333333333333,1,0,51.0,37.0,75.0,90.0,65.0,95.0
130180,Ipixuna,AM,Amazonas,NORTE,25629,4,4,1.5607319833001678,6407.25,1.7447012686008079,25458,12672.0,49.77610181475371,6,66.33333333333333,2,0,82.0,37.0,76.0,92.0,34.0,77.0
130185,Iranduba,AM,Amazonas,NORTE,68862,20,19,2.9043594435247306,3443.1,0.0,67114,42274.0,62.98834818368746,6,67.5,2,0,44.0,33.0,84.0,93.0,63.0,88.0
130190,Itacoatiara,AM,Amazonas,NORTE,113917,17,17,1.4923145799134458,6701.0,8.534321839135284,112520,68240.0,60.64699608958407,6,79.5,0,0,58.0,62.0,94.0,98.0,69.0,96.0
130195,Itamarati,AM,Amazonas,NORTE,11956,5,5,4.182000669120107,2391.2,0.0,11730,6307.0,53.768115942028984,6,49.833333333333336,2,2,17.0,2.0,68.0,77.0,55.0,80.0
130200,Itapiranga,AM,Amazonas,NORTE,10955,5,5,4.564125969876769,2191.0,0.0,10805,7771.0,71.92040721888014,6,64.5,2,2,29.0,27.0,84.0,89.0,65.0,93.0
130210,Japurá,AM,Amazonas,NORTE,9420,5,5,5.307855626326964,1884.0,0.0,9397,5290.0,56.2945620942854,6,62.333333333333336,1,0,33.0,53.0,79.0,72.0,62.0,75.0
130220,Juruá,AM,Amazonas,NORTE,11093,4,4,3.6058775804561436,2773.25,0.0,11152,6466.0,57.98063127690101,6,40.833333333333336,4,2,19.0,11.0,63.0,49.0,40.0,63.0
130230,Jutaí,AM,Amazonas,NORTE,28202,2,2,0.7091695624423799,14101.0,4.321435295059502,27656,17633.0,63.75831645935782,6,55.5,2,1,72.0,6.0,68.0,85.0,55.0,47.0
130240,Lábrea,AM,Amazonas,NORTE,49469,13,13,2.6279083870706907,3805.3076923076924,0.0,48927,30948.0,63.25341835796186,6,53.833333333333336,2,1,77.0,7.0,57.0,73.0,42.0,67.0
130250,Manacapuru,AM,Amazonas,NORTE,111751,21,21,1.8791778149636245,5321.476190476191,4.048816242046467,110691,67111.0,60.629138773703374,6,54.5,3,1,45.0,25.0,67.0,73.0,42.0,75.0
130255,Manaquiri,AM,Amazonas,NORTE,16211,3,3,1.8505952748133982,5403.666666666667,0.633670930012396,17009,11629.0,68.36968663648658,6,63.166666666666664,2,2,26.0,24.0,88.0,98.0,59.0,84.0
130260,Manaus,AM,Amazonas,NORTE,2303732,261,255,1.1329442834496373,8826.55938697318,255.37801486270538,2279686,885199.0,38.82986516564123,6,49.5,4,1,37.0,26.0,48.0,69.0,35.0,82.0
130270,Manicoré,AM,Amazonas,NORTE,58018,13,13,2.240683925678238,4462.923076923077,0.004646228946961007,57758,31971.0,55.353370961598394,6,75.33333333333333,1,0,59.0,49.0,88.0,92.0,66.0,98.0
130280,Maraã,AM,Amazonas,NORTE,15815,5,5,3.1615554852987673,3163.0,0.0,15843,10287.0,64.93088430221549,6,69.0,1,0,56.0,34.0,86.0,90.0,62.0,86.0
130290,Maués,AM,Amazonas,NORTE,66336,13,12,1.9597202122527737,5102.7692307692305,1.8691132449140893,65714,35568.0,54.12545271935964,6,54.833333333333336,2,1,50.0,12.0,73.0,80.0,44.0,70.0
130300,Nhamundá,AM,Amazonas,NORTE,21251,7,7,3.293962637052374,3035.8571428571427,0.0,21106,14207.0,67.31261252724345,6,46.5,3,2,46.0,10.0,65.0,57.0,27.0,74.0
130310,Nova Olinda do Norte,AM,Amazonas,NORTE,28123,7,7,2.4890658891298933,4017.5714285714284,0.0,28267,22084.0,78.1264371882407,6,54.166666666666664,3,2,28.0,28.0,87.0,81.0,44.0,57.0
130320,Novo Airão,AM,Amazonas,NORTE,16562,7,7,4.22654268808115,2366.0,0.0,16467,10173.0,61.77810165786117,6,46.833333333333336,2,2,51.0,12.0,50.0,68.0,24.0,76.0
130330,Novo Aripuanã,AM,Amazonas,NORTE,25325,9,9,3.5538005923000986,2813.8888888888887,0.0,24987,13712.0,54.87653579861528,6,61.833333333333336,1,1,55.0,23.0,82.0,84.0,51.0,76.0
130340,Parintins,AM,Amazonas,NORTE,101855,21,20,2.0617544548623044,4850.238095238095,1.8306429323553497,101956,65632.0,64.37286672682333,6,56.833333333333336,3,1,32.0,17.0,74.0,86.0,49.0,83.0
130350,Pauini,AM,Amazonas,NORTE,20229,4,4,1.9773592367393347,5057.25,0.5342995030054133,20232,8250.0,40.77698695136417,6,53.0,3,0,40.0,37.0,60.0,71.0,40.0,70.0
130353,Presidente Figueiredo,AM,Amazonas,NORTE,33291,23,23,6.908774143161815,1447.4347826086957,0.0,33004,20288.0,61.47133680765968,6,60.5,3,1,40.0,29.0,80.0,84.0,47.0,83.0
130356,Rio Preto da Eva,AM,Amazonas,NORTE,25364,9,9,3.548336224570257,2818.222222222222,0.0,25723,18074.0,70.26396610037709,6,73.66666666666667,1,0,42.0,62.0,90.0,99.0,64.0,85.0
130360,Santa Isabel do Rio Negro,AM,Amazonas,NORTE,13947,5,5,3.5850003585000354,2789.4,0.0,14176,6830.0,48.18002257336343,6,40.666666666666664,4,3,18.0,25.0,41.0,67.0,22.0,71.0
130370,Santo Antônio do Içá,AM,Amazonas,NORTE,30679,7,7,2.2816910590306074,4382.714285714285,0.0,30448,19479.0,63.97464529689964,6,66.66666666666667,1,0,50.0,39.0,85.0,79.0,58.0,89.0
130400,Silves,AM,Amazonas,NORTE,12619,6,6,4.754734923528013,2103.1666666666665,0.0,12404,8113.0,65.40632054176072,6,62.333333333333336,2,1,40.0,14.0,86.0,86.0,57.0,91.0
130380,São Gabriel da Cachoeira,AM,Amazonas,NORTE,57396,6,6,1.0453690152623876,9566.0,6.865225877428381,56406,17261.0,30.601354465836966,6,47.833333333333336,4,2,28.0,13.0,49.0,72.0,40.0,85.0
130390,São Paulo de Olivença,AM,Amazonas,NORTE,35442,6,6,1.6929067208396817,5907.0,1.9442702548577715,35196,18528.0,52.64234572110467,6,38.5,4,2,23.0,6.0,46.0,51.0,31.0,74.0
130395,São Sebastião do Uatumã,AM,Amazonas,NORTE,12338,4,4,3.242016534284325,3084.5,0.0,12247,6805.0,55.564628072180945,6,73.33333333333333,1,0,67.0,41.0,94.0,87.0,56.0,95.0
130406,Tabatinga,AM,Amazonas,NORTE,73348,8,8,1.090690952718547,9168.5,8.44084235238722,72283,28855.0,39.91948314264765,6,44.333333333333336,3,2,21.0,18.0,63.0,67.0,37.0,60.0
130410,Tapauá,AM,Amazonas,NORTE,20728,6,6,2.8946352759552294,3454.6666666666665,0.0,20501,12099.0,59.016633334959266,6,58.0,2,1,31.0,10.0,82.0,80.0,63.0,82.0
130420,Tefé,AM,Amazonas,NORTE,80137,9,9,1.1230767310979948,8904.111111111111,8.962586349910762,79278,51982.0,65.56926259491914,6,73.66666666666667,1,0,51.0,45.0,90.0,94.0,70.0,92.0
130423,Tonantins,AM,Amazonas,NORTE,20257,5,5,2.468282568988498,4051.4,0.0,20224,11467.0,56.69996044303798,6,54.5,2,1,43.0,3.0,57.0,79.0,54.0,91.0
130426,Uarini,AM,Amazonas,NORTE,15640,3,3,1.9181585677749362,5213.333333333333,0.5056821507244382,15278,10786.0,70.59824584369682,6,56.333333333333336,1,1,57.0,7.0,62.0,62.0,64.0,86.0
130430,Urucará,AM,Amazonas,NORTE,19617,5,5,2.54880970586736,3923.4,0.0,19505,11205.0,57.446808510638306,6,57.0,3,1,49.0,14.0,82.0,53.0,45.0,99.0
130440,Urucurituba,AM,Amazonas,NORTE,25965,5,5,1.9256691700365878,5193.0,0.8200151562378544,25592,13157.0,51.41059706158174,6,77.16666666666667,1,0,70.0,38.0,93.0,95.0,72.0,95.0
160010,Amapá,AP,Amapá,NORTE,8440,9,9,10.663507109004739,937.7777777777778,0.0,8434,5722.0,67.8444391747688,6,35.166666666666664,4,3,3.0,4.0,34.0,69.0,25.0,76.0
160020,Calçoene,AP,Amapá,NORTE,11461,6,6,5.235145275281389,1910.1666666666667,0.0,11391,7244.0,63.59406549029936,6,44.666666666666664,4,1,15.0,44.0,38.0,55.0,35.0,81.0
160021,Cutias,AP,Amapá,NORTE,4723,3,3,6.351894982002964,1574.3333333333333,0.0,4725,3640.0,77.03703703703704,6,37.833333333333336,5,2,43.0,2.0,43.0,35.0,22.0,82.0
160023,Ferreira Gomes,AP,Amapá,NORTE,7184,7,7,9.743875278396438,1026.2857142857142,0.0,7145,3830.0,53.60391882435269,6,35.166666666666664,4,2,25.0,31.0,35.0,60.0,10.0,50.0
160025,Itaubal,AP,Amapá,NORTE,6097,8,8,13.121207151057897,762.125,0.0,6043,5322.0,88.06883998014231,6,61.0,3,0,49.0,45.0,84.0,61.0,39.0,88.0
160027,Laranjal do Jari,AP,Amapá,NORTE,37872,10,10,2.6404731727925643,3787.2,0.0,37969,24110.0,63.49917037583291,6,40.333333333333336,3,2,19.0,20.0,52.0,58.0,39.0,54.0
160030,Macapá,AP,Amapá,NORTE,489676,40,35,0.8168666628546222,12241.9,69.7601286980908,487200,172253.0,35.35570607553366,6,31.166666666666668,5,3,12.0,8.0,36.0,49.0,16.0,66.0
160040,Mazagão,AP,Amapá,NORTE,23773,10,9,4.206452698439406,2377.3,0.0,23575,14339.0,60.82290562036056,6,49.5,3,2,48.0,29.0,51.0,66.0,29.0,74.0
160050,Oiapoque,AP,Amapá,NORTE,30786,7,7,2.2737608003638017,4398.0,0.0,30481,12421.0,40.749975394508056,6,43.333333333333336,3,1,51.0,51.0,41.0,34.0,24.0,59.0
160015,Pedra Branca do Amapari,AP,Amapá,NORTE,13888,12,12,8.640552995391706,1157.3333333333333,0.0,13798,7841.0,56.8270763878823,6,73.83333333333333,0,0,53.0,67.0,80.0,83.0,61.0,99.0
160053,Porto Grande,AP,Amapá,NORTE,19048,8,8,4.199916001679966,2381.0,0.0,18988,11203.0,59.00042131872761,6,35.666666666666664,5,3,20.0,18.0,46.0,46.0,20.0,64.0
160055,Pracuúba,AP,Amapá,NORTE,4048,3,3,7.411067193675889,1349.3333333333333,0.0,4042,3092.0,76.49678377041069,6,25.5,6,3,8.0,15.0,32.0,45.0,9.0,44.0
160060,Santana,AP,Amapá,NORTE,118803,16,16,1.3467673375251465,7425.1875,10.629511288524009,118353,50768.0,42.89540611560332,6,36.166666666666664,5,1,41.0,11.0,36.0,65.0,32.0,32.0
160005,Serra do Navio,AP,Amapá,NORTE,5003,7,7,13.991605036977814,714.7142857142857,0.0,4986,2608.0,52.306458082631366,6,82.5,0,0,53.0,74.0,100.0,95.0,81.0,92.0
160070,Tartarugalzinho,AP,Amapá,NORTE,13816,9,9,6.514186450492184,1535.111111111111,0.0,13785,11655.0,84.54842219804135,6,70.83333333333333,1,0,61.0,91.0,69.0,71.0,42.0,91.0
160080,Vitória do Jari,AP,Amapá,NORTE,11899,8,8,6.723254054962601,1487.375,0.0,11922,9302.0,78.02382150645865,6,52.833333333333336,3,2,16.0,22.0,70.0,70.0,46.0,93.0
290020,Abaré,BA,Bahia,NORDESTE,18269,8,8,4.379002682139142,2283.625,0.0,18240,11948.0,65.50438596491229,6,74.5,2,0,40.0,49.0,90.0,95.0,75.0,98.0
290010,Abaíra,BA,Bahia,NORDESTE,7407,5,5,6.7503712704198735,1481.4,0.0,7452,5833.0,78.27428878153516,6,61.833333333333336,2,2,29.0,7.0,84.0,96.0,60.0,95.0
290030,Acajutiba,BA,Bahia,NORDESTE,14200,7,7,4.929577464788732,2028.5714285714287,0.0,14215,10680.0,75.13190291945129,6,58.666666666666664,2,0,43.0,39.0,64.0,61.0,61.0,84.0
290035,Adustina,BA,Bahia,NORDESTE,14510,7,7,4.824259131633356,2072.8571428571427,0.0,14554,9963.0,68.45540744812423,6,71.16666666666667,2,1,44.0,23.0,74.0,98.0,88.0,100.0
290060,Aiquara,BA,Bahia,NORDESTE,4583,2,2,4.363953742090334,2291.5,0.0,4586,2668.0,58.177060619276055,6,63.0,2,2,17.0,25.0,93.0,93.0,50.0,100.0
290070,Alagoinhas,BA,Bahia,NORDESTE,161196,41,40,2.5434874314499116,3931.609756097561,0.0,160662,75696.0,47.11506143331964,6,40.0,4,2,20.0,18.0,41.0,62.0,38.0,61.0
290080,Alcobaça,BA,Bahia,NORDESTE,25601,11,11,4.296707159876568,2327.3636363636365,0.0,25494,16266.0,63.80324782301719,6,49.5,2,2,14.0,7.0,63.0,79.0,53.0,81.0
290090,Almadina,BA,Bahia,NORDESTE,5296,3,3,5.664652567975831,1765.3333333333333,0.0,5327,3816.0,71.63506664163694,6,73.0,2,0,44.0,41.0,92.0,92.0,69.0,100.0
290100,Amargosa,BA,Bahia,NORDESTE,38585,11,11,2.850848775430867,3507.7272727272725,0.0,38478,22502.0,58.48017048703154,6,62.166666666666664,2,1,32.0,17.0,87.0,94.0,72.0,71.0
290110,Amélia Rodrigues,BA,Bahia,NORDESTE,24830,12,12,4.8328634716069265,2069.1666666666665,0.0,24848,12509.0,50.3420798454604,6,62.166666666666664,2,2,13.0,16.0,92.0,96.0,61.0,95.0
290115,América Dourada,BA,Bahia,NORDESTE,15572,15,12,9.632674030310815,1038.1333333333334,0.0,15583,10550.0,67.70198293011616,6,74.33333333333333,1,1,57.0,26.0,90.0,92.0,84.0,97.0
290120,Anagé,BA,Bahia,NORDESTE,26745,10,9,3.7390166386240415,2674.5,0.0,26715,15559.0,58.24068875163766,6,57.166666666666664,2,1,30.0,22.0,67.0,79.0,64.0,81.0
290130,Andaraí,BA,Bahia,NORDESTE,13545,5,5,3.6913990402362495,2709.0,0.0,13531,8077.0,59.69255783016776,6,53.5,2,2,23.0,7.0,61.0,85.0,67.0,78.0
290135,Andorinha,BA,Bahia,NORDESTE,15491,7,7,4.518752824220515,2213.0,0.0,15485,9657.0,62.36357765579593,6,59.666666666666664,3,1,39.0,17.0,45.0,86.0,73.0,98.0
290140,Angical,BA,Bahia,NORDESTE,14178,5,5,3.5265904923120326,2835.6,0.0,14178,9661.0,68.1407814924531,6,78.33333333333333,1,0,49.0,52.0,93.0,92.0,86.0,98.0
290150,Anguera,BA,Bahia,NORDESTE,11490,7,7,6.0922541340295915,1641.4285714285713,0.0,11456,6087.0,53.133729050279335,6,61.333333333333336,2,1,32.0,29.0,59.0,91.0,68.0,89.0
290160,Antas,BA,Bahia,NORDESTE,14984,2,2,1.3347570742124932,7492.0,1.3586407510521092,15061,7966.0,52.89157426465706,6,65.5,2,2,27.0,16.0,91.0,94.0,84.0,81.0
290170,Antônio Cardoso,BA,Bahia,NORDESTE,11498,5,5,4.348582362149939,2299.6,0.0,11501,7387.0,64.22919746109034,6,46.833333333333336,2,2,29.0,3.0,55.0,64.0,50.0,80.0
290180,Antônio Gonçalves,BA,Bahia,NORDESTE,11248,6,5,5.334281650071124,1874.6666666666667,0.0,11236,7144.0,63.58134567461731,6,54.5,3,1,33.0,10.0,82.0,95.0,47.0,60.0
290190,Aporá,BA,Bahia,NORDESTE,16361,7,7,4.278467086363914,2337.285714285714,0.0,16379,10414.0,63.58141522681482,6,56.333333333333336,3,1,46.0,24.0,55.0,73.0,47.0,93.0
290195,Apuarema,BA,Bahia,NORDESTE,7101,6,6,8.449514152936207,1183.5,0.0,7114,5330.0,74.92268765813887,6,53.666666666666664,2,1,34.0,13.0,57.0,71.0,57.0,90.0
290200,Aracatu,BA,Bahia,NORDESTE,14440,7,7,4.847645429362881,2062.8571428571427,0.0,14422,10044.0,69.64360005547081,6,59.5,2,1,43.0,20.0,70.0,75.0,60.0,89.0
290210,Araci,BA,Bahia,NORDESTE,50308,25,25,4.969388566430787,2012.32,0.0,50336,30336.0,60.26700572155118,6,65.66666666666667,2,1,39.0,23.0,98.0,80.0,64.0,90.0
290220,Aramari,BA,Bahia,NORDESTE,10106,4,4,3.9580447259054026,2526.5,0.0,10122,6836.0,67.5360600671804,6,65.16666666666667,1,0,36.0,62.0,63.0,70.0,63.0,97.0
290225,Arataca,BA,Bahia,NORDESTE,10433,5,5,4.792485382919582,2086.6,0.0,10463,5792.0,55.356972187709076,6,55.833333333333336,2,1,35.0,17.0,67.0,70.0,59.0,87.0
290230,Aratuípe,BA,Bahia,NORDESTE,8993,4,4,4.447903925275214,2248.25,0.0,8981,6287.0,70.00334038525776,6,78.16666666666667,2,0,41.0,46.0,93.0,100.0,89.0,100.0
290205,Araçás,BA,Bahia,NORDESTE,11953,4,4,3.346440224211495,2988.25,0.0,11946,7452.0,62.3807132094425,6,77.16666666666667,1,0,56.0,45.0,75.0,100.0,89.0,98.0
290240,Aurelino Leal,BA,Bahia,NORDESTE,11339,8,8,7.05529588147103,1417.375,0.0,11409,7959.0,69.7607152248225,6,70.66666666666667,1,0,50.0,40.0,93.0,95.0,70.0,76.0
290250,Baianópolis,BA,Bahia,NORDESTE,14138,6,6,4.243881737162258,2356.3333333333335,0.0,14110,9047.0,64.11764705882354,6,50.333333333333336,3,2,22.0,3.0,46.0,73.0,67.0,91.0
290260,Baixa Grande,BA,Bahia,NORDESTE,18628,6,6,3.2209576980888985,3104.6666666666665,0.0,18680,10528.0,56.35974304068523,6,34.666666666666664,5,3,21.0,6.0,35.0,25.0,43.0,78.0
290265,Banzaê,BA,Bahia,NORDESTE,12288,7,7,5.696614583333334,1755.4285714285713,0.0,12309,9075.0,73.7265415549598,6,66.33333333333333,1,0,48.0,58.0,69.0,73.0,62.0,88.0
290270,Barra,BA,Bahia,NORDESTE,53642,2,2,0.3728421759069386,26821.0,10.023772501864471,53528,31394.0,58.64967867284412,6,64.0,2,1,43.0,22.0,68.0,96.0,61.0,94.0
290280,Barra da Estiva,BA,Bahia,NORDESTE,27743,9,9,3.2440615650794795,3082.5555555555557,0.0,27582,17670.0,64.06351968675223,6,66.33333333333333,2,1,31.0,20.0,76.0,94.0,83.0,94.0
290290,Barra do Choça,BA,Bahia,NORDESTE,38581,11,11,2.8511443456623726,3507.3636363636365,0.0,38481,24975.0,64.90215950728931,6,63.0,2,1,39.0,26.0,68.0,90.0,75.0,80.0
290300,Barra do Mendes,BA,Bahia,NORDESTE,14376,6,6,4.173622704507513,2396.0,0.0,14345,11186.0,77.97838968281631,6,49.666666666666664,4,1,41.0,19.0,48.0,59.0,44.0,87.0
290310,Barra do Rocha,BA,Bahia,NORDESTE,5898,3,3,5.08646998982706,1966.0,0.0,5920,4080.0,68.91891891891892,6,62.0,2,1,35.0,6.0,85.0,95.0,65.0,86.0
290320,Barreiras,BA,Bahia,NORDESTE,171634,53,53,3.0879662537725623,3238.377358490566,0.0,170667,71699.0,42.01105075966648,6,50.0,2,1,37.0,10.0,60.0,68.0,51.0,74.0
290323,Barro Alto,BA,Bahia,NORDESTE,13922,6,6,4.3097256141359,2320.3333333333335,0.0,13911,9351.0,67.22018546474014,6,66.66666666666667,2,1,41.0,8.0,77.0,100.0,84.0,90.0
290330,Barro Preto,BA,Bahia,NORDESTE,5936,5,4,8.423180592991914,1187.2,0.0,5966,4455.0,74.67314783774724,6,61.666666666666664,2,1,26.0,48.0,80.0,84.0,56.0,76.0
290327,Barrocas,BA,Bahia,NORDESTE,15780,9,9,5.7034220532319395,1753.3333333333333,0.0,15743,10843.0,68.8750555802579,6,69.16666666666667,2,1,30.0,26.0,92.0,94.0,82.0,91.0
290340,Belmonte,BA,Bahia,NORDESTE,20527,11,11,5.358795732449944,1866.090909090909,0.0,20567,11052.0,53.736568289006655,6,48.166666666666664,3,2,20.0,6.0,58.0,74.0,48.0,83.0
290350,Belo Campo,BA,Bahia,NORDESTE,19074,6,6,3.145643284051588,3179.0,0.0,19042,14014.0,73.5952105871232,6,80.83333333333333,0,0,59.0,50.0,95.0,98.0,91.0,92.0
290360,Biritinga,BA,Bahia,NORDESTE,15603,8,8,5.127219124527334,1950.375,0.0,15606,10874.0,69.67832884787903,6,61.333333333333336,2,2,28.0,10.0,90.0,90.0,70.0,80.0
290370,Boa Nova,BA,Bahia,NORDESTE,14008,9,8,6.424900057110222,1556.4444444444443,0.0,14052,10526.0,74.90748647879305,6,43.666666666666664,3,1,47.0,13.0,51.0,57.0,51.0,43.0
290380,Boa Vista do Tupim,BA,Bahia,NORDESTE,17262,10,10,5.793071486502144,1726.2,0.0,17307,11573.0,66.86889697810135,6,59.333333333333336,2,1,48.0,18.0,61.0,84.0,57.0,88.0
290390,Bom Jesus da Lapa,BA,Bahia,NORDESTE,68866,26,26,3.775447971422763,2648.6923076923076,0.0,68704,41468.0,60.357475547275264,6,57.0,2,1,48.0,15.0,70.0,75.0,63.0,71.0
290395,Bom Jesus da Serra,BA,Bahia,NORDESTE,10018,5,5,4.991016170892394,2003.6,0.0,10028,7328.0,73.07538891104906,6,59.166666666666664,2,2,28.0,10.0,82.0,82.0,67.0,86.0
290400,Boninal,BA,Bahia,NORDESTE,14125,6,6,4.247787610619469,2354.1666666666665,0.0,14104,8523.0,60.42966534316506,6,53.333333333333336,2,1,65.0,4.0,48.0,84.0,55.0,64.0
290405,Bonito,BA,Bahia,NORDESTE,16425,8,8,4.87062404870624,2053.125,0.0,16393,10719.0,65.3876654669676,6,63.166666666666664,2,1,48.0,28.0,67.0,75.0,67.0,94.0
290410,Boquira,BA,Bahia,NORDESTE,19782,9,9,4.549590536851683,2198.0,0.0,19829,11436.0,57.67310504816179,6,60.833333333333336,2,1,31.0,7.0,65.0,92.0,79.0,91.0
290420,Botuporã,BA,Bahia,NORDESTE,11427,10,10,8.751203290452437,1142.7,0.0,11411,7717.0,67.62772763123303,6,61.166666666666664,2,1,33.0,10.0,75.0,85.0,68.0,96.0
290440,Brejolândia,BA,Bahia,NORDESTE,9363,5,5,5.340168749332479,1872.6,0.0,9377,6459.0,68.8813053215314,6,49.333333333333336,3,2,18.0,15.0,45.0,68.0,50.0,100.0
290430,Brejões,BA,Bahia,NORDESTE,13224,8,8,6.049606775559589,1653.0,0.0,13272,8606.0,64.8432790837854,6,69.0,2,1,49.0,25.0,81.0,95.0,71.0,93.0
290450,Brotas de Macaúbas,BA,Bahia,NORDESTE,12180,5,5,4.105090311986864,2436.0,0.0,12169,8837.0,72.61894979045115,6,60.666666666666664,2,1,30.0,7.0,92.0,77.0,62.0,96.0
290460,Brumado,BA,Bahia,NORDESTE,74368,18,18,2.42039586919105,4131.555555555556,0.0,74095,34247.0,46.22039273905122,6,54.5,2,1,36.0,19.0,57.0,68.0,51.0,96.0
290470,Buerarema,BA,Bahia,NORDESTE,14950,9,9,6.020066889632107,1661.111111111111,0.0,15056,10044.0,66.71094580233795,6,40.666666666666664,5,2,24.0,27.0,45.0,48.0,40.0,60.0
290475,Buritirama,BA,Bahia,NORDESTE,20221,6,5,2.967212304040354,3370.1666666666665,0.0,20212,14056.0,69.54284583415793,6,61.666666666666664,2,1,37.0,8.0,72.0,92.0,68.0,93.0
290480,Caatiba,BA,Bahia,NORDESTE,6128,6,5,9.791122715404699,1021.3333333333334,0.0,6224,3740.0,60.08997429305912,6,61.5,2,2,29.0,25.0,70.0,75.0,70.0,100.0
290485,Cabaceiras do Paraguaçu,BA,Bahia,NORDESTE,17024,10,10,5.874060150375939,1702.4,0.0,17039,12521.0,73.48435941076355,6,45.333333333333336,2,2,17.0,12.0,62.0,63.0,51.0,67.0
290490,Cachoeira,BA,Bahia,NORDESTE,30498,13,13,4.262574595055414,2346.0,0.0,30550,19414.0,63.54828150572831,6,46.166666666666664,3,2,12.0,23.0,56.0,65.0,38.0,83.0
290500,Caculé,BA,Bahia,NORDESTE,23293,9,9,3.8638217490233115,2588.1111111111113,0.0,23246,12149.0,52.262754882560436,6,67.0,2,1,38.0,15.0,79.0,96.0,77.0,97.0
290515,Caetanos,BA,Bahia,NORDESTE,11432,8,8,6.997900629811056,1429.0,0.0,11500,8899.0,77.38260869565218,6,71.0,2,0,38.0,40.0,83.0,98.0,74.0,93.0
290520,Caetité,BA,Bahia,NORDESTE,54730,15,15,2.7407272062854013,3648.6666666666665,0.0,54572,26801.0,49.11126585061937,6,61.0,2,1,37.0,23.0,66.0,92.0,66.0,82.0
290530,Cafarnaum,BA,Bahia,NORDESTE,18057,12,12,6.645622196378136,1504.75,0.0,18039,11738.0,65.07012583846111,6,58.666666666666664,1,1,53.0,21.0,72.0,73.0,58.0,75.0
290540,Cairu,BA,Bahia,NORDESTE,18578,9,9,4.844439659812681,2064.222222222222,0.0,18486,11115.0,60.12658227848101,6,56.5,2,0,37.0,63.0,66.0,66.0,46.0,61.0
290550,Caldeirão Grande,BA,Bahia,NORDESTE,13597,5,5,3.6772817533279403,2719.4,0.0,13566,8187.0,60.34940291906237,6,64.33333333333333,2,2,28.0,15.0,86.0,98.0,62.0,97.0
290560,Camacan,BA,Bahia,NORDESTE,22485,14,13,6.226373137647321,1606.0714285714287,0.0,22756,15314.0,67.29653717700826,6,43.0,3,2,24.0,27.0,53.0,58.0,40.0,56.0
290580,Camamu,BA,Bahia,NORDESTE,31694,19,19,5.9948255190256825,1668.1052631578948,0.0,31775,21301.0,67.03697875688435,6,48.0,2,0,55.0,35.0,50.0,58.0,37.0,53.0
290570,Camaçari,BA,Bahia,NORDESTE,321636,45,44,1.399097115994478,7147.466666666666,27.094218940563017,319394,133060.0,41.660143897505904,6,49.0,4,2,26.0,17.0,49.0,72.0,46.0,84.0
290590,Campo Alegre de Lourdes,BA,Bahia,NORDESTE,32500,10,10,3.076923076923077,3250.0,0.0,32377,22201.0,68.5702813725793,6,65.33333333333333,2,0,32.0,40.0,74.0,94.0,59.0,93.0
290600,Campo Formoso,BA,Bahia,NORDESTE,75112,8,7,1.0650761529449355,9389.0,8.836240262481716,74894,49441.0,66.01463401607606,6,56.5,2,1,34.0,16.0,58.0,83.0,64.0,84.0
290620,Canarana,BA,Bahia,NORDESTE,25007,16,16,6.398208501619546,1562.9375,0.0,24989,17551.0,70.23490335747728,6,52.166666666666664,3,1,37.0,16.0,44.0,72.0,53.0,91.0
290630,Canavieiras,BA,Bahia,NORDESTE,34392,12,11,3.489183531053733,2866.0,0.0,34343,18365.0,53.475235127973676,6,53.666666666666664,2,1,30.0,17.0,56.0,83.0,50.0,86.0
290640,Candeal,BA,Bahia,NORDESTE,7940,4,4,5.037783375314861,1985.0,0.0,7969,5606.0,70.34759693813527,6,71.33333333333333,2,0,41.0,49.0,90.0,81.0,71.0,96.0
290650,Candeias,BA,Bahia,NORDESTE,74854,30,25,4.007801854276324,2495.133333333333,0.0,75083,31171.0,41.51538963547008,6,30.833333333333332,4,4,18.0,9.0,21.0,53.0,29.0,55.0
290660,Candiba,BA,Bahia,NORDESTE,13417,7,7,5.217261682939554,1916.7142857142858,0.0,13425,9631.0,71.73929236499069,6,74.33333333333333,2,0,47.0,41.0,80.0,98.0,80.0,100.0
290680,Cansanção,BA,Bahia,NORDESTE,39725,16,16,4.027690371302707,2482.8125,0.0,39556,27733.0,70.11072909293155,6,58.5,2,1,35.0,21.0,67.0,84.0,54.0,90.0
290682,Canudos,BA,Bahia,NORDESTE,16693,7,7,4.193374468340023,2384.714285714286,0.0,16662,10512.0,63.089665106229745,6,58.0,2,2,22.0,13.0,71.0,91.0,76.0,75.0
290610,Canápolis,BA,Bahia,NORDESTE,10641,5,4,4.698806503148201,2128.2,0.0,10612,6797.0,64.05013192612137,6,62.0,2,2,20.0,20.0,76.0,73.0,83.0,100.0
290685,Capela do Alto Alegre,BA,Bahia,NORDESTE,11035,6,6,5.437245129134571,1839.1666666666667,0.0,11055,6963.0,62.98507462686567,6,59.666666666666664,2,1,31.0,19.0,70.0,85.0,67.0,86.0
290687,Capim Grosso,BA,Bahia,NORDESTE,35437,9,9,2.5397183734514774,3937.4444444444443,0.0,35228,19920.0,56.5459293743613,6,63.333333333333336,1,1,62.0,16.0,57.0,83.0,71.0,91.0
290690,Caravelas,BA,Bahia,NORDESTE,21384,10,10,4.676393565282454,2138.4,0.0,21229,13242.0,62.3769372085355,6,45.0,3,1,53.0,8.0,47.0,50.0,42.0,70.0
290689,Caraíbas,BA,Bahia,NORDESTE,10259,6,6,5.8485232478799105,1709.8333333333333,0.0,10260,6587.0,64.20077972709551,6,71.33333333333333,2,1,38.0,19.0,96.0,96.0,79.0,100.0
290700,Cardeal da Silva,BA,Bahia,NORDESTE,8633,4,4,4.6333835283215565,2158.25,0.0,8634,6323.0,73.23372712531851,6,52.666666666666664,4,1,53.0,27.0,47.0,47.0,42.0,100.0
290710,Carinhanha,BA,Bahia,NORDESTE,30439,11,11,3.6137849469430665,2767.181818181818,0.0,30375,19965.0,65.72839506172839,6,55.833333333333336,2,1,34.0,18.0,70.0,82.0,58.0,73.0
290720,Casa Nova,BA,Bahia,NORDESTE,76131,19,18,2.495698204410818,4006.8947368421054,0.0,75815,39766.0,52.451361867704286,6,54.333333333333336,2,2,20.0,12.0,61.0,85.0,64.0,84.0
290730,Castro Alves,BA,Bahia,NORDESTE,25470,12,12,4.7114252061248525,2122.5,0.0,25471,16154.0,63.421145616583566,6,59.833333333333336,2,0,33.0,34.0,78.0,78.0,72.0,64.0
290740,Catolândia,BA,Bahia,NORDESTE,3567,2,2,5.60695262125035,1783.5,0.0,3560,2385.0,66.99438202247191,6,70.83333333333333,2,1,38.0,7.0,100.0,100.0,89.0,91.0
290750,Catu,BA,Bahia,NORDESTE,50109,16,16,3.1930391745993734,3131.8125,0.0,50153,26356.0,52.55119334835404,6,43.833333333333336,4,2,22.0,15.0,44.0,61.0,31.0,90.0
290755,Caturama,BA,Bahia,NORDESTE,9108,4,4,4.391743522178305,2277.0,0.0,9115,5365.0,58.85902358749314,6,63.833333333333336,2,2,25.0,11.0,75.0,96.0,83.0,93.0
290510,Caém,BA,Bahia,NORDESTE,10733,2,2,1.863411907202087,5366.5,0.40578558335840154,10729,7042.0,65.63519433311585,6,69.16666666666667,2,0,41.0,48.0,81.0,81.0,67.0,97.0
290760,Central,BA,Bahia,NORDESTE,16847,9,9,5.342197423873687,1871.888888888889,0.0,16849,10557.0,62.65653747996913,6,51.833333333333336,2,1,41.0,17.0,67.0,64.0,59.0,63.0
290770,Chorrochó,BA,Bahia,NORDESTE,10933,4,4,3.6586481295161435,2733.25,0.0,10929,6922.0,63.336078323725864,6,63.5,2,1,27.0,35.0,83.0,88.0,63.0,85.0
290790,Cipó,BA,Bahia,NORDESTE,17875,8,8,4.475524475524476,2234.375,0.0,17836,12154.0,68.14308140838753,6,51.666666666666664,2,2,27.0,28.0,67.0,64.0,55.0,69.0
290800,Coaraci,BA,Bahia,NORDESTE,17557,7,7,3.987013726718688,2508.1428571428573,0.0,17663,12068.0,68.32361433505068,6,53.5,3,0,39.0,34.0,52.0,63.0,45.0,88.0
290810,Cocos,BA,Bahia,NORDESTE,19865,9,9,4.530581424616159,2207.222222222222,0.0,19817,11291.0,56.97633345107735,6,52.666666666666664,3,2,39.0,7.0,22.0,92.0,64.0,92.0
290820,Conceição da Feira,BA,Bahia,NORDESTE,21529,8,8,3.7159180640066882,2691.125,0.0,21499,12804.0,59.55625843062467,6,58.333333333333336,2,1,11.0,40.0,76.0,84.0,65.0,74.0
290830,Conceição do Almeida,BA,Bahia,NORDESTE,16134,6,6,3.718854592785422,2689.0,0.0,16184,10587.0,65.41646070192783,6,57.833333333333336,2,1,35.0,22.0,77.0,77.0,57.0,79.0
290840,Conceição do Coité,BA,Bahia,NORDESTE,71601,27,26,3.7708970545104115,2651.8888888888887,0.0,71316,42425.0,59.48875427674014,6,60.0,1,0,42.0,54.0,60.0,64.0,52.0,88.0
290850,Conceição do Jacuípe,BA,Bahia,NORDESTE,37622,17,17,4.518632714900856,2213.0588235294117,0.0,37409,18708.0,50.00935603731722,6,66.83333333333333,2,1,34.0,28.0,89.0,83.0,79.0,88.0
290860,Conde,BA,Bahia,NORDESTE,24460,10,10,4.088307440719542,2446.0,0.0,24434,14606.0,59.77735941720553,6,44.833333333333336,3,2,58.0,12.0,18.0,73.0,38.0,70.0
290870,Condeúba,BA,Bahia,NORDESTE,17567,10,10,5.692491603574885,1756.7,0.0,17571,11184.0,63.65033293494964,6,53.5,3,1,36.0,19.0,53.0,66.0,49.0,98.0
290880,Contendas do Sincorá,BA,Bahia,NORDESTE,4499,3,3,6.6681484774394315,1499.6666666666667,0.0,4490,2934.0,65.34521158129176,6,78.83333333333333,1,0,43.0,53.0,100.0,100.0,81.0,96.0
290890,Coração de Maria,BA,Bahia,NORDESTE,28408,8,8,2.8161081385525204,3551.0,0.0,28258,16845.0,59.61143746903532,6,34.833333333333336,5,4,23.0,8.0,25.0,36.0,23.0,94.0
290900,Cordeiros,BA,Bahia,NORDESTE,7748,5,5,6.453278265358803,1549.6,0.0,7763,5514.0,71.02924127270384,6,77.0,2,1,46.0,29.0,100.0,97.0,90.0,100.0
290910,Coribe,BA,Bahia,NORDESTE,14463,6,6,4.148516905206389,2410.5,0.0,14464,10860.0,75.0829646017699,6,64.66666666666667,1,1,67.0,15.0,63.0,72.0,76.0,95.0
290920,Coronel João Sá,BA,Bahia,NORDESTE,17598,8,8,4.545971133083305,2199.75,0.0,17593,12800.0,72.7562098561928,6,79.66666666666667,1,0,46.0,62.0,92.0,98.0,80.0,100.0
290930,Correntina,BA,Bahia,NORDESTE,34266,14,14,4.08568260082881,2447.5714285714284,0.0,34179,19118.0,55.93493080546534,6,44.833333333333336,3,2,13.0,3.0,38.0,70.0,58.0,87.0
290940,Cotegipe,BA,Bahia,NORDESTE,13463,6,6,4.4566589913095145,2243.8333333333335,0.0,13472,8682.0,64.44477434679335,6,73.33333333333333,1,1,59.0,15.0,87.0,98.0,83.0,98.0
290950,Cravolândia,BA,Bahia,NORDESTE,4491,5,5,11.1333778668448,898.2,0.0,4514,3146.0,69.6942844483828,6,50.5,3,0,79.0,39.0,57.0,33.0,33.0,62.0
290970,Cristópolis,BA,Bahia,NORDESTE,14549,6,6,4.123994776273284,2424.8333333333335,0.0,14514,9491.0,65.39203527628497,6,69.33333333333333,2,1,43.0,12.0,90.0,94.0,77.0,100.0
290960,Crisópolis,BA,Bahia,NORDESTE,20346,10,10,4.91497100167109,2034.6,0.0,20343,13404.0,65.88998672762129,6,62.166666666666664,2,1,30.0,5.0,73.0,93.0,79.0,93.0
290980,Cruz das Almas,BA,Bahia,NORDESTE,63326,18,18,2.8424343871395634,3518.1111111111113,0.0,63203,32095.0,50.780817366264266,6,45.833333333333336,3,2,15.0,11.0,36.0,75.0,51.0,87.0
290990,Curaçá,BA,Bahia,NORDESTE,36127,18,18,4.982423118443269,2007.0555555555557,0.0,36021,23913.0,66.38627467310737,6,47.833333333333336,2,1,33.0,17.0,50.0,66.0,53.0,68.0
290670,Cândido Sales,BA,Bahia,NORDESTE,26469,11,11,4.155804903849786,2406.2727272727275,0.0,26465,17824.0,67.34932930285282,6,69.5,2,0,43.0,32.0,77.0,95.0,76.0,94.0
290780,Cícero Dantas,BA,Bahia,NORDESTE,32292,11,11,3.406416449894711,2935.6363636363635,0.0,32268,18665.0,57.84368414528325,6,58.666666666666664,2,1,30.0,14.0,58.0,97.0,60.0,93.0
291005,Dias d'Ávila,BA,Bahia,NORDESTE,75296,16,16,2.124946876328092,4706.0,0.8774835819020022,75053,36881.0,49.13994110828348,6,46.666666666666664,4,2,28.0,16.0,47.0,59.0,37.0,93.0
291010,Dom Basílio,BA,Bahia,NORDESTE,12329,6,6,4.866574742477086,2054.8333333333335,0.0,12309,8461.0,68.73832155333496,6,83.33333333333333,1,0,48.0,60.0,100.0,100.0,92.0,100.0
291020,Dom Macedo Costa,BA,Bahia,NORDESTE,4608,2,2,4.340277777777778,2304.0,0.0,4588,3105.0,67.67654751525718,6,38.0,5,3,22.0,7.0,35.0,35.0,29.0,100.0
291000,Dário Meira,BA,Bahia,NORDESTE,11054,3,3,2.7139497014655327,3684.6666666666665,0.0,11094,6650.0,59.942311159185145,6,32.333333333333336,5,3,20.0,8.0,14.0,49.0,43.0,60.0
291030,Elísio Medrado,BA,Bahia,NORDESTE,8069,6,6,7.435865658693766,1344.8333333333333,0.0,8066,5332.0,66.10463674683858,6,56.666666666666664,3,1,44.0,20.0,67.0,67.0,46.0,96.0
291040,Encruzilhada,BA,Bahia,NORDESTE,19450,10,9,5.141388174807197,1945.0,0.0,19535,12696.0,64.99104171998977,6,45.0,5,2,28.0,21.0,46.0,43.0,35.0,97.0
291050,Entre Rios,BA,Bahia,NORDESTE,39890,13,13,3.2589621459012283,3068.4615384615386,0.0,39902,23166.0,58.05724023858453,6,67.83333333333333,1,0,33.0,51.0,70.0,94.0,67.0,92.0
291060,Esplanada,BA,Bahia,NORDESTE,34163,14,14,4.098000761057285,2440.214285714286,0.0,34146,19511.0,57.139928542142556,6,60.833333333333336,2,2,25.0,22.0,69.0,96.0,68.0,85.0
291070,Euclides da Cunha,BA,Bahia,NORDESTE,64768,20,19,3.0879446640316206,3238.4,0.0,64547,43694.0,67.69330875176229,6,65.83333333333333,2,1,33.0,25.0,85.0,91.0,73.0,88.0
291072,Eunápolis,BA,Bahia,NORDESTE,121067,34,27,2.808362311777776,3560.794117647059,0.0,120515,51076.0,42.38144629299258,6,44.333333333333336,3,2,21.0,14.0,53.0,73.0,47.0,58.0
291077,Feira da Mata,BA,Bahia,NORDESTE,5831,3,3,5.144915108900703,1943.6666666666667,0.0,5825,3940.0,67.63948497854078,6,63.666666666666664,2,2,19.0,10.0,74.0,100.0,79.0,100.0
291080,Feira de Santana,BA,Bahia,NORDESTE,660806,123,118,1.8613632442804695,5372.40650406504,25.118657243709297,657948,259924.0,39.505249654987935,6,39.666666666666664,4,2,7.0,24.0,48.0,65.0,32.0,62.0
291085,Filadélfia,BA,Bahia,NORDESTE,18637,9,9,4.829103396469389,2070.777777777778,0.0,18573,13170.0,70.90938459053466,6,77.33333333333333,0,0,58.0,52.0,91.0,95.0,74.0,94.0
291090,Firmino Alves,BA,Bahia,NORDESTE,4993,3,3,6.008411776487082,1664.3333333333333,0.0,5006,3557.0,71.05473431881741,6,62.333333333333336,2,2,21.0,20.0,80.0,90.0,80.0,83.0
291100,Floresta Azul,BA,Bahia,NORDESTE,11455,5,5,4.364906154517678,2291.0,0.0,11442,6277.0,54.859290333857714,6,66.83333333333333,2,1,17.0,39.0,86.0,93.0,69.0,97.0
291110,Formosa do Rio Preto,BA,Bahia,NORDESTE,27567,12,12,4.3530307976928935,2297.25,0.0,27421,15741.0,57.404908646657674,6,54.166666666666664,2,2,21.0,9.0,59.0,75.0,66.0,95.0
291075,Fátima,BA,Bahia,NORDESTE,18480,10,10,5.411255411255412,1848.0,0.0,18469,14062.0,76.13839406573176,6,70.66666666666667,1,1,53.0,16.0,77.0,98.0,90.0,90.0
291120,Gandu,BA,Bahia,NORDESTE,34051,13,13,3.817802707703151,2619.3076923076924,0.0,33938,17560.0,51.7414108079439,6,58.5,2,1,29.0,40.0,64.0,67.0,57.0,94.0
291125,Gavião,BA,Bahia,NORDESTE,4489,3,3,6.683002895967921,1496.3333333333333,0.0,4493,3482.0,77.49833073670153,6,44.833333333333336,2,2,21.0,13.0,55.0,55.0,55.0,70.0
291130,Gentio do Ouro,BA,Bahia,NORDESTE,11276,5,5,4.434196523589925,2255.2,0.0,11263,7790.0,69.16452099795791,6,59.333333333333336,2,1,40.0,10.0,52.0,81.0,79.0,94.0
291140,Glória,BA,Bahia,NORDESTE,16107,7,6,4.34593654932638,2301.0,0.0,16072,9139.0,56.862867098058736,6,60.333333333333336,2,1,35.0,20.0,82.0,89.0,73.0,63.0
291150,Gongogi,BA,Bahia,NORDESTE,5479,6,6,10.950903449534588,913.1666666666666,0.0,5567,4142.0,74.40273037542661,6,60.5,2,1,31.0,21.0,65.0,85.0,80.0,81.0
291160,Governador Mangabeira,BA,Bahia,NORDESTE,21353,9,9,4.214864421861097,2372.5555555555557,0.0,21314,13484.0,63.263582621750956,6,68.0,2,0,33.0,39.0,85.0,91.0,65.0,95.0
291165,Guajeru,BA,Bahia,NORDESTE,8177,7,7,8.560596795890913,1168.142857142857,0.0,8225,5436.0,66.09118541033435,6,81.0,1,0,69.0,41.0,95.0,95.0,86.0,100.0
291170,Guanambi,BA,Bahia,NORDESTE,93488,27,27,2.888071196303269,3462.5185185185187,0.0,93065,50617.0,54.388867995487026,6,50.333333333333336,2,1,36.0,22.0,53.0,66.0,52.0,73.0
291180,Guaratinga,BA,Bahia,NORDESTE,19413,9,8,4.6360686138154845,2157.0,0.0,19490,11674.0,59.89738327347358,6,45.833333333333336,4,1,33.0,12.0,35.0,79.0,33.0,83.0
291185,Heliópolis,BA,Bahia,NORDESTE,13055,6,6,4.595940252776714,2175.8333333333335,0.0,13074,9256.0,70.79700168272907,6,73.0,2,0,39.0,42.0,82.0,95.0,85.0,95.0
291190,Iaçu,BA,Bahia,NORDESTE,25315,13,13,5.135295279478569,1947.3076923076924,0.0,25333,16376.0,64.64295582836617,6,48.666666666666664,2,1,34.0,22.0,58.0,67.0,56.0,55.0
291200,Ibiassucê,BA,Bahia,NORDESTE,10746,4,4,3.7223152801042247,2686.5,0.0,10754,6966.0,64.77589734052445,6,74.0,1,1,55.0,26.0,77.0,100.0,86.0,100.0
291210,Ibicaraí,BA,Bahia,NORDESTE,22131,11,11,4.970403506393747,2011.909090909091,0.0,22200,14941.0,67.3018018018018,6,74.5,2,0,34.0,43.0,95.0,96.0,84.0,95.0
291220,Ibicoara,BA,Bahia,NORDESTE,21827,10,10,4.581481651165987,2182.7,0.0,21690,12982.0,59.852466574458276,6,69.16666666666667,2,1,29.0,34.0,85.0,95.0,80.0,92.0
291230,Ibicuí,BA,Bahia,NORDESTE,14264,8,8,5.608524957936063,1783.0,0.0,14306,9606.0,67.1466517545086,6,66.83333333333333,2,1,40.0,16.0,71.0,90.0,86.0,98.0
291240,Ibipeba,BA,Bahia,NORDESTE,17134,9,9,5.252713902182794,1903.7777777777778,0.0,17128,11314.0,66.0555815039701,6,60.833333333333336,1,1,53.0,28.0,72.0,74.0,61.0,77.0
291250,Ibipitanga,BA,Bahia,NORDESTE,14317,15,15,10.47705524900468,954.4666666666667,0.0,14316,9567.0,66.82732606873428,6,70.16666666666667,2,1,31.0,28.0,90.0,98.0,78.0,96.0
291260,Ibiquera,BA,Bahia,NORDESTE,3833,2,2,5.217845030002609,1916.5,0.0,3837,2650.0,69.0643732082356,6,40.333333333333336,3,3,19.0,1.0,9.0,91.0,55.0,67.0
291270,Ibirapitanga,BA,Bahia,NORDESTE,26917,8,8,2.9720994167254897,3364.625,0.0,26794,13010.0,48.55564678659402,6,63.333333333333336,1,0,69.0,45.0,64.0,70.0,58.0,74.0
291280,Ibirapuã,BA,Bahia,NORDESTE,9297,6,6,6.453694740238786,1549.5,0.0,9259,5433.0,58.67804298520358,6,57.5,3,0,37.0,46.0,59.0,68.0,47.0,88.0
291290,Ibirataia,BA,Bahia,NORDESTE,19377,8,8,4.128606079372451,2422.125,0.0,19375,13331.0,68.80516129032259,6,45.333333333333336,3,1,34.0,25.0,54.0,55.0,42.0,62.0
291300,Ibitiara,BA,Bahia,NORDESTE,15049,7,7,4.651471858595255,2149.8571428571427,0.0,15062,10726.0,71.21232240074359,6,55.666666666666664,2,1,37.0,12.0,77.0,82.0,67.0,59.0
291310,Ibititá,BA,Bahia,NORDESTE,17517,9,8,5.1378660729576975,1946.3333333333333,0.0,17509,12167.0,69.48997658347136,6,62.333333333333336,2,2,23.0,23.0,77.0,91.0,64.0,96.0
291320,Ibotirama,BA,Bahia,NORDESTE,27723,10,9,3.6071132272842044,2772.3,0.0,27670,16938.0,61.21431152873148,6,54.166666666666664,3,1,44.0,18.0,62.0,61.0,48.0,92.0
291330,Ichu,BA,Bahia,NORDESTE,6428,3,3,4.667081518357187,2142.6666666666665,0.0,6415,4166.0,64.94154325798908,6,62.0,2,2,29.0,28.0,81.0,63.0,81.0,90.0
291340,Igaporã,BA,Bahia,NORDESTE,16069,8,8,4.978530088991226,2008.625,0.0,16047,9849.0,61.37595812301365,6,69.33333333333333,2,1,47.0,27.0,88.0,78.0,78.0,98.0
291345,Igrapiúna,BA,Bahia,NORDESTE,13501,8,8,5.9254870009628915,1687.625,0.0,13528,7758.0,57.34772324068599,6,71.33333333333333,2,0,49.0,41.0,85.0,89.0,72.0,92.0
291350,Iguaí,BA,Bahia,NORDESTE,21763,8,8,3.6759637917566512,2720.375,0.0,21897,12795.0,58.43266200849432,6,42.833333333333336,4,2,35.0,10.0,29.0,58.0,32.0,93.0
291360,Ilhéus,BA,Bahia,NORDESTE,189149,34,34,1.7975247027475694,5563.205882352941,8.397459918630231,189028,55546.0,29.3850646465074,6,36.333333333333336,4,2,14.0,8.0,49.0,63.0,30.0,54.0
291370,Inhambupe,BA,Bahia,NORDESTE,35390,14,14,3.955919751342187,2527.8571428571427,0.0,35397,20659.0,58.363703138684066,6,67.83333333333333,2,0,32.0,34.0,85.0,94.0,72.0,90.0
291380,Ipecaetá,BA,Bahia,NORDESTE,14016,6,6,4.280821917808219,2336.0,0.0,14064,9702.0,68.98464163822526,6,50.0,3,2,26.0,10.0,62.0,85.0,36.0,81.0
291390,Ipiaú,BA,Bahia,NORDESTE,42429,15,14,3.535317825072474,2828.6,0.0,42507,25668.0,60.38534829557485,6,46.5,3,1,34.0,16.0,54.0,65.0,44.0,66.0
291400,Ipirá,BA,Bahia,NORDESTE,59222,14,14,2.3639863564216,4230.142857142857,0.0,59264,31091.0,52.46186555075594,6,36.833333333333336,4,3,21.0,11.0,26.0,53.0,44.0,66.0
291410,Ipupiara,BA,Bahia,NORDESTE,10349,5,5,4.831384674847811,2069.8,0.0,10318,7212.0,69.8972669121923,6,56.333333333333336,2,2,29.0,17.0,53.0,85.0,63.0,91.0
291420,Irajuba,BA,Bahia,NORDESTE,6232,4,4,6.418485237483953,1558.0,0.0,6255,4237.0,67.73780975219825,6,50.833333333333336,3,1,33.0,16.0,50.0,87.0,43.0,76.0
291430,Iramaia,BA,Bahia,NORDESTE,11038,5,5,4.52980612429788,2207.6,0.0,11060,6175.0,55.83182640144665,6,78.0,2,0,42.0,34.0,100.0,100.0,92.0,100.0
291440,Iraquara,BA,Bahia,NORDESTE,24833,10,10,4.026899689928724,2483.3,0.0,24759,17237.0,69.61912839775435,6,73.16666666666667,1,1,59.0,26.0,88.0,90.0,79.0,97.0
291450,Irará,BA,Bahia,NORDESTE,29572,13,12,4.396050317868253,2274.769230769231,0.0,29509,21472.0,72.76424141787251,6,70.33333333333333,2,1,28.0,40.0,83.0,92.0,80.0,99.0
291460,Irecê,BA,Bahia,NORDESTE,78781,25,25,3.173353981289905,3151.24,0.0,78425,43883.0,55.95537137392414,6,46.666666666666664,4,1,35.0,28.0,53.0,49.0,46.0,69.0
291465,Itabela,BA,Bahia,NORDESTE,29588,14,14,4.7316479653913746,2113.4285714285716,0.0,29563,20505.0,69.3603490850049,6,58.666666666666664,2,2,29.0,8.0,77.0,93.0,62.0,83.0
291470,Itaberaba,BA,Bahia,NORDESTE,68425,23,23,3.361344537815126,2975.0,0.0,68244,37205.0,54.51761327003106,6,35.5,5,2,12.0,8.0,34.0,48.0,42.0,69.0
291480,Itabuna,BA,Bahia,NORDESTE,196344,37,37,1.8844477040296623,5306.594594594595,7.010208197048538,196676,90048.0,45.78494579918242,6,35.166666666666664,5,2,16.0,18.0,40.0,49.0,31.0,57.0
291490,Itacaré,BA,Bahia,NORDESTE,29496,14,14,4.746406292378627,2106.8571428571427,0.0,29337,13863.0,47.25432048266694,6,62.166666666666664,2,2,25.0,28.0,83.0,89.0,61.0,87.0
291500,Itaeté,BA,Bahia,NORDESTE,13775,7,7,5.081669691470055,1967.857142857143,0.0,13822,10303.0,74.54058746925192,6,62.333333333333336,2,0,47.0,30.0,54.0,95.0,73.0,75.0
291510,Itagi,BA,Bahia,NORDESTE,14347,6,6,4.182058967031435,2391.1666666666665,0.0,14314,8849.0,61.8205952214615,6,58.333333333333336,2,1,34.0,24.0,66.0,76.0,52.0,98.0
291520,Itagibá,BA,Bahia,NORDESTE,15796,8,7,5.064573309698657,1974.5,0.0,15792,8477.0,53.6790780141844,6,57.333333333333336,2,1,34.0,7.0,82.0,88.0,57.0,76.0
291530,Itagimirim,BA,Bahia,NORDESTE,6490,3,3,4.622496147919877,2163.3333333333335,0.0,6512,3902.0,59.920147420147416,6,62.166666666666664,1,1,66.0,8.0,61.0,91.0,83.0,64.0
291535,Itaguaçu da Bahia,BA,Bahia,NORDESTE,12669,9,9,7.1039545346909785,1407.6666666666667,0.0,12683,9580.0,75.53417961050225,6,63.833333333333336,1,0,55.0,42.0,81.0,81.0,69.0,55.0
291540,Itaju do Colônia,BA,Bahia,NORDESTE,6118,4,4,6.538084341288003,1529.5,0.0,6157,3637.0,59.07097612473608,6,31.5,5,4,10.0,10.0,27.0,45.0,27.0,70.0
291550,Itajuípe,BA,Bahia,NORDESTE,19191,7,7,3.6475431191704444,2741.5714285714284,0.0,19249,10991.0,57.09907008156267,6,51.0,3,1,31.0,26.0,71.0,74.0,45.0,59.0
291560,Itamaraju,BA,Bahia,NORDESTE,61999,25,25,4.032323101985516,2479.96,0.0,62065,30905.0,49.79457020865222,6,31.5,4,3,21.0,4.0,13.0,52.0,31.0,68.0
291570,Itamari,BA,Bahia,NORDESTE,7187,5,5,6.957005704744677,1437.4,0.0,7219,4807.0,66.58817010666297,6,53.833333333333336,2,1,20.0,35.0,58.0,61.0,52.0,97.0
291580,Itambé,BA,Bahia,NORDESTE,25088,8,8,3.1887755102040813,3136.0,0.0,25108,13977.0,55.667516329456745,6,65.33333333333333,2,1,37.0,23.0,82.0,97.0,63.0,90.0
291590,Itanagra,BA,Bahia,NORDESTE,6078,3,3,4.935834155972359,2026.0,0.0,6087,4645.0,76.31016921307705,6,81.66666666666667,0,0,50.0,62.0,96.0,96.0,89.0,97.0
291600,Itanhém,BA,Bahia,NORDESTE,18203,8,8,4.39487996484096,2275.375,0.0,18258,11241.0,61.56753204074926,6,48.666666666666664,3,2,25.0,24.0,55.0,53.0,47.0,88.0
291610,Itaparica,BA,Bahia,NORDESTE,20353,10,9,4.9132805974549205,2035.3,0.0,20369,13286.0,65.22656978742206,6,32.666666666666664,5,2,16.0,8.0,37.0,44.0,33.0,58.0
291630,Itapebi,BA,Bahia,NORDESTE,9464,5,5,5.283178360101438,1892.8,0.0,9501,5425.0,57.099252710241025,6,37.833333333333336,4,2,32.0,18.0,32.0,52.0,19.0,74.0
291640,Itapetinga,BA,Bahia,NORDESTE,68724,22,22,3.2012106396600895,3123.818181818182,0.0,68735,34880.0,50.74561722557649,6,56.333333333333336,3,0,40.0,40.0,67.0,70.0,49.0,72.0
291650,Itapicuru,BA,Bahia,NORDESTE,33284,14,14,4.206225213315707,2377.4285714285716,0.0,33254,21123.0,63.520178023696396,6,57.0,2,1,40.0,16.0,53.0,92.0,65.0,76.0
291660,Itapitanga,BA,Bahia,NORDESTE,10640,4,4,3.7593984962406015,2660.0,0.0,10630,4077.0,38.35371589840075,6,66.33333333333333,1,0,37.0,55.0,80.0,53.0,73.0,100.0
291620,Itapé,BA,Bahia,NORDESTE,10649,7,7,6.57338717250446,1521.2857142857142,0.0,10658,6340.0,59.48583223869394,6,49.833333333333336,4,1,44.0,16.0,46.0,54.0,43.0,96.0
291670,Itaquara,BA,Bahia,NORDESTE,8464,4,4,4.725897920604915,2116.0,0.0,8448,4907.0,58.08475378787878,6,54.333333333333336,2,2,16.0,9.0,68.0,76.0,72.0,85.0
291680,Itarantim,BA,Bahia,NORDESTE,17485,8,8,4.575350300257363,2185.625,0.0,17517,9863.0,56.30530341953531,6,67.66666666666667,1,1,28.0,53.0,88.0,96.0,60.0,81.0
291685,Itatim,BA,Bahia,NORDESTE,16454,7,7,4.254284672420081,2350.5714285714284,0.0,16375,11540.0,70.47328244274809,6,83.16666666666667,0,0,51.0,75.0,91.0,96.0,93.0,93.0
291690,Itiruçu,BA,Bahia,NORDESTE,11211,7,7,6.2438676300062435,1601.5714285714287,0.0,11261,7773.0,69.02584139952047,6,65.16666666666667,2,1,26.0,44.0,61.0,81.0,87.0,92.0
291700,Itiúba,BA,Bahia,NORDESTE,35490,16,15,4.508312200619893,2218.125,0.0,35491,25867.0,72.88326618015834,6,69.5,1,0,63.0,35.0,86.0,93.0,74.0,66.0
291710,Itororó,BA,Bahia,NORDESTE,16849,8,8,4.748056264466734,2106.125,0.0,16945,10204.0,60.21835349660667,6,65.5,2,1,25.0,30.0,81.0,93.0,73.0,91.0
291720,Ituaçu,BA,Bahia,NORDESTE,18506,11,11,5.944018156273641,1682.3636363636363,0.0,18493,13165.0,71.18909857784026,6,68.33333333333333,2,1,29.0,35.0,82.0,96.0,80.0,88.0
291730,Ituberá,BA,Bahia,NORDESTE,22154,13,13,5.86801480545274,1704.1538461538462,0.0,22299,15344.0,68.81026054980043,6,69.66666666666667,2,0,31.0,36.0,98.0,99.0,63.0,91.0
291733,Iuiu,BA,Bahia,NORDESTE,11559,4,4,3.4605069642702655,2889.75,0.0,11532,7030.0,60.960804717308356,6,63.333333333333336,2,1,34.0,11.0,79.0,94.0,72.0,90.0
291735,Jaborandi,BA,Bahia,NORDESTE,9600,5,5,5.208333333333333,1920.0,0.0,9592,7376.0,76.8974145120934,6,78.33333333333333,1,0,56.0,47.0,90.0,92.0,92.0,93.0
291740,Jacaraci,BA,Bahia,NORDESTE,14910,7,7,4.694835680751174,2130.0,0.0,14901,9850.0,66.10294611099926,6,82.33333333333333,0,0,55.0,68.0,91.0,100.0,82.0,98.0
291750,Jacobina,BA,Bahia,NORDESTE,86896,22,22,2.5317621064260725,3949.818181818182,0.0,86649,41898.0,48.353702870200465,6,35.5,4,2,17.0,12.0,37.0,53.0,35.0,59.0
291760,Jaguaquara,BA,Bahia,NORDESTE,47624,18,18,3.7796069208802283,2645.777777777778,0.0,47738,26565.0,55.647492563576186,6,45.166666666666664,4,2,23.0,18.0,45.0,65.0,47.0,73.0
291770,Jaguarari,BA,Bahia,NORDESTE,34528,18,15,5.213160333642262,1918.2222222222222,0.0,34440,19900.0,57.78164924506388,6,75.16666666666667,2,0,45.0,43.0,93.0,97.0,76.0,97.0
291780,Jaguaripe,BA,Bahia,NORDESTE,18349,9,9,4.9048994495612845,2038.7777777777778,0.0,18300,13124.0,71.71584699453551,6,58.833333333333336,2,1,30.0,13.0,69.0,89.0,64.0,88.0
291790,Jandaíra,BA,Bahia,NORDESTE,9508,5,5,5.258729490954985,1901.6,0.0,9535,6662.0,69.86890403775564,6,54.666666666666664,2,1,33.0,28.0,73.0,73.0,54.0,67.0
291800,Jequié,BA,Bahia,NORDESTE,169201,34,34,2.009444388626545,4976.5,3.9261461371307975,168733,63808.0,37.815957755744286,6,43.666666666666664,4,2,25.0,14.0,42.0,67.0,42.0,72.0
291810,Jeremoabo,BA,Bahia,NORDESTE,39539,15,15,3.7937226535825386,2635.9333333333334,0.0,39501,24598.0,62.27184121920965,6,59.666666666666664,2,1,37.0,12.0,75.0,83.0,65.0,86.0
291820,Jiquiriçá,BA,Bahia,NORDESTE,14063,8,8,5.688686624475575,1757.875,0.0,14066,10124.0,71.97497511730414,6,67.66666666666667,1,1,57.0,14.0,98.0,91.0,63.0,83.0
291830,Jitaúna,BA,Bahia,NORDESTE,14824,0,0,0.0,0.0,3.322776995034468,14815,8860.0,59.804252446844416,6,54.666666666666664,3,2,25.0,14.0,49.0,98.0,53.0,89.0
291835,João Dourado,BA,Bahia,NORDESTE,25892,8,8,3.089757454039858,3236.5,0.0,25799,15449.0,59.88216597542541,6,53.166666666666664,3,0,47.0,38.0,47.0,67.0,52.0,68.0
291840,Juazeiro,BA,Bahia,NORDESTE,256122,58,57,2.264545802391048,4415.896551724138,0.0,254481,119498.0,46.957533175364766,6,46.166666666666664,4,2,24.0,11.0,45.0,71.0,47.0,79.0
291845,Jucuruçu,BA,Bahia,NORDESTE,9930,5,5,5.0352467270896275,1986.0,0.0,9944,6678.0,67.15607401448109,6,69.66666666666667,1,0,50.0,35.0,64.0,100.0,72.0,97.0
291850,Jussara,BA,Bahia,NORDESTE,17007,6,6,3.527959075674722,2834.5,0.0,16956,11972.0,70.60627506487378,6,65.83333333333333,1,1,50.0,27.0,77.0,81.0,63.0,97.0
291855,Jussari,BA,Bahia,NORDESTE,6048,3,3,4.9603174603174605,2016.0,0.0,6059,3797.0,62.66710678329758,6,64.16666666666667,2,1,39.0,9.0,80.0,95.0,80.0,82.0
291860,Jussiape,BA,Bahia,NORDESTE,7567,4,4,5.286110744020087,1891.75,0.0,7585,4945.0,65.19446275543837,6,61.333333333333336,2,1,39.0,28.0,69.0,63.0,69.0,100.0
291870,Lafaiete Coutinho,BA,Bahia,NORDESTE,4228,2,2,4.7303689687795645,2114.0,0.0,4221,2762.0,65.43473110637291,6,54.5,3,3,16.0,18.0,23.0,85.0,92.0,93.0
291875,Lagoa Real,BA,Bahia,NORDESTE,14550,7,7,4.810996563573883,2078.5714285714284,0.0,14546,8593.0,59.07465970026124,6,57.833333333333336,3,1,39.0,9.0,64.0,93.0,48.0,94.0
291880,Laje,BA,Bahia,NORDESTE,21705,9,9,4.14651002073255,2411.6666666666665,0.0,21704,14666.0,67.57279764098783,6,56.333333333333336,2,1,30.0,25.0,65.0,72.0,53.0,93.0
291900,Lajedinho,BA,Bahia,NORDESTE,3610,1,1,2.770083102493075,3610.0,0.0,3621,2833.0,78.23805578569456,6,55.666666666666664,2,1,40.0,6.0,64.0,86.0,57.0,81.0
291905,Lajedo do Tabocal,BA,Bahia,NORDESTE,7683,4,4,5.206299622543278,1920.75,0.0,7702,5055.0,65.63230329784471,6,50.0,2,2,20.0,14.0,61.0,65.0,65.0,75.0
291890,Lajedão,BA,Bahia,NORDESTE,3994,5,5,12.518778167250877,798.8,0.0,3986,2089.0,52.40842950326141,6,66.83333333333333,2,0,48.0,45.0,75.0,83.0,50.0,100.0
291910,Lamarão,BA,Bahia,NORDESTE,9303,1,1,1.074922068150059,9303.0,1.0852532639507322,9305,6449.0,69.3068242880172,6,57.0,2,1,30.0,16.0,67.0,87.0,63.0,79.0
291915,Lapão,BA,Bahia,NORDESTE,27014,13,13,4.8123195380173245,2078.0,0.0,26998,19017.0,70.43855100377806,6,59.666666666666664,2,0,46.0,33.0,69.0,71.0,59.0,80.0
291920,Lauro de Freitas,BA,Bahia,NORDESTE,219564,20,18,0.9108961396221602,10978.2,29.214935789108736,217960,63043.0,28.924114516425032,6,33.833333333333336,4,3,13.0,8.0,36.0,56.0,28.0,62.0
291930,Lençóis,BA,Bahia,NORDESTE,11194,5,5,4.4666785778095415,2238.8,0.0,11170,5904.0,52.85586392121755,6,63.5,2,1,38.0,13.0,76.0,95.0,66.0,93.0
291940,Licínio de Almeida,BA,Bahia,NORDESTE,12202,8,8,6.5563022455335185,1525.25,0.0,12208,8174.0,66.95609436435124,6,58.333333333333336,2,2,26.0,3.0,73.0,100.0,58.0,90.0
291950,Livramento de Nossa Senhora,BA,Bahia,NORDESTE,46376,14,14,3.0188028290495086,3312.5714285714284,0.0,46249,28551.0,61.73322666436031,6,53.5,2,1,43.0,20.0,63.0,69.0,53.0,73.0
291955,Luís Eduardo Magalhães,BA,Bahia,NORDESTE,118382,34,26,2.8720582520991367,3481.823529411765,0.0,116662,46794.0,40.110747287034336,6,58.833333333333336,2,2,27.0,13.0,74.0,87.0,70.0,82.0
291960,Macajuba,BA,Bahia,NORDESTE,10740,3,3,2.793296089385475,3580.0,0.0,10758,8364.0,77.74679308421639,6,59.666666666666664,2,1,36.0,25.0,65.0,80.0,61.0,91.0
291970,Macarani,BA,Bahia,NORDESTE,22768,6,6,2.6352775825720305,3794.6666666666665,0.0,22596,9933.0,43.95910780669145,6,71.16666666666667,2,0,44.0,32.0,81.0,96.0,79.0,95.0
291980,Macaúbas,BA,Bahia,NORDESTE,43653,17,17,3.894348612924656,2567.823529411765,0.0,43725,27286.0,62.40365923384791,6,61.666666666666664,2,2,23.0,21.0,74.0,90.0,69.0,93.0
291990,Macururé,BA,Bahia,NORDESTE,7435,5,4,6.724949562878279,1487.0,0.0,7455,5639.0,75.64050972501677,6,78.33333333333333,1,0,42.0,62.0,90.0,97.0,79.0,100.0
291992,Madre de Deus,BA,Bahia,NORDESTE,19224,6,6,3.1210986267166043,3204.0,0.0,19173,9862.0,51.43691649715746,6,27.5,5,4,56.0,14.0,14.0,23.0,15.0,43.0
291995,Maetinga,BA,Bahia,NORDESTE,7218,6,6,8.31255195344971,1203.0,0.0,7212,5869.0,81.37825845812536,6,84.66666666666667,1,0,74.0,37.0,97.0,100.0,100.0,100.0
292000,Maiquinique,BA,Bahia,NORDESTE,9009,4,4,4.44000444000444,2252.25,0.0,9011,5285.0,58.650538231050945,6,53.333333333333336,2,1,30.0,8.0,62.0,79.0,55.0,86.0
292010,Mairi,BA,Bahia,NORDESTE,18130,8,8,4.4125758411472695,2266.25,0.0,18161,12287.0,67.65596608116293,6,74.16666666666667,2,0,47.0,47.0,91.0,87.0,81.0,92.0
292020,Malhada,BA,Bahia,NORDESTE,15814,6,6,3.794106487922094,2635.6666666666665,0.0,15834,10729.0,67.75925224201086,6,64.5,2,1,32.0,23.0,74.0,91.0,72.0,95.0
292030,Malhada de Pedras,BA,Bahia,NORDESTE,8982,6,6,6.680026720106881,1497.0,0.0,8972,6021.0,67.10878288007135,6,89.5,0,0,76.0,72.0,100.0,97.0,92.0,100.0
292040,Manoel Vitorino,BA,Bahia,NORDESTE,14287,5,5,3.4996850283474483,2857.4,0.0,14295,10679.0,74.7044421126268,6,60.333333333333336,2,1,38.0,8.0,61.0,94.0,63.0,98.0
292045,Mansidão,BA,Bahia,NORDESTE,14542,8,8,5.501306560308072,1817.75,0.0,14484,7622.0,52.62358464512565,6,54.0,3,2,25.0,13.0,67.0,78.0,48.0,93.0
292050,Maracás,BA,Bahia,NORDESTE,29330,8,8,2.727582679849983,3666.25,0.0,29197,16106.0,55.16320169880468,6,65.33333333333333,2,1,33.0,27.0,78.0,88.0,74.0,92.0
292060,Maragogipe,BA,Bahia,NORDESTE,37041,15,14,4.049566696363489,2469.4,0.0,37225,27647.0,74.26997985224983,6,42.333333333333336,3,2,9.0,6.0,50.0,72.0,42.0,75.0
292070,Maraú,BA,Bahia,NORDESTE,25804,11,11,4.262904975972718,2345.818181818182,0.0,25626,14446.0,56.37243424646843,6,60.0,2,1,31.0,22.0,64.0,83.0,66.0,94.0
292080,Marcionílio Souza,BA,Bahia,NORDESTE,9475,6,6,6.332453825857519,1579.1666666666667,0.0,9507,7533.0,79.23635216156516,6,66.66666666666667,2,1,34.0,14.0,90.0,88.0,83.0,91.0
292090,Mascote,BA,Bahia,NORDESTE,13918,8,8,5.7479522919959765,1739.75,0.0,13941,8328.0,59.73746503120293,6,62.666666666666664,2,1,32.0,24.0,66.0,94.0,72.0,88.0
292100,Mata de São João,BA,Bahia,NORDESTE,44962,20,20,4.448200702815711,2248.1,0.0,44839,28251.0,63.005419389370864,6,43.0,5,1,45.0,29.0,46.0,49.0,34.0,55.0
292105,Matina,BA,Bahia,NORDESTE,10611,5,5,4.7120912260861365,2122.2,0.0,10629,7302.0,68.69884278859723,6,79.83333333333333,1,0,56.0,47.0,97.0,100.0,86.0,93.0
292110,Medeiros Neto,BA,Bahia,NORDESTE,22801,11,11,4.824349809218894,2072.818181818182,0.0,22925,12280.0,53.56597600872411,6,51.5,4,1,43.0,27.0,45.0,55.0,46.0,93.0
292120,Miguel Calmon,BA,Bahia,NORDESTE,25263,12,12,4.750029687685548,2105.25,0.0,25317,16324.0,64.47841371410514,6,42.0,4,1,46.0,19.0,39.0,53.0,41.0,54.0
292130,Milagres,BA,Bahia,NORDESTE,11436,5,4,4.372158097236796,2287.2,0.0,11434,7655.0,66.94944901171944,6,60.166666666666664,2,2,14.0,24.0,86.0,89.0,75.0,73.0
292140,Mirangaba,BA,Bahia,NORDESTE,16167,9,9,5.56689552792726,1796.3333333333333,0.0,16185,11736.0,72.51158480074142,6,53.333333333333336,3,1,45.0,14.0,62.0,71.0,46.0,82.0
292145,Mirante,BA,Bahia,NORDESTE,10526,5,5,4.750142504275129,2105.2,0.0,10523,7161.0,68.05093604485413,6,71.33333333333333,2,1,39.0,22.0,93.0,85.0,89.0,100.0
292150,Monte Santo,BA,Bahia,NORDESTE,49807,18,18,3.613949846407132,2767.0555555555557,0.0,49823,36788.0,73.8373843405656,6,47.5,4,1,36.0,17.0,40.0,52.0,45.0,95.0
292160,Morpará,BA,Bahia,NORDESTE,8220,3,3,3.6496350364963503,2740.0,0.0,8232,6045.0,73.432944606414,6,60.333333333333336,2,1,41.0,4.0,59.0,96.0,74.0,88.0
292170,Morro do Chapéu,BA,Bahia,NORDESTE,35235,23,22,6.527600397332198,1531.9565217391305,0.0,35224,20223.0,57.412559618441975,6,49.5,4,1,47.0,44.0,23.0,66.0,46.0,71.0
292180,Mortugaba,BA,Bahia,NORDESTE,11477,7,6,6.099154831401934,1639.5714285714287,0.0,11487,7524.0,65.5001305823975,6,70.0,2,0,40.0,37.0,89.0,94.0,83.0,77.0
292190,Mucugê,BA,Bahia,NORDESTE,12712,6,6,4.7199496538703585,2118.6666666666665,0.0,12650,7401.0,58.50592885375494,6,64.83333333333333,2,1,35.0,29.0,72.0,88.0,72.0,93.0
292200,Mucuri,BA,Bahia,NORDESTE,40114,15,15,3.7393428728124847,2674.266666666667,0.0,40005,19567.0,48.911386076740406,6,52.666666666666664,3,1,44.0,27.0,40.0,61.0,55.0,89.0
292205,Mulungu do Morro,BA,Bahia,NORDESTE,13648,6,6,4.3962485345838225,2274.6666666666665,0.0,13625,9560.0,70.1651376146789,6,69.16666666666667,1,1,58.0,13.0,78.0,89.0,80.0,97.0
292210,Mundo Novo,BA,Bahia,NORDESTE,17197,6,6,3.4889806361574696,2866.1666666666665,0.0,17417,12978.0,74.51340644198197,6,45.333333333333336,4,2,18.0,6.0,49.0,62.0,44.0,93.0
292220,Muniz Ferreira,BA,Bahia,NORDESTE,7453,4,4,5.366966322286328,1863.25,0.0,7443,5167.0,69.42093241972323,6,39.666666666666664,5,3,25.0,10.0,41.0,41.0,28.0,93.0
292225,Muquém do São Francisco,BA,Bahia,NORDESTE,10803,5,5,4.628343978524484,2160.6,0.0,10796,7996.0,74.0644683216006,6,45.833333333333336,3,1,30.0,4.0,48.0,72.0,50.0,71.0
292230,Muritiba,BA,Bahia,NORDESTE,30180,10,10,3.313452617627568,3018.0,0.0,30146,17669.0,58.611424401247255,6,33.666666666666664,5,3,13.0,6.0,9.0,49.0,31.0,94.0
292240,Mutuípe,BA,Bahia,NORDESTE,20590,10,10,4.856726566294317,2059.0,0.0,20612,14284.0,69.29943722103629,6,45.0,4,1,37.0,19.0,37.0,57.0,41.0,79.0
292250,Nazaré,BA,Bahia,NORDESTE,28427,12,12,4.221338867977627,2368.9166666666665,0.0,28403,14839.0,52.244481216772876,6,67.16666666666667,2,1,35.0,21.0,91.0,95.0,80.0,81.0
292260,Nilo Peçanha,BA,Bahia,NORDESTE,12399,9,9,7.2586498911202515,1377.6666666666667,0.0,12418,9337.0,75.18924142373973,6,61.333333333333336,2,1,25.0,31.0,82.0,87.0,58.0,85.0
292265,Nordestina,BA,Bahia,NORDESTE,19711,9,9,4.565978387702298,2190.1111111111113,0.0,19500,10068.0,51.63076923076923,6,74.33333333333333,2,0,44.0,32.0,90.0,100.0,80.0,100.0
292270,Nova Canaã,BA,Bahia,NORDESTE,13970,10,9,7.158196134574087,1397.0,0.0,14035,10108.0,72.01995012468828,6,60.0,2,0,33.0,30.0,72.0,88.0,70.0,67.0
292273,Nova Fátima,BA,Bahia,NORDESTE,8283,4,4,4.829168175781722,2070.75,0.0,8264,5456.0,66.02129719264279,6,50.833333333333336,3,2,13.0,7.0,38.0,100.0,58.0,89.0
292275,Nova Ibiá,BA,Bahia,NORDESTE,6696,5,5,7.467144563918758,1339.2,0.0,6701,4304.0,64.2292195194747,6,69.66666666666667,1,0,53.0,36.0,73.0,95.0,73.0,88.0
292280,Nova Itarana,BA,Bahia,NORDESTE,8073,7,7,8.670878236095627,1153.2857142857142,0.0,8059,5592.0,69.3882615709145,6,47.666666666666664,5,0,36.0,33.0,41.0,46.0,43.0,87.0
292285,Nova Redenção,BA,Bahia,NORDESTE,7670,5,5,6.51890482398957,1534.0,0.0,7708,4964.0,64.40062272963155,6,50.166666666666664,3,3,17.0,2.0,29.0,96.0,61.0,96.0
292290,Nova Soure,BA,Bahia,NORDESTE,24865,10,10,4.021717273275689,2486.5,0.0,24906,18167.0,72.9422629085361,6,67.83333333333333,2,0,44.0,49.0,78.0,78.0,64.0,94.0
292300,Nova Viçosa,BA,Bahia,NORDESTE,41629,12,12,2.8826058757116435,3469.0833333333335,0.0,41551,22780.0,54.82419195687228,6,67.0,2,2,27.0,26.0,91.0,97.0,69.0,92.0
292303,Novo Horizonte,BA,Bahia,NORDESTE,11586,7,6,6.041774555498015,1655.142857142857,0.0,11565,9091.0,78.60786856895807,6,56.5,2,1,30.0,11.0,53.0,76.0,74.0,95.0
292305,Novo Triunfo,BA,Bahia,NORDESTE,11060,1,1,0.9041591320072333,11060.0,1.4790821347194558,11197,6196.0,55.33625078145932,6,65.33333333333333,2,1,35.0,20.0,83.0,93.0,73.0,88.0
292310,Olindina,BA,Bahia,NORDESTE,22956,8,8,3.484927687750479,2869.5,0.0,23085,16431.0,71.17608836907083,6,62.5,0,0,50.0,53.0,67.0,70.0,54.0,81.0
292320,Oliveira dos Brejinhos,BA,Bahia,NORDESTE,21323,13,13,6.09670309055949,1640.2307692307693,0.0,21334,15025.0,70.42748664104246,6,67.0,2,0,41.0,30.0,73.0,89.0,74.0,95.0
292330,Ouriçangas,BA,Bahia,NORDESTE,7925,6,6,7.570977917981072,1320.8333333333333,0.0,7939,5396.0,67.96825796699835,6,55.833333333333336,2,1,31.0,16.0,66.0,83.0,59.0,80.0
292335,Ourolândia,BA,Bahia,NORDESTE,20141,8,8,3.971997418201678,2517.625,0.0,20037,12151.0,60.642810800019966,6,58.833333333333336,2,0,30.0,34.0,71.0,89.0,66.0,63.0
292340,Palmas de Monte Alto,BA,Bahia,NORDESTE,20666,9,9,4.354979192877189,2296.222222222222,0.0,20677,10905.0,52.73975915268172,6,52.5,3,1,40.0,17.0,45.0,72.0,58.0,83.0
292350,Palmeiras,BA,Bahia,NORDESTE,10894,5,5,4.589682393978337,2178.8,0.0,10819,6971.0,64.43294204639986,6,48.833333333333336,3,2,29.0,11.0,30.0,84.0,75.0,64.0
292360,Paramirim,BA,Bahia,NORDESTE,21025,14,14,6.658739595719382,1501.7857142857142,0.0,21009,11851.0,56.409157979913374,6,55.5,2,1,75.0,13.0,45.0,56.0,52.0,92.0
292370,Paratinga,BA,Bahia,NORDESTE,30680,9,9,2.9335071707953064,3408.8888888888887,0.0,30671,21815.0,71.12581917772489,6,65.5,2,1,39.0,13.0,91.0,78.0,82.0,90.0
292380,Paripiranga,BA,Bahia,NORDESTE,27860,12,11,4.3072505384063176,2321.6666666666665,0.0,27866,18245.0,65.47405440321539,6,55.5,2,1,33.0,16.0,56.0,93.0,59.0,76.0
292390,Pau Brasil,BA,Bahia,NORDESTE,9537,2,2,2.097095522701059,4768.5,0.1377040071265328,9584,5977.0,62.36435726210351,6,70.5,2,0,40.0,39.0,75.0,91.0,81.0,97.0
292400,Paulo Afonso,BA,Bahia,NORDESTE,119418,29,29,2.4284446230886463,4117.862068965517,0.0,119128,58528.0,49.13034718957759,6,49.333333333333336,2,2,24.0,5.0,60.0,80.0,52.0,75.0
292420,Pedro Alexandre,BA,Bahia,NORDESTE,14226,8,8,5.62350625615071,1778.25,0.0,14288,9990.0,69.9188129899216,6,61.0,2,1,34.0,5.0,80.0,92.0,67.0,88.0
292410,Pedrão,BA,Bahia,NORDESTE,6403,3,3,4.6853037638606905,2134.3333333333335,0.0,6415,4851.0,75.61964146531567,6,67.5,2,2,29.0,24.0,100.0,100.0,69.0,83.0
292430,Piatã,BA,Bahia,NORDESTE,20938,0,0,0.0,0.0,4.693220771858586,20859,13568.0,65.04626300397909,6,63.666666666666664,2,1,30.0,20.0,66.0,80.0,89.0,97.0
292440,Pilão Arcado,BA,Bahia,NORDESTE,37388,2,2,0.5349309939017867,18694.0,6.380463187422333,37272,21903.0,58.76529298132647,6,42.333333333333336,4,1,49.0,16.0,30.0,54.0,38.0,67.0
292450,Pindaí,BA,Bahia,NORDESTE,15125,9,9,5.9504132231404965,1680.5555555555557,0.0,15146,10735.0,70.87679915489238,6,67.0,2,1,42.0,18.0,81.0,98.0,70.0,93.0
292460,Pindobaçu,BA,Bahia,NORDESTE,19601,13,13,6.63231467782256,1507.7692307692307,0.0,19625,14750.0,75.15923566878982,6,79.33333333333333,0,0,52.0,50.0,97.0,96.0,84.0,97.0
292465,Pintadas,BA,Bahia,NORDESTE,10654,7,6,6.570302233902759,1522.0,0.0,10656,6036.0,56.64414414414415,6,68.66666666666667,2,1,36.0,13.0,83.0,100.0,83.0,97.0
292467,Piraí do Norte,BA,Bahia,NORDESTE,11481,6,6,5.226025607525476,1913.5,0.0,11429,5540.0,48.473182255665414,6,74.16666666666667,1,0,71.0,32.0,77.0,88.0,77.0,100.0
292470,Piripá,BA,Bahia,NORDESTE,9143,7,7,7.656130372962922,1306.142857142857,0.0,9255,7058.0,76.26148028092923,6,66.33333333333333,1,0,57.0,34.0,68.0,75.0,64.0,100.0
292480,Piritiba,BA,Bahia,NORDESTE,17697,7,7,3.9554726789851387,2528.1428571428573,0.0,17838,10854.0,60.84762865792129,6,50.333333333333336,2,2,17.0,4.0,55.0,77.0,57.0,92.0
292490,Planaltino,BA,Bahia,NORDESTE,8239,5,5,6.068697657482705,1647.8,0.0,8254,5471.0,66.28301429609887,6,60.166666666666664,2,2,28.0,29.0,84.0,74.0,53.0,93.0
292500,Planalto,BA,Bahia,NORDESTE,24026,10,10,4.162157662532257,2402.6,0.0,24036,16588.0,69.01314694624729,6,78.83333333333333,1,0,44.0,57.0,90.0,99.0,91.0,92.0
292520,Pojuca,BA,Bahia,NORDESTE,33573,15,14,4.467875971763023,2238.2,0.0,33608,17957.0,53.430730778386106,6,41.666666666666664,5,1,20.0,46.0,40.0,58.0,44.0,42.0
292525,Ponto Novo,BA,Bahia,NORDESTE,18763,14,10,7.4614933646005435,1340.2142857142858,0.0,18670,14425.0,77.26298875200857,6,78.66666666666667,1,0,44.0,63.0,89.0,92.0,85.0,99.0
292530,Porto Seguro,BA,Bahia,NORDESTE,182630,49,47,2.6830203142966655,3727.1428571428573,0.0,181007,70003.0,38.67419492063843,6,48.666666666666664,3,2,16.0,13.0,54.0,78.0,48.0,83.0
292540,Potiraguá,BA,Bahia,NORDESTE,10651,6,6,5.633273870998028,1775.1666666666667,0.0,10636,5689.0,53.48815344114328,6,68.16666666666667,1,1,15.0,59.0,83.0,93.0,76.0,83.0
292510,Poções,BA,Bahia,NORDESTE,50773,14,14,2.7573710436649397,3626.6428571428573,0.0,50642,31704.0,62.604162552821776,6,60.833333333333336,2,2,27.0,13.0,79.0,86.0,67.0,93.0
292550,Prado,BA,Bahia,NORDESTE,37533,11,11,2.9307542695761066,3412.090909090909,0.0,37241,19528.0,52.43683037512419,6,60.666666666666664,2,2,29.0,15.0,74.0,86.0,67.0,93.0
292560,Presidente Dutra,BA,Bahia,NORDESTE,15677,8,8,5.103017158895197,1959.625,0.0,15650,10207.0,65.22044728434506,6,79.66666666666667,1,0,56.0,37.0,98.0,100.0,90.0,97.0
292570,Presidente Jânio Quadros,BA,Bahia,NORDESTE,12963,8,8,6.171410938825889,1620.375,0.0,12986,9850.0,75.85091637147697,6,87.5,0,0,68.0,67.0,95.0,100.0,95.0,100.0
292575,Presidente Tancredo Neves,BA,Bahia,NORDESTE,29489,10,10,3.391094984570518,2948.9,0.0,29343,18526.0,63.13601199604676,6,57.333333333333336,2,1,30.0,20.0,69.0,92.0,63.0,70.0
292405,Pé de Serra,BA,Bahia,NORDESTE,13677,7,7,5.1180814506105134,1953.857142857143,0.0,13675,9956.0,72.80438756855577,6,66.83333333333333,2,1,24.0,37.0,89.0,89.0,75.0,87.0
292580,Queimadas,BA,Bahia,NORDESTE,27429,8,8,2.916621094462066,3428.625,0.0,27362,12668.0,46.29778524961626,6,42.833333333333336,4,2,36.0,10.0,6.0,75.0,40.0,90.0
292590,Quijingue,BA,Bahia,NORDESTE,26443,13,13,4.916234920394811,2034.076923076923,0.0,26457,19268.0,72.82760706051329,6,59.833333333333336,2,2,25.0,20.0,68.0,84.0,70.0,92.0
292593,Quixabeira,BA,Bahia,NORDESTE,9839,5,5,5.081817257851408,1967.8,0.0,9815,6943.0,70.73866530820173,6,60.0,2,2,27.0,15.0,64.0,96.0,84.0,74.0
292595,Rafael Jambeiro,BA,Bahia,NORDESTE,20081,10,10,4.979831681689158,2008.1,0.0,20146,13653.0,67.77027697806017,6,50.166666666666664,2,2,11.0,4.0,63.0,83.0,60.0,80.0
292600,Remanso,BA,Bahia,NORDESTE,42855,14,14,3.266830008167075,3061.0714285714284,0.0,42746,27858.0,65.17101015299677,6,57.166666666666664,2,1,38.0,20.0,81.0,79.0,63.0,62.0
292610,Retirolândia,BA,Bahia,NORDESTE,14174,9,9,6.3496542965994065,1574.888888888889,0.0,14147,10186.0,72.00113098183361,6,71.0,1,0,52.0,36.0,78.0,82.0,80.0,98.0
292640,Riacho de Santana,BA,Bahia,NORDESTE,32060,14,14,4.366812227074236,2290.0,0.0,32103,19857.0,61.85403233342678,6,68.83333333333333,2,1,41.0,20.0,96.0,94.0,66.0,96.0
292620,Riachão das Neves,BA,Bahia,NORDESTE,22329,8,8,3.5827847194231714,2791.125,0.0,22323,13958.0,62.527438068359984,6,53.666666666666664,2,1,52.0,15.0,62.0,65.0,48.0,80.0
292630,Riachão do Jacuípe,BA,Bahia,NORDESTE,35188,14,14,3.978629078094805,2513.4285714285716,0.0,35118,20706.0,58.96121647018623,6,58.666666666666664,2,1,20.0,30.0,86.0,84.0,57.0,75.0
292650,Ribeira do Amparo,BA,Bahia,NORDESTE,14528,7,7,4.818281938325991,2075.4285714285716,0.0,14525,9763.0,67.21514629948365,6,74.5,2,0,47.0,42.0,98.0,90.0,77.0,93.0
292660,Ribeira do Pombal,BA,Bahia,NORDESTE,56316,31,29,5.504652319056751,1816.6451612903227,0.0,56170,33587.0,59.79526437600142,6,62.5,1,1,51.0,20.0,74.0,80.0,77.0,73.0
292665,Ribeirão do Largo,BA,Bahia,NORDESTE,10029,6,5,5.982650314089142,1671.5,0.0,10039,6038.0,60.14543281203307,6,62.833333333333336,3,1,43.0,25.0,44.0,91.0,74.0,100.0
292700,Rio Real,BA,Bahia,NORDESTE,36966,14,14,3.7872639722988692,2640.4285714285716,0.0,36997,23770.0,64.248452577236,6,67.83333333333333,2,1,31.0,25.0,86.0,96.0,79.0,90.0
292670,Rio de Contas,BA,Bahia,NORDESTE,13634,9,8,6.60114419832771,1514.888888888889,0.0,13627,9166.0,67.26352095105305,6,64.33333333333333,2,2,26.0,16.0,95.0,98.0,83.0,68.0
292680,Rio do Antônio,BA,Bahia,NORDESTE,13495,9,9,6.669136717302704,1499.4444444444443,0.0,13520,9573.0,70.80621301775149,6,64.16666666666667,1,1,50.0,21.0,77.0,90.0,62.0,85.0
292690,Rio do Pires,BA,Bahia,NORDESTE,10781,6,6,5.565346442816065,1796.8333333333333,0.0,10801,6461.0,59.81853532080363,6,59.166666666666664,3,2,25.0,21.0,38.0,95.0,76.0,100.0
292710,Rodelas,BA,Bahia,NORDESTE,10884,7,7,6.431459022418228,1554.857142857143,0.0,10801,6567.0,60.79992593278401,6,68.16666666666667,1,0,61.0,38.0,79.0,79.0,62.0,90.0
292720,Ruy Barbosa,BA,Bahia,NORDESTE,29590,12,12,4.055424129773573,2465.8333333333335,0.0,29606,18292.0,61.78477335675201,6,54.333333333333336,2,2,21.0,6.0,71.0,76.0,62.0,90.0
292730,Salinas da Margarida,BA,Bahia,NORDESTE,15629,6,6,3.839017211593832,2604.8333333333335,0.0,15568,10389.0,66.7330421377184,6,53.5,2,1,30.0,19.0,70.0,57.0,58.0,87.0
292740,Salvador,BA,Bahia,NORDESTE,2564204,178,176,0.6941725385343755,14405.640449438202,396.76241647162453,2568928,734305.0,28.584102006751454,6,33.166666666666664,6,3,13.0,28.0,38.0,49.0,28.0,43.0
292760,Santa Brígida,BA,Bahia,NORDESTE,15417,9,8,5.837711617046118,1713.0,0.0,15421,10880.0,70.55314181959666,6,79.66666666666667,1,0,54.0,49.0,93.0,97.0,87.0,98.0
292750,Santa Bárbara,BA,Bahia,NORDESTE,21787,9,9,4.130903749942626,2420.777777777778,0.0,21723,15041.0,69.23997606223818,6,69.83333333333333,1,0,41.0,51.0,83.0,81.0,71.0,92.0
292770,Santa Cruz Cabrália,BA,Bahia,NORDESTE,31007,15,15,4.837617312219821,2067.133333333333,0.0,30862,13981.0,45.30166547858207,6,51.0,3,2,21.0,15.0,77.0,73.0,49.0,71.0
292780,Santa Cruz da Vitória,BA,Bahia,NORDESTE,4663,3,3,6.433626420759168,1554.3333333333333,0.0,4721,3273.0,69.32853209065875,6,68.16666666666667,2,1,33.0,23.0,93.0,87.0,73.0,100.0
292790,Santa Inês,BA,Bahia,NORDESTE,10625,6,6,5.647058823529411,1770.8333333333333,0.0,10628,6938.0,65.28039141889349,6,70.33333333333333,2,0,38.0,31.0,93.0,93.0,73.0,94.0
292805,Santa Luzia,BA,Bahia,NORDESTE,14392,5,5,3.474152306837132,2878.4,0.0,14377,7505.0,52.20143284412604,6,51.166666666666664,2,2,12.0,16.0,51.0,87.0,51.0,90.0
292810,Santa Maria da Vitória,BA,Bahia,NORDESTE,40474,15,15,3.7060829174284726,2698.266666666667,0.0,40467,25170.0,62.198828675216845,6,62.333333333333336,2,1,33.0,15.0,84.0,83.0,63.0,96.0
292840,Santa Rita de Cássia,BA,Bahia,NORDESTE,28890,10,10,3.4614053305642094,2889.0,0.0,28826,19208.0,66.63428848955803,6,53.0,3,1,30.0,13.0,46.0,83.0,54.0,92.0
292850,Santa Terezinha,BA,Bahia,NORDESTE,10882,6,6,5.5136923359676535,1813.6666666666667,0.0,10847,7327.0,67.54863095786854,6,73.83333333333333,2,0,41.0,37.0,91.0,96.0,83.0,95.0
292800,Santaluz,BA,Bahia,NORDESTE,40066,13,13,3.244646333549643,3082.0,0.0,39922,26627.0,66.69756024247282,6,65.66666666666667,2,1,43.0,19.0,68.0,94.0,73.0,97.0
292820,Santana,BA,Bahia,NORDESTE,25521,9,9,3.5265075819913014,2835.6666666666665,0.0,25520,16314.0,63.926332288401255,6,51.0,3,2,20.0,9.0,38.0,80.0,64.0,95.0
292830,Santanópolis,BA,Bahia,NORDESTE,9035,4,4,4.427227448810182,2258.75,0.0,9023,6875.0,76.19417045328605,6,59.833333333333336,2,2,20.0,14.0,67.0,100.0,73.0,85.0
292860,Santo Amaro,BA,Bahia,NORDESTE,58398,19,17,3.25353608000274,3073.5789473684213,0.0,58413,32081.0,54.92099361443514,6,47.166666666666664,3,2,10.0,6.0,68.0,86.0,49.0,64.0
292870,Santo Antônio de Jesus,BA,Bahia,NORDESTE,109791,30,28,2.7324644096510644,3659.7,0.0,109267,53577.0,49.03310240054179,6,62.5,2,2,27.0,24.0,79.0,92.0,65.0,88.0
292880,Santo Estêvão,BA,Bahia,NORDESTE,55146,14,14,2.538715410002539,3939.0,0.0,54940,29460.0,53.62213323625774,6,47.0,3,2,14.0,11.0,43.0,71.0,55.0,88.0
292960,Sapeaçu,BA,Bahia,NORDESTE,18656,8,8,4.288164665523156,2332.0,0.0,18609,13125.0,70.53038852168305,6,72.33333333333333,2,0,30.0,41.0,90.0,96.0,81.0,96.0
292975,Saubara,BA,Bahia,NORDESTE,11859,6,6,5.0594485201113075,1976.5,0.0,11842,8999.0,75.9922310420537,6,50.333333333333336,3,2,12.0,11.0,35.0,86.0,62.0,96.0
292980,Saúde,BA,Bahia,NORDESTE,10661,5,5,4.689991558015196,2132.2,0.0,10715,7524.0,70.21931871208587,6,64.83333333333333,2,1,39.0,17.0,81.0,100.0,59.0,93.0
292990,Seabra,BA,Bahia,NORDESTE,48721,11,11,2.257753330186162,4429.181818181818,0.0,48530,20101.0,41.41974036678343,6,53.333333333333336,2,2,24.0,11.0,53.0,89.0,60.0,83.0
293000,Sebastião Laranjeiras,BA,Bahia,NORDESTE,9581,5,5,5.2186619350798455,1916.2,0.0,9610,6219.0,64.71383975026015,6,54.0,3,1,30.0,13.0,67.0,73.0,47.0,94.0
293010,Senhor do Bonfim,BA,Bahia,NORDESTE,78090,19,19,2.4330900243309004,4110.0,0.0,77976,44060.0,56.50456550733559,6,40.333333333333336,4,2,41.0,16.0,25.0,51.0,36.0,73.0
293020,Sento Sé,BA,Bahia,NORDESTE,40232,8,8,1.9884668920262476,5029.0,1.0179414506359092,40147,21575.0,53.74000547986151,6,60.166666666666664,2,1,31.0,23.0,67.0,78.0,68.0,94.0
293030,Serra Dourada,BA,Bahia,NORDESTE,17574,8,8,4.552179355866621,2196.75,0.0,17580,11671.0,66.38794084186576,6,43.0,5,1,38.0,12.0,45.0,47.0,35.0,81.0
293040,Serra Preta,BA,Bahia,NORDESTE,18754,9,9,4.7989762184067395,2083.777777777778,0.0,18685,11249.0,60.2033716885202,6,63.166666666666664,2,1,22.0,34.0,55.0,98.0,75.0,95.0
293015,Serra do Ramalho,BA,Bahia,NORDESTE,36252,1,1,0.27584684982897495,36252.0,7.125830519697081,36119,22476.0,62.22763642404274,6,64.66666666666667,2,1,38.0,20.0,62.0,95.0,78.0,95.0
293050,Serrinha,BA,Bahia,NORDESTE,84690,26,25,3.070020073208171,3257.3076923076924,0.0,84428,40280.0,47.70929075662102,6,44.5,3,2,21.0,16.0,48.0,65.0,56.0,61.0
293060,Serrolândia,BA,Bahia,NORDESTE,13863,5,5,3.606722931544399,2772.6,0.0,13831,9475.0,68.5055310534307,6,62.666666666666664,2,0,47.0,66.0,55.0,65.0,49.0,94.0
293070,Simões Filho,BA,Bahia,NORDESTE,120419,19,19,1.577824097526138,6337.8421052631575,7.991735224302183,120394,38144.0,31.682641992125856,6,33.0,5,3,26.0,7.0,35.0,37.0,21.0,72.0
293077,Sobradinho,BA,Bahia,NORDESTE,27097,10,10,3.6904454367642177,2709.7,0.0,26959,15638.0,58.006602618791504,6,69.0,2,1,28.0,38.0,94.0,98.0,64.0,92.0
293080,Souto Soares,BA,Bahia,NORDESTE,17724,10,10,5.6420672534416605,1772.4,0.0,17674,12728.0,72.01538983818038,6,73.16666666666667,1,1,56.0,27.0,77.0,90.0,89.0,100.0
292970,Sátiro Dias,BA,Bahia,NORDESTE,16476,6,6,3.641660597232338,2746.0,0.0,16485,10837.0,65.73855019714892,6,75.5,1,0,49.0,55.0,82.0,94.0,80.0,93.0
292890,São Desidério,BA,Bahia,NORDESTE,34982,18,18,5.145503401749472,1943.4444444444443,0.0,34783,20229.0,58.15772072564184,6,54.333333333333336,3,1,30.0,6.0,71.0,86.0,49.0,84.0
292895,São Domingos,BA,Bahia,NORDESTE,8690,8,8,9.205983889528193,1086.25,0.0,8693,6399.0,73.61095134015875,6,71.83333333333333,2,0,41.0,43.0,82.0,91.0,82.0,92.0
292910,São Felipe,BA,Bahia,NORDESTE,20923,6,6,2.867657601682359,3487.1666666666665,0.0,20918,13947.0,66.67463428626064,6,56.833333333333336,2,2,26.0,14.0,65.0,90.0,59.0,87.0
292920,São Francisco do Conde,BA,Bahia,NORDESTE,41110,17,17,4.1352468985648265,2418.235294117647,0.0,40932,20335.0,49.67995700185674,6,39.5,3,2,13.0,7.0,52.0,67.0,41.0,57.0
292900,São Félix,BA,Bahia,NORDESTE,11102,6,6,5.404431633939831,1850.3333333333333,0.0,11198,7506.0,67.02982675477764,6,57.666666666666664,2,1,30.0,16.0,81.0,79.0,69.0,71.0
292905,São Félix do Coribe,BA,Bahia,NORDESTE,15780,8,8,5.069708491761723,1972.5,0.0,15740,9755.0,61.975857687420586,6,47.666666666666664,3,2,29.0,9.0,59.0,66.0,46.0,77.0
292925,São Gabriel,BA,Bahia,NORDESTE,19229,11,11,5.720526288418535,1748.090909090909,0.0,19210,12827.0,66.7725143154607,6,61.833333333333336,2,0,38.0,33.0,69.0,77.0,60.0,94.0
292930,São Gonçalo dos Campos,BA,Bahia,NORDESTE,42171,12,12,2.845557373550544,3514.25,0.0,41909,18207.0,43.44412894604977,6,31.833333333333332,4,3,12.0,4.0,40.0,61.0,23.0,51.0
292935,São José da Vitória,BA,Bahia,NORDESTE,5432,3,3,5.522827687776141,1810.6666666666667,0.0,5451,4571.0,83.85617317923317,6,49.166666666666664,3,1,32.0,19.0,52.0,63.0,44.0,85.0
292937,São José do Jacuípe,BA,Bahia,NORDESTE,10576,7,7,6.61875945537065,1510.857142857143,0.0,10556,7544.0,71.46646456991284,6,57.5,2,0,40.0,32.0,54.0,69.0,54.0,96.0
292940,São Miguel das Matas,BA,Bahia,NORDESTE,10615,7,6,6.594441827602449,1516.4285714285713,0.0,10634,6814.0,64.07748730487117,6,67.16666666666667,1,1,54.0,26.0,75.0,85.0,75.0,88.0
292950,São Sebastião do Passé,BA,Bahia,NORDESTE,42944,17,16,3.9586438152011922,2526.1176470588234,0.0,42936,19824.0,46.17104527669088,6,46.0,3,2,19.0,14.0,59.0,68.0,46.0,70.0
293075,Sítio do Mato,BA,Bahia,NORDESTE,13982,7,7,5.006436847375197,1997.4285714285713,0.0,13935,8367.0,60.04305705059203,6,32.666666666666664,5,3,26.0,5.0,2.0,38.0,38.0,87.0
293076,Sítio do Quinto,BA,Bahia,NORDESTE,14435,6,6,4.156563907170073,2405.8333333333335,0.0,14359,8696.0,60.56132042621353,6,77.5,1,0,46.0,50.0,87.0,97.0,87.0,98.0
293090,Tabocas do Brejo Velho,BA,Bahia,NORDESTE,12368,1,1,0.8085381630012938,12368.0,1.7722683401636736,12368,8743.0,70.69049159120311,6,76.33333333333333,1,0,49.0,52.0,82.0,93.0,82.0,100.0
293100,Tanhaçu,BA,Bahia,NORDESTE,21787,10,10,4.589893055491808,2178.7,0.0,21741,15170.0,69.77599926406329,6,51.833333333333336,4,0,32.0,32.0,48.0,64.0,40.0,95.0
293105,Tanque Novo,BA,Bahia,NORDESTE,17812,11,11,6.175611947002021,1619.2727272727273,0.0,17770,12598.0,70.8947664603264,6,63.833333333333336,2,1,35.0,20.0,86.0,89.0,74.0,79.0
293110,Tanquinho,BA,Bahia,NORDESTE,7991,6,6,7.5084470028782375,1331.8333333333333,0.0,7983,5666.0,70.97582362520356,6,51.666666666666664,4,1,33.0,19.0,32.0,95.0,36.0,95.0
293120,Taperoá,BA,Bahia,NORDESTE,18556,12,11,6.466910972192283,1546.3333333333333,0.0,18571,10311.0,55.5220505088579,6,72.83333333333333,2,0,46.0,39.0,80.0,100.0,75.0,97.0
293130,Tapiramutá,BA,Bahia,NORDESTE,16226,5,5,3.081474177246395,3245.2,0.0,16253,9213.0,56.68491970713099,6,57.166666666666664,3,0,49.0,49.0,60.0,60.0,49.0,76.0
293135,Teixeira de Freitas,BA,Bahia,NORDESTE,153738,45,44,2.9270577215782696,3416.4,0.0,153332,63097.0,41.150575222393236,6,35.333333333333336,4,3,24.0,11.0,44.0,51.0,28.0,54.0
293140,Teodoro Sampaio,BA,Bahia,NORDESTE,7280,5,5,6.868131868131869,1456.0,0.0,7301,4957.0,67.89480893028352,6,73.66666666666667,1,1,53.0,27.0,85.0,100.0,77.0,100.0
293150,Teofilândia,BA,Bahia,NORDESTE,21825,12,12,5.49828178694158,1818.75,0.0,21827,13218.0,60.55802446511201,6,62.5,2,1,37.0,24.0,60.0,87.0,73.0,94.0
293160,Teolândia,BA,Bahia,NORDESTE,15978,7,7,4.381023907873326,2282.5714285714284,0.0,15919,7802.0,49.01061624473899,6,66.66666666666667,1,1,57.0,24.0,72.0,89.0,67.0,91.0
293170,Terra Nova,BA,Bahia,NORDESTE,10976,5,5,4.555393586005831,2195.2,0.0,11035,8015.0,72.63253285002266,6,45.666666666666664,4,2,15.0,8.0,40.0,80.0,49.0,82.0
293180,Tremedal,BA,Bahia,NORDESTE,16646,11,11,6.608194160759341,1513.2727272727273,0.0,16691,12065.0,72.28446468156491,6,72.0,1,0,59.0,35.0,88.0,90.0,86.0,74.0
293190,Tucano,BA,Bahia,NORDESTE,51016,23,22,4.508389524854947,2218.086956521739,0.0,50959,35426.0,69.51863262622892,6,70.66666666666667,2,0,37.0,43.0,81.0,96.0,73.0,94.0
293200,Uauá,BA,Bahia,NORDESTE,25449,3,3,1.1788282447247436,8483.0,2.7043545430809615,25441,18998.0,74.67473762823789,6,47.666666666666664,4,2,21.0,13.0,49.0,73.0,38.0,92.0
293220,Ubaitaba,BA,Bahia,NORDESTE,17878,9,9,5.034120147667524,1986.4444444444443,0.0,17967,11306.0,62.92647631769355,6,51.833333333333336,2,2,28.0,13.0,69.0,56.0,52.0,93.0
293230,Ubatã,BA,Bahia,NORDESTE,15839,8,8,5.0508239156512404,1979.875,0.0,16097,9143.0,56.799403615580545,6,61.666666666666664,2,2,13.0,15.0,79.0,94.0,77.0,92.0
293210,Ubaíra,BA,Bahia,NORDESTE,19142,7,7,3.656880158813081,2734.5714285714284,0.0,19162,12413.0,64.77925060014613,6,52.666666666666664,3,2,23.0,6.0,49.0,88.0,65.0,85.0
293240,Uibaí,BA,Bahia,NORDESTE,13886,5,5,3.6007489557828025,2777.2,0.0,13880,10130.0,72.98270893371757,6,72.16666666666667,2,0,46.0,31.0,91.0,93.0,81.0,91.0
293245,Umburanas,BA,Bahia,NORDESTE,13785,11,10,7.979688066739209,1253.1818181818182,0.0,13888,9020.0,64.94815668202764,6,63.5,2,2,18.0,21.0,81.0,93.0,74.0,94.0
293250,Una,BA,Bahia,NORDESTE,18254,10,10,5.478251342171578,1825.4,0.0,18403,12664.0,68.81486714122698,6,63.0,2,2,29.0,19.0,80.0,94.0,66.0,90.0
293260,Urandi,BA,Bahia,NORDESTE,15776,6,6,3.8032454361054766,2629.3333333333335,0.0,15794,10722.0,67.88653919209825,6,73.16666666666667,2,0,47.0,39.0,92.0,97.0,85.0,79.0
293270,Uruçuca,BA,Bahia,NORDESTE,22155,9,9,4.062288422477995,2461.6666666666665,0.0,22130,12701.0,57.39267962042476,6,54.166666666666664,3,2,14.0,23.0,56.0,97.0,46.0,89.0
293280,Utinga,BA,Bahia,NORDESTE,16645,5,5,3.0039050765995796,3329.0,0.0,16691,10672.0,63.938649571625426,6,66.66666666666667,2,1,49.0,19.0,65.0,94.0,78.0,95.0
293300,Valente,BA,Bahia,NORDESTE,25132,14,14,5.570587299060958,1795.142857142857,0.0,25126,14723.0,58.59667276924302,6,61.833333333333336,2,1,40.0,13.0,60.0,94.0,75.0,89.0
293290,Valença,BA,Bahia,NORDESTE,90053,32,32,3.5534629607009203,2814.15625,0.0,90028,43143.0,47.921757675389884,6,37.166666666666664,6,1,46.0,13.0,36.0,49.0,33.0,46.0
293317,Varzedo,BA,Bahia,NORDESTE,10328,5,5,4.841208365608056,2065.6,0.0,10296,6608.0,64.18026418026417,6,49.166666666666664,3,2,23.0,24.0,59.0,59.0,43.0,87.0
293320,Vera Cruz,BA,Bahia,NORDESTE,45191,14,14,3.0979619835808014,3227.9285714285716,0.0,44978,23700.0,52.69242740895549,6,52.166666666666664,2,2,17.0,13.0,63.0,85.0,52.0,83.0
293325,Vereda,BA,Bahia,NORDESTE,6157,3,3,4.872502842293325,2052.3333333333335,0.0,6171,4131.0,66.94214876033058,6,65.5,1,0,51.0,58.0,68.0,74.0,42.0,100.0
293330,Vitória da Conquista,BA,Bahia,NORDESTE,396613,51,51,1.2858882588316571,7776.725490196079,37.90019915890484,394024,157976.0,40.09298925953749,6,53.666666666666664,4,1,25.0,33.0,49.0,73.0,49.0,93.0
293315,Várzea Nova,BA,Bahia,NORDESTE,13866,8,8,5.769508149430262,1733.25,0.0,13847,8873.0,64.07886184733155,6,37.0,5,1,32.0,10.0,30.0,39.0,41.0,70.0
293305,Várzea da Roça,BA,Bahia,NORDESTE,14294,6,6,4.197565412061005,2382.3333333333335,0.0,14279,9965.0,69.78780026612507,6,54.666666666666664,2,2,23.0,11.0,67.0,86.0,60.0,81.0
293310,Várzea do Poço,BA,Bahia,NORDESTE,8334,4,3,4.799616030717543,2083.5,0.0,8344,5560.0,66.63470757430488,6,61.166666666666664,2,1,37.0,12.0,78.0,67.0,78.0,95.0
293340,Wagner,BA,Bahia,NORDESTE,9866,4,4,4.054327995134806,2466.5,0.0,9847,5559.0,56.45374225652483,6,61.833333333333336,2,1,34.0,15.0,81.0,88.0,65.0,88.0
293345,Wanderley,BA,Bahia,NORDESTE,13460,1,1,0.7429420505200593,13460.0,2.0170384749840755,13436,8728.0,64.9598094671033,6,71.0,2,0,40.0,31.0,90.0,98.0,75.0,92.0
293350,Wenceslau Guimarães,BA,Bahia,NORDESTE,25535,9,8,3.5245741139612297,2837.222222222222,0.0,25430,15013.0,59.036570979158476,6,46.333333333333336,4,2,19.0,17.0,38.0,67.0,48.0,89.0
293360,Xique-Xique,BA,Bahia,NORDESTE,47019,12,12,2.5521597652013015,3918.25,0.0,46979,34017.0,72.40894867919708,6,58.333333333333336,2,1,23.0,31.0,74.0,86.0,62.0,74.0
290040,Água Fria,BA,Bahia,NORDESTE,14833,9,9,6.067552079822018,1648.111111111111,0.0,14871,10647.0,71.59572321968933,6,33.166666666666664,4,3,25.0,1.0,50.0,78.0,3.0,42.0
290050,Érico Cardoso,BA,Bahia,NORDESTE,10947,8,6,7.307938247921805,1368.375,0.0,10948,7123.0,65.06211180124224,6,75.16666666666667,1,0,46.0,68.0,84.0,84.0,75.0,94.0
230010,Abaiara,CE,Ceará,NORDESTE,10269,5,5,4.86902327393125,2053.8,0.0,10282,6655.0,64.72476171950983,6,69.0,2,1,47.0,15.0,79.0,97.0,76.0,100.0
230015,Acarape,CE,Ceará,NORDESTE,14340,6,6,4.184100418410042,2390.0,0.0,14306,9559.0,66.81811827205368,6,62.166666666666664,2,2,20.0,11.0,90.0,92.0,60.0,100.0
230020,Acaraú,CE,Ceará,NORDESTE,69317,26,25,3.750883621622401,2666.0384615384614,0.0,68758,45337.0,65.93705459728324,6,76.66666666666667,0,0,54.0,58.0,91.0,93.0,85.0,79.0
230030,Acopiara,CE,Ceará,NORDESTE,45937,23,19,5.006857217493524,1997.2608695652175,0.0,46215,31832.0,68.87806989072813,6,52.0,2,2,23.0,14.0,59.0,63.0,56.0,97.0
230040,Aiuaba,CE,Ceará,NORDESTE,14115,8,8,5.667729365922777,1764.375,0.0,14220,10236.0,71.9831223628692,6,66.5,2,1,31.0,25.0,82.0,90.0,73.0,98.0
230050,Alcântaras,CE,Ceará,NORDESTE,11795,7,6,5.9347181008902075,1685.0,0.0,11754,6579.0,55.97243491577335,6,75.83333333333333,1,0,38.0,56.0,95.0,93.0,81.0,92.0
230060,Altaneira,CE,Ceará,NORDESTE,6974,4,4,5.735589331803842,1743.5,0.0,6970,5653.0,81.10473457675754,6,76.0,1,0,45.0,53.0,82.0,94.0,82.0,100.0
230070,Alto Santo,CE,Ceará,NORDESTE,14372,7,7,4.870581686612859,2053.1428571428573,0.0,14418,10092.0,69.99583853516438,6,86.33333333333333,0,0,70.0,61.0,98.0,98.0,93.0,98.0
230075,Amontada,CE,Ceará,NORDESTE,44584,17,16,3.8130270949219454,2622.5882352941176,0.0,44342,30774.0,69.40147038924721,6,49.0,3,2,18.0,11.0,30.0,81.0,61.0,93.0
230080,Antonina do Norte,CE,Ceará,NORDESTE,7507,4,4,5.328360197149328,1876.75,0.0,7484,5961.0,79.64991982896846,6,82.5,1,0,49.0,53.0,96.0,100.0,100.0,97.0
230090,Apuiarés,CE,Ceará,NORDESTE,13193,9,9,6.821799439096491,1465.888888888889,0.0,13219,9918.0,75.02836825781073,6,43.333333333333336,4,2,31.0,17.0,59.0,28.0,46.0,79.0
230100,Aquiraz,CE,Ceará,NORDESTE,85316,41,41,4.805663650428993,2080.878048780488,0.0,84737,49620.0,58.557654861512674,6,49.0,3,2,28.0,14.0,57.0,59.0,47.0,89.0
230110,Aracati,CE,Ceará,NORDESTE,79205,24,24,3.030111735370242,3300.2083333333335,0.0,78752,39852.0,50.604429093864276,6,49.166666666666664,3,2,29.0,19.0,44.0,72.0,57.0,74.0
230120,Aracoiaba,CE,Ceará,NORDESTE,26752,12,12,4.4856459330143545,2229.3333333333335,0.0,26696,18486.0,69.24632903805814,6,49.833333333333336,3,1,41.0,13.0,74.0,46.0,50.0,75.0
230125,Ararendá,CE,Ceará,NORDESTE,11532,4,4,3.46860908775581,2883.0,0.0,11485,8266.0,71.97213757074445,6,84.0,1,0,49.0,61.0,97.0,100.0,97.0,100.0
230130,Araripe,CE,Ceará,NORDESTE,20194,9,9,4.456769337426959,2243.777777777778,0.0,20223,14956.0,73.9553973198833,6,58.166666666666664,1,1,50.0,13.0,62.0,61.0,66.0,97.0
230140,Aratuba,CE,Ceará,NORDESTE,11427,8,8,7.00096263236195,1428.375,0.0,11459,8928.0,77.91255781481806,6,46.833333333333336,4,1,42.0,29.0,49.0,51.0,47.0,63.0
230150,Arneiroz,CE,Ceará,NORDESTE,7615,3,3,3.939592908732764,2538.3333333333335,0.0,7619,4538.0,59.561622260139124,6,62.0,3,1,38.0,26.0,40.0,92.0,76.0,100.0
230160,Assaré,CE,Ceará,NORDESTE,22195,13,11,5.857175039423293,1707.3076923076924,0.0,22212,17268.0,77.74176121015667,6,88.66666666666667,0,0,76.0,68.0,97.0,98.0,93.0,100.0
230170,Aurora,CE,Ceará,NORDESTE,24244,12,12,4.949678270912391,2020.3333333333333,0.0,24267,16299.0,67.16528619112376,6,70.0,1,0,51.0,47.0,81.0,81.0,80.0,80.0
230180,Baixio,CE,Ceará,NORDESTE,5821,3,3,5.153753650575503,1940.3333333333333,0.0,5832,4347.0,74.53703703703704,6,63.666666666666664,1,1,50.0,1.0,65.0,88.0,82.0,96.0
230185,Banabuiú,CE,Ceará,NORDESTE,17667,11,11,6.226297617026094,1606.090909090909,0.0,17654,12083.0,68.44341225784525,6,66.5,1,0,62.0,40.0,73.0,75.0,66.0,83.0
230190,Barbalha,CE,Ceará,NORDESTE,81441,26,26,3.1924951805601602,3132.346153846154,0.0,80217,38534.0,48.03719909744817,6,54.833333333333336,2,0,31.0,30.0,58.0,68.0,50.0,92.0
230195,Barreira,CE,Ceará,NORDESTE,23474,14,14,5.9640453267444835,1676.7142857142858,0.0,23351,16408.0,70.26679799580317,6,42.166666666666664,5,2,28.0,14.0,44.0,38.0,38.0,91.0
230200,Barro,CE,Ceará,NORDESTE,19569,11,11,5.621135469364812,1779.0,0.0,19669,13673.0,69.51548121409324,6,66.66666666666667,2,1,46.0,16.0,84.0,86.0,71.0,97.0
230205,Barroquinha,CE,Ceará,NORDESTE,14998,8,8,5.334044539271903,1874.75,0.0,14977,11380.0,75.98317420044067,6,64.0,1,0,36.0,51.0,60.0,80.0,66.0,91.0
230210,Baturité,CE,Ceará,NORDESTE,37147,12,12,3.2304089159286082,3095.5833333333335,0.0,36978,23373.0,63.20785331818919,6,56.833333333333336,2,0,38.0,55.0,60.0,66.0,46.0,76.0
230220,Beberibe,CE,Ceará,NORDESTE,55977,24,23,4.287475213033924,2332.375,0.0,55666,35914.0,64.51694032263859,6,73.66666666666667,2,0,42.0,40.0,90.0,92.0,80.0,98.0
230230,Bela Cruz,CE,Ceará,NORDESTE,34613,17,17,4.911449455406928,2036.0588235294117,0.0,34441,20235.0,58.75264945849423,6,83.33333333333333,0,0,57.0,53.0,96.0,99.0,97.0,98.0
230240,Boa Viagem,CE,Ceará,NORDESTE,52133,12,12,2.301804998753189,4344.416666666667,0.0,52169,32562.0,62.41637754221856,6,66.33333333333333,2,1,46.0,21.0,75.0,91.0,68.0,97.0
230250,Brejo Santo,CE,Ceará,NORDESTE,54192,25,25,4.613227044582226,2167.68,0.0,53778,29180.0,54.26010636319685,6,74.33333333333333,1,0,38.0,54.0,79.0,95.0,82.0,98.0
230260,Camocim,CE,Ceará,NORDESTE,65251,24,22,3.6781045501218372,2718.7916666666665,0.0,65031,36765.0,56.53457581768695,6,68.33333333333333,0,0,63.0,58.0,70.0,66.0,54.0,99.0
230270,Campos Sales,CE,Ceará,NORDESTE,26049,19,19,7.293946024799417,1371.0,0.0,26082,17094.0,65.53945249597423,6,56.0,2,1,35.0,17.0,60.0,73.0,69.0,82.0
230280,Canindé,CE,Ceará,NORDESTE,77376,21,21,2.7140198511166256,3684.5714285714284,0.0,77207,49746.0,64.43198155607652,6,59.166666666666664,2,1,36.0,13.0,55.0,93.0,66.0,92.0
230290,Capistrano,CE,Ceará,NORDESTE,17795,1,1,0.561955605507165,17795.0,2.988722114587045,17760,12464.0,70.18018018018019,6,72.33333333333333,1,0,57.0,39.0,88.0,97.0,73.0,80.0
230300,Caridade,CE,Ceará,NORDESTE,16234,7,7,4.311937908094123,2319.1428571428573,0.0,16419,12138.0,73.92654851087156,6,63.5,2,1,22.0,42.0,74.0,83.0,71.0,89.0
230320,Caririaçu,CE,Ceará,NORDESTE,27532,1,1,0.36321371494987653,27532.0,5.171255816735629,27482,19965.0,72.64755112437231,6,69.5,2,1,43.0,29.0,87.0,91.0,77.0,90.0
230310,Cariré,CE,Ceará,NORDESTE,18074,11,11,6.086090516764413,1643.090909090909,0.0,18075,12120.0,67.05394190871368,6,79.83333333333333,1,0,47.0,62.0,92.0,97.0,82.0,99.0
230330,Cariús,CE,Ceará,NORDESTE,17277,9,9,5.209237714881056,1919.6666666666667,0.0,17333,12789.0,73.78411123290832,6,70.33333333333333,2,0,49.0,36.0,98.0,97.0,88.0,54.0
230340,Carnaubal,CE,Ceará,NORDESTE,17815,13,11,7.297221442604546,1370.3846153846155,0.0,17758,11923.0,67.14156999662124,6,83.5,0,0,54.0,70.0,97.0,99.0,85.0,96.0
230350,Cascavel,CE,Ceará,NORDESTE,76866,17,17,2.2116410376499362,4521.529411764706,0.22939668782510808,76365,46546.0,60.952006809402214,6,64.5,2,1,38.0,24.0,81.0,89.0,63.0,92.0
230360,Catarina,CE,Ceará,NORDESTE,9110,8,8,8.781558726673984,1138.75,0.0,9577,7741.0,80.82906964602694,6,60.666666666666664,2,2,18.0,25.0,66.0,84.0,74.0,97.0
230365,Catunda,CE,Ceará,NORDESTE,10864,6,5,5.522827687776141,1810.6666666666667,0.0,10817,7633.0,70.56485162244614,6,66.66666666666667,2,0,49.0,51.0,74.0,78.0,48.0,100.0
230370,Caucaia,CE,Ceará,NORDESTE,378406,54,53,1.4270386833189748,7007.518518518518,30.819127872572373,375730,163753.0,43.582625821733686,6,40.833333333333336,4,2,12.0,18.0,38.0,60.0,43.0,74.0
230380,Cedro,CE,Ceará,NORDESTE,22564,14,13,6.204573657152987,1611.7142857142858,0.0,22678,16545.0,72.95616897433636,6,67.33333333333333,0,0,53.0,55.0,74.0,76.0,67.0,79.0
230390,Chaval,CE,Ceará,NORDESTE,12811,7,7,5.464054328311607,1830.142857142857,0.0,12805,8708.0,68.00468566966029,6,55.333333333333336,3,1,30.0,29.0,47.0,71.0,60.0,95.0
230395,Chorozinho,CE,Ceará,NORDESTE,20808,10,10,4.805843906189927,2080.8,0.0,20763,13136.0,63.26638732360449,6,75.33333333333333,2,0,36.0,30.0,95.0,99.0,92.0,100.0
230393,Choró,CE,Ceará,NORDESTE,12352,6,6,4.857512953367875,2058.6666666666665,0.0,12380,9158.0,73.97415185783521,6,83.33333333333333,0,0,62.0,60.0,98.0,98.0,82.0,100.0
230400,Coreaú,CE,Ceará,NORDESTE,21417,11,10,5.136106831022086,1947.0,0.0,21438,15415.0,71.90502845414684,6,73.33333333333333,2,0,44.0,47.0,79.0,94.0,79.0,97.0
230410,Crateús,CE,Ceará,NORDESTE,80130,35,35,4.3679021589916385,2289.4285714285716,0.0,79809,44020.0,55.156686589231796,6,58.0,2,1,31.0,11.0,72.0,79.0,62.0,93.0
230420,Crato,CE,Ceará,NORDESTE,139027,37,37,2.6613535500298506,3757.4864864864867,0.0,138232,72999.0,52.80904566236472,6,49.333333333333336,2,1,42.0,19.0,60.0,56.0,50.0,69.0
230423,Croatá,CE,Ceará,NORDESTE,18050,9,9,4.986149584487535,2005.5555555555557,0.0,18007,13677.0,75.95379574609873,6,81.5,0,0,53.0,56.0,97.0,100.0,84.0,99.0
230425,Cruz,CE,Ceará,NORDESTE,32288,14,14,4.33597621407334,2306.285714285714,0.0,31847,20983.0,65.88689672496625,6,82.5,0,0,56.0,60.0,99.0,99.0,92.0,89.0
230426,Deputado Irapuan Pinheiro,CE,Ceará,NORDESTE,9173,4,4,4.360623569170391,2293.25,0.0,9172,6507.0,70.94417793283908,6,81.66666666666667,1,0,58.0,45.0,97.0,97.0,93.0,100.0
230427,Ereré,CE,Ceará,NORDESTE,6381,2,1,3.134304967873374,3190.5,0.0,6393,4022.0,62.912560613170655,6,67.83333333333333,2,1,41.0,19.0,100.0,96.0,68.0,83.0
230428,Eusébio,CE,Ceará,NORDESTE,82016,18,18,2.194693718298869,4556.444444444444,0.38376133464293527,80304,34445.0,42.89325562861128,6,62.833333333333336,1,0,49.0,53.0,61.0,63.0,55.0,96.0
230430,Farias Brito,CE,Ceará,NORDESTE,18498,1,1,0.5405989836739107,18498.0,3.1462984925895565,18557,14323.0,77.18381203858382,6,65.0,0,0,58.0,67.0,57.0,56.0,55.0,97.0
230435,Forquilha,CE,Ceará,NORDESTE,25298,9,9,3.5575934856510396,2810.8888888888887,0.0,25127,13485.0,53.66736976161101,6,60.666666666666664,2,1,19.0,33.0,92.0,62.0,65.0,93.0
230440,Fortaleza,CE,Ceará,NORDESTE,2578483,140,139,0.542954907982717,18417.735714285714,437.96303254772397,2574412,1101712.0,42.79470418876233,6,39.333333333333336,4,2,21.0,28.0,45.0,53.0,34.0,55.0
230445,Fortim,CE,Ceará,NORDESTE,18213,8,8,4.392466919233515,2276.625,0.0,18052,11341.0,62.8240638156437,6,77.33333333333333,0,0,59.0,51.0,90.0,86.0,82.0,96.0
230450,Frecheirinha,CE,Ceará,NORDESTE,16516,6,6,3.6328408815693876,2752.6666666666665,0.0,16362,9956.0,60.84830705292752,6,66.5,2,1,44.0,15.0,74.0,81.0,86.0,99.0
230460,General Sampaio,CE,Ceará,NORDESTE,6929,5,5,7.216048491845865,1385.8,0.0,6924,4759.0,68.7319468515309,6,63.833333333333336,2,0,31.0,35.0,77.0,77.0,63.0,100.0
230470,Granja,CE,Ceará,NORDESTE,55809,16,16,2.866921105914817,3488.0625,0.0,55633,38204.0,68.6714719680765,6,80.33333333333333,0,0,59.0,63.0,85.0,97.0,79.0,99.0
230480,Granjeiro,CE,Ceará,NORDESTE,4955,3,3,6.054490413723512,1651.6666666666667,0.0,4960,3774.0,76.08870967741936,6,60.333333333333336,2,1,44.0,9.0,54.0,88.0,67.0,100.0
230465,Graça,CE,Ceará,NORDESTE,14176,7,7,4.937923250564334,2025.142857142857,0.0,14174,9650.0,68.08240440242697,6,74.16666666666667,1,0,50.0,49.0,90.0,80.0,78.0,98.0
230490,Groaíras,CE,Ceará,NORDESTE,11369,2,1,1.7591696719148562,5684.5,0.5483440135285257,11313,7148.0,63.18394767082118,6,58.5,2,1,40.0,8.0,75.0,73.0,68.0,87.0
230495,Guaiúba,CE,Ceará,NORDESTE,25158,14,13,5.564830272676684,1797.0,0.0,25085,14414.0,57.460633844927244,6,62.333333333333336,2,0,47.0,38.0,71.0,70.0,53.0,95.0
230500,Guaraciaba do Norte,CE,Ceará,NORDESTE,44565,20,20,4.4878267698866825,2228.25,0.0,44294,30423.0,68.6842461732966,6,59.5,2,1,34.0,23.0,66.0,76.0,67.0,91.0
230510,Guaramiranga,CE,Ceará,NORDESTE,5826,3,3,5.1493305870236865,1942.0,0.0,5819,3976.0,68.32789139027324,6,76.16666666666667,1,0,54.0,46.0,95.0,81.0,81.0,100.0
230520,Hidrolândia,CE,Ceará,NORDESTE,18186,9,9,4.948861761794787,2020.6666666666667,0.0,18225,12318.0,67.58847736625513,6,73.5,1,1,84.0,12.0,85.0,96.0,67.0,97.0
230523,Horizonte,CE,Ceará,NORDESTE,81161,21,20,2.5874496371409914,3864.809523809524,0.0,79934,36362.0,45.49002927415117,6,59.166666666666664,2,0,46.0,39.0,65.0,69.0,58.0,78.0
230526,Ibaretama,CE,Ceará,NORDESTE,12149,7,7,5.761791093917195,1735.5714285714287,0.0,12191,8602.0,70.56024936428513,6,67.16666666666667,0,0,82.0,53.0,82.0,68.0,58.0,60.0
230530,Ibiapina,CE,Ceará,NORDESTE,24689,12,12,4.860464174328648,2057.4166666666665,0.0,24649,17375.0,70.48967503752688,6,73.66666666666667,2,0,46.0,45.0,82.0,97.0,75.0,97.0
230533,Ibicuitinga,CE,Ceará,NORDESTE,12008,6,6,4.996668887408394,2001.3333333333333,0.0,11979,8878.0,74.11303113782452,6,82.16666666666667,1,0,64.0,43.0,98.0,98.0,90.0,100.0
230535,Icapuí,CE,Ceará,NORDESTE,22562,8,8,3.545784948142895,2820.25,0.0,22367,13008.0,58.15710645146868,6,61.0,2,1,30.0,19.0,74.0,90.0,78.0,75.0
230540,Icó,CE,Ceará,NORDESTE,64745,26,25,4.015754112286663,2490.1923076923076,0.0,64802,41927.0,64.7001635751983,6,74.16666666666667,1,0,74.0,46.0,76.0,85.0,65.0,99.0
230550,Iguatu,CE,Ceará,NORDESTE,102588,32,31,3.1192732093422233,3205.875,0.0,102251,59472.0,58.162756354461074,6,52.333333333333336,2,0,33.0,31.0,57.0,66.0,56.0,71.0
230560,Independência,CE,Ceará,NORDESTE,24463,10,10,4.087806074479826,2446.3,0.0,24530,17858.0,72.80065226253566,6,75.66666666666667,1,1,50.0,23.0,97.0,100.0,88.0,96.0
230565,Ipaporanga,CE,Ceará,NORDESTE,11963,6,6,5.01546434840759,1993.8333333333333,0.0,11937,8630.0,72.29622183128089,6,81.16666666666667,1,0,56.0,49.0,98.0,94.0,90.0,100.0
230570,Ipaumirim,CE,Ceará,NORDESTE,12459,6,6,4.815795810257645,2076.5,0.0,12441,8029.0,64.53661281247489,6,75.66666666666667,1,0,39.0,50.0,86.0,95.0,86.0,98.0
230580,Ipu,CE,Ceará,NORDESTE,43084,19,19,4.409989787392071,2267.5789473684213,0.0,42968,29735.0,69.20266244647179,6,70.5,2,1,37.0,27.0,89.0,97.0,77.0,96.0
230590,Ipueiras,CE,Ceará,NORDESTE,38287,6,6,1.5671115522239925,6381.166666666667,2.5819726665464566,38285,24915.0,65.07770667363198,6,72.33333333333333,1,0,58.0,48.0,78.0,80.0,73.0,97.0
230600,Iracema,CE,Ceará,NORDESTE,14440,8,6,5.54016620498615,1805.0,0.0,14411,9121.0,63.29192977586566,6,75.5,2,0,41.0,42.0,96.0,98.0,76.0,100.0
230610,Irauçuba,CE,Ceará,NORDESTE,24867,9,9,3.619254433586681,2763.0,0.0,24751,17588.0,71.05975516140762,6,76.83333333333333,2,0,47.0,48.0,88.0,97.0,83.0,98.0
230625,Itaitinga,CE,Ceará,NORDESTE,72512,24,24,3.309796999117388,3021.3333333333335,0.0,70679,24949.0,35.299027999830216,6,71.16666666666667,1,0,48.0,52.0,84.0,80.0,66.0,97.0
230620,Itaiçaba,CE,Ceará,NORDESTE,7801,4,4,5.127547750288425,1950.25,0.0,7779,4777.0,61.408921455199895,6,72.66666666666667,1,0,52.0,37.0,90.0,90.0,71.0,96.0
230630,Itapajé,CE,Ceará,NORDESTE,49073,23,23,4.686895033929044,2133.608695652174,0.0,49086,30887.0,62.92425538850181,6,51.5,3,1,40.0,25.0,48.0,60.0,56.0,80.0
230640,Itapipoca,CE,Ceará,NORDESTE,138978,46,44,3.3098763833124667,3021.2608695652175,0.0,137892,84505.0,61.28346822150669,6,68.66666666666667,2,0,34.0,39.0,85.0,92.0,69.0,93.0
230650,Itapiúna,CE,Ceará,NORDESTE,18197,1,1,0.5495411331538166,18197.0,3.078829801581369,18228,12288.0,67.41277156023699,6,60.833333333333336,2,2,17.0,25.0,64.0,89.0,73.0,97.0
230655,Itarema,CE,Ceará,NORDESTE,45852,17,15,3.7075809125010903,2697.176470588235,0.0,45465,29364.0,64.5859452325965,6,73.83333333333333,0,0,51.0,70.0,70.0,80.0,75.0,97.0
230660,Itatira,CE,Ceará,NORDESTE,21160,17,17,8.034026465028356,1244.7058823529412,0.0,21087,16520.0,78.34210651112059,6,61.833333333333336,0,0,57.0,50.0,66.0,71.0,50.0,77.0
230670,Jaguaretama,CE,Ceará,NORDESTE,17604,7,7,3.9763690070438535,2514.8571428571427,0.0,17625,13328.0,75.61985815602836,6,74.5,1,0,60.0,31.0,91.0,98.0,73.0,94.0
230680,Jaguaribara,CE,Ceará,NORDESTE,10668,3,3,2.81214848143982,3556.0,0.0,10656,7397.0,69.41629129129129,6,59.0,2,0,57.0,50.0,49.0,54.0,44.0,100.0
230690,Jaguaribe,CE,Ceará,NORDESTE,35143,13,13,3.6991719545855504,2703.3076923076924,0.0,35124,21739.0,61.89215351326728,6,62.333333333333336,1,0,66.0,47.0,69.0,69.0,55.0,68.0
230700,Jaguaruana,CE,Ceará,NORDESTE,33115,16,15,4.831647289747848,2069.6875,0.0,33070,23419.0,70.81644995464167,6,71.0,0,0,75.0,62.0,70.0,73.0,67.0,79.0
230710,Jardim,CE,Ceará,NORDESTE,28801,1,0,0.3472101663136697,28801.0,5.455700231650547,28707,18915.0,65.88985264917964,6,70.0,2,0,46.0,42.0,70.0,94.0,75.0,93.0
230720,Jati,CE,Ceará,NORDESTE,8114,4,4,4.929751047572097,2028.5,0.0,8100,5264.0,64.98765432098766,6,57.833333333333336,2,0,70.0,43.0,57.0,51.0,38.0,88.0
230725,Jijoca de Jericoacoara,CE,Ceará,NORDESTE,28198,9,8,3.1917157245194696,3133.1111111111113,0.0,27662,14138.0,51.1098257537416,6,76.5,2,0,46.0,42.0,89.0,97.0,89.0,96.0
230730,Juazeiro do Norte,CE,Ceará,NORDESTE,305531,54,53,1.7674147631500567,5657.981481481482,14.484307748912304,303004,131634.0,43.44299085160592,6,54.666666666666664,3,0,37.0,34.0,54.0,62.0,49.0,92.0
230740,Jucás,CE,Ceará,NORDESTE,24624,12,12,4.8732943469785575,2052.0,0.0,24591,17485.0,71.10324915619536,6,65.33333333333333,2,0,48.0,34.0,71.0,76.0,66.0,97.0
230750,Lavras da Mangabeira,CE,Ceará,NORDESTE,32163,13,13,4.041911513229487,2474.076923076923,0.0,32123,20428.0,63.59306415963639,6,69.0,1,1,51.0,25.0,76.0,89.0,73.0,100.0
230760,Limoeiro do Norte,CE,Ceará,NORDESTE,62623,21,21,3.3534005078006484,2982.0476190476193,0.0,62285,33076.0,53.10427871879264,6,69.5,1,0,44.0,56.0,71.0,79.0,69.0,98.0
230763,Madalena,CE,Ceará,NORDESTE,17235,6,6,3.4812880765883376,2872.5,0.0,17264,12278.0,71.11909175162188,6,67.0,1,1,69.0,29.0,69.0,75.0,68.0,92.0
230765,Maracanaú,CE,Ceará,NORDESTE,251613,35,33,1.3910251060159848,7188.942857142857,21.398670267917403,249684,123479.0,49.454109995033726,6,46.0,3,0,36.0,43.0,50.0,50.0,35.0,62.0
230770,Maranguape,CE,Ceará,NORDESTE,108622,35,34,3.222183351438935,3103.4857142857145,0.0,108937,60153.0,55.21815361172053,6,58.333333333333336,2,1,41.0,21.0,66.0,70.0,56.0,96.0
230780,Marco,CE,Ceará,NORDESTE,27177,10,10,3.6795819994848586,2717.7,0.0,27064,19539.0,72.19553650605971,6,72.5,0,0,58.0,76.0,72.0,74.0,71.0,84.0
230790,Martinópole,CE,Ceará,NORDESTE,11280,12,6,10.638297872340425,940.0,0.0,11232,8483.0,75.5252849002849,6,88.33333333333333,0,0,78.0,78.0,97.0,100.0,87.0,90.0
230800,Massapê,CE,Ceará,NORDESTE,39840,14,13,3.5140562248995986,2845.714285714286,0.0,39633,25238.0,63.679257184669346,6,55.666666666666664,2,1,33.0,20.0,59.0,70.0,61.0,91.0
230810,Mauriti,CE,Ceará,NORDESTE,47501,26,26,5.47356897749521,1826.9615384615386,0.0,47406,32996.0,69.60300383917648,6,65.16666666666667,2,1,40.0,19.0,74.0,84.0,78.0,96.0
230820,Meruoca,CE,Ceará,NORDESTE,15853,7,7,4.415568031287453,2264.714285714286,0.0,15749,9866.0,62.645247317289986,6,66.33333333333333,2,1,43.0,20.0,68.0,96.0,76.0,95.0
230830,Milagres,CE,Ceará,NORDESTE,26819,15,15,5.593049703568366,1787.9333333333334,0.0,26860,18985.0,70.6813104988831,6,68.83333333333333,1,0,43.0,55.0,80.0,79.0,72.0,84.0
230835,Milhã,CE,Ceará,NORDESTE,14713,7,7,4.757697274519133,2101.8571428571427,0.0,14635,9591.0,65.53467714383328,6,85.16666666666667,0,0,55.0,92.0,87.0,94.0,83.0,100.0
230837,Miraíma,CE,Ceará,NORDESTE,14826,6,6,4.046944556859571,2471.0,0.0,14736,9498.0,64.4543973941368,6,79.83333333333333,1,0,42.0,65.0,90.0,100.0,84.0,98.0
230840,Missão Velha,CE,Ceará,NORDESTE,38997,18,16,4.6157396722824835,2166.5,0.0,38767,25471.0,65.70278845409756,6,64.16666666666667,2,0,30.0,35.0,71.0,83.0,71.0,95.0
230850,Mombaça,CE,Ceará,NORDESTE,38451,13,13,3.380926373826428,2957.769230769231,0.0,38649,29135.0,75.3835804289891,6,58.333333333333336,1,0,52.0,36.0,66.0,58.0,62.0,76.0
230860,Monsenhor Tabosa,CE,Ceará,NORDESTE,17705,8,8,4.518497599548151,2213.125,0.0,17664,11931.0,67.54415760869566,6,64.66666666666667,2,1,43.0,17.0,81.0,90.0,80.0,77.0
230870,Morada Nova,CE,Ceará,NORDESTE,65390,31,26,4.74078605291329,2109.3548387096776,0.0,65323,40932.0,62.66093106562772,6,53.333333333333336,3,1,44.0,13.0,48.0,65.0,56.0,94.0
230880,Moraújo,CE,Ceará,NORDESTE,8537,5,5,5.8568583811643435,1707.4,0.0,8516,5718.0,67.14419915453264,6,54.0,1,1,50.0,14.0,86.0,60.0,51.0,63.0
230890,Morrinhos,CE,Ceará,NORDESTE,23747,9,9,3.7899524150419,2638.5555555555557,0.0,23608,15048.0,63.741104710267706,6,82.33333333333333,1,0,49.0,61.0,96.0,99.0,92.0,97.0
230900,Mucambo,CE,Ceará,NORDESTE,13999,7,5,5.0003571683691685,1999.857142857143,0.0,14009,9639.0,68.80576772075095,6,70.5,1,0,52.0,48.0,77.0,75.0,71.0,100.0
230910,Mulungu,CE,Ceará,NORDESTE,11064,5,5,4.519161243673174,2212.8,0.0,10993,7695.0,69.99909033021014,6,72.33333333333333,2,0,44.0,38.0,97.0,86.0,69.0,100.0
230920,Nova Olinda,CE,Ceará,NORDESTE,16045,6,6,3.73948270489249,2674.1666666666665,0.0,15960,10778.0,67.531328320802,6,67.33333333333333,0,0,84.0,75.0,54.0,59.0,53.0,79.0
230930,Nova Russas,CE,Ceará,NORDESTE,32053,2,2,0.6239665553926309,16026.5,5.184631072709107,32014,19797.0,61.83857062535141,6,80.83333333333333,1,0,49.0,52.0,97.0,100.0,88.0,99.0
230940,Novo Oriente,CE,Ceará,NORDESTE,29097,13,13,4.467814551328316,2238.230769230769,0.0,29043,20988.0,72.26526185311435,6,75.0,2,0,48.0,41.0,82.0,93.0,87.0,99.0
230945,Ocara,CE,Ceará,NORDESTE,25272,14,14,5.539727761949984,1805.142857142857,0.0,25218,18550.0,73.55856927591404,6,71.5,1,1,57.0,14.0,93.0,92.0,78.0,95.0
230950,Orós,CE,Ceará,NORDESTE,19943,11,11,5.515719801434088,1813.0,0.0,20019,15890.0,79.37459413557121,6,58.333333333333336,2,0,46.0,33.0,70.0,64.0,63.0,74.0
230960,Pacajus,CE,Ceará,NORDESTE,75454,20,20,2.6506215707583425,3772.7,0.0,74825,34273.0,45.80420982292014,6,55.0,2,2,16.0,13.0,66.0,81.0,59.0,95.0
230970,Pacatuba,CE,Ceará,NORDESTE,86564,20,20,2.3104292777598077,4328.2,0.0,85873,39440.0,45.928289450700454,6,58.5,2,2,23.0,13.0,81.0,85.0,55.0,94.0
230980,Pacoti,CE,Ceará,NORDESTE,11421,7,7,6.129060502582961,1631.5714285714287,0.0,11442,7790.0,68.08250305890579,6,76.83333333333333,1,0,54.0,45.0,93.0,95.0,80.0,94.0
230990,Pacujá,CE,Ceará,NORDESTE,6348,4,4,6.30119722747322,1587.0,0.0,6345,4261.0,67.1552403467297,6,75.16666666666667,1,0,44.0,54.0,83.0,96.0,74.0,100.0
231000,Palhano,CE,Ceará,NORDESTE,9709,7,5,7.209805335255948,1387.0,0.0,9671,6761.0,69.91004032675008,6,68.5,0,0,54.0,53.0,71.0,65.0,68.0,100.0
231010,Palmácia,CE,Ceará,NORDESTE,10252,5,5,4.8770971517752635,2050.4,0.0,10339,6873.0,66.47644839926492,6,58.333333333333336,3,1,39.0,15.0,45.0,100.0,59.0,92.0
231020,Paracuru,CE,Ceará,NORDESTE,41894,21,20,5.012650976273452,1994.952380952381,0.0,41447,23799.0,57.42031992665332,6,52.5,2,2,28.0,26.0,57.0,57.0,51.0,96.0
231025,Paraipaba,CE,Ceará,NORDESTE,34086,14,14,4.107258111834771,2434.714285714286,0.0,33896,22700.0,66.96955392966721,6,61.5,2,1,40.0,24.0,79.0,59.0,73.0,94.0
231030,Parambu,CE,Ceará,NORDESTE,32867,9,8,2.7383089420999784,3651.8888888888887,0.0,32816,20625.0,62.85043881033642,6,65.16666666666667,2,0,45.0,34.0,68.0,78.0,68.0,98.0
231040,Paramoti,CE,Ceará,NORDESTE,10462,6,6,5.735041101127892,1743.6666666666667,0.0,10528,8168.0,77.58358662613982,6,79.16666666666667,1,0,42.0,54.0,100.0,97.0,82.0,100.0
231050,Pedra Branca,CE,Ceará,NORDESTE,42227,24,18,5.683567385795818,1759.4583333333333,0.0,42257,28519.0,67.4894100385735,6,68.83333333333333,1,0,59.0,42.0,72.0,74.0,67.0,99.0
231060,Penaforte,CE,Ceará,NORDESTE,9357,9,8,9.618467457518436,1039.6666666666667,0.0,9308,6730.0,72.30339492909326,6,51.0,1,1,50.0,24.0,58.0,63.0,53.0,58.0
231070,Pentecoste,CE,Ceará,NORDESTE,39903,17,16,4.260331303410771,2347.235294117647,0.0,39715,22241.0,56.00151076419488,6,66.83333333333333,2,0,46.0,47.0,68.0,78.0,67.0,95.0
231080,Pereiro,CE,Ceará,NORDESTE,15858,9,9,5.675368898978434,1762.0,0.0,15869,10824.0,68.20845673955512,6,80.0,1,0,66.0,48.0,94.0,97.0,82.0,93.0
231085,Pindoretama,CE,Ceará,NORDESTE,24919,1,1,0.4013002126891127,24919.0,4.585555851272524,24607,16620.0,67.54175641077742,6,58.5,3,0,49.0,67.0,63.0,38.0,38.0,96.0
231090,Piquet Carneiro,CE,Ceará,NORDESTE,17285,8,8,4.628290425224183,2160.625,0.0,17202,10504.0,61.062667131728865,6,86.0,0,0,68.0,59.0,100.0,100.0,89.0,100.0
231095,Pires Ferreira,CE,Ceará,NORDESTE,10984,0,0,0.0,0.0,2.462046850611076,10952,6488.0,59.240321402483566,6,89.5,0,0,71.0,81.0,100.0,94.0,94.0,97.0
231100,Poranga,CE,Ceará,NORDESTE,12441,3,2,2.411381721726549,4147.0,0.0,12423,8120.0,65.36263382435804,6,51.0,4,1,24.0,33.0,47.0,55.0,47.0,100.0
231110,Porteiras,CE,Ceará,NORDESTE,17877,9,8,5.034401745259272,1986.3333333333333,0.0,17745,11548.0,65.07748661594816,6,65.33333333333333,0,0,55.0,57.0,66.0,66.0,65.0,83.0
231120,Potengi,CE,Ceará,NORDESTE,8854,6,6,6.77659814772984,1475.6666666666667,0.0,8926,6300.0,70.58032713421466,6,65.66666666666667,2,0,41.0,47.0,70.0,76.0,62.0,98.0
231123,Potiretama,CE,Ceará,NORDESTE,6128,5,4,8.159268929503916,1225.6,0.0,6129,3981.0,64.95349975526187,6,69.5,2,1,36.0,29.0,82.0,94.0,76.0,100.0
231126,Quiterianópolis,CE,Ceará,NORDESTE,20545,11,11,5.35410075444147,1867.7272727272727,0.0,20506,14643.0,71.40836828245392,6,86.0,0,0,62.0,78.0,93.0,99.0,85.0,99.0
231130,Quixadá,CE,Ceará,NORDESTE,88846,22,22,2.4761947639736173,4038.4545454545455,0.0,88483,51465.0,58.16371506391058,6,65.5,2,1,35.0,23.0,79.0,90.0,72.0,94.0
231135,Quixelô,CE,Ceará,NORDESTE,16998,9,9,5.2947405577126725,1888.6666666666667,0.0,16992,12286.0,72.30461393596987,6,71.5,2,1,48.0,25.0,98.0,96.0,88.0,74.0
231140,Quixeramobim,CE,Ceará,NORDESTE,86431,31,30,3.586676076870567,2788.0967741935483,0.0,85797,47020.0,54.803781017984306,6,74.5,1,0,52.0,37.0,86.0,92.0,82.0,98.0
231150,Quixeré,CE,Ceará,NORDESTE,21659,9,6,4.155316496606491,2406.5555555555557,0.0,21607,12444.0,57.59244689221086,6,83.33333333333333,0,0,60.0,53.0,96.0,97.0,94.0,100.0
231160,Redenção,CE,Ceará,NORDESTE,28382,14,14,4.932703826368826,2027.2857142857142,0.0,28359,19219.0,67.770372721182,6,62.333333333333336,2,1,36.0,23.0,79.0,80.0,61.0,95.0
231170,Reriutaba,CE,Ceará,NORDESTE,19051,9,8,4.724161461340612,2116.777777777778,0.0,19059,13095.0,68.70769715095231,6,82.16666666666667,1,0,49.0,68.0,92.0,92.0,92.0,100.0
231180,Russas,CE,Ceará,NORDESTE,74834,32,28,4.27613117032365,2338.5625,0.0,74582,41215.0,55.2613231074522,6,63.0,0,0,52.0,61.0,64.0,67.0,59.0,75.0
231190,Saboeiro,CE,Ceará,NORDESTE,13943,2,2,1.4344115326687228,6971.5,1.1253021884623302,14036,9922.0,70.6896551724138,6,69.5,2,1,33.0,18.0,90.0,98.0,84.0,94.0
231195,Salitre,CE,Ceará,NORDESTE,17303,10,10,5.7793446223198295,1730.3,0.0,17220,13472.0,78.23461091753775,6,73.5,2,0,34.0,48.0,92.0,87.0,85.0,95.0
231220,Santa Quitéria,CE,Ceará,NORDESTE,41569,14,13,3.3678943443431404,2969.214285714286,0.0,41647,28393.0,68.1753787787836,6,60.0,2,0,30.0,45.0,58.0,72.0,57.0,98.0
231200,Santana do Acaraú,CE,Ceará,NORDESTE,32133,12,12,3.734478573429185,2677.75,0.0,32043,23029.0,71.86905096276878,6,76.16666666666667,2,0,47.0,40.0,94.0,88.0,88.0,100.0
231210,Santana do Cariri,CE,Ceará,NORDESTE,17391,7,6,4.025070438732678,2484.4285714285716,0.0,17388,12679.0,72.91810443984357,6,68.0,2,1,94.0,24.0,80.0,67.0,43.0,100.0
231270,Senador Pompeu,CE,Ceará,NORDESTE,25108,13,12,5.177632627051139,1931.3846153846155,0.0,25143,15404.0,61.26556099113073,6,76.33333333333333,1,0,48.0,63.0,74.0,87.0,86.0,100.0
231280,Senador Sá,CE,Ceará,NORDESTE,7551,5,5,6.621639517944644,1510.2,0.0,7519,5272.0,70.11570687591436,6,78.16666666666667,0,0,53.0,51.0,97.0,94.0,76.0,98.0
231290,Sobral,CE,Ceará,NORDESTE,216519,45,42,2.0783395452593076,4811.533333333334,3.532403682397996,215286,102902.0,47.7978131415884,6,56.0,2,0,43.0,32.0,65.0,67.0,57.0,72.0
231300,Solonópole,CE,Ceará,NORDESTE,18785,9,9,4.791056694170881,2087.222222222222,0.0,18736,10781.0,57.54163108454312,6,56.0,1,1,53.0,21.0,54.0,58.0,54.0,96.0
231230,São Benedito,CE,Ceará,NORDESTE,50058,21,20,4.195133644971833,2383.714285714286,0.0,49829,30494.0,61.19729474803829,6,76.5,2,0,44.0,47.0,96.0,96.0,82.0,94.0
231240,São Gonçalo do Amarante,CE,Ceará,NORDESTE,58191,22,22,3.780653365640735,2645.0454545454545,0.0,57499,36461.0,63.41153759195812,6,56.0,2,1,47.0,24.0,58.0,69.0,54.0,84.0
231250,São João do Jaguaribe,CE,Ceará,NORDESTE,5683,2,2,3.5192679922576104,2841.5,0.0,5792,4173.0,72.04765193370166,6,54.666666666666664,4,0,43.0,59.0,45.0,45.0,36.0,100.0
231260,São Luís do Curu,CE,Ceará,NORDESTE,10888,7,7,6.429096252755327,1555.4285714285713,0.0,10962,7695.0,70.19704433497537,6,41.333333333333336,4,2,23.0,17.0,42.0,60.0,46.0,60.0
231310,Tabuleiro do Norte,CE,Ceará,NORDESTE,32122,10,10,3.113131187348235,3212.2,0.0,32044,19203.0,59.92697540881288,6,79.33333333333333,1,0,58.0,34.0,97.0,99.0,93.0,95.0
231320,Tamboril,CE,Ceará,NORDESTE,25287,14,14,5.536441649859611,1806.2142857142858,0.0,25331,17944.0,70.83810350953377,6,84.33333333333333,0,0,56.0,70.0,91.0,100.0,90.0,99.0
231325,Tarrafas,CE,Ceará,NORDESTE,7574,4,4,5.281225244256667,1893.5,0.0,7626,5249.0,68.83031733543142,6,52.166666666666664,3,1,36.0,21.0,52.0,56.0,48.0,100.0
231330,Tauá,CE,Ceará,NORDESTE,64655,22,21,3.4026757404686414,2938.8636363636365,0.0,64255,34550.0,53.77013461987394,6,80.5,0,0,81.0,68.0,79.0,91.0,70.0,94.0
231335,Tejuçuoca,CE,Ceará,NORDESTE,17646,8,8,4.533605349654312,2205.75,0.0,17626,12825.0,72.76182911607853,6,75.33333333333333,2,0,45.0,37.0,96.0,93.0,85.0,96.0
231340,Tianguá,CE,Ceará,NORDESTE,86968,29,29,3.3345598381013706,2998.896551724138,0.0,86137,52351.0,60.77643753555383,6,62.333333333333336,2,2,24.0,25.0,76.0,92.0,69.0,88.0
231350,Trairi,CE,Ceará,NORDESTE,62004,26,26,4.19327785304174,2384.769230769231,0.0,61516,39762.0,64.63684244749334,6,66.5,2,0,31.0,32.0,81.0,92.0,67.0,96.0
231355,Tururu,CE,Ceará,NORDESTE,15524,8,8,5.15331100231899,1940.5,0.0,15457,11473.0,74.22527010415992,6,63.333333333333336,2,1,38.0,26.0,68.0,79.0,77.0,92.0
231360,Ubajara,CE,Ceará,NORDESTE,34424,15,15,4.3574250522891,2294.9333333333334,0.0,34312,24406.0,71.12963394730707,6,75.83333333333333,2,0,43.0,33.0,92.0,100.0,88.0,99.0
231370,Umari,CE,Ceará,NORDESTE,6963,4,4,5.7446502944133275,1740.75,0.0,6993,5396.0,77.16287716287717,6,64.0,2,1,43.0,26.0,65.0,92.0,62.0,96.0
231375,Umirim,CE,Ceará,NORDESTE,17751,7,7,3.943439806208101,2535.8571428571427,0.0,17804,10722.0,60.22242192765671,6,61.166666666666664,2,0,43.0,42.0,67.0,68.0,58.0,89.0
231380,Uruburetama,CE,Ceará,NORDESTE,21331,12,12,5.625615301673621,1777.5833333333333,0.0,21279,13811.0,64.90436580666385,6,77.5,1,0,51.0,43.0,96.0,98.0,84.0,93.0
231390,Uruoca,CE,Ceará,NORDESTE,14308,8,8,5.591277606933184,1788.5,0.0,14243,9178.0,64.43867162816822,6,86.33333333333333,0,0,63.0,87.0,88.0,96.0,86.0,98.0
231395,Varjota,CE,Ceará,NORDESTE,18708,8,7,4.276245456489202,2338.5,0.0,18660,12354.0,66.20578778135048,6,80.16666666666667,0,0,59.0,57.0,84.0,95.0,87.0,99.0
231410,Viçosa do Ceará,CE,Ceará,NORDESTE,62972,19,18,3.0172139998729595,3314.315789473684,0.0,62609,44190.0,70.58090689836925,6,75.66666666666667,2,1,48.0,28.0,95.0,98.0,86.0,99.0
231400,Várzea Alegre,CE,Ceará,NORDESTE,40878,15,13,3.669455452810803,2725.2,0.0,40771,28504.0,69.91243776213484,6,71.33333333333333,0,0,92.0,51.0,62.0,68.0,56.0,99.0
530010,Brasília,DF,Distrito Federal,CENTRO-OESTE,2996899,210,199,0.700724315367318,14270.94761904762,461.7503409094577,2982818,838546.0,28.112543239312622,6,40.833333333333336,4,2,18.0,16.0,38.0,59.0,40.0,74.0
320010,Afonso Cláudio,ES,Espírito Santo,SUDESTE,32456,8,8,2.4648755237860485,4057.0,0.0,32446,15436.0,47.57443136287986,6,64.16666666666667,1,0,53.0,43.0,67.0,72.0,57.0,93.0
320020,Alegre,ES,Espírito Santo,SUDESTE,30702,11,11,3.5828284802293013,2791.090909090909,0.0,30744,13434.0,43.69633099141296,6,60.666666666666664,2,1,28.0,75.0,50.0,64.0,47.0,100.0
320030,Alfredo Chaves,ES,Espírito Santo,SUDESTE,14376,15,6,10.434056761268781,958.4,0.0,14373,5742.0,39.94990607388854,6,55.0,4,0,49.0,46.0,45.0,52.0,38.0,100.0
320035,Alto Rio Novo,ES,Espírito Santo,SUDESTE,7760,4,4,5.154639175257732,1940.0,0.0,7747,3938.0,50.832580353685294,6,37.0,4,4,23.0,3.0,21.0,54.0,21.0,100.0
320040,Anchieta,ES,Espírito Santo,SUDESTE,33017,22,10,6.663234091528606,1500.7727272727273,0.0,32584,14037.0,43.07942548490056,6,67.0,2,0,47.0,30.0,70.0,76.0,82.0,97.0
320050,Apiacá,ES,Espírito Santo,SUDESTE,7462,3,3,4.02036987402841,2487.3333333333335,0.0,7474,4518.0,60.449558469360454,6,78.66666666666667,1,0,48.0,71.0,100.0,100.0,71.0,82.0
320060,Aracruz,ES,Espírito Santo,SUDESTE,103363,22,22,2.1284211952052474,4698.318181818182,1.168658832821621,102410,37933.0,37.040328092959676,6,36.833333333333336,5,2,30.0,13.0,31.0,46.0,23.0,78.0
320070,Atílio Vivácqua,ES,Espírito Santo,SUDESTE,11046,8,8,7.242440702516748,1380.75,0.0,11013,5072.0,46.05466267138836,6,64.83333333333333,2,1,32.0,21.0,83.0,87.0,68.0,98.0
320080,Baixo Guandu,ES,Espírito Santo,SUDESTE,32829,14,14,4.264522221206859,2344.9285714285716,0.0,32694,13387.0,40.946351012418184,6,49.166666666666664,4,1,40.0,33.0,46.0,51.0,28.0,97.0
320090,Barra de São Francisco,ES,Espírito Santo,SUDESTE,45415,17,16,3.743256633270946,2671.470588235294,0.0,45250,19813.0,43.78563535911602,6,56.333333333333336,2,0,30.0,38.0,70.0,57.0,50.0,93.0
320100,Boa Esperança,ES,Espírito Santo,SUDESTE,14054,7,7,4.980788387647644,2007.7142857142858,0.0,14079,9045.0,64.24461964628169,6,62.833333333333336,2,1,37.0,20.0,72.0,77.0,77.0,94.0
320110,Bom Jesus do Norte,ES,Espírito Santo,SUDESTE,10820,4,4,3.696857670979667,2705.0,0.0,10764,5133.0,47.68673355629877,6,44.166666666666664,4,1,49.0,33.0,33.0,62.0,5.0,83.0
320115,Brejetuba,ES,Espírito Santo,SUDESTE,13718,7,5,5.102784662487243,1959.7142857142858,0.0,13642,7599.0,55.70297610321068,6,80.33333333333333,0,0,52.0,53.0,95.0,97.0,89.0,96.0
320120,Cachoeiro de Itapemirim,ES,Espírito Santo,SUDESTE,198342,43,41,2.1679724919583343,4612.604651162791,1.458056850318841,198323,70093.0,35.342849795535564,6,43.166666666666664,4,2,28.0,16.0,47.0,55.0,39.0,74.0
320130,Cariacica,ES,Espírito Santo,SUDESTE,376200,39,37,1.036682615629984,9646.153846153846,45.324656336479144,375485,126188.0,33.60666870847038,6,31.0,5,5,18.0,13.0,19.0,27.0,19.0,90.0
320140,Castelo,ES,Espírito Santo,SUDESTE,39575,11,10,2.779532533164877,3597.7272727272725,0.0,39396,14830.0,37.643415575185294,6,69.83333333333333,0,0,53.0,64.0,70.0,74.0,58.0,100.0
320150,Colatina,ES,Espírito Santo,SUDESTE,129301,46,46,3.5575904285349687,2810.891304347826,0.0,128622,38121.0,29.638009049773757,6,48.0,3,2,29.0,22.0,52.0,62.0,47.0,76.0
320160,Conceição da Barra,ES,Espírito Santo,SUDESTE,28923,11,11,3.8032016042595855,2629.3636363636365,0.0,28953,16378.0,56.567540496667014,6,54.666666666666664,3,1,41.0,14.0,67.0,72.0,44.0,90.0
320170,Conceição do Castelo,ES,Espírito Santo,SUDESTE,12472,7,7,5.6125721616420785,1781.7142857142858,0.0,12448,5629.0,45.220115681233935,6,67.66666666666667,1,0,59.0,44.0,67.0,100.0,76.0,60.0
320180,Divino de São Lourenço,ES,Espírito Santo,SUDESTE,5397,3,3,5.558643690939411,1799.0,0.0,5359,2388.0,44.56055234185482,6,40.166666666666664,4,3,26.0,0.0,46.0,69.0,0.0,100.0
320190,Domingos Martins,ES,Espírito Santo,SUDESTE,38236,13,13,3.399937231928026,2941.230769230769,0.0,37972,12382.0,32.608237648793846,6,51.166666666666664,2,1,48.0,21.0,55.0,66.0,52.0,65.0
320200,Dores do Rio Preto,ES,Espírito Santo,SUDESTE,6902,4,4,5.795421616922631,1725.5,0.0,6885,3460.0,50.25417574437182,6,41.166666666666664,4,2,16.0,5.0,52.0,30.0,48.0,96.0
320210,Ecoporanga,ES,Espírito Santo,SUDESTE,22611,9,9,3.9803635398699746,2512.3333333333335,0.0,22670,11433.0,50.432289369210416,6,72.83333333333333,1,1,53.0,25.0,90.0,97.0,78.0,94.0
320220,Fundão,ES,Espírito Santo,SUDESTE,18898,4,4,2.1166260979997884,4724.5,0.23595788263365966,18824,8822.0,46.865703357416066,6,40.333333333333336,4,1,38.0,13.0,39.0,55.0,32.0,65.0
320225,Governador Lindenberg,ES,Espírito Santo,SUDESTE,11484,5,5,4.3538836642284915,2296.8,0.0,11467,5236.0,45.66146332955437,6,61.666666666666664,1,1,51.0,21.0,66.0,79.0,66.0,87.0
320240,Guarapari,ES,Espírito Santo,SUDESTE,136311,30,25,2.2008495279177764,4543.7,0.5539027907544053,134944,39744.0,29.452217216030352,6,59.333333333333336,2,1,33.0,25.0,70.0,97.0,62.0,69.0
320230,Guaçuí,ES,Espírito Santo,SUDESTE,31418,13,12,4.137755426825387,2416.769230769231,0.0,31290,13810.0,44.135506551613936,6,58.166666666666664,3,1,40.0,26.0,67.0,79.0,46.0,91.0
320245,Ibatiba,ES,Espírito Santo,SUDESTE,27543,7,7,2.541480593980322,3934.714285714286,0.0,27308,9799.0,35.88325765343489,6,59.833333333333336,2,1,22.0,32.0,65.0,98.0,64.0,78.0
320250,Ibiraçu,ES,Espírito Santo,SUDESTE,12304,4,4,3.2509752925877766,3076.0,0.0,12261,5510.0,44.93923823505423,6,65.16666666666667,2,0,44.0,36.0,92.0,88.0,56.0,75.0
320255,Ibitirama,ES,Espírito Santo,SUDESTE,10015,6,6,5.99101347978033,1669.1666666666667,0.0,9973,6699.0,67.17136267923394,6,65.33333333333333,2,1,25.0,37.0,85.0,88.0,65.0,92.0
320260,Iconha,ES,Espírito Santo,SUDESTE,12790,7,7,5.47302580140735,1827.142857142857,0.0,12793,4683.0,36.60595638239662,6,59.666666666666664,2,1,47.0,24.0,71.0,64.0,57.0,95.0
320265,Irupi,ES,Espírito Santo,SUDESTE,14647,6,6,4.096401993582304,2441.1666666666665,0.0,14513,6853.0,47.21973403155791,6,62.833333333333336,1,0,60.0,44.0,58.0,73.0,50.0,92.0
320270,Itaguaçu,ES,Espírito Santo,SUDESTE,14042,10,9,7.121492664862555,1404.2,0.0,14065,6891.0,48.993956629932455,6,75.33333333333333,1,1,63.0,28.0,87.0,98.0,78.0,98.0
320280,Itapemirim,ES,Espírito Santo,SUDESTE,44020,17,17,3.8618809631985465,2589.4117647058824,0.0,43362,21328.0,49.185923158525895,6,60.666666666666664,1,0,37.0,54.0,69.0,78.0,55.0,71.0
320290,Itarana,ES,Espírito Santo,SUDESTE,10975,7,7,6.378132118451026,1567.857142857143,0.0,10984,4835.0,44.018572469045885,6,85.33333333333333,0,0,56.0,70.0,97.0,97.0,92.0,100.0
320300,Iúna,ES,Espírito Santo,SUDESTE,30556,11,11,3.599947637125278,2777.818181818182,0.0,30444,12936.0,42.49113125739062,6,55.5,3,0,36.0,42.0,44.0,73.0,50.0,88.0
320305,Jaguaré,ES,Espírito Santo,SUDESTE,31551,18,16,5.705048968336978,1752.8333333333333,0.0,31232,15176.0,48.59118852459016,6,60.166666666666664,1,1,53.0,19.0,63.0,75.0,59.0,92.0
320310,Jerônimo Monteiro,ES,Espírito Santo,SUDESTE,12108,4,4,3.3036009250082587,3027.0,0.0,12079,5836.0,48.315257885586554,6,49.0,4,1,31.0,24.0,43.0,58.0,45.0,93.0
320313,João Neiva,ES,Espírito Santo,SUDESTE,14295,12,12,8.394543546694647,1191.25,0.0,14391,6398.0,44.458342019317634,6,35.0,5,3,27.0,26.0,32.0,35.0,18.0,72.0
320316,Laranja da Terra,ES,Espírito Santo,SUDESTE,11597,6,6,5.17375183237044,1932.8333333333333,0.0,11572,5840.0,50.466643622537156,6,84.66666666666667,0,0,66.0,58.0,98.0,100.0,92.0,94.0
320320,Linhares,ES,Espírito Santo,SUDESTE,183797,31,31,1.6866434163778516,5928.935483870968,10.19781727984013,181912,60325.0,33.16163859448524,6,44.0,4,2,29.0,18.0,38.0,56.0,34.0,89.0
320330,Mantenópolis,ES,Espírito Santo,SUDESTE,13131,2,2,1.523113243469652,6565.5,0.9432936266728007,13173,7661.0,58.15683595232672,6,52.0,3,0,36.0,37.0,64.0,68.0,39.0,68.0
320332,Marataízes,ES,Espírito Santo,SUDESTE,45953,15,15,3.264204730920723,3063.5333333333333,0.0,45418,24535.0,54.02043242767185,6,63.333333333333336,2,2,29.0,19.0,85.0,82.0,72.0,93.0
320334,Marechal Floriano,ES,Espírito Santo,SUDESTE,18964,11,9,5.800464037122969,1724.0,0.0,18743,6148.0,32.80157925625567,6,45.333333333333336,5,1,42.0,11.0,41.0,48.0,35.0,95.0
320335,Marilândia,ES,Espírito Santo,SUDESTE,13087,10,6,7.6411706273401085,1308.7,0.0,13014,5926.0,45.53557707084678,6,76.0,0,0,52.0,53.0,89.0,91.0,78.0,93.0
320340,Mimoso do Sul,ES,Espírito Santo,SUDESTE,25088,12,11,4.783163265306122,2090.6666666666665,0.0,25179,14397.0,57.178601215298464,6,60.833333333333336,3,0,36.0,42.0,69.0,73.0,48.0,97.0
320350,Montanha,ES,Espírito Santo,SUDESTE,19830,8,8,4.034291477559253,2478.75,0.0,19752,10599.0,53.660388821385176,6,66.5,2,0,41.0,30.0,75.0,94.0,66.0,93.0
320360,Mucurici,ES,Espírito Santo,SUDESTE,5653,5,5,8.84486113568017,1130.6,0.0,5660,3202.0,56.57243816254417,6,67.16666666666667,2,1,48.0,18.0,82.0,95.0,64.0,96.0
320370,Muniz Freire,ES,Espírito Santo,SUDESTE,18809,0,0,0.0,0.0,4.216008668348847,18811,9395.0,49.94418159587475,6,79.33333333333333,1,0,55.0,48.0,97.0,100.0,77.0,99.0
320380,Muqui,ES,Espírito Santo,SUDESTE,14185,9,7,6.344730348960169,1576.111111111111,0.0,14213,7766.0,54.64011820164638,6,66.5,2,2,29.0,16.0,91.0,96.0,69.0,98.0
320390,Nova Venécia,ES,Espírito Santo,SUDESTE,52324,17,16,3.2489870804984324,3077.8823529411766,0.0,52084,22760.0,43.69864065739959,6,54.333333333333336,2,0,38.0,34.0,58.0,73.0,52.0,71.0
320400,Pancas,ES,Espírito Santo,SUDESTE,19120,9,9,4.707112970711297,2124.4444444444443,0.0,19270,10475.0,54.35910742086144,6,75.66666666666667,2,0,48.0,42.0,87.0,99.0,83.0,95.0
320405,Pedro Canário,ES,Espírito Santo,SUDESTE,21923,7,6,3.192993659626876,3131.8571428571427,0.0,22048,11910.0,54.01850507982583,6,63.0,2,0,44.0,45.0,77.0,78.0,52.0,82.0
320410,Pinheiros,ES,Espírito Santo,SUDESTE,24843,9,9,3.6227508754981286,2760.3333333333335,0.0,24825,11253.0,45.329305135951664,6,51.166666666666664,2,1,32.0,20.0,53.0,72.0,56.0,74.0
320420,Piúma,ES,Espírito Santo,SUDESTE,23912,9,9,3.763800602208096,2656.8888888888887,0.0,23682,10642.0,44.93708301663711,6,67.0,2,0,45.0,33.0,69.0,98.0,66.0,91.0
320425,Ponto Belo,ES,Espírito Santo,SUDESTE,6671,3,3,4.49707690001499,2223.6666666666665,0.0,6696,4494.0,67.1146953405018,6,78.83333333333333,2,0,48.0,43.0,100.0,100.0,82.0,100.0
320430,Presidente Kennedy,ES,Espírito Santo,SUDESTE,14852,11,11,7.406409911123081,1350.1818181818182,0.0,14647,7989.0,54.54359254454837,6,59.333333333333336,2,1,42.0,24.0,95.0,73.0,57.0,65.0
320435,Rio Bananal,ES,Espírito Santo,SUDESTE,20350,0,0,0.0,0.0,4.561421468493755,20229,9836.0,48.62326363142024,6,72.83333333333333,1,0,50.0,37.0,77.0,99.0,77.0,97.0
320440,Rio Novo do Sul,ES,Espírito Santo,SUDESTE,11471,7,7,6.102345044024061,1638.7142857142858,0.0,11479,4857.0,42.31204808781253,6,41.833333333333336,5,1,36.0,20.0,41.0,44.0,34.0,76.0
320450,Santa Leopoldina,ES,Espírito Santo,SUDESTE,13813,6,6,4.343734163469196,2302.1666666666665,0.0,13747,6369.0,46.3301083872845,6,78.83333333333333,0,0,59.0,66.0,94.0,97.0,59.0,98.0
320455,Santa Maria de Jetibá,ES,Espírito Santo,SUDESTE,45575,16,16,3.5106966538672517,2848.4375,0.0,45062,15491.0,34.377080466912254,6,70.0,1,0,57.0,45.0,77.0,97.0,68.0,76.0
320460,Santa Teresa,ES,Espírito Santo,SUDESTE,23872,13,10,5.445710455764075,1836.3076923076924,0.0,23796,9743.0,40.94385611027063,6,50.833333333333336,3,1,34.0,22.0,51.0,64.0,43.0,91.0
320500,Serra,ES,Espírito Santo,SUDESTE,579720,42,41,0.724487683709377,13802.857142857143,87.9433539909189,572274,172872.0,30.207907401000224,6,54.0,2,2,29.0,22.0,53.0,81.0,51.0,88.0
320501,Sooretama,ES,Espírito Santo,SUDESTE,28668,7,7,2.441746895493233,4095.4285714285716,0.0,28453,11895.0,41.80578497873687,6,57.833333333333336,3,1,39.0,17.0,45.0,94.0,62.0,90.0
320465,São Domingos do Norte,ES,Espírito Santo,SUDESTE,9051,5,5,5.524251463926638,1810.2,0.0,9008,4616.0,51.243339253996446,6,53.166666666666664,3,1,39.0,15.0,70.0,52.0,45.0,98.0
320470,São Gabriel da Palha,ES,Espírito Santo,SUDESTE,34272,5,4,1.4589169000933706,6854.4,2.6820165389787696,34210,13036.0,38.105817012569425,6,56.5,2,0,46.0,30.0,56.0,60.0,53.0,94.0
320480,São José do Calçado,ES,Espírito Santo,SUDESTE,11411,5,5,4.3817369205152925,2282.2,0.0,11373,6493.0,57.09135672206103,6,47.0,2,1,28.0,57.0,33.0,62.0,50.0,52.0
320490,São Mateus,ES,Espírito Santo,SUDESTE,134423,37,36,2.752505151648155,3633.054054054054,0.0,133359,50668.0,37.993686215403535,6,40.0,4,3,25.0,9.0,25.0,58.0,36.0,87.0
320495,São Roque do Canaã,ES,Espírito Santo,SUDESTE,11256,5,5,4.442075337597726,2251.2,0.0,11271,4423.0,39.24230325614408,6,54.0,2,1,43.0,9.0,55.0,59.0,72.0,86.0
320503,Vargem Alta,ES,Espírito Santo,SUDESTE,20390,12,11,5.88523786169691,1699.1666666666667,0.0,20353,8564.0,42.07733503660394,6,71.83333333333333,1,0,43.0,51.0,72.0,95.0,73.0,97.0
320506,Venda Nova do Imigrante,ES,Espírito Santo,SUDESTE,25395,5,5,1.9688915140775742,5079.0,0.6922505254250076,25168,9798.0,38.930387794024156,6,80.0,0,0,53.0,59.0,94.0,99.0,78.0,97.0
320510,Viana,ES,Espírito Santo,SUDESTE,79043,27,26,3.415862252191845,2927.5185185185187,0.0,78442,34373.0,43.81963743912699,6,47.333333333333336,3,1,45.0,17.0,54.0,65.0,40.0,63.0
320515,Vila Pavão,ES,Espírito Santo,SUDESTE,9319,2,2,2.146153020710377,4659.5,0.08883963955249605,9298,4725.0,50.81738008173801,6,62.5,2,0,50.0,34.0,46.0,100.0,51.0,94.0
320517,Vila Valério,ES,Espírito Santo,SUDESTE,14267,7,7,4.906427419920095,2038.142857142857,0.0,14263,7213.0,50.57140853957793,6,34.5,5,2,33.0,17.0,2.0,36.0,31.0,88.0
320520,Vila Velha,ES,Espírito Santo,SUDESTE,506779,36,34,0.7103688195446141,14077.194444444445,77.59374006790155,502899,145935.0,29.01874929160726,6,36.833333333333336,5,3,22.0,17.0,36.0,47.0,29.0,70.0
320530,Vitória,ES,Espírito Santo,SUDESTE,343378,32,30,0.9319175951866456,10730.5625,44.96765508641025,342800,123247.0,35.95303383897316,6,34.0,5,3,26.0,22.0,35.0,38.0,27.0,56.0
320016,Água Doce do Norte,ES,Espírito Santo,SUDESTE,12585,9,6,7.151370679380214,1398.3333333333333,0.0,12559,7780.0,61.94760729357432,6,40.833333333333336,4,3,31.0,12.0,25.0,60.0,23.0,94.0
320013,Águia Branca,ES,Espírito Santo,SUDESTE,10143,6,6,5.915409642117716,1690.5,0.0,10124,5416.0,53.49664164361913,6,70.5,1,1,53.0,19.0,81.0,97.0,73.0,100.0
520005,Abadia de Goiás,GO,Goiás,CENTRO-OESTE,22052,5,5,2.26736803918012,4410.4,0.0,21165,8378.0,39.584219229860615,6,47.0,2,2,28.0,7.0,57.0,74.0,61.0,55.0
520010,Abadiânia,GO,Goiás,CENTRO-OESTE,17738,5,4,2.818807080843387,3547.6,0.0,17638,6924.0,39.25615149109876,6,38.166666666666664,4,3,15.0,6.0,31.0,69.0,25.0,83.0
520013,Acreúna,GO,Goiás,CENTRO-OESTE,22079,7,6,3.1704334435436383,3154.1428571428573,0.0,21995,8989.0,40.8683791770857,6,49.666666666666664,3,1,32.0,21.0,52.0,57.0,43.0,93.0
520015,Adelândia,GO,Goiás,CENTRO-OESTE,2282,1,1,4.382120946538125,2282.0,0.0,2297,1316.0,57.29212015672617,6,53.166666666666664,2,1,20.0,30.0,60.0,60.0,60.0,89.0
520030,Alexânia,GO,Goiás,CENTRO-OESTE,28244,10,10,3.5405749893782748,2824.4,0.0,28009,14902.0,53.20432718054911,6,40.5,3,2,44.0,4.0,28.0,55.0,52.0,60.0
520050,Aloândia,GO,Goiás,CENTRO-OESTE,1977,1,1,5.058168942842691,1977.0,0.0,1984,931.0,46.92540322580645,6,52.833333333333336,2,2,7.0,9.0,67.0,67.0,67.0,100.0
520055,Alto Horizonte,GO,Goiás,CENTRO-OESTE,6487,2,2,3.083089255433945,3243.5,0.0,6375,2663.0,41.772549019607844,6,49.5,4,2,27.0,17.0,43.0,66.0,46.0,98.0
520060,Alto Paraíso de Goiás,GO,Goiás,CENTRO-OESTE,11182,4,3,3.577177606868181,2795.5,0.0,10936,3909.0,35.74433065106072,6,64.33333333333333,2,1,38.0,26.0,82.0,98.0,62.0,80.0
520080,Alvorada do Norte,GO,Goiás,CENTRO-OESTE,8619,4,4,4.640909618285184,2154.75,0.0,8597,4827.0,56.14749331162033,6,66.66666666666667,1,0,49.0,58.0,69.0,69.0,58.0,97.0
520082,Amaralina,GO,Goiás,CENTRO-OESTE,3267,3,3,9.182736455463727,1089.0,0.0,3281,1769.0,53.916488875342885,6,60.0,2,1,18.0,38.0,64.0,91.0,73.0,76.0
520085,Americano do Brasil,GO,Goiás,CENTRO-OESTE,5260,2,2,3.8022813688212924,2630.0,0.0,5281,2166.0,41.014959288013635,6,22.333333333333332,5,4,19.0,0.0,10.0,52.0,43.0,10.0
520090,Amorinópolis,GO,Goiás,CENTRO-OESTE,2906,2,2,6.882312456985547,1453.0,0.0,2952,1770.0,59.959349593495936,6,60.833333333333336,2,2,20.0,28.0,83.0,67.0,67.0,100.0
520120,Anhanguera,GO,Goiás,CENTRO-OESTE,913,1,1,10.95290251916758,913.0,0.0,921,526.0,57.11183496199783,6,37.833333333333336,4,4,19.0,8.0,100.0,0.0,100.0,0.0
520130,Anicuns,GO,Goiás,CENTRO-OESTE,18306,8,8,4.370151862777232,2288.25,0.0,18443,9169.0,49.7153391530662,6,54.0,2,1,41.0,19.0,54.0,63.0,54.0,93.0
520110,Anápolis,GO,Goiás,CENTRO-OESTE,420300,53,52,1.2610040447299549,7930.188679245283,41.20960408884152,415847,108493.0,26.089643546785236,6,28.5,5,3,12.0,4.0,33.0,35.0,25.0,62.0
520140,Aparecida de Goiânia,GO,Goiás,CENTRO-OESTE,556021,55,51,0.9891712723080602,10109.472727272727,69.63125927928088,550925,110264.0,20.014339519898353,6,50.5,4,2,28.0,13.0,43.0,82.0,48.0,89.0
520145,Aparecida do Rio Doce,GO,Goiás,CENTRO-OESTE,3045,1,1,3.284072249589491,3045.0,0.0,3012,1405.0,46.646746347941566,6,55.0,2,2,25.0,11.0,70.0,70.0,60.0,94.0
520150,Aporé,GO,Goiás,CENTRO-OESTE,4488,1,1,2.228163992869875,4488.0,0.00597835629483893,4452,1537.0,34.523809523809526,6,60.0,2,1,33.0,10.0,69.0,100.0,81.0,67.0
520170,Aragarças,GO,Goiás,CENTRO-OESTE,18601,8,8,4.300844040642976,2325.125,0.0,18604,8672.0,46.6136314771017,6,64.83333333333333,2,1,37.0,24.0,91.0,94.0,79.0,64.0
520180,Aragoiânia,GO,Goiás,CENTRO-OESTE,12806,4,4,3.123535842573794,3201.5,0.0,12554,6357.0,50.637247092560145,6,54.166666666666664,2,2,23.0,16.0,79.0,79.0,63.0,65.0
520215,Araguapaz,GO,Goiás,CENTRO-OESTE,7152,3,3,4.194630872483222,2384.0,0.0,7182,3761.0,52.36702868281816,6,47.5,3,2,18.0,14.0,38.0,88.0,56.0,71.0
520160,Araçu,GO,Goiás,CENTRO-OESTE,3840,2,2,5.208333333333333,1920.0,0.0,3842,2097.0,54.580947423217076,6,40.0,4,3,43.0,22.0,50.0,17.0,25.0,83.0
520235,Arenópolis,GO,Goiás,CENTRO-OESTE,2904,2,2,6.887052341597796,1452.0,0.0,2930,1710.0,58.36177474402731,6,43.833333333333336,4,2,35.0,8.0,43.0,57.0,29.0,91.0
520250,Aruanã,GO,Goiás,CENTRO-OESTE,8570,3,3,3.500583430571762,2856.6666666666665,0.0,8515,3870.0,45.44920728126835,6,58.333333333333336,2,1,34.0,22.0,59.0,94.0,59.0,82.0
520260,Aurilândia,GO,Goiás,CENTRO-OESTE,3237,2,2,6.178560395427866,1618.5,0.0,3266,1698.0,51.99020208205756,6,55.0,1,0,30.0,50.0,50.0,50.0,50.0,100.0
520280,Avelinópolis,GO,Goiás,CENTRO-OESTE,2993,1,1,3.341129301703976,2993.0,0.0,2963,1743.0,58.82551468106648,6,52.666666666666664,3,3,23.0,13.0,100.0,13.0,100.0,67.0
520310,Baliza,GO,Goiás,CENTRO-OESTE,3306,3,3,9.074410163339383,1102.0,0.0,3335,1964.0,58.890554722638676,6,45.166666666666664,2,2,28.0,12.0,56.0,56.0,56.0,63.0
520320,Barro Alto,GO,Goiás,CENTRO-OESTE,10853,3,3,2.764212660093983,3617.6666666666665,0.0,10738,4392.0,40.90147140994599,6,55.5,2,2,17.0,25.0,69.0,77.0,56.0,89.0
520330,Bela Vista de Goiás,GO,Goiás,CENTRO-OESTE,37305,11,11,2.948666398606085,3391.3636363636365,0.0,36583,13913.0,38.03132602574967,6,56.333333333333336,2,0,39.0,55.0,38.0,82.0,53.0,71.0
520340,Bom Jardim de Goiás,GO,Goiás,CENTRO-OESTE,7775,5,4,6.430868167202573,1555.0,0.0,7824,4195.0,53.61707566462167,6,47.166666666666664,3,3,21.0,10.0,28.0,69.0,69.0,86.0
520350,Bom Jesus de Goiás,GO,Goiás,CENTRO-OESTE,24925,7,7,2.8084252758274824,3560.714285714286,0.0,24701,8333.0,33.735476296506214,6,42.333333333333336,4,2,17.0,7.0,47.0,60.0,49.0,74.0
520355,Bonfinópolis,GO,Goiás,CENTRO-OESTE,11025,4,4,3.6281179138321997,2756.25,0.0,10828,4386.0,40.50609530845955,6,67.66666666666667,1,0,50.0,31.0,78.0,90.0,70.0,87.0
520357,Bonópolis,GO,Goiás,CENTRO-OESTE,3289,2,2,6.0808756460930375,1644.5,0.0,3306,2360.0,71.38535995160315,6,57.166666666666664,2,2,25.0,11.0,60.0,100.0,52.0,95.0
520360,Brazabrantes,GO,Goiás,CENTRO-OESTE,4201,4,4,9.52154248988336,1050.25,0.0,4149,1892.0,45.60134972282477,6,58.333333333333336,2,2,58.0,22.0,82.0,18.0,82.0,88.0
520380,Britânia,GO,Goiás,CENTRO-OESTE,5798,3,3,5.174197999310107,1932.6666666666667,0.0,5788,2743.0,47.39115411195577,6,53.833333333333336,3,2,27.0,15.0,42.0,75.0,71.0,93.0
520390,Buriti Alegre,GO,Goiás,CENTRO-OESTE,10930,3,3,2.7447392497712717,3643.3333333333335,0.0,10831,3717.0,34.31816083464131,6,48.166666666666664,4,1,39.0,28.0,55.0,42.0,39.0,86.0
520393,Buriti de Goiás,GO,Goiás,CENTRO-OESTE,2800,1,1,3.5714285714285716,2800.0,0.0,2789,1379.0,49.44424524919326,6,70.33333333333333,1,0,44.0,56.0,83.0,100.0,50.0,89.0
520396,Buritinópolis,GO,Goiás,CENTRO-OESTE,3140,2,2,6.369426751592356,1570.0,0.0,3154,2030.0,64.36271401395054,6,61.5,2,0,49.0,49.0,57.0,64.0,57.0,93.0
520400,Cabeceiras,GO,Goiás,CENTRO-OESTE,7689,3,3,3.901677721420211,2563.0,0.0,7678,4225.0,55.02735087262308,6,66.16666666666667,2,1,41.0,20.0,81.0,91.0,69.0,95.0
520410,Cachoeira Alta,GO,Goiás,CENTRO-OESTE,11854,6,6,5.061582588155897,1975.6666666666667,0.0,11789,4246.0,36.01662566799559,6,50.0,2,2,23.0,24.0,61.0,61.0,56.0,75.0
520425,Cachoeira Dourada,GO,Goiás,CENTRO-OESTE,7762,4,4,5.15331100231899,1940.5,0.0,7801,3338.0,42.7893859761569,6,60.166666666666664,2,2,22.0,13.0,90.0,93.0,72.0,71.0
520420,Cachoeira de Goiás,GO,Goiás,CENTRO-OESTE,1417,1,1,7.057163020465773,1417.0,0.0,1419,874.0,61.59267089499648,6,51.333333333333336,4,1,45.0,16.0,40.0,100.0,40.0,67.0
520440,Caiapônia,GO,Goiás,CENTRO-OESTE,16628,5,5,3.0069761847486167,3325.6,0.0,16655,5673.0,34.06184329030321,6,58.0,2,2,18.0,11.0,93.0,86.0,58.0,82.0
520450,Caldas Novas,GO,Goiás,CENTRO-OESTE,106820,22,22,2.059539412095113,4855.454545454545,1.943540111277784,104788,28831.0,27.513646600755813,6,47.166666666666664,2,2,18.0,7.0,61.0,70.0,55.0,72.0
520455,Caldazinha,GO,Goiás,CENTRO-OESTE,4819,1,1,2.0751193193608635,4819.0,0.08017150155633423,4735,2626.0,55.45934530095037,6,58.0,2,2,29.0,7.0,67.0,75.0,75.0,95.0
520460,Campestre de Goiás,GO,Goiás,CENTRO-OESTE,3879,1,1,2.577984016499098,3879.0,0.0,3854,2242.0,58.1733264141152,6,33.833333333333336,5,3,21.0,4.0,43.0,0.0,43.0,92.0
520465,Campinaçu,GO,Goiás,CENTRO-OESTE,3760,1,1,2.6595744680851063,3760.0,0.0,3758,2002.0,53.27301756253326,6,43.666666666666664,3,2,3.0,9.0,53.0,47.0,60.0,90.0
520470,Campinorte,GO,Goiás,CENTRO-OESTE,12983,5,5,3.851190017715474,2596.6,0.0,12879,5760.0,44.72396925227114,6,57.0,2,2,15.0,17.0,64.0,91.0,64.0,91.0
520480,Campo Alegre de Goiás,GO,Goiás,CENTRO-OESTE,7807,6,6,7.685410529012425,1301.1666666666667,0.0,7711,2997.0,38.86655427311633,6,48.333333333333336,3,1,35.0,9.0,42.0,68.0,53.0,83.0
520485,Campo Limpo de Goiás,GO,Goiás,CENTRO-OESTE,8579,2,2,2.3312740412635504,4289.5,0.0,8449,4607.0,54.52716297786721,6,79.0,1,0,44.0,56.0,100.0,97.0,82.0,95.0
520490,Campos Belos,GO,Goiás,CENTRO-OESTE,18227,6,6,3.2918198277280957,3037.8333333333335,0.0,18258,9585.0,52.49753532697995,6,43.833333333333336,3,2,16.0,20.0,54.0,63.0,46.0,64.0
520495,Campos Verdes,GO,Goiás,CENTRO-OESTE,3822,3,3,7.849293563579279,1274.0,0.0,3899,3355.0,86.04770453962554,6,66.33333333333333,1,1,53.0,27.0,80.0,100.0,73.0,65.0
520500,Carmo do Rio Verde,GO,Goiás,CENTRO-OESTE,9988,4,4,4.004805766920304,2497.0,0.0,9937,4174.0,42.00462916373151,6,72.33333333333333,1,0,30.0,72.0,75.0,88.0,92.0,77.0
520505,Castelândia,GO,Goiás,CENTRO-OESTE,2871,1,1,3.483106931382794,2871.0,0.0,2921,1682.0,57.58301951386512,6,43.833333333333336,3,3,16.0,9.0,27.0,55.0,64.0,92.0
520510,Catalão,GO,Goiás,CENTRO-OESTE,122760,20,17,1.6291951775822744,6138.0,7.516466804535298,120789,28362.0,23.480614956659963,6,45.0,3,2,15.0,7.0,40.0,61.0,69.0,78.0
520520,Caturaí,GO,Goiás,CENTRO-OESTE,5352,3,3,5.605381165919282,1784.0,0.0,5318,2869.0,53.94885295223768,6,62.666666666666664,2,0,48.0,33.0,82.0,59.0,65.0,89.0
520530,Cavalcante,GO,Goiás,CENTRO-OESTE,9730,4,3,4.110996916752312,2432.5,0.0,9721,5589.0,57.494084970682025,6,66.33333333333333,2,0,36.0,43.0,68.0,95.0,65.0,91.0
520430,Caçu,GO,Goiás,CENTRO-OESTE,14034,6,6,4.275331338178709,2339.0,0.0,14006,4973.0,35.50621162358989,6,61.666666666666664,2,1,36.0,9.0,74.0,79.0,77.0,95.0
520540,Ceres,GO,Goiás,CENTRO-OESTE,22570,7,7,3.1014621178555606,3224.285714285714,0.0,22484,8177.0,36.3680839708237,6,43.333333333333336,4,2,22.0,29.0,49.0,54.0,38.0,68.0
520545,Cezarina,GO,Goiás,CENTRO-OESTE,8301,4,4,4.818696542585231,2075.25,0.0,8265,3942.0,47.6950998185118,6,43.333333333333336,5,2,20.0,20.0,48.0,43.0,45.0,84.0
520547,Chapadão do Céu,GO,Goiás,CENTRO-OESTE,14321,3,3,2.094825780322603,4773.666666666667,0.210030312054008,13897,3568.0,25.674606030078433,6,62.666666666666664,2,1,46.0,10.0,65.0,94.0,85.0,76.0
520549,Cidade Ocidental,GO,Goiás,CENTRO-OESTE,101570,27,26,2.658265235797972,3761.8518518518517,0.0,98963,45083.0,45.55540959752635,6,60.666666666666664,2,1,24.0,32.0,85.0,89.0,63.0,71.0
520551,Cocalzinho de Goiás,GO,Goiás,CENTRO-OESTE,27196,7,7,2.573907927636417,3885.1428571428573,0.0,26638,12002.0,45.055935130265034,6,45.833333333333336,4,2,21.0,20.0,47.0,58.0,38.0,91.0
520552,Colinas do Sul,GO,Goiás,CENTRO-OESTE,4188,2,2,4.775549188156638,2094.0,0.0,4153,1881.0,45.29255959547315,6,48.833333333333336,3,3,18.0,7.0,27.0,100.0,55.0,86.0
520590,Corumbaíba,GO,Goiás,CENTRO-OESTE,9484,2,2,2.108814846056516,4742.0,0.12582413794568903,9416,2993.0,31.786321155480035,6,60.833333333333336,2,1,23.0,31.0,50.0,92.0,73.0,96.0
520580,Corumbá de Goiás,GO,Goiás,CENTRO-OESTE,10724,4,4,3.729951510630362,2681.0,0.0,10714,4812.0,44.913197685271605,6,66.66666666666667,1,1,50.0,27.0,81.0,94.0,56.0,92.0
520620,Cristalina,GO,Goiás,CENTRO-OESTE,66827,22,22,3.2920825414877224,3037.590909090909,0.0,65705,27988.0,42.596453846739216,6,58.333333333333336,2,2,29.0,24.0,65.0,87.0,61.0,84.0
520630,Cristianópolis,GO,Goiás,CENTRO-OESTE,3670,1,1,2.7247956403269757,3670.0,0.0,3630,2037.0,56.11570247933885,6,58.166666666666664,2,2,25.0,11.0,69.0,100.0,56.0,88.0
520640,Crixás,GO,Goiás,CENTRO-OESTE,17532,6,6,3.4223134839151266,2922.0,0.0,17445,5825.0,33.39065634852393,6,26.333333333333332,5,4,11.0,1.0,14.0,47.0,16.0,69.0
520650,Cromínia,GO,Goiás,CENTRO-OESTE,3999,2,2,5.001250312578145,1999.5,0.0,3977,2076.0,52.20015086748806,6,47.0,3,1,31.0,0.0,63.0,75.0,38.0,75.0
520660,Cumari,GO,Goiás,CENTRO-OESTE,2951,2,2,6.777363605557438,1475.5,0.0,2955,1169.0,39.56006768189509,6,32.333333333333336,5,4,15.0,22.0,14.0,29.0,43.0,71.0
520570,Córrego do Ouro,GO,Goiás,CENTRO-OESTE,2441,1,1,4.096681687832856,2441.0,0.0,2456,1200.0,48.85993485342019,6,69.5,2,0,31.0,42.0,100.0,83.0,83.0,78.0
520670,Damianópolis,GO,Goiás,CENTRO-OESTE,3917,2,2,5.105948429920858,1958.5,0.0,3884,2376.0,61.174047373841404,6,60.333333333333336,3,1,38.0,4.0,45.0,100.0,75.0,100.0
520680,Damolândia,GO,Goiás,CENTRO-OESTE,2753,3,3,10.897203051216854,917.6666666666666,0.0,2755,1908.0,69.25589836660617,6,63.833333333333336,2,1,33.0,28.0,80.0,90.0,60.0,92.0
520690,Davinópolis,GO,Goiás,CENTRO-OESTE,1889,2,2,10.587612493382743,944.5,0.0,1901,1115.0,58.65334034718569,6,53.833333333333336,3,2,25.0,5.0,86.0,86.0,43.0,78.0
520710,Diorama,GO,Goiás,CENTRO-OESTE,1991,2,1,10.045203415369162,995.5,0.0,2023,1130.0,55.857637172516064,6,68.83333333333333,2,1,33.0,19.0,92.0,92.0,77.0,100.0
520830,Divinópolis de Goiás,GO,Goiás,CENTRO-OESTE,4405,3,3,6.81044267877412,1468.3333333333333,0.0,4440,3123.0,70.33783783783784,6,54.833333333333336,2,2,16.0,11.0,57.0,96.0,61.0,88.0
520725,Doverlândia,GO,Goiás,CENTRO-OESTE,6823,1,1,1.465630954125751,6823.0,0.5293650456772919,6895,3244.0,47.048585931834666,6,55.166666666666664,2,2,22.0,3.0,62.0,90.0,67.0,87.0
520735,Edealina,GO,Goiás,CENTRO-OESTE,4104,2,2,4.8732943469785575,2052.0,0.0,4087,2040.0,49.91436261316369,6,60.166666666666664,2,1,32.0,29.0,92.0,85.0,69.0,54.0
520740,Edéia,GO,Goiás,CENTRO-OESTE,11982,5,5,4.172926055750292,2396.4,0.0,11953,5580.0,46.68284112775036,6,58.5,2,2,19.0,19.0,67.0,91.0,73.0,82.0
520750,Estrela do Norte,GO,Goiás,CENTRO-OESTE,3214,2,2,6.222775357809583,1607.0,0.0,3224,1755.0,54.43548387096774,6,63.166666666666664,2,1,13.0,37.0,82.0,82.0,73.0,92.0
520753,Faina,GO,Goiás,CENTRO-OESTE,7167,3,3,4.185851820845542,2389.0,0.0,7164,3432.0,47.90619765494137,6,42.833333333333336,4,4,28.0,18.0,11.0,74.0,26.0,100.0
520760,Fazenda Nova,GO,Goiás,CENTRO-OESTE,5842,1,1,1.7117425539198903,5842.0,0.30947539159412857,5878,3041.0,51.73528411024157,6,62.5,2,1,16.0,34.0,62.0,92.0,77.0,94.0
520780,Firminópolis,GO,Goiás,CENTRO-OESTE,10274,6,6,5.839984426708195,1712.3333333333333,0.0,10365,5027.0,48.49975880366618,6,77.0,1,0,42.0,80.0,87.0,82.0,78.0,93.0
520790,Flores de Goiás,GO,Goiás,CENTRO-OESTE,14273,5,5,3.5031177748195894,2854.6,0.0,14156,6082.0,42.96411415654139,6,66.66666666666667,2,1,28.0,37.0,84.0,90.0,68.0,93.0
520800,Formosa,GO,Goiás,CENTRO-OESTE,121559,21,21,1.7275561661415446,5788.523809523809,6.247264485927876,120478,35455.0,29.428609372665548,6,24.833333333333332,5,3,5.0,2.0,21.0,38.0,31.0,52.0
520810,Formoso,GO,Goiás,CENTRO-OESTE,4662,2,2,4.29000429000429,2331.0,0.0,4681,2541.0,54.283272804956205,6,60.166666666666664,2,2,10.0,20.0,73.0,73.0,91.0,94.0
520815,Gameleira de Goiás,GO,Goiás,CENTRO-OESTE,3563,3,3,8.419870895312938,1187.6666666666667,0.0,3542,2074.0,58.554488989271604,6,59.666666666666664,1,1,27.0,59.0,57.0,71.0,57.0,87.0
520850,Goiandira,GO,Goiás,CENTRO-OESTE,4962,3,3,6.045949214026602,1654.0,0.0,4986,2256.0,45.246690734055356,6,54.5,2,2,17.0,6.0,80.0,87.0,73.0,64.0
520880,Goianira,GO,Goiás,CENTRO-OESTE,81495,17,17,2.0860175470887783,4793.823529411765,1.2669799791104945,78754,26741.0,33.95510069329812,6,65.66666666666667,2,1,38.0,20.0,90.0,84.0,69.0,93.0
520840,Goianápolis,GO,Goiás,CENTRO-OESTE,14758,7,7,4.743190134164521,2108.285714285714,0.0,14555,6740.0,46.307110958433526,6,71.83333333333333,1,0,79.0,74.0,74.0,69.0,48.0,87.0
520860,Goianésia,GO,Goiás,CENTRO-OESTE,78009,27,24,3.461139099334692,2889.222222222222,0.0,77014,28324.0,36.77772872464747,6,45.666666666666664,2,2,14.0,6.0,51.0,68.0,50.0,85.0
520910,Goiatuba,GO,Goiás,CENTRO-OESTE,36984,16,16,4.3261951113995245,2311.5,0.0,36777,13250.0,36.027952252766674,6,44.5,3,2,27.0,15.0,54.0,58.0,38.0,75.0
520890,Goiás,GO,Goiás,CENTRO-OESTE,24172,6,6,2.4822108224391854,4028.6666666666665,0.0,24233,11017.0,45.462798662980234,6,40.0,5,2,22.0,17.0,40.0,40.0,39.0,82.0
520870,Goiânia,GO,Goiás,CENTRO-OESTE,1503256,106,101,0.7051360513445482,14181.66037735849,230.9525401003463,1494599,329429.0,22.041296695635417,6,33.666666666666664,4,3,19.0,12.0,25.0,51.0,34.0,61.0
520915,Gouvelândia,GO,Goiás,CENTRO-OESTE,4313,2,2,4.637143519591931,2156.5,0.0,4356,2149.0,49.33425160697888,6,66.16666666666667,2,2,20.0,17.0,93.0,100.0,67.0,100.0
520920,Guapó,GO,Goiás,CENTRO-OESTE,20985,7,7,3.3357159876101976,2997.8571428571427,0.0,20588,8292.0,40.27588886730134,6,46.5,3,2,16.0,9.0,43.0,87.0,52.0,72.0
520940,Guarani de Goiás,GO,Goiás,CENTRO-OESTE,4091,2,2,4.888780249327793,2045.5,0.0,4106,2756.0,67.12128592303945,6,77.33333333333333,1,0,40.0,66.0,94.0,94.0,82.0,88.0
520929,Guaraíta,GO,Goiás,CENTRO-OESTE,2170,1,1,4.608294930875576,2170.0,0.0,2185,1255.0,57.43707093821511,6,46.833333333333336,2,2,15.0,1.0,57.0,71.0,57.0,80.0
520945,Guarinos,GO,Goiás,CENTRO-OESTE,2154,1,1,4.642525533890437,2154.0,0.0,2165,1134.0,52.37875288683603,6,47.5,3,2,19.0,66.0,40.0,100.0,60.0,0.0
520960,Heitoraí,GO,Goiás,CENTRO-OESTE,3342,2,2,5.9844404548174746,1671.0,0.0,3360,2411.0,71.75595238095238,6,36.666666666666664,4,3,9.0,15.0,0.0,38.0,63.0,95.0
520980,Hidrolina,GO,Goiás,CENTRO-OESTE,3477,2,2,5.752085130859936,1738.5,0.0,3514,2121.0,60.3585657370518,6,71.5,1,0,46.0,50.0,93.0,80.0,73.0,87.0
520970,Hidrolândia,GO,Goiás,CENTRO-OESTE,30587,10,10,3.269362801190048,3058.7,0.0,29827,10516.0,35.25664666241995,6,61.333333333333336,2,1,31.0,21.0,75.0,79.0,71.0,91.0
520990,Iaciara,GO,Goiás,CENTRO-OESTE,10289,6,6,5.831470502478375,1714.8333333333333,0.0,10430,6910.0,66.25119846596357,6,68.5,1,1,27.0,57.0,77.0,90.0,69.0,91.0
520993,Inaciolândia,GO,Goiás,CENTRO-OESTE,6076,2,2,3.291639236339697,3038.0,0.0,6061,2318.0,38.24451410658307,6,52.833333333333336,3,2,19.0,2.0,64.0,89.0,43.0,100.0
520995,Indiara,GO,Goiás,CENTRO-OESTE,17985,6,6,3.336113427856547,2997.5,0.0,17747,5939.0,33.464810953964054,6,53.5,3,2,27.0,19.0,62.0,75.0,49.0,89.0
521000,Inhumas,GO,Goiás,CENTRO-OESTE,53884,12,12,2.2270061613837133,4490.333333333333,0.07801643284115285,53629,21337.0,39.786309645900545,6,49.166666666666664,3,1,45.0,17.0,52.0,68.0,48.0,65.0
521010,Ipameri,GO,Goiás,CENTRO-OESTE,26223,12,11,4.576135453609427,2185.25,0.0,26163,11818.0,45.17066085693537,6,53.166666666666664,2,2,7.0,10.0,74.0,66.0,71.0,91.0
521015,Ipiranga de Goiás,GO,Goiás,CENTRO-OESTE,2968,1,1,3.369272237196766,2968.0,0.0,2964,1425.0,48.07692307692308,6,59.666666666666664,2,1,68.0,39.0,88.0,13.0,50.0,100.0
521020,Iporá,GO,Goiás,CENTRO-OESTE,37283,9,9,2.4139688329801787,4142.555555555556,0.0,36983,13549.0,36.63575156152827,6,44.833333333333336,4,1,20.0,33.0,45.0,63.0,46.0,62.0
521030,Israelândia,GO,Goiás,CENTRO-OESTE,2515,0,0,0.0,0.0,0.5637334149022994,2540,1491.0,58.70078740157481,6,43.333333333333336,4,2,14.0,6.0,60.0,40.0,40.0,100.0
521040,Itaberaí,GO,Goiás,CENTRO-OESTE,47603,14,13,2.9409911140054197,3400.214285714286,0.0,46943,19187.0,40.872973606288475,6,52.833333333333336,2,2,21.0,9.0,71.0,76.0,50.0,90.0
521056,Itaguari,GO,Goiás,CENTRO-OESTE,5120,1,1,1.953125,5120.0,0.14764019256452207,5088,2690.0,52.86949685534591,6,53.5,2,0,31.0,71.0,57.0,57.0,57.0,48.0
521060,Itaguaru,GO,Goiás,CENTRO-OESTE,4837,2,2,4.134794293983874,2418.5,0.0,4880,2574.0,52.74590163934426,6,62.0,3,1,42.0,24.0,33.0,100.0,78.0,95.0
521080,Itajá,GO,Goiás,CENTRO-OESTE,4276,1,1,2.3386342376052385,4276.0,0.0,4328,2075.0,47.94362292051756,6,58.166666666666664,2,2,22.0,13.0,71.0,64.0,79.0,100.0
521090,Itapaci,GO,Goiás,CENTRO-OESTE,21891,6,6,2.7408524050979852,3648.5,0.0,21708,8713.0,40.13727658006265,6,39.833333333333336,4,2,15.0,13.0,44.0,57.0,48.0,62.0
521100,Itapirapuã,GO,Goiás,CENTRO-OESTE,8133,3,3,3.6886757654002214,2711.0,0.0,8125,3858.0,47.48307692307692,6,40.333333333333336,4,3,22.0,3.0,24.0,62.0,48.0,83.0
521120,Itapuranga,GO,Goiás,CENTRO-OESTE,26553,7,7,2.6362369600421798,3793.285714285714,0.0,26574,12306.0,46.30842176563558,6,50.833333333333336,2,2,7.0,8.0,70.0,74.0,73.0,73.0
521130,Itarumã,GO,Goiás,CENTRO-OESTE,6124,6,6,9.797517962116265,1020.6666666666666,0.0,6142,2487.0,40.4916965157929,6,58.666666666666664,2,2,25.0,6.0,50.0,86.0,91.0,94.0
521140,Itauçu,GO,Goiás,CENTRO-OESTE,7636,3,3,3.92875851231011,2545.3333333333335,0.0,7701,4174.0,54.20075314894169,6,45.0,4,1,39.0,12.0,37.0,52.0,33.0,97.0
521150,Itumbiara,GO,Goiás,CENTRO-OESTE,113322,42,38,3.7062529782390006,2698.1428571428573,0.0,112289,32887.0,29.287819822066275,6,37.833333333333336,5,2,14.0,25.0,49.0,49.0,39.0,51.0
521160,Ivolândia,GO,Goiás,CENTRO-OESTE,2731,1,1,3.661662394727206,2731.0,0.0,2729,1372.0,50.27482594356907,6,68.66666666666667,2,0,42.0,54.0,83.0,100.0,33.0,100.0
521170,Jandaia,GO,Goiás,CENTRO-OESTE,6365,5,3,7.855459544383347,1273.0,0.0,6360,2869.0,45.11006289308176,6,71.5,1,0,34.0,60.0,80.0,85.0,70.0,100.0
521180,Jaraguá,GO,Goiás,CENTRO-OESTE,46633,12,12,2.573285012759205,3886.0833333333335,0.0,46427,21748.0,46.84343162383958,6,47.833333333333336,3,2,12.0,19.0,68.0,63.0,45.0,80.0
521190,Jataí,GO,Goiás,CENTRO-OESTE,111634,19,19,1.7019904330221975,5875.473684210527,6.022590870458566,110404,27828.0,25.205608492445926,6,59.666666666666664,2,2,26.0,8.0,72.0,95.0,71.0,86.0
521200,Jaupaci,GO,Goiás,CENTRO-OESTE,2939,2,2,6.805035726437564,1469.5,0.0,2946,1639.0,55.63475899524779,6,41.333333333333336,3,3,2.0,66.0,22.0,11.0,67.0,80.0
521205,Jesúpolis,GO,Goiás,CENTRO-OESTE,2112,2,2,9.46969696969697,1056.0,0.0,2124,1437.0,67.65536723163842,6,56.333333333333336,2,2,24.0,15.0,71.0,57.0,71.0,100.0
521210,Joviânia,GO,Goiás,CENTRO-OESTE,7247,2,2,2.759762660411204,3623.5,0.0,7247,2526.0,34.85580240099351,6,56.5,2,2,21.0,13.0,67.0,90.0,71.0,77.0
521220,Jussara,GO,Goiás,CENTRO-OESTE,19926,7,7,3.512998092943892,2846.5714285714284,0.0,19901,9506.0,47.766443897291595,6,54.166666666666664,2,2,20.0,12.0,88.0,90.0,58.0,57.0
521225,Lagoa Santa,GO,Goiás,CENTRO-OESTE,1435,0,0,0.0,0.0,0.3216530617832205,1426,881.0,61.781206171107996,6,58.833333333333336,2,2,24.0,2.0,100.0,100.0,50.0,77.0
521230,Leopoldo de Bulhões,GO,Goiás,CENTRO-OESTE,9123,4,4,4.3845226350981035,2280.75,0.0,9035,3958.0,43.80741560597676,6,48.833333333333336,2,2,15.0,10.0,71.0,62.0,62.0,73.0
521250,Luziânia,GO,Goiás,CENTRO-OESTE,221262,39,36,1.7626162648805488,5673.384615384615,10.595539899845955,218872,73223.0,33.45471325706349,6,44.833333333333336,3,2,17.0,11.0,52.0,67.0,47.0,75.0
521260,Mairipotaba,GO,Goiás,CENTRO-OESTE,2631,1,1,3.800836183960471,2631.0,0.0,2618,1463.0,55.88235294117647,6,75.66666666666667,1,0,68.0,64.0,89.0,100.0,33.0,100.0
521270,Mambaí,GO,Goiás,CENTRO-OESTE,8493,4,4,4.709760979630284,2123.25,0.0,8405,4515.0,53.7180249851279,6,67.0,2,0,39.0,34.0,66.0,93.0,73.0,97.0
521280,Mara Rosa,GO,Goiás,CENTRO-OESTE,10806,4,4,3.701647233018693,2701.5,0.0,10815,4605.0,42.57975034674064,6,53.0,2,2,18.0,22.0,53.0,67.0,67.0,91.0
521290,Marzagão,GO,Goiás,CENTRO-OESTE,2942,1,1,3.399048266485384,2942.0,0.0,2893,1282.0,44.31386104389907,6,63.0,2,2,16.0,16.0,82.0,82.0,82.0,100.0
521295,Matrinchã,GO,Goiás,CENTRO-OESTE,4004,2,2,4.995004995004995,2002.0,0.0,4033,2537.0,62.90602529134639,6,52.666666666666664,3,2,6.0,22.0,75.0,69.0,44.0,100.0
521300,Maurilândia,GO,Goiás,CENTRO-OESTE,10145,5,4,4.9285362247412525,2029.0,0.0,10239,4252.0,41.52749291923039,6,45.0,5,1,46.0,3.0,33.0,49.0,46.0,93.0
521305,Mimoso de Goiás,GO,Goiás,CENTRO-OESTE,2626,2,2,7.616146230007616,1313.0,0.0,2633,1415.0,53.74097987086973,6,57.666666666666664,2,1,31.0,22.0,75.0,75.0,63.0,80.0
521308,Minaçu,GO,Goiás,CENTRO-OESTE,26616,7,7,2.6299969942891495,3802.285714285714,0.0,26939,12406.0,46.05219198930918,6,51.166666666666664,2,1,31.0,17.0,62.0,67.0,50.0,80.0
521310,Mineiros,GO,Goiás,CENTRO-OESTE,74999,13,13,1.7333564447525966,5769.153846153846,3.8109114847942562,73781,24798.0,33.610279069137036,6,49.0,2,1,34.0,8.0,66.0,60.0,50.0,76.0
521340,Moiporá,GO,Goiás,CENTRO-OESTE,1687,2,2,11.855364552459987,843.5,0.0,1693,1000.0,59.06674542232723,6,74.5,1,0,44.0,56.0,100.0,67.0,100.0,80.0
521350,Monte Alegre de Goiás,GO,Goiás,CENTRO-OESTE,6534,3,3,4.591368227731864,2178.0,0.0,6613,3760.0,56.857704521397245,6,52.666666666666664,2,1,34.0,17.0,63.0,63.0,53.0,86.0
521370,Montes Claros de Goiás,GO,Goiás,CENTRO-OESTE,9024,8,6,8.865248226950355,1128.0,0.0,8972,3585.0,39.957646009808286,6,38.166666666666664,4,3,24.0,6.0,24.0,52.0,45.0,78.0
521375,Montividiu,GO,Goiás,CENTRO-OESTE,13094,6,6,4.5822514128608525,2182.3333333333335,0.0,12957,4084.0,31.519641892413368,6,49.5,2,1,33.0,20.0,60.0,67.0,52.0,65.0
521377,Montividiu do Norte,GO,Goiás,CENTRO-OESTE,3743,2,2,5.343307507347048,1871.5,0.0,3770,2571.0,68.19628647214854,6,53.5,1,1,52.0,24.0,50.0,58.0,50.0,87.0
521380,Morrinhos,GO,Goiás,CENTRO-OESTE,54326,16,15,2.9451827854066193,3395.375,0.0,53640,16338.0,30.458612975391496,6,39.166666666666664,5,2,16.0,15.0,38.0,42.0,36.0,88.0
521385,Morro Agudo de Goiás,GO,Goiás,CENTRO-OESTE,2505,1,1,3.992015968063872,2505.0,0.0,2499,1449.0,57.98319327731093,6,82.83333333333333,0,0,57.0,81.0,100.0,89.0,78.0,92.0
521390,Mossâmedes,GO,Goiás,CENTRO-OESTE,4626,2,2,4.323389537397319,2313.0,0.0,4655,2034.0,43.69495166487648,6,54.833333333333336,2,2,23.0,13.0,56.0,67.0,89.0,81.0
521400,Mozarlândia,GO,Goiás,CENTRO-OESTE,15199,5,5,3.2896901111915255,3039.8,0.0,15109,7221.0,47.79270633397313,6,64.0,1,1,16.0,58.0,79.0,87.0,81.0,63.0
521405,Mundo Novo,GO,Goiás,CENTRO-OESTE,6202,1,1,1.6123831022250885,6202.0,0.39016884263382157,6223,3146.0,50.55439498634099,6,57.5,2,2,29.0,12.0,50.0,88.0,83.0,83.0
521410,Mutunópolis,GO,Goiás,CENTRO-OESTE,3540,4,2,11.299435028248588,885.0,0.0,3562,2275.0,63.868613138686136,6,70.0,2,0,33.0,33.0,85.0,92.0,77.0,100.0
521440,Nazário,GO,Goiás,CENTRO-OESTE,8349,5,5,5.98874116660678,1669.8,0.0,8330,3811.0,45.750300120048024,6,49.833333333333336,4,1,48.0,14.0,41.0,48.0,52.0,96.0
521450,Nerópolis,GO,Goiás,CENTRO-OESTE,34273,5,5,1.4588743325649929,6854.6,2.68224068745388,33706,12087.0,35.86008425799561,6,37.833333333333336,5,2,18.0,4.0,35.0,49.0,41.0,80.0
521460,Niquelândia,GO,Goiás,CENTRO-OESTE,33890,12,12,3.5408675125405726,2824.1666666666665,0.0,34466,14721.0,42.71165786572274,6,56.666666666666664,2,2,14.0,11.0,80.0,75.0,74.0,86.0
521470,Nova América,GO,Goiás,CENTRO-OESTE,2380,1,1,4.201680672268908,2380.0,0.0,2375,1375.0,57.89473684210527,6,53.5,3,1,35.0,19.0,67.0,67.0,33.0,100.0
521480,Nova Aurora,GO,Goiás,CENTRO-OESTE,2132,1,1,4.690431519699812,2132.0,0.0,2130,1060.0,49.76525821596244,6,49.5,3,2,30.0,12.0,75.0,25.0,88.0,67.0
521483,Nova Crixás,GO,Goiás,CENTRO-OESTE,13153,3,3,2.2808484756329355,4384.333333333333,0.0,13095,5317.0,40.6032836960672,6,49.333333333333336,2,2,18.0,1.0,55.0,88.0,52.0,82.0
521486,Nova Glória,GO,Goiás,CENTRO-OESTE,8356,3,2,3.5902345619913834,2785.3333333333335,0.0,8375,4295.0,51.28358208955224,6,41.5,3,3,17.0,1.0,8.0,77.0,50.0,96.0
521487,Nova Iguaçu de Goiás,GO,Goiás,CENTRO-OESTE,3084,1,1,3.2425421530479897,3084.0,0.0,3072,1501.0,48.86067708333333,6,51.333333333333336,2,2,19.0,3.0,60.0,80.0,60.0,86.0
521490,Nova Roma,GO,Goiás,CENTRO-OESTE,3022,1,1,3.3090668431502315,3022.0,0.0,3053,2054.0,67.27808712741566,6,79.66666666666667,0,0,61.0,65.0,92.0,100.0,69.0,91.0
521500,Nova Veneza,GO,Goiás,CENTRO-OESTE,9883,4,4,4.04735404229485,2470.75,0.0,9790,4852.0,49.56077630234933,6,57.833333333333336,2,1,31.0,27.0,70.0,80.0,60.0,79.0
521520,Novo Brasil,GO,Goiás,CENTRO-OESTE,3567,1,1,2.803476310625175,3567.0,0.0,3568,1841.0,51.597533632286996,6,69.83333333333333,2,0,48.0,37.0,78.0,78.0,78.0,100.0
521523,Novo Gama,GO,Goiás,CENTRO-OESTE,107663,24,20,2.229178083464143,4485.958333333333,0.13249727579572956,107092,43261.0,40.39610801927315,6,57.333333333333336,2,1,28.0,43.0,50.0,81.0,55.0,87.0
521525,Novo Planalto,GO,Goiás,CENTRO-OESTE,3703,2,2,5.401026194977045,1851.5,0.0,3723,2531.0,67.98280956218103,6,46.166666666666664,3,2,13.0,11.0,64.0,71.0,43.0,75.0
521530,Orizona,GO,Goiás,CENTRO-OESTE,17035,8,8,4.696213677722336,2129.375,0.0,16890,6188.0,36.63706335109532,6,50.5,2,2,22.0,2.0,57.0,80.0,61.0,81.0
521540,Ouro Verde de Goiás,GO,Goiás,CENTRO-OESTE,4109,1,1,2.433682161109759,4109.0,0.0,4108,1973.0,48.02823758519961,6,66.83333333333333,2,1,35.0,24.0,91.0,100.0,73.0,78.0
521550,Ouvidor,GO,Goiás,CENTRO-OESTE,7665,2,2,2.609262883235486,3832.5,0.0,7542,3031.0,40.1882789710952,6,55.5,3,1,36.0,9.0,30.0,96.0,74.0,88.0
521560,Padre Bernardo,GO,Goiás,CENTRO-OESTE,37207,11,11,2.9564329292874993,3382.4545454545455,0.0,36692,14580.0,39.73618227406519,6,46.333333333333336,3,2,20.0,6.0,44.0,72.0,54.0,82.0
521565,Palestina de Goiás,GO,Goiás,CENTRO-OESTE,3113,1,1,3.2123353678124,3113.0,0.0,3132,1562.0,49.87228607918263,6,74.16666666666667,0,0,52.0,51.0,100.0,100.0,67.0,75.0
521570,Palmeiras de Goiás,GO,Goiás,CENTRO-OESTE,34375,5,5,1.4545454545454546,6875.0,2.705103831915126,33749,10937.0,32.4068861299594,6,62.5,1,1,20.0,57.0,65.0,87.0,65.0,81.0
521580,Palmelo,GO,Goiás,CENTRO-OESTE,2266,1,1,4.41306266548985,2266.0,0.0,2273,1233.0,54.24549054113507,6,77.33333333333333,1,0,45.0,63.0,100.0,100.0,71.0,85.0
521590,Palminópolis,GO,Goiás,CENTRO-OESTE,3959,3,3,7.577671129072998,1319.6666666666667,0.0,3939,2056.0,52.195988829652194,6,48.666666666666664,3,1,24.0,31.0,50.0,57.0,36.0,94.0
521600,Panamá,GO,Goiás,CENTRO-OESTE,2432,1,1,4.1118421052631575,2432.0,0.0,2449,1317.0,53.777051857901185,6,45.166666666666664,3,3,23.0,14.0,67.0,50.0,17.0,100.0
521630,Paranaiguara,GO,Goiás,CENTRO-OESTE,7356,3,3,4.078303425774878,2452.0,0.0,7470,3300.0,44.17670682730924,6,41.0,5,3,20.0,16.0,21.0,42.0,47.0,100.0
521640,Paraúna,GO,Goiás,CENTRO-OESTE,10727,6,6,5.593362543115504,1787.8333333333333,0.0,10749,4357.0,40.53400316308494,6,61.333333333333336,2,0,41.0,45.0,63.0,72.0,54.0,93.0
521645,Perolândia,GO,Goiás,CENTRO-OESTE,2999,1,1,3.3344448149383124,2999.0,0.0,3000,1376.0,45.86666666666667,6,77.16666666666667,1,0,34.0,58.0,100.0,100.0,91.0,80.0
521680,Petrolina de Goiás,GO,Goiás,CENTRO-OESTE,9519,2,2,2.101061035823091,4759.5,0.13366933457454783,9577,4376.0,45.69280568027566,6,41.666666666666664,3,3,13.0,8.0,53.0,59.0,24.0,93.0
521690,Pilar de Goiás,GO,Goiás,CENTRO-OESTE,2254,1,1,4.436557231588288,2254.0,0.0,2288,1270.0,55.506993006993014,6,36.333333333333336,4,3,12.0,2.0,0.0,86.0,43.0,75.0
521710,Piracanjuba,GO,Goiás,CENTRO-OESTE,25373,8,8,3.152957868600481,3171.625,0.0,25309,8752.0,34.58058398198269,6,53.333333333333336,2,2,19.0,7.0,64.0,76.0,66.0,88.0
521720,Piranhas,GO,Goiás,CENTRO-OESTE,11940,4,4,3.3500837520938025,2985.0,0.0,11913,5391.0,45.25308486527323,6,73.33333333333333,1,0,41.0,56.0,79.0,96.0,79.0,89.0
521730,Pirenópolis,GO,Goiás,CENTRO-OESTE,28028,7,7,2.4975024975024973,4004.0,0.0,27757,10238.0,36.884389523363474,6,58.0,2,2,21.0,27.0,66.0,80.0,60.0,94.0
521740,Pires do Rio,GO,Goiás,CENTRO-OESTE,33736,8,8,2.3713540431586435,4217.0,0.0,33494,11991.0,35.80044187018571,6,40.166666666666664,4,2,10.0,4.0,36.0,65.0,45.0,81.0
521760,Planaltina,GO,Goiás,CENTRO-OESTE,112304,33,30,2.9384527710500072,3403.151515151515,0.0,110619,42333.0,38.26919426138367,6,54.166666666666664,2,1,48.0,12.0,64.0,67.0,54.0,80.0
521770,Pontalina,GO,Goiás,CENTRO-OESTE,18763,8,8,4.263710494057453,2345.375,0.0,18685,7182.0,38.437249130318435,6,54.166666666666664,2,2,26.0,25.0,50.0,69.0,58.0,97.0
521800,Porangatu,GO,Goiás,CENTRO-OESTE,45512,14,14,3.0761117946915095,3250.8571428571427,0.0,45400,15391.0,33.90088105726872,6,38.666666666666664,4,2,7.0,6.0,39.0,48.0,60.0,72.0
521805,Porteirão,GO,Goiás,CENTRO-OESTE,4276,1,1,2.3386342376052385,4276.0,0.0,4225,1923.0,45.514792899408285,6,61.5,3,1,46.0,19.0,88.0,47.0,76.0,93.0
521810,Portelândia,GO,Goiás,CENTRO-OESTE,3191,1,1,3.1338138514572234,3191.0,0.0,3234,1722.0,53.246753246753244,6,44.666666666666664,3,2,22.0,13.0,55.0,36.0,64.0,78.0
521830,Posse,GO,Goiás,CENTRO-OESTE,36291,14,14,3.857705767270122,2592.214285714286,0.0,36060,16548.0,45.89018302828619,6,63.666666666666664,2,1,31.0,16.0,81.0,91.0,66.0,97.0
521839,Professor Jamil,GO,Goiás,CENTRO-OESTE,3750,1,1,2.666666666666667,3750.0,0.0,3732,2188.0,58.62808145766345,6,43.333333333333336,2,2,15.0,5.0,50.0,50.0,60.0,80.0
521850,Quirinópolis,GO,Goiás,CENTRO-OESTE,50329,17,16,3.377774245464841,2960.529411764706,0.0,49986,17734.0,35.47793382147001,6,66.16666666666667,1,0,74.0,69.0,61.0,64.0,44.0,85.0
521860,Rialma,GO,Goiás,CENTRO-OESTE,12665,5,5,3.9478878799842083,2533.0,0.0,12551,4673.0,37.23209306031392,6,60.5,2,2,19.0,23.0,76.0,98.0,61.0,86.0
521870,Rianápolis,GO,Goiás,CENTRO-OESTE,3893,2,2,5.137426149499101,1946.5,0.0,3938,2269.0,57.61808024377857,6,66.66666666666667,2,0,93.0,89.0,59.0,41.0,47.0,71.0
521878,Rio Quente,GO,Goiás,CENTRO-OESTE,4033,1,1,2.479543763947434,4033.0,0.0,3994,1963.0,49.14872308462694,6,43.333333333333336,4,3,56.0,46.0,21.0,26.0,26.0,85.0
521880,Rio Verde,GO,Goiás,CENTRO-OESTE,241494,48,44,1.9876270217893612,5031.125,6.130511848276697,238025,69424.0,29.166684171830692,6,58.166666666666664,2,1,33.0,27.0,61.0,79.0,61.0,88.0
521890,Rubiataba,GO,Goiás,CENTRO-OESTE,20186,9,9,4.458535618745666,2242.8888888888887,0.0,20132,8529.0,42.36538843632028,6,55.5,2,1,77.0,15.0,55.0,61.0,49.0,76.0
521900,Sanclerlândia,GO,Goiás,CENTRO-OESTE,8085,5,4,6.184291898577613,1617.0,0.0,8063,3345.0,41.48579933027409,6,52.833333333333336,3,0,35.0,72.0,32.0,50.0,36.0,92.0
521910,Santa Bárbara de Goiás,GO,Goiás,CENTRO-OESTE,6306,2,2,3.1715826197272436,3153.0,0.0,6280,2899.0,46.16242038216561,6,49.833333333333336,3,2,24.0,10.0,69.0,73.0,31.0,92.0
521920,Santa Cruz de Goiás,GO,Goiás,CENTRO-OESTE,3004,1,1,3.3288948069241013,3004.0,0.0,3016,1536.0,50.92838196286472,6,60.666666666666664,2,2,25.0,11.0,55.0,100.0,73.0,100.0
521925,Santa Fé de Goiás,GO,Goiás,CENTRO-OESTE,5047,2,2,3.9627501486031305,2523.5,0.0,5036,1874.0,37.212073073868154,6,59.166666666666664,2,2,19.0,3.0,79.0,95.0,68.0,91.0
521930,Santa Helena de Goiás,GO,Goiás,CENTRO-OESTE,39601,10,10,2.5251887578596497,3960.1,0.0,39481,15128.0,38.3171652187128,6,48.333333333333336,3,1,42.0,29.0,46.0,53.0,50.0,70.0
521935,Santa Isabel,GO,Goiás,CENTRO-OESTE,3543,2,2,5.644933672029354,1771.5,0.0,3556,2273.0,63.920134983127106,6,32.5,5,4,32.0,16.0,9.0,18.0,27.0,93.0
521940,Santa Rita do Araguaia,GO,Goiás,CENTRO-OESTE,5765,2,2,3.4692107545533393,2882.5,0.0,5842,2724.0,46.62786716877781,6,51.166666666666664,4,2,15.0,11.0,48.0,90.0,43.0,100.0
521945,Santa Rita do Novo Destino,GO,Goiás,CENTRO-OESTE,2611,3,2,11.489850631941785,870.3333333333334,0.0,2648,1342.0,50.6797583081571,6,34.5,5,3,27.0,4.0,42.0,67.0,42.0,25.0
521950,Santa Rosa de Goiás,GO,Goiás,CENTRO-OESTE,2828,1,1,3.536067892503536,2828.0,0.0,2837,1807.0,63.69404300317236,6,44.666666666666664,3,2,16.0,7.0,67.0,56.0,44.0,78.0
521960,Santa Tereza de Goiás,GO,Goiás,CENTRO-OESTE,3172,2,2,6.305170239596469,1586.0,0.0,3225,1870.0,57.984496124031004,6,52.333333333333336,2,2,10.0,2.0,67.0,67.0,78.0,90.0
521970,Santa Terezinha de Goiás,GO,Goiás,CENTRO-OESTE,10837,4,4,3.691058410999354,2709.25,0.0,10818,5315.0,49.131077833240894,6,52.833333333333336,3,2,16.0,14.0,80.0,70.0,43.0,94.0
521971,Santo Antônio da Barra,GO,Goiás,CENTRO-OESTE,4279,2,2,4.673989249824726,2139.5,0.0,4293,1812.0,42.20824598183089,6,65.33333333333333,1,0,32.0,52.0,57.0,93.0,71.0,87.0
521973,Santo Antônio de Goiás,GO,Goiás,CENTRO-OESTE,8066,3,2,3.7193156459211507,2688.6666666666665,0.0,7873,3743.0,47.5422329480503,6,61.833333333333336,2,2,25.0,18.0,71.0,86.0,82.0,89.0
521975,Santo Antônio do Descoberto,GO,Goiás,CENTRO-OESTE,75221,23,22,3.0576567713803326,3270.478260869565,0.0,74614,27303.0,36.59232851743641,6,53.666666666666664,2,2,20.0,15.0,70.0,81.0,51.0,85.0
522045,Senador Canedo,GO,Goiás,CENTRO-OESTE,175042,24,24,1.3710995075467602,7293.416666666667,15.23539738024982,169849,47764.0,28.121449051804838,6,50.166666666666664,3,2,23.0,12.0,75.0,62.0,42.0,87.0
522050,Serranópolis,GO,Goiás,CENTRO-OESTE,8237,4,4,4.856136943061794,2059.25,0.0,8201,3340.0,40.72674064138519,6,67.0,2,1,46.0,26.0,81.0,100.0,59.0,90.0
522060,Silvânia,GO,Goiás,CENTRO-OESTE,23150,9,9,3.8876889848812093,2572.222222222222,0.0,22939,8301.0,36.187279305985435,6,53.833333333333336,3,0,45.0,44.0,45.0,52.0,53.0,84.0
522068,Simolândia,GO,Goiás,CENTRO-OESTE,5634,2,2,3.549875754348598,2817.0,0.0,5693,3496.0,61.40874758475321,6,61.166666666666664,2,0,48.0,70.0,55.0,64.0,41.0,89.0
521980,São Domingos,GO,Goiás,CENTRO-OESTE,9457,5,5,5.287088928835783,1891.4,0.0,9581,4812.0,50.22440246320843,6,50.833333333333336,3,2,19.0,9.0,72.0,84.0,44.0,77.0
521990,São Francisco de Goiás,GO,Goiás,CENTRO-OESTE,6507,2,2,3.073613032119256,3253.5,0.0,6491,3194.0,49.20659374518564,6,45.333333333333336,3,3,12.0,19.0,77.0,23.0,50.0,91.0
522000,São João d'Aliança,GO,Goiás,CENTRO-OESTE,15026,4,4,2.662052442433116,3756.5,0.0,14757,5362.0,36.335298502405635,6,60.333333333333336,2,2,28.0,11.0,85.0,87.0,58.0,93.0
522005,São João da Paraúna,GO,Goiás,CENTRO-OESTE,1812,1,1,5.518763796909492,1812.0,0.0,1807,1045.0,57.830658550083015,6,58.666666666666664,3,1,47.0,5.0,60.0,100.0,40.0,100.0
522015,São Luiz do Norte,GO,Goiás,CENTRO-OESTE,4939,1,1,2.024701356549909,4939.0,0.10706931856956525,4926,2716.0,55.136012992285835,6,56.833333333333336,2,1,39.0,19.0,70.0,53.0,60.0,100.0
522010,São Luís de Montes Belos,GO,Goiás,CENTRO-OESTE,35288,10,10,2.833824529585128,3528.8,0.0,35031,13683.0,39.059689988867,6,48.5,3,1,22.0,33.0,53.0,56.0,38.0,89.0
522020,São Miguel do Araguaia,GO,Goiás,CENTRO-OESTE,22040,7,7,3.176043557168784,3148.5714285714284,0.0,22079,10846.0,49.123601612391866,6,33.666666666666664,5,3,15.0,8.0,25.0,45.0,46.0,63.0
522026,São Miguel do Passa Quatro,GO,Goiás,CENTRO-OESTE,4671,2,2,4.281738385784629,2335.5,0.0,4621,1786.0,38.64964293442978,6,45.166666666666664,3,2,12.0,15.0,50.0,30.0,70.0,94.0
522028,São Patrício,GO,Goiás,CENTRO-OESTE,2200,1,1,4.545454545454546,2200.0,0.0,2190,1264.0,57.716894977168955,6,74.5,1,1,26.0,55.0,100.0,89.0,89.0,88.0
522040,São Simão,GO,Goiás,CENTRO-OESTE,17181,9,9,5.238344683080147,1909.0,0.0,17194,7051.0,41.008491334186346,6,60.0,1,0,33.0,53.0,61.0,72.0,52.0,89.0
522070,Sítio d'Abadia,GO,Goiás,CENTRO-OESTE,2978,3,3,10.073875083948959,992.6666666666666,0.0,2973,1527.0,51.3622603430878,6,73.0,1,1,24.0,62.0,100.0,92.0,69.0,91.0
522100,Taquaral de Goiás,GO,Goiás,CENTRO-OESTE,4180,2,2,4.784688995215311,2090.0,0.0,4146,1845.0,44.500723589001446,6,52.666666666666664,2,1,30.0,3.0,78.0,56.0,67.0,82.0
522108,Teresina de Goiás,GO,Goiás,CENTRO-OESTE,2660,3,2,11.278195488721805,886.6666666666666,0.0,2685,2253.0,83.91061452513966,6,74.16666666666667,1,0,45.0,51.0,83.0,83.0,83.0,100.0
522119,Terezópolis de Goiás,GO,Goiás,CENTRO-OESTE,8340,3,3,3.5971223021582737,2780.0,0.0,8243,3767.0,45.69938129321849,6,41.166666666666664,5,3,25.0,22.0,24.0,38.0,41.0,97.0
522140,Trindade,GO,Goiás,CENTRO-OESTE,153560,33,33,2.1489971346704873,4653.333333333333,1.4202398379312493,150858,46075.0,30.541966617613912,6,39.0,4,3,15.0,9.0,27.0,65.0,40.0,78.0
522145,Trombas,GO,Goiás,CENTRO-OESTE,3080,2,2,6.4935064935064934,1540.0,0.0,3106,1783.0,57.405022537025104,6,46.166666666666664,3,3,12.0,2.0,25.0,63.0,75.0,100.0
522130,Três Ranchos,GO,Goiás,CENTRO-OESTE,2976,2,2,6.720430107526882,1488.0,0.0,2970,1266.0,42.62626262626263,6,56.666666666666664,2,2,23.0,14.0,50.0,100.0,83.0,70.0
522155,Turvelândia,GO,Goiás,CENTRO-OESTE,5171,1,1,1.9338619222587505,5171.0,0.15907176479514532,5130,1840.0,35.86744639376218,6,57.666666666666664,3,1,32.0,27.0,100.0,31.0,56.0,100.0
522150,Turvânia,GO,Goiás,CENTRO-OESTE,4449,2,2,4.4953922229714545,2224.5,0.0,4478,2402.0,53.64001786511836,6,77.83333333333333,1,0,73.0,37.0,85.0,92.0,85.0,95.0
522157,Uirapuru,GO,Goiás,CENTRO-OESTE,2798,1,1,3.5739814152966405,2798.0,0.0,2809,1576.0,56.105375578497686,6,27.833333333333332,4,4,15.0,2.0,50.0,0.0,0.0,100.0
522170,Uruana,GO,Goiás,CENTRO-OESTE,13857,6,6,4.329941545789132,2309.5,0.0,13871,7690.0,55.43940595486987,6,62.333333333333336,1,0,39.0,55.0,55.0,80.0,58.0,87.0
522160,Uruaçu,GO,Goiás,CENTRO-OESTE,44533,13,13,2.9191835268228057,3425.6153846153848,0.0,44150,14350.0,32.50283125707814,6,55.5,2,2,13.0,11.0,73.0,75.0,75.0,86.0
522180,Urutaí,GO,Goiás,CENTRO-OESTE,3700,1,1,2.7027027027027026,3700.0,0.0,3667,1612.0,43.959640032724295,6,61.333333333333336,2,2,19.0,19.0,80.0,100.0,50.0,100.0
522185,Valparaíso de Goiás,GO,Goiás,CENTRO-OESTE,218416,40,39,1.8313676653725002,5460.4,8.95761333968216,213506,55865.0,26.16554101524079,6,50.666666666666664,3,2,19.0,11.0,48.0,83.0,56.0,87.0
522190,Varjão,GO,Goiás,CENTRO-OESTE,3770,2,2,5.305039787798408,1885.0,0.0,3768,1877.0,49.81422505307855,6,76.0,1,0,32.0,75.0,83.0,83.0,83.0,100.0
522200,Vianópolis,GO,Goiás,CENTRO-OESTE,15644,5,5,3.196113525952442,3128.8,0.0,15476,5914.0,38.214008787800466,6,49.333333333333336,3,2,26.0,26.0,54.0,57.0,45.0,88.0
522205,Vicentinópolis,GO,Goiás,CENTRO-OESTE,9175,5,5,5.4495912806539515,1835.0,0.0,9077,3939.0,43.39539495428005,6,55.166666666666664,2,2,18.0,13.0,67.0,84.0,63.0,86.0
522220,Vila Boa,GO,Goiás,CENTRO-OESTE,4145,2,2,4.8250904704463204,2072.5,0.0,4185,2436.0,58.2078853046595,6,68.83333333333333,1,0,30.0,51.0,91.0,74.0,83.0,84.0
522230,Vila Propício,GO,Goiás,CENTRO-OESTE,6028,2,2,3.3178500331785004,3014.0,0.0,5982,3163.0,52.87529254429957,6,69.5,2,1,33.0,12.0,92.0,100.0,88.0,92.0
520017,Água Fria de Goiás,GO,Goiás,CENTRO-OESTE,4979,3,3,6.025306286402892,1659.6666666666667,0.0,4991,2641.0,52.915247445401725,6,58.5,3,2,39.0,16.0,88.0,84.0,24.0,100.0
520020,Água Limpa,GO,Goiás,CENTRO-OESTE,1843,2,2,10.851871947911015,921.5,0.0,1856,1020.0,54.956896551724135,6,49.5,3,3,24.0,13.0,60.0,100.0,0.0,100.0
520025,Águas Lindas de Goiás,GO,Goiás,CENTRO-OESTE,245352,34,29,1.385764126642538,7216.235294117647,20.995276665252074,240613,76645.0,31.85405609838205,6,52.333333333333336,2,2,19.0,13.0,63.0,87.0,61.0,71.0
210010,Afonso Cunha,MA,Maranhão,NORDESTE,6303,3,3,4.75963826749167,2101.0,0.0,6296,5238.0,83.19567979669633,6,29.666666666666668,5,4,21.0,0.0,32.0,26.0,15.0,84.0
210020,Alcântara,MA,Maranhão,NORDESTE,18721,9,9,4.807435500240372,2080.1111111111113,0.0,18774,15098.0,80.419729413018,6,59.0,3,0,30.0,38.0,67.0,86.0,44.0,89.0
210030,Aldeias Altas,MA,Maranhão,NORDESTE,23776,4,3,1.6823687752355316,5944.0,1.3293541442214993,23782,14828.0,62.349676225716934,6,56.5,3,0,48.0,37.0,57.0,68.0,46.0,83.0
210040,Altamira do Maranhão,MA,Maranhão,NORDESTE,6549,7,7,10.688654756451365,935.5714285714286,0.0,6565,4104.0,62.513328255902515,6,47.0,3,2,12.0,9.0,52.0,82.0,39.0,88.0
210043,Alto Alegre do Maranhão,MA,Maranhão,NORDESTE,24528,1,1,0.40769732550554466,24528.0,4.497913797504413,24543,15975.0,65.0898423175651,6,45.5,3,2,51.0,3.0,26.0,69.0,46.0,78.0
210047,Alto Alegre do Pindaré,MA,Maranhão,NORDESTE,26321,17,16,6.458721173207706,1548.2941176470588,0.0,26411,20100.0,76.10465336412858,6,76.5,1,1,67.0,24.0,93.0,99.0,82.0,94.0
210050,Alto Parnaíba,MA,Maranhão,NORDESTE,11392,5,5,4.389044943820225,2278.4,0.0,11382,6622.0,58.17958179581796,6,53.833333333333336,2,1,33.0,13.0,55.0,80.0,53.0,89.0
210055,Amapá do Maranhão,MA,Maranhão,NORDESTE,7380,2,2,2.710027100271003,3690.0,0.0,7364,4863.0,66.03747963063552,6,83.66666666666667,0,0,63.0,61.0,100.0,100.0,90.0,88.0
210060,Amarante do Maranhão,MA,Maranhão,NORDESTE,38335,18,18,4.695448023998956,2129.722222222222,0.0,38333,21925.0,57.19614953173506,6,52.166666666666664,2,0,42.0,37.0,55.0,60.0,55.0,64.0
210070,Anajatuba,MA,Maranhão,NORDESTE,26250,16,16,6.095238095238095,1640.625,0.0,26221,18588.0,70.88974486098928,6,52.333333333333336,2,1,33.0,8.0,66.0,66.0,52.0,89.0
210080,Anapurus,MA,Maranhão,NORDESTE,14113,9,8,6.377099128463119,1568.111111111111,0.0,14111,10195.0,72.24860038268018,6,15.0,6,4,39.0,1.0,13.0,7.0,0.0,30.0
210083,Apicum-Açu,MA,Maranhão,NORDESTE,18033,8,8,4.436311207231188,2254.125,0.0,17984,13495.0,75.03892348754448,6,70.16666666666667,1,1,59.0,21.0,86.0,90.0,74.0,91.0
210087,Araguanã,MA,Maranhão,NORDESTE,11297,9,9,7.966716827476321,1255.2222222222222,0.0,11347,6828.0,60.17449546135543,6,67.0,2,0,41.0,44.0,78.0,74.0,74.0,91.0
210090,Araioses,MA,Maranhão,NORDESTE,40231,18,18,4.474161716089583,2235.0555555555557,0.0,40278,27895.0,69.25616962113313,6,41.833333333333336,4,2,68.0,9.0,12.0,49.0,34.0,79.0
210095,Arame,MA,Maranhão,NORDESTE,26089,12,11,4.599639694890567,2174.0833333333335,0.0,26191,17095.0,65.27051277156275,6,59.0,1,0,56.0,55.0,58.0,58.0,48.0,79.0
210100,Arari,MA,Maranhão,NORDESTE,30555,14,14,4.581901489117984,2182.5,0.0,30521,19515.0,63.93958258248419,6,52.666666666666664,2,1,33.0,19.0,55.0,65.0,55.0,89.0
210110,Axixá,MA,Maranhão,NORDESTE,12091,12,12,9.924737407989413,1007.5833333333334,0.0,12079,8264.0,68.41625962414108,6,57.166666666666664,2,2,26.0,12.0,76.0,95.0,52.0,82.0
210005,Açailândia,MA,Maranhão,NORDESTE,110611,35,34,3.164242254386996,3160.3142857142857,0.0,110506,49190.0,44.513420085787196,6,46.5,2,2,17.0,13.0,53.0,72.0,53.0,71.0
210120,Bacabal,MA,Maranhão,NORDESTE,107755,26,23,2.4128810728040464,4144.423076923077,0.0,107620,58706.0,54.54934027132503,6,58.166666666666664,2,1,31.0,19.0,59.0,90.0,59.0,91.0
210125,Bacabeira,MA,Maranhão,NORDESTE,17459,11,11,6.300475399507418,1587.1818181818182,0.0,17414,10911.0,62.65648328930745,6,49.0,4,1,39.0,29.0,43.0,55.0,36.0,92.0
210130,Bacuri,MA,Maranhão,NORDESTE,16591,8,7,4.82189138689651,2073.875,0.0,16610,11146.0,67.10415412402168,6,49.0,3,1,38.0,12.0,62.0,64.0,32.0,86.0
210135,Bacurituba,MA,Maranhão,NORDESTE,5375,5,4,9.30232558139535,1075.0,0.0,5374,4471.0,83.19687383699292,6,60.166666666666664,1,0,57.0,51.0,56.0,67.0,44.0,86.0
210140,Balsas,MA,Maranhão,NORDESTE,105974,33,32,3.1139713514635665,3211.3333333333335,0.0,106094,49452.0,46.611495466284616,6,47.0,3,2,25.0,21.0,46.0,74.0,52.0,64.0
210160,Barra do Corda,MA,Maranhão,NORDESTE,87757,30,29,3.4185307154984788,2925.233333333333,0.0,87672,50565.0,57.67519846701341,6,43.0,4,1,43.0,8.0,33.0,69.0,44.0,61.0
210170,Barreirinhas,MA,Maranhão,NORDESTE,68234,32,27,4.68974411583668,2132.3125,0.0,67999,48830.0,71.80987955705231,6,45.166666666666664,4,2,26.0,11.0,48.0,72.0,33.0,81.0
210150,Barão de Grajaú,MA,Maranhão,NORDESTE,19493,11,11,5.643051351767301,1772.090909090909,0.0,19458,11784.0,60.56120875732347,6,58.666666666666664,2,2,26.0,8.0,71.0,88.0,70.0,89.0
210177,Bela Vista do Maranhão,MA,Maranhão,NORDESTE,12104,8,8,6.609385327164573,1513.0,0.0,12073,8640.0,71.56464838896711,6,65.33333333333333,2,1,33.0,27.0,78.0,98.0,63.0,93.0
210173,Belágua,MA,Maranhão,NORDESTE,8751,6,6,6.856359273225918,1458.5,0.0,8716,7343.0,84.24736117485085,6,47.833333333333336,3,2,21.0,23.0,38.0,71.0,55.0,79.0
210180,Benedito Leite,MA,Maranhão,NORDESTE,5599,5,3,8.93016610108948,1119.8,0.0,5597,3123.0,55.79774879399678,6,48.0,2,2,13.0,6.0,71.0,61.0,58.0,79.0
210190,Bequimão,MA,Maranhão,NORDESTE,19968,9,9,4.507211538461538,2218.6666666666665,0.0,19983,13687.0,68.4932192363509,6,54.333333333333336,2,1,80.0,68.0,16.0,75.0,32.0,55.0
210193,Bernardo do Mearim,MA,Maranhão,NORDESTE,5989,4,4,6.6789113374519955,1497.25,0.0,5983,3678.0,61.47417683436404,6,67.83333333333333,1,1,50.0,17.0,80.0,95.0,65.0,100.0
210197,Boa Vista do Gurupi,MA,Maranhão,NORDESTE,7781,3,3,3.8555455596966968,2593.6666666666665,0.0,7769,5294.0,68.14261809756725,6,47.833333333333336,3,1,33.0,23.0,53.0,60.0,42.0,76.0
210200,Bom Jardim,MA,Maranhão,NORDESTE,33936,22,22,6.482791136256482,1542.5454545454545,0.0,34035,21550.0,63.31717349786984,6,54.0,2,2,27.0,10.0,51.0,91.0,73.0,72.0
210203,Bom Jesus das Selvas,MA,Maranhão,NORDESTE,29606,10,10,3.377693710734311,2960.6,0.0,29588,18530.0,62.62674057050156,6,54.166666666666664,3,1,40.0,14.0,40.0,84.0,58.0,89.0
210207,Bom Lugar,MA,Maranhão,NORDESTE,12371,9,9,7.275078813353812,1374.5555555555557,0.0,12414,8211.0,66.14306428226196,6,40.166666666666664,4,2,12.0,6.0,45.0,51.0,43.0,84.0
210210,Brejo,MA,Maranhão,NORDESTE,35354,14,14,3.9599479549697345,2525.285714285714,0.0,35322,24413.0,69.11556537002434,6,55.666666666666664,2,1,16.0,40.0,57.0,77.0,62.0,82.0
210215,Brejo de Areia,MA,Maranhão,NORDESTE,9363,5,5,5.340168749332479,1872.6,0.0,9387,6702.0,71.39661233620966,6,55.333333333333336,3,2,23.0,26.0,47.0,89.0,60.0,87.0
210220,Buriti,MA,Maranhão,NORDESTE,30866,12,12,3.8877729540594825,2572.1666666666665,0.0,30799,21136.0,68.62560472742622,6,64.33333333333333,2,1,32.0,21.0,81.0,94.0,75.0,83.0
210230,Buriti Bravo,MA,Maranhão,NORDESTE,22938,12,12,5.23149359142035,1911.5,0.0,22940,14428.0,62.89450741063645,6,54.333333333333336,2,2,23.0,23.0,74.0,80.0,65.0,61.0
210232,Buriticupu,MA,Maranhão,NORDESTE,56733,0,0,0.0,0.0,12.71661543843028,56896,32616.0,57.32564679415073,6,40.333333333333336,4,2,35.0,8.0,27.0,59.0,40.0,73.0
210235,Buritirana,MA,Maranhão,NORDESTE,13125,7,7,5.333333333333334,1875.0,0.0,13157,8582.0,65.22763547921258,6,45.0,4,0,37.0,37.0,33.0,60.0,42.0,61.0
210237,Cachoeira Grande,MA,Maranhão,NORDESTE,10032,5,5,4.984051036682615,2006.4,0.0,10004,7448.0,74.45021991203518,6,50.666666666666664,3,1,30.0,11.0,78.0,78.0,39.0,68.0
210240,Cajapió,MA,Maranhão,NORDESTE,10336,4,4,3.8699690402476783,2584.0,0.0,10342,7521.0,72.72287758654032,6,49.833333333333336,2,1,50.0,11.0,59.0,57.0,48.0,74.0
210250,Cajari,MA,Maranhão,NORDESTE,16680,6,6,3.5971223021582737,2780.0,0.0,16711,12783.0,76.49452456465801,6,43.0,3,2,26.0,9.0,41.0,74.0,51.0,57.0
210255,Campestre do Maranhão,MA,Maranhão,NORDESTE,12536,5,5,3.98851308232291,2507.2,0.0,12553,7340.0,58.472078387636415,6,56.333333333333336,2,2,24.0,8.0,79.0,93.0,70.0,64.0
210270,Cantanhede,MA,Maranhão,NORDESTE,25059,10,10,3.9905822259467656,2505.9,0.0,24976,12889.0,51.605541319666884,6,53.5,2,1,60.0,20.0,55.0,71.0,31.0,84.0
210275,Capinzal do Norte,MA,Maranhão,NORDESTE,11681,6,6,5.136546528550637,1946.8333333333333,0.0,11664,7058.0,60.51097393689986,6,52.833333333333336,2,2,16.0,13.0,67.0,85.0,62.0,74.0
210280,Carolina,MA,Maranhão,NORDESTE,24619,11,11,4.468093748730655,2238.090909090909,0.0,24606,12470.0,50.67869625294643,6,47.0,2,2,11.0,6.0,50.0,83.0,51.0,81.0
210290,Carutapera,MA,Maranhão,NORDESTE,24906,10,10,4.015096763832008,2490.6,0.0,24855,16593.0,66.7592033796017,6,42.333333333333336,5,2,46.0,16.0,46.0,37.0,16.0,93.0
210300,Caxias,MA,Maranhão,NORDESTE,163546,42,40,2.568084820172918,3893.9523809523807,0.0,163428,85495.0,52.31355704040923,6,44.5,3,2,16.0,13.0,56.0,65.0,48.0,69.0
210310,Cedral,MA,Maranhão,NORDESTE,10446,7,7,6.701129618992916,1492.2857142857142,0.0,10444,6639.0,63.567598621217925,6,63.166666666666664,2,1,69.0,12.0,33.0,92.0,79.0,94.0
210312,Central do Maranhão,MA,Maranhão,NORDESTE,7220,4,4,5.54016620498615,1805.0,0.0,7233,6104.0,84.39098575971244,6,48.166666666666664,3,2,17.0,18.0,66.0,70.0,48.0,70.0
210317,Centro Novo do Maranhão,MA,Maranhão,NORDESTE,16477,8,8,4.855252776597681,2059.625,0.0,16529,12932.0,78.23824792788432,6,62.333333333333336,2,1,34.0,19.0,81.0,88.0,57.0,95.0
210315,Centro do Guilherme,MA,Maranhão,NORDESTE,12693,7,7,5.514850705113054,1813.2857142857142,0.0,12668,8301.0,65.52731291443006,6,51.166666666666664,3,1,42.0,8.0,50.0,82.0,42.0,83.0
210320,Chapadinha,MA,Maranhão,NORDESTE,84395,31,30,3.6732033888263524,2722.4193548387098,0.0,84202,58390.0,69.34514619605235,6,39.666666666666664,4,2,17.0,7.0,47.0,53.0,47.0,67.0
210325,Cidelândia,MA,Maranhão,NORDESTE,13141,7,7,5.32683966212617,1877.2857142857142,0.0,13152,8795.0,66.87195863746959,6,63.833333333333336,2,2,27.0,26.0,81.0,92.0,67.0,90.0
210330,Codó,MA,Maranhão,NORDESTE,118283,25,24,2.1135750699593348,4731.32,1.5129540814666733,118295,64572.0,54.58556997337165,6,36.666666666666664,5,1,34.0,6.0,32.0,58.0,43.0,47.0
210340,Coelho Neto,MA,Maranhão,NORDESTE,42841,12,12,2.8010550640741347,3570.0833333333335,0.0,42918,30119.0,70.1780138869472,6,59.5,2,1,47.0,19.0,74.0,78.0,67.0,72.0
210350,Colinas,MA,Maranhão,NORDESTE,41788,21,21,5.025366133818321,1989.904761904762,0.0,41745,24550.0,58.80943825607857,6,51.5,2,2,21.0,12.0,52.0,90.0,63.0,71.0
210355,Conceição do Lago-Açu,MA,Maranhão,NORDESTE,15278,6,6,3.9272156041366673,2546.3333333333335,0.0,15264,10613.0,69.52961215932913,6,60.5,2,2,15.0,22.0,86.0,94.0,70.0,76.0
210360,Coroatá,MA,Maranhão,NORDESTE,61337,20,19,3.2606746335816883,3066.85,0.0,61351,39591.0,64.5319554693485,6,41.5,4,1,33.0,9.0,48.0,59.0,37.0,63.0
210370,Cururupu,MA,Maranhão,NORDESTE,32602,13,13,3.987485430341697,2507.846153846154,0.0,32608,25491.0,78.17406771344454,6,66.5,2,1,42.0,21.0,92.0,99.0,57.0,88.0
210260,Cândido Mendes,MA,Maranhão,NORDESTE,20440,7,7,3.4246575342465753,2920.0,0.0,20413,14402.0,70.55307892029589,6,63.333333333333336,2,1,26.0,38.0,72.0,95.0,62.0,87.0
210375,Davinópolis,MA,Maranhão,NORDESTE,14828,9,9,6.069598057728622,1647.5555555555557,0.0,14788,7963.0,53.847714362997024,6,56.833333333333336,3,2,18.0,14.0,78.0,93.0,48.0,90.0
210380,Dom Pedro,MA,Maranhão,NORDESTE,23594,10,10,4.238365686191405,2359.4,0.0,23579,13521.0,57.34339878705627,6,50.333333333333336,3,2,20.0,8.0,31.0,92.0,58.0,93.0
210390,Duque Bacelar,MA,Maranhão,NORDESTE,10443,5,5,4.787896198410419,2088.6,0.0,10448,9004.0,86.1791730474732,6,79.0,1,0,61.0,34.0,98.0,97.0,85.0,99.0
210400,Esperantinópolis,MA,Maranhão,NORDESTE,18734,11,10,5.871677164513718,1703.090909090909,0.0,18725,12767.0,68.18157543391187,6,59.5,2,2,28.0,21.0,60.0,91.0,58.0,99.0
210405,Estreito,MA,Maranhão,NORDESTE,34321,11,11,3.2050348183327992,3120.090909090909,0.0,34353,16722.0,48.67697144354205,6,45.5,3,2,8.0,23.0,63.0,64.0,48.0,67.0
210407,Feira Nova do Maranhão,MA,Maranhão,NORDESTE,8237,3,3,3.642102707296346,2745.6666666666665,0.0,8236,5814.0,70.5925206410879,6,45.5,3,2,25.0,2.0,57.0,57.0,37.0,95.0
210408,Fernando Falcão,MA,Maranhão,NORDESTE,11219,5,5,4.456725198324271,2243.8,0.0,11184,6889.0,61.59692417739628,6,38.833333333333336,4,1,54.0,17.0,32.0,58.0,30.0,42.0
210409,Formosa da Serra Negra,MA,Maranhão,NORDESTE,18150,10,10,5.509641873278237,1815.0,0.0,18133,11187.0,61.694148789499806,6,60.166666666666664,2,0,43.0,45.0,57.0,77.0,52.0,87.0
210410,Fortaleza dos Nogueiras,MA,Maranhão,NORDESTE,12963,6,6,4.628558204119417,2160.5,0.0,12951,8476.0,65.44668365377191,6,59.166666666666664,2,1,39.0,7.0,75.0,94.0,72.0,68.0
210420,Fortuna,MA,Maranhão,NORDESTE,17347,9,9,5.188216982763589,1927.4444444444443,0.0,17346,12854.0,74.10353972097313,6,57.333333333333336,2,1,41.0,15.0,63.0,79.0,56.0,90.0
210430,Godofredo Viana,MA,Maranhão,NORDESTE,10424,6,6,5.755947812739831,1737.3333333333333,0.0,10422,6944.0,66.62828631740548,6,42.166666666666664,4,4,26.0,19.0,29.0,69.0,29.0,81.0
210440,Gonçalves Dias,MA,Maranhão,NORDESTE,17580,9,9,5.1194539249146755,1953.3333333333333,0.0,17579,9395.0,53.444450765117466,6,51.0,2,2,12.0,4.0,60.0,83.0,57.0,90.0
210450,Governador Archer,MA,Maranhão,NORDESTE,10476,5,5,4.772814051164567,2095.2,0.0,10472,6081.0,58.06913674560733,6,73.0,1,0,56.0,43.0,93.0,90.0,73.0,83.0
210455,Governador Edison Lobão,MA,Maranhão,NORDESTE,18963,9,9,4.746084480303749,2107.0,0.0,18908,10767.0,56.94415062407446,6,68.0,1,0,53.0,49.0,60.0,92.0,65.0,89.0
210460,Governador Eugênio Barros,MA,Maranhão,NORDESTE,14264,8,8,5.608524957936063,1783.0,0.0,14258,9954.0,69.81343806985552,6,64.0,2,1,49.0,15.0,71.0,87.0,66.0,96.0
210462,Governador Luiz Rocha,MA,Maranhão,NORDESTE,7216,4,4,5.5432372505543235,1804.0,0.0,7219,4907.0,67.97340351849287,6,43.333333333333336,4,3,21.0,10.0,32.0,91.0,21.0,85.0
210465,Governador Newton Bello,MA,Maranhão,NORDESTE,10993,6,6,5.458018739197671,1832.1666666666667,0.0,10981,5909.0,53.81112831253985,6,50.666666666666664,3,2,9.0,7.0,46.0,86.0,59.0,97.0
210467,Governador Nunes Freire,MA,Maranhão,NORDESTE,23526,13,13,5.5258012411799715,1809.6923076923076,0.0,23563,15674.0,66.51954335186522,6,49.166666666666664,2,1,31.0,7.0,60.0,75.0,54.0,68.0
210480,Grajaú,MA,Maranhão,NORDESTE,76837,22,22,2.8632039251922903,3492.590909090909,0.0,76578,40732.0,53.19021128783724,6,58.5,1,0,54.0,37.0,63.0,77.0,51.0,69.0
210470,Graça Aranha,MA,Maranhão,NORDESTE,6160,3,3,4.87012987012987,2053.3333333333335,0.0,6161,4202.0,68.20321376399934,6,43.166666666666664,4,2,19.0,4.0,40.0,76.0,36.0,84.0
210490,Guimarães,MA,Maranhão,NORDESTE,10439,8,8,7.6635693074049245,1304.875,0.0,10470,7732.0,73.84909264565425,6,54.166666666666664,2,1,53.0,26.0,55.0,55.0,39.0,97.0
210500,Humberto de Campos,MA,Maranhão,NORDESTE,26550,16,16,6.0263653483992465,1659.375,0.0,26546,18796.0,70.80539440970391,6,34.0,4,2,30.0,10.0,40.0,52.0,21.0,51.0
210510,Icatu,MA,Maranhão,NORDESTE,25332,14,14,5.526606663508606,1809.4285714285713,0.0,25332,16035.0,63.299384178114636,6,52.333333333333336,3,1,34.0,16.0,71.0,73.0,35.0,85.0
210520,Igarapé Grande,MA,Maranhão,NORDESTE,10461,6,6,5.735589331803842,1743.5,0.0,10463,7331.0,70.06594666921532,6,62.833333333333336,2,1,39.0,23.0,90.0,69.0,60.0,96.0
210515,Igarapé do Meio,MA,Maranhão,NORDESTE,14383,9,9,6.257387193214211,1598.111111111111,0.0,14350,10442.0,72.76655052264809,6,62.5,3,1,42.0,6.0,96.0,94.0,47.0,90.0
210530,Imperatriz,MA,Maranhão,NORDESTE,285806,38,38,1.3295732070005528,7521.210526315789,26.06297907736246,285146,112378.0,39.41068785814986,6,35.833333333333336,4,3,21.0,15.0,27.0,55.0,37.0,60.0
210535,Itaipava do Grajaú,MA,Maranhão,NORDESTE,14142,11,11,7.778249186819403,1285.6363636363637,0.0,14143,8386.0,59.29435056211554,6,32.0,5,3,57.0,7.0,26.0,42.0,28.0,32.0
210540,Itapecuru Mirim,MA,Maranhão,NORDESTE,62264,20,20,3.212128999100604,3113.2,0.0,62269,40165.0,64.50240087362893,6,63.0,0,0,53.0,51.0,70.0,74.0,56.0,74.0
210542,Itinga do Maranhão,MA,Maranhão,NORDESTE,22896,10,9,4.367575122292103,2289.6,0.0,22934,13617.0,59.374727478852364,6,43.0,4,2,15.0,12.0,43.0,60.0,40.0,88.0
210545,Jatobá,MA,Maranhão,NORDESTE,7593,5,5,6.585012511523772,1518.6,0.0,7610,5318.0,69.88173455978975,6,26.833333333333332,5,4,2.0,1.0,29.0,32.0,13.0,84.0
210547,Jenipapo dos Vieiras,MA,Maranhão,NORDESTE,17529,14,14,7.986764789776941,1252.0714285714287,0.0,17499,6492.0,37.099262815018,6,42.833333333333336,4,1,48.0,6.0,31.0,73.0,42.0,57.0
210560,Joselândia,MA,Maranhão,NORDESTE,15227,11,11,7.224009982268338,1384.2727272727273,0.0,15235,8810.0,57.827371184771906,6,38.166666666666664,4,3,16.0,1.0,27.0,71.0,41.0,73.0
210550,João Lisboa,MA,Maranhão,NORDESTE,25311,9,9,3.5557662676306743,2812.3333333333335,0.0,25287,13738.0,54.32831098983667,6,52.666666666666664,2,1,40.0,17.0,66.0,68.0,53.0,72.0
210565,Junco do Maranhão,MA,Maranhão,NORDESTE,5282,3,3,5.679666792881484,1760.6666666666667,0.0,5275,3702.0,70.18009478672987,6,35.0,5,3,36.0,12.0,16.0,39.0,19.0,88.0
210590,Lago Verde,MA,Maranhão,NORDESTE,15069,1,1,0.6636140420731304,15069.0,2.377693371436481,15077,10388.0,68.89964847118128,6,53.833333333333336,2,2,20.0,16.0,71.0,78.0,51.0,87.0
210570,Lago da Pedra,MA,Maranhão,NORDESTE,45865,19,19,4.142592390711871,2413.9473684210525,0.0,45875,32462.0,70.76185286103542,6,60.166666666666664,2,1,32.0,25.0,62.0,84.0,66.0,92.0
210580,Lago do Junco,MA,Maranhão,NORDESTE,9687,5,5,5.161556725508413,1937.4,0.0,9700,6197.0,63.88659793814433,6,34.5,5,2,44.0,3.0,29.0,48.0,33.0,50.0
210594,Lago dos Rodrigues,MA,Maranhão,NORDESTE,8962,6,6,6.694934166480696,1493.6666666666667,0.0,8961,6633.0,74.02075661198528,6,60.333333333333336,2,2,12.0,29.0,83.0,89.0,59.0,90.0
210596,Lagoa Grande do Maranhão,MA,Maranhão,NORDESTE,11731,6,6,5.114653482226579,1955.1666666666667,0.0,11710,9725.0,83.04867634500427,6,61.166666666666664,2,0,32.0,30.0,60.0,91.0,66.0,88.0
210592,Lagoa do Mato,MA,Maranhão,NORDESTE,10806,5,5,4.627059041273367,2161.2,0.0,10809,7571.0,70.04348228328246,6,47.5,4,2,78.0,1.0,46.0,46.0,18.0,96.0
210598,Lajeado Novo,MA,Maranhão,NORDESTE,7232,6,6,8.29646017699115,1205.3333333333333,0.0,7227,5074.0,70.20893870208938,6,67.66666666666667,1,1,70.0,25.0,71.0,98.0,65.0,77.0
210600,Lima Campos,MA,Maranhão,NORDESTE,11559,2,2,1.7302534821351327,5779.5,0.5909322237994747,11558,8195.0,70.90327046201766,6,45.5,4,1,45.0,4.0,46.0,63.0,40.0,75.0
210610,Loreto,MA,Maranhão,NORDESTE,11884,7,7,5.890272635476271,1697.7142857142858,0.0,11876,7281.0,61.30852138767262,6,68.16666666666667,2,1,38.0,19.0,89.0,96.0,72.0,95.0
210620,Luís Domingues,MA,Maranhão,NORDESTE,7366,1,1,1.3575889220743957,7366.0,0.6510776676621621,7351,5314.0,72.28948442388791,6,63.666666666666664,2,0,75.0,72.0,57.0,49.0,49.0,80.0
210630,Magalhães de Almeida,MA,Maranhão,NORDESTE,13933,7,7,5.024043637407593,1990.4285714285713,0.0,14001,9756.0,69.68073709020784,6,58.833333333333336,2,1,42.0,21.0,79.0,70.0,62.0,79.0
210632,Maracaçumé,MA,Maranhão,NORDESTE,21730,10,10,4.601932811780948,2173.0,0.0,21686,13156.0,60.66586737987642,6,65.0,2,0,39.0,35.0,81.0,80.0,62.0,93.0
210635,Marajá do Sena,MA,Maranhão,NORDESTE,7153,4,4,5.592059275828324,1788.25,0.0,7165,4797.0,66.95045359385904,6,49.166666666666664,2,2,20.0,8.0,57.0,77.0,50.0,83.0
210637,Maranhãozinho,MA,Maranhão,NORDESTE,14092,6,5,4.257734885041158,2348.6666666666665,0.0,14086,6820.0,48.41686781201193,6,51.5,3,1,33.0,16.0,56.0,79.0,48.0,77.0
210640,Mata Roma,MA,Maranhão,NORDESTE,17581,11,10,6.256754450827598,1598.2727272727273,0.0,17537,12965.0,73.92940639790157,6,54.0,2,2,15.0,15.0,61.0,84.0,60.0,89.0
210650,Matinha,MA,Maranhão,NORDESTE,22540,13,13,5.767524401064773,1733.8461538461538,0.0,22530,16050.0,71.23834886817576,6,49.166666666666664,3,1,40.0,12.0,47.0,81.0,52.0,63.0
210660,Matões,MA,Maranhão,NORDESTE,33327,8,8,2.400456086656465,4165.875,0.0,33300,22102.0,66.37237237237237,6,47.833333333333336,3,2,20.0,8.0,74.0,78.0,48.0,59.0
210663,Matões do Norte,MA,Maranhão,NORDESTE,18021,8,8,4.439265301592586,2252.625,0.0,17945,6410.0,35.72025633881304,6,60.666666666666664,2,2,23.0,23.0,74.0,91.0,60.0,93.0
210667,Milagres do Maranhão,MA,Maranhão,NORDESTE,9065,5,5,5.515719801434088,1813.0,0.0,9048,5056.0,55.87975243147657,6,44.833333333333336,3,3,12.0,27.0,63.0,74.0,26.0,67.0
210670,Mirador,MA,Maranhão,NORDESTE,21536,12,12,5.5720653789004455,1794.6666666666667,0.0,21518,14725.0,68.43108095547913,6,47.666666666666664,2,2,16.0,13.0,54.0,71.0,53.0,79.0
210675,Miranda do Norte,MA,Maranhão,NORDESTE,24373,9,9,3.692610675747754,2708.1111111111113,0.0,24377,12907.0,52.94745046560282,6,60.333333333333336,2,2,24.0,13.0,86.0,85.0,65.0,89.0
210680,Mirinzal,MA,Maranhão,NORDESTE,14298,8,8,5.595188138201147,1787.25,0.0,14297,10631.0,74.35825697698817,6,73.33333333333333,1,0,50.0,36.0,89.0,95.0,77.0,93.0
210700,Montes Altos,MA,Maranhão,NORDESTE,9306,6,5,6.447453255963894,1551.0,0.0,9309,5647.0,60.66172521216028,6,64.66666666666667,2,0,47.0,47.0,63.0,77.0,67.0,87.0
210690,Monção,MA,Maranhão,NORDESTE,28563,12,12,4.201239365612856,2380.25,0.0,28606,17486.0,61.127036286093826,6,42.833333333333336,4,2,26.0,10.0,35.0,64.0,35.0,87.0
210710,Morros,MA,Maranhão,NORDESTE,19015,11,11,5.7849066526426505,1728.6363636363637,0.0,18994,12424.0,65.41012951458355,6,40.333333333333336,3,3,19.0,14.0,58.0,57.0,24.0,70.0
210720,Nina Rodrigues,MA,Maranhão,NORDESTE,14589,8,8,5.483583521831517,1823.625,0.0,14551,8293.0,56.99264655350148,6,55.333333333333336,2,2,14.0,19.0,77.0,84.0,50.0,88.0
210725,Nova Colinas,MA,Maranhão,NORDESTE,5148,1,1,1.9425019425019425,5148.0,0.15391634986760927,5144,3583.0,69.65396578538102,6,59.5,2,1,44.0,19.0,65.0,85.0,76.0,68.0
210730,Nova Iorque,MA,Maranhão,NORDESTE,4409,2,2,4.536176003628941,2204.5,0.0,4412,2909.0,65.93381686310063,6,49.0,2,2,16.0,2.0,50.0,63.0,63.0,100.0
210735,Nova Olinda do Maranhão,MA,Maranhão,NORDESTE,14379,8,7,5.563669239863691,1797.375,0.0,14468,11984.0,82.83107547691458,6,41.333333333333336,3,1,34.0,5.0,53.0,56.0,41.0,59.0
210740,Olho d'Água das Cunhãs,MA,Maranhão,NORDESTE,18288,10,10,5.468066491688539,1828.8,0.0,18295,11770.0,64.33451762776716,6,51.166666666666664,3,1,45.0,23.0,59.0,74.0,61.0,45.0
210745,Olinda Nova do Maranhão,MA,Maranhão,NORDESTE,13921,7,7,5.028374398390921,1988.7142857142858,0.0,13909,9669.0,69.51614062837011,6,37.0,4,1,31.0,12.0,38.0,50.0,32.0,59.0
210760,Palmeirândia,MA,Maranhão,NORDESTE,21657,13,13,6.002678117929538,1665.923076923077,0.0,21606,13687.0,63.34814403406461,6,39.833333333333336,4,2,16.0,9.0,33.0,87.0,42.0,52.0
210770,Paraibano,MA,Maranhão,NORDESTE,18589,11,11,5.917478078433482,1689.909090909091,0.0,18619,14239.0,76.47564316021268,6,57.333333333333336,2,1,45.0,24.0,69.0,69.0,58.0,79.0
210780,Parnarama,MA,Maranhão,NORDESTE,32232,15,15,4.6537602382725245,2148.8,0.0,32256,20220.0,62.686011904761905,6,74.5,0,0,53.0,54.0,83.0,89.0,70.0,98.0
210790,Passagem Franca,MA,Maranhão,NORDESTE,17591,9,9,5.116252629185379,1954.5555555555557,0.0,17592,13483.0,76.64279217826284,6,38.666666666666664,4,1,32.0,3.0,31.0,61.0,38.0,67.0
210800,Pastos Bons,MA,Maranhão,NORDESTE,19266,14,14,7.266687428630749,1376.142857142857,0.0,19246,12184.0,63.306661124389485,6,46.166666666666664,3,2,16.0,13.0,66.0,75.0,47.0,60.0
210805,Paulino Neves,MA,Maranhão,NORDESTE,17578,9,9,5.120036409147798,1953.111111111111,0.0,17523,13442.0,76.71060891399874,6,65.5,0,0,78.0,57.0,66.0,71.0,55.0,66.0
210810,Paulo Ramos,MA,Maranhão,NORDESTE,20798,10,10,4.8081546302529095,2079.8,0.0,20792,13038.0,62.70681031165834,6,56.666666666666664,3,1,15.0,47.0,49.0,74.0,65.0,90.0
210750,Paço do Lumiar,MA,Maranhão,NORDESTE,153158,22,21,1.436425129604722,6961.727272727273,12.330132150936928,152306,49770.0,32.677635812115085,6,48.833333333333336,3,2,22.0,10.0,56.0,85.0,42.0,78.0
210820,Pedreiras,MA,Maranhão,NORDESTE,38252,11,11,2.875666631810102,3477.4545454545455,0.0,38267,21792.0,56.9472391355476,6,48.333333333333336,2,1,40.0,20.0,52.0,63.0,51.0,64.0
210825,Pedro do Rosário,MA,Maranhão,NORDESTE,24955,10,10,4.007212983370066,2495.5,0.0,24917,15247.0,61.19115463338283,6,42.833333333333336,4,2,19.0,21.0,39.0,75.0,36.0,67.0
210830,Penalva,MA,Maranhão,NORDESTE,33496,16,16,4.776689754000478,2093.5,0.0,33534,21257.0,63.38939583706089,6,58.166666666666664,2,1,29.0,33.0,66.0,76.0,51.0,94.0
210840,Peri Mirim,MA,Maranhão,NORDESTE,11229,6,5,5.343307507347048,1871.5,0.0,11277,7733.0,68.57320209275517,6,47.5,4,2,27.0,25.0,46.0,85.0,42.0,60.0
210845,Peritoró,MA,Maranhão,NORDESTE,20903,7,7,3.3488016074247717,2986.1428571428573,0.0,20910,13516.0,64.6389287422286,6,70.83333333333333,0,0,64.0,52.0,87.0,88.0,56.0,78.0
210850,Pindaré-Mirim,MA,Maranhão,NORDESTE,32542,14,14,4.302132628603036,2324.4285714285716,0.0,32521,18350.0,56.42507917960702,6,58.833333333333336,2,2,28.0,11.0,74.0,95.0,64.0,81.0
210860,Pinheiro,MA,Maranhão,NORDESTE,88091,31,31,3.5190882155952363,2841.6451612903224,0.0,87919,47893.0,54.47400448139766,6,41.666666666666664,5,1,43.0,22.0,46.0,64.0,33.0,42.0
210870,Pio XII,MA,Maranhão,NORDESTE,22374,8,8,3.575578796817735,2796.75,0.0,22369,16437.0,73.4811569582905,6,59.0,2,1,31.0,15.0,72.0,97.0,60.0,79.0
210880,Pirapemas,MA,Maranhão,NORDESTE,18132,11,11,6.066622545775425,1648.3636363636363,0.0,18120,10741.0,59.27704194260486,6,64.5,2,1,35.0,17.0,82.0,92.0,70.0,91.0
210900,Porto Franco,MA,Maranhão,NORDESTE,24571,8,8,3.255870741931545,3071.375,0.0,24517,11120.0,45.35628339519517,6,60.5,2,2,23.0,26.0,64.0,95.0,67.0,88.0
210905,Porto Rico do Maranhão,MA,Maranhão,NORDESTE,6092,3,3,4.924491135915955,2030.6666666666667,0.0,6091,4910.0,80.61073715317681,6,21.0,5,4,39.0,1.0,11.0,0.0,0.0,75.0
210890,Poção de Pedras,MA,Maranhão,NORDESTE,17394,9,8,5.174197999310107,1932.6666666666667,0.0,17444,11492.0,65.87938546204998,6,37.166666666666664,5,3,26.0,13.0,17.0,49.0,42.0,76.0
210910,Presidente Dutra,MA,Maranhão,NORDESTE,46606,21,20,4.505857614899369,2219.3333333333335,0.0,46578,23641.0,50.75572158529778,6,36.333333333333336,4,2,15.0,19.0,37.0,51.0,36.0,60.0
210920,Presidente Juscelino,MA,Maranhão,NORDESTE,11616,5,5,4.304407713498622,2323.2,0.0,11616,8440.0,72.65840220385675,6,55.5,3,0,46.0,32.0,50.0,71.0,43.0,91.0
210923,Presidente Médici,MA,Maranhão,NORDESTE,4717,3,2,6.359974560101759,1572.3333333333333,0.0,4748,4273.0,89.99578770008425,6,51.0,1,1,52.0,13.0,50.0,63.0,53.0,75.0
210927,Presidente Sarney,MA,Maranhão,NORDESTE,17925,19,18,10.599721059972106,943.421052631579,0.0,17913,13263.0,74.0411991291241,6,39.166666666666664,5,1,35.0,9.0,44.0,78.0,34.0,35.0
210930,Presidente Vargas,MA,Maranhão,NORDESTE,10791,5,4,4.633490872022982,2158.2,0.0,10791,7562.0,70.07691594847559,6,54.0,3,2,28.0,22.0,53.0,83.0,47.0,91.0
210940,Primeira Cruz,MA,Maranhão,NORDESTE,13920,8,8,5.747126436781609,1740.0,0.0,13922,9296.0,66.7720155150122,6,40.666666666666664,5,1,37.0,9.0,36.0,82.0,41.0,39.0
210945,Raposa,MA,Maranhão,NORDESTE,32156,6,6,1.8659037193680805,5359.333333333333,1.2077183656454633,32054,20904.0,65.21494977225932,6,51.166666666666664,2,2,22.0,21.0,53.0,75.0,53.0,83.0
210950,Riachão,MA,Maranhão,NORDESTE,22740,5,5,2.198768689533861,4548.0,0.09713632400727203,22699,13361.0,58.86162386008195,6,44.666666666666664,4,1,30.0,1.0,33.0,74.0,48.0,82.0
210955,Ribamar Fiquene,MA,Maranhão,NORDESTE,7601,5,5,6.5780818313379825,1520.2,0.0,7597,4409.0,58.036066868500725,6,68.66666666666667,2,0,43.0,36.0,68.0,87.0,81.0,97.0
210960,Rosário,MA,Maranhão,NORDESTE,39761,20,19,5.03005457609215,1988.05,0.0,39763,25432.0,63.95895681915349,6,42.0,3,2,22.0,12.0,54.0,68.0,32.0,64.0
210970,Sambaíba,MA,Maranhão,NORDESTE,6234,4,4,6.416426050689766,1558.5,0.0,5701,3992.0,70.02280301701455,6,61.333333333333336,3,0,35.0,34.0,88.0,94.0,45.0,72.0
210975,Santa Filomena do Maranhão,MA,Maranhão,NORDESTE,6833,3,3,4.390458071125421,2277.6666666666665,0.0,6839,4167.0,60.929960520543936,6,49.5,2,2,25.0,10.0,56.0,72.0,50.0,84.0
210980,Santa Helena,MA,Maranhão,NORDESTE,43200,11,10,2.5462962962962963,3927.2727272727275,0.0,43112,20212.0,46.88253850436073,6,57.666666666666664,3,2,29.0,24.0,77.0,89.0,46.0,81.0
210990,Santa Inês,MA,Maranhão,NORDESTE,88249,23,22,2.606261827329488,3836.913043478261,0.0,88167,44985.0,51.02249140835007,6,46.166666666666664,4,1,34.0,16.0,41.0,75.0,48.0,63.0
211000,Santa Luzia,MA,Maranhão,NORDESTE,58839,27,26,4.588793147402233,2179.222222222222,0.0,59037,38250.0,64.78987753442756,6,51.666666666666664,2,1,33.0,12.0,50.0,93.0,55.0,67.0
211003,Santa Luzia do Paruá,MA,Maranhão,NORDESTE,24890,9,9,3.6159100040176777,2765.5555555555557,0.0,24870,15673.0,63.01970245275432,6,77.16666666666667,1,0,50.0,46.0,96.0,94.0,81.0,96.0
211010,Santa Quitéria do Maranhão,MA,Maranhão,NORDESTE,24495,13,13,5.3072055521535,1884.2307692307693,0.0,24489,21810.0,89.06039446282004,6,52.333333333333336,3,0,40.0,38.0,59.0,58.0,45.0,74.0
211020,Santa Rita,MA,Maranhão,NORDESTE,38542,22,22,5.70805874111359,1751.909090909091,0.0,38446,22749.0,59.171305207303746,6,51.166666666666664,4,0,39.0,32.0,48.0,57.0,41.0,90.0
211023,Santana do Maranhão,MA,Maranhão,NORDESTE,10759,5,5,4.647272051305884,2151.8,0.0,10777,5994.0,55.61844669202932,6,66.66666666666667,2,1,39.0,22.0,90.0,87.0,69.0,93.0
211027,Santo Amaro do Maranhão,MA,Maranhão,NORDESTE,14287,9,9,6.2994330510254075,1587.4444444444443,0.0,14280,10309.0,72.19187675070027,6,56.0,3,1,40.0,20.0,77.0,78.0,43.0,78.0
211030,Santo Antônio dos Lopes,MA,Maranhão,NORDESTE,14628,12,8,8.203445447087777,1219.0,0.0,14623,9347.0,63.919852287492304,6,49.666666666666664,3,1,54.0,25.0,43.0,58.0,43.0,75.0
211172,Satubinha,MA,Maranhão,NORDESTE,8821,6,5,6.80194989230246,1470.1666666666667,0.0,8880,5900.0,66.44144144144144,6,55.333333333333336,2,2,21.0,13.0,71.0,90.0,56.0,81.0
211174,Senador Alexandre Costa,MA,Maranhão,NORDESTE,10447,7,7,6.700488178424428,1492.4285714285713,0.0,10445,7116.0,68.12829104834849,6,62.5,2,0,38.0,35.0,73.0,82.0,56.0,91.0
211176,Senador La Rocque,MA,Maranhão,NORDESTE,15044,8,8,5.317734645041213,1880.5,0.0,15035,10967.0,72.94313269038909,6,45.333333333333336,2,2,17.0,26.0,53.0,57.0,53.0,66.0
211178,Serrano do Maranhão,MA,Maranhão,NORDESTE,10475,5,5,4.773269689737471,2095.0,0.0,10461,8546.0,81.69391071599273,6,50.166666666666664,2,1,51.0,12.0,55.0,77.0,34.0,72.0
211190,Sucupira do Norte,MA,Maranhão,NORDESTE,10471,5,5,4.775093114315729,2094.2,0.0,10471,7785.0,74.34819978989592,6,45.5,3,2,17.0,17.0,46.0,60.0,51.0,82.0
211195,Sucupira do Riachão,MA,Maranhão,NORDESTE,5081,2,2,3.93623302499508,2540.5,0.0,5088,3787.0,74.43003144654088,6,67.5,2,1,28.0,46.0,95.0,73.0,68.0,95.0
211040,São Benedito do Rio Preto,MA,Maranhão,NORDESTE,18810,11,11,5.847953216374269,1710.0,0.0,18793,13942.0,74.18719736071941,6,58.0,2,1,46.0,15.0,65.0,90.0,69.0,63.0
211050,São Bento,MA,Maranhão,NORDESTE,48166,24,24,4.982767927583772,2006.9166666666667,0.0,48036,22641.0,47.13339995003747,6,61.666666666666664,2,0,44.0,53.0,52.0,92.0,42.0,87.0
211060,São Bernardo,MA,Maranhão,NORDESTE,27910,12,12,4.299534217126478,2325.8333333333335,0.0,27887,19900.0,71.35941478108079,6,74.33333333333333,1,0,57.0,44.0,95.0,91.0,78.0,81.0
211065,São Domingos do Azeitão,MA,Maranhão,NORDESTE,8236,5,5,6.070908207867896,1647.2,0.0,8213,5481.0,66.73566297333495,6,75.83333333333333,1,0,43.0,63.0,95.0,98.0,63.0,93.0
211070,São Domingos do Maranhão,MA,Maranhão,NORDESTE,35247,19,19,5.390529690470111,1855.1052631578948,0.0,35221,22963.0,65.19689957695692,6,36.5,4,2,8.0,5.0,39.0,57.0,44.0,66.0
211085,São Francisco do Brejão,MA,Maranhão,NORDESTE,9202,4,4,4.346881112801565,2300.5,0.0,9222,5527.0,59.932769464324444,6,58.666666666666664,2,2,19.0,20.0,81.0,88.0,57.0,87.0
211090,São Francisco do Maranhão,MA,Maranhão,NORDESTE,12360,12,12,9.70873786407767,1030.0,0.0,12353,8364.0,67.70824900833804,6,85.16666666666667,0,0,63.0,62.0,95.0,100.0,93.0,98.0
211080,São Félix de Balsas,MA,Maranhão,NORDESTE,4491,4,4,8.90670229347584,1122.75,0.0,4495,2434.0,54.149054505005566,6,66.5,1,1,50.0,2.0,77.0,92.0,85.0,93.0
211120,São José de Ribamar,MA,Maranhão,NORDESTE,259164,37,37,1.4276674229445447,7004.4324324324325,21.091215403474962,257414,102644.0,39.8750650702759,6,53.5,3,2,22.0,21.0,69.0,84.0,46.0,79.0
211125,São José dos Basílios,MA,Maranhão,NORDESTE,7094,4,4,5.638567803777841,1773.5,0.0,7102,4769.0,67.15009856378485,6,62.5,2,1,42.0,13.0,60.0,90.0,73.0,97.0
211100,São João Batista,MA,Maranhão,NORDESTE,18889,10,10,5.294086505373498,1888.9,0.0,18909,14281.0,75.52488233116506,6,48.166666666666664,4,2,29.0,11.0,42.0,76.0,46.0,85.0
211102,São João do Carú,MA,Maranhão,NORDESTE,12360,5,5,4.045307443365696,2472.0,0.0,12421,9151.0,73.67361726109009,6,46.5,2,2,16.0,6.0,60.0,73.0,50.0,74.0
211105,São João do Paraíso,MA,Maranhão,NORDESTE,10091,6,6,5.945892379347933,1681.8333333333333,0.0,10105,5916.0,58.54527461652648,6,49.833333333333336,3,2,9.0,7.0,52.0,89.0,46.0,96.0
211107,São João do Soter,MA,Maranhão,NORDESTE,17253,9,9,5.216484089723526,1917.0,0.0,17254,12440.0,72.09922336849426,6,69.16666666666667,2,0,45.0,34.0,88.0,83.0,71.0,94.0
211110,São João dos Patos,MA,Maranhão,NORDESTE,25910,11,11,4.245465071401004,2355.4545454545455,0.0,25891,17255.0,66.64478003939594,6,75.33333333333333,2,0,44.0,48.0,83.0,96.0,84.0,97.0
211130,São Luís,MA,Maranhão,NORDESTE,1089215,71,71,0.6518455952222473,15341.05633802817,173.1458813172199,1088057,358268.0,32.92731906508575,6,50.5,3,2,17.0,10.0,68.0,85.0,42.0,81.0
211140,São Luís Gonzaga do Maranhão,MA,Maranhão,NORDESTE,18123,10,10,5.517850245544336,1812.3,0.0,18153,13473.0,74.21913733267228,6,59.0,2,1,39.0,10.0,73.0,80.0,64.0,88.0
211150,São Mateus do Maranhão,MA,Maranhão,NORDESTE,40177,11,11,2.7378848594967273,3652.4545454545455,0.0,40160,23349.0,58.13994023904383,6,70.33333333333333,2,0,47.0,44.0,81.0,92.0,65.0,93.0
211153,São Pedro da Água Branca,MA,Maranhão,NORDESTE,14786,4,4,2.705261734072771,3696.5,0.0,14736,6142.0,41.68023887079262,6,39.833333333333336,4,2,38.0,3.0,24.0,54.0,38.0,82.0
211157,São Pedro dos Crentes,MA,Maranhão,NORDESTE,5993,1,1,1.6686133822793259,5993.0,0.3433218113357775,5965,3724.0,62.43084660519699,6,46.166666666666664,4,2,41.0,2.0,27.0,46.0,61.0,100.0
211160,São Raimundo das Mangabeiras,MA,Maranhão,NORDESTE,19158,12,12,6.263701847792046,1596.5,0.0,19129,12104.0,63.27565476501646,6,51.166666666666664,2,2,26.0,5.0,63.0,86.0,64.0,63.0
211163,São Raimundo do Doca Bezerra,MA,Maranhão,NORDESTE,5761,3,3,5.207429265752474,1920.3333333333333,0.0,5767,4030.0,69.88035373677822,6,63.666666666666664,2,1,37.0,23.0,79.0,88.0,64.0,91.0
211167,São Roberto,MA,Maranhão,NORDESTE,4577,4,4,8.739348918505572,1144.25,0.0,4602,4218.0,91.65580182529335,6,65.5,2,2,23.0,12.0,85.0,92.0,81.0,100.0
211170,São Vicente Ferrer,MA,Maranhão,NORDESTE,19865,11,11,5.537377296753084,1805.909090909091,0.0,19885,14558.0,73.21096303746543,6,52.5,3,1,47.0,15.0,53.0,61.0,47.0,92.0
211180,Sítio Novo,MA,Maranhão,NORDESTE,17464,10,10,5.726065048098946,1746.4,0.0,17457,12263.0,70.24689236409463,6,64.16666666666667,2,0,46.0,48.0,67.0,72.0,58.0,94.0
211200,Tasso Fragoso,MA,Maranhão,NORDESTE,9130,1,1,1.095290251916758,9130.0,1.0464755777566574,9106,5300.0,58.2033823852405,6,59.166666666666664,2,1,30.0,18.0,72.0,72.0,63.0,100.0
211210,Timbiras,MA,Maranhão,NORDESTE,27328,10,10,3.659250585480094,2732.8,0.0,27344,14781.0,54.05573434757168,6,44.666666666666664,4,1,34.0,24.0,47.0,66.0,44.0,53.0
211220,Timon,MA,Maranhão,NORDESTE,182711,48,48,2.6270996272802405,3806.4791666666665,0.0,182241,89535.0,49.12999818921099,6,48.0,3,2,25.0,7.0,69.0,67.0,44.0,76.0
211223,Trizidela do Vale,MA,Maranhão,NORDESTE,23097,14,14,6.061393254535221,1649.7857142857142,0.0,23052,13758.0,59.68245705361791,6,57.666666666666664,2,2,28.0,19.0,54.0,80.0,65.0,100.0
211227,Tufilândia,MA,Maranhão,NORDESTE,5633,3,3,5.325758920646192,1877.6666666666667,0.0,5633,4442.0,78.85673708503462,6,51.5,3,2,27.0,8.0,90.0,83.0,55.0,46.0
211230,Tuntum,MA,Maranhão,NORDESTE,37364,19,19,5.085108660742962,1966.5263157894738,0.0,37401,23590.0,63.073179861501025,6,61.833333333333336,2,1,43.0,16.0,89.0,77.0,60.0,86.0
211240,Turiaçu,MA,Maranhão,NORDESTE,38993,10,10,2.5645628702587646,3899.3,0.0,38905,24029.0,61.76326950263462,6,65.33333333333333,2,0,40.0,62.0,67.0,90.0,37.0,96.0
211245,Turilândia,MA,Maranhão,NORDESTE,33219,2,2,0.6020650832354978,16609.5,5.4459881946876685,33032,14652.0,44.356987163962216,6,75.33333333333333,1,0,62.0,48.0,96.0,95.0,68.0,83.0
211250,Tutóia,MA,Maranhão,NORDESTE,55076,24,24,4.357614932093834,2294.8333333333335,0.0,55041,36703.0,66.68301811376973,6,47.833333333333336,4,1,31.0,15.0,45.0,71.0,45.0,80.0
211260,Urbano Santos,MA,Maranhão,NORDESTE,34143,13,13,3.807515449726152,2626.3846153846152,0.0,34060,22504.0,66.07163828537874,6,60.166666666666664,2,2,25.0,29.0,74.0,82.0,58.0,93.0
211270,Vargem Grande,MA,Maranhão,NORDESTE,44444,18,18,4.050040500405005,2469.1111111111113,0.0,44540,27168.0,60.99685675797036,6,53.166666666666664,2,1,42.0,4.0,69.0,77.0,58.0,69.0
211280,Viana,MA,Maranhão,NORDESTE,53176,26,26,4.889423800210622,2045.2307692307693,0.0,53115,37643.0,70.8707521415796,6,38.666666666666664,4,3,18.0,9.0,22.0,71.0,47.0,65.0
211285,Vila Nova dos Martírios,MA,Maranhão,NORDESTE,10561,6,6,5.681280181800966,1760.1666666666667,0.0,10575,6789.0,64.19858156028369,6,63.666666666666664,2,2,24.0,16.0,92.0,89.0,67.0,94.0
211300,Vitorino Freire,MA,Maranhão,NORDESTE,31920,19,16,5.9523809523809526,1680.0,0.0,31906,20354.0,63.79364382874695,6,49.666666666666664,2,2,19.0,25.0,59.0,75.0,51.0,69.0
211290,Vitória do Mearim,MA,Maranhão,NORDESTE,31859,13,13,4.080479613296086,2450.6923076923076,0.0,31851,18749.0,58.8647138237418,6,47.666666666666664,4,1,46.0,14.0,35.0,67.0,49.0,75.0
211400,Zé Doca,MA,Maranhão,NORDESTE,41815,21,17,5.022121248355853,1991.1904761904761,0.0,41943,29540.0,70.42891543284935,6,66.5,2,0,37.0,37.0,79.0,93.0,80.0,73.0
210015,Água Doce do Maranhão,MA,Maranhão,NORDESTE,12461,7,7,5.617526683251745,1780.142857142857,0.0,12446,8623.0,69.2833038727302,6,63.0,2,0,42.0,33.0,67.0,81.0,62.0,93.0
310010,Abadia dos Dourados,MG,Minas Gerais,SUDESTE,6345,2,2,3.1520882584712373,3172.5,0.0,6365,2642.0,41.5082482325216,6,59.833333333333336,1,0,31.0,51.0,59.0,53.0,65.0,100.0
310020,Abaeté,MG,Minas Gerais,SUDESTE,23173,7,6,3.020756915375653,3310.4285714285716,0.0,23161,9568.0,41.31082423038729,6,60.333333333333336,3,1,47.0,30.0,78.0,88.0,28.0,91.0
310030,Abre Campo,MG,Minas Gerais,SUDESTE,14354,2,2,1.3933398355858995,7177.0,1.2174272117326463,14312,7345.0,51.32057015092231,6,73.0,1,0,43.0,51.0,80.0,89.0,82.0,93.0
310040,Acaiaca,MG,Minas Gerais,SUDESTE,3998,4,4,10.005002501250624,999.5,0.0,3997,2186.0,54.69101826369778,6,65.66666666666667,2,1,26.0,48.0,67.0,92.0,67.0,94.0
310080,Aguanil,MG,Minas Gerais,SUDESTE,4509,5,5,11.088933244621868,901.8,0.0,4490,2168.0,48.28507795100222,6,60.666666666666664,1,1,56.0,15.0,91.0,55.0,55.0,92.0
310110,Aimorés,MG,Minas Gerais,SUDESTE,26212,9,9,3.4335418892110483,2912.4444444444443,0.0,26165,12610.0,48.19415249378941,6,32.833333333333336,5,4,27.0,9.0,24.0,32.0,11.0,94.0
310120,Aiuruoca,MG,Minas Gerais,SUDESTE,6389,4,4,6.260760682422914,1597.25,0.0,6382,2503.0,39.219680350987154,6,67.66666666666667,1,0,32.0,60.0,86.0,71.0,64.0,93.0
310130,Alagoa,MG,Minas Gerais,SUDESTE,2820,2,1,7.092198581560284,1410.0,0.0,2816,1454.0,51.63352272727273,6,78.66666666666667,2,1,47.0,25.0,100.0,100.0,100.0,100.0
310140,Albertina,MG,Minas Gerais,SUDESTE,3027,1,1,3.3036009250082587,3027.0,0.0,3023,1445.0,47.80019847833278,6,46.0,4,3,30.0,20.0,13.0,25.0,88.0,100.0
310160,Alfenas,MG,Minas Gerais,SUDESTE,82303,29,28,3.5235653621374676,2838.0344827586205,0.0,81950,24447.0,29.831604636973765,6,33.666666666666664,5,4,23.0,27.0,26.0,41.0,25.0,60.0
310163,Alfredo Vasconcelos,MG,Minas Gerais,SUDESTE,7236,2,2,2.7639579878385847,3618.0,0.0,7184,3218.0,44.79398663697104,6,80.0,0,0,53.0,54.0,95.0,89.0,89.0,100.0
310170,Almenara,MG,Minas Gerais,SUDESTE,42019,11,11,2.617863347533259,3819.909090909091,0.0,41894,20493.0,48.91631259846279,6,38.333333333333336,4,2,25.0,12.0,50.0,46.0,41.0,56.0
310180,Alpercata,MG,Minas Gerais,SUDESTE,7019,3,3,4.274113121527283,2339.6666666666665,0.0,7029,4070.0,57.90297339593115,6,35.333333333333336,6,2,28.0,13.0,40.0,47.0,37.0,47.0
310190,Alpinópolis,MG,Minas Gerais,SUDESTE,18673,8,6,4.284260697263428,2334.125,0.0,18672,7584.0,40.616966580976865,6,58.0,2,1,42.0,21.0,61.0,70.0,65.0,89.0
310200,Alterosa,MG,Minas Gerais,SUDESTE,14272,5,5,3.5033632286995515,2854.4,0.0,14253,6982.0,48.98617834841787,6,85.66666666666667,0,0,53.0,75.0,93.0,100.0,93.0,100.0
310205,Alto Caparaó,MG,Minas Gerais,SUDESTE,6014,3,3,4.988360492184902,2004.6666666666667,0.0,5982,3183.0,53.20962888665998,6,56.833333333333336,4,0,42.0,44.0,46.0,63.0,46.0,100.0
315350,Alto Jequitibá,MG,Minas Gerais,SUDESTE,8606,3,3,3.4859400418312805,2868.6666666666665,0.0,8596,5102.0,59.35318752908329,6,69.33333333333333,1,0,52.0,47.0,71.0,82.0,64.0,100.0
310210,Alto Rio Doce,MG,Minas Gerais,SUDESTE,10931,2,2,1.8296587686396486,5465.5,0.4501669814302327,10994,6739.0,61.29707112970711,6,42.166666666666664,4,2,29.0,14.0,55.0,41.0,45.0,69.0
310220,Alvarenga,MG,Minas Gerais,SUDESTE,3983,2,2,5.021340697966357,1991.5,0.0,4012,3106.0,77.41774675972084,6,38.5,4,3,28.0,3.0,60.0,73.0,20.0,47.0
310230,Alvinópolis,MG,Minas Gerais,SUDESTE,15358,6,6,3.906758692538091,2559.6666666666665,0.0,15360,6077.0,39.563802083333336,6,37.833333333333336,5,2,36.0,11.0,35.0,35.0,22.0,88.0
310240,Alvorada de Minas,MG,Minas Gerais,SUDESTE,4359,3,3,6.882312456985547,1453.0,0.0,4322,2598.0,60.11105969458585,6,64.33333333333333,1,0,52.0,54.0,73.0,60.0,47.0,100.0
310150,Além Paraíba,MG,Minas Gerais,SUDESTE,31159,13,12,4.172149298757983,2396.846153846154,0.0,31333,14743.0,47.05262821944915,6,41.5,5,2,22.0,24.0,40.0,40.0,34.0,89.0
310250,Amparo do Serra,MG,Minas Gerais,SUDESTE,4574,3,3,6.558810668998689,1524.6666666666667,0.0,4595,3007.0,65.44069640914037,6,51.5,3,2,22.0,5.0,80.0,70.0,40.0,92.0
310260,Andradas,MG,Minas Gerais,SUDESTE,42501,11,11,2.588174395896567,3863.7272727272725,0.0,42282,12188.0,28.82550494300175,6,50.333333333333336,3,2,23.0,14.0,44.0,70.0,57.0,94.0
310280,Andrelândia,MG,Minas Gerais,SUDESTE,12163,4,4,3.28866233659459,3040.75,0.0,12169,6714.0,55.17298052428301,6,43.666666666666664,4,1,33.0,8.0,48.0,68.0,35.0,70.0
310285,Angelândia,MG,Minas Gerais,SUDESTE,7849,5,5,6.370238246910435,1569.8,0.0,7860,4915.0,62.531806615776084,6,71.16666666666667,2,1,39.0,27.0,85.0,97.0,79.0,100.0
310290,Antônio Carlos,MG,Minas Gerais,SUDESTE,11350,4,4,3.524229074889868,2837.5,0.0,11345,5400.0,47.59806081974438,6,63.166666666666664,2,1,27.0,33.0,78.0,89.0,59.0,93.0
310300,Antônio Dias,MG,Minas Gerais,SUDESTE,9375,7,7,7.466666666666667,1339.2857142857142,0.0,9388,4480.0,47.72049424797614,6,83.83333333333333,1,0,49.0,58.0,100.0,100.0,100.0,96.0
310310,Antônio Prado de Minas,MG,Minas Gerais,SUDESTE,1552,1,1,6.443298969072165,1552.0,0.0,1558,785.0,50.38510911424904,6,50.666666666666664,2,2,23.0,1.0,50.0,100.0,50.0,80.0
310330,Aracitaba,MG,Minas Gerais,SUDESTE,2095,1,1,4.773269689737471,2095.0,0.0,2095,1180.0,56.324582338902154,6,71.83333333333333,1,0,50.0,47.0,100.0,67.0,67.0,100.0
310350,Araguari,MG,Minas Gerais,SUDESTE,123432,31,31,2.5115043100654613,3981.6774193548385,0.0,122874,40309.0,32.80514999104774,6,43.666666666666664,5,2,26.0,26.0,39.0,47.0,35.0,89.0
310360,Arantina,MG,Minas Gerais,SUDESTE,2998,1,1,3.33555703802535,2998.0,0.0,2991,1492.0,49.882982280173856,6,36.5,4,3,19.0,12.0,0.0,38.0,50.0,100.0
310370,Araponga,MG,Minas Gerais,SUDESTE,8218,5,5,6.084205402774398,1643.6,0.0,8218,3825.0,46.54417133122414,6,60.833333333333336,2,2,29.0,21.0,83.0,70.0,65.0,97.0
310375,Araporã,MG,Minas Gerais,SUDESTE,9069,3,3,3.307972213033411,3023.0,0.0,8935,3235.0,36.20593172915501,6,64.83333333333333,2,1,33.0,29.0,75.0,83.0,78.0,91.0
310380,Arapuá,MG,Minas Gerais,SUDESTE,2668,2,2,7.496251874062969,1334.0,0.0,2674,1115.0,41.69783096484667,6,50.333333333333336,3,2,33.0,89.0,20.0,60.0,0.0,100.0
310400,Araxá,MG,Minas Gerais,SUDESTE,118786,26,22,2.1888101291397977,4568.692307692308,0.625700764447132,117677,30414.0,25.84532236545799,6,36.0,4,3,12.0,16.0,22.0,60.0,35.0,71.0
310320,Araçaí,MG,Minas Gerais,SUDESTE,2222,2,2,9.000900090009,1111.0,0.0,2224,1125.0,50.58453237410072,6,34.5,5,3,32.0,22.0,17.0,33.0,17.0,86.0
310340,Araçuaí,MG,Minas Gerais,SUDESTE,35185,14,14,3.978968310359528,2513.214285714286,0.0,35250,17907.0,50.8,6,55.5,2,1,31.0,19.0,65.0,69.0,52.0,97.0
310390,Araújos,MG,Minas Gerais,SUDESTE,9634,6,6,6.227942702927133,1605.6666666666667,0.0,9556,3281.0,34.33444956048556,6,66.0,2,0,40.0,46.0,80.0,73.0,60.0,97.0
310410,Arceburgo,MG,Minas Gerais,SUDESTE,9335,5,5,5.356186395286556,1867.0,0.0,9348,3184.0,34.060761660248176,6,48.833333333333336,3,1,32.0,7.0,83.0,50.0,83.0,38.0
310420,Arcos,MG,Minas Gerais,SUDESTE,43653,15,15,3.4361899525805786,2910.2,0.0,43348,15472.0,35.692534834363755,6,34.5,5,2,25.0,13.0,32.0,41.0,31.0,65.0
310430,Areado,MG,Minas Gerais,SUDESTE,14229,5,5,3.5139503830205916,2845.8,0.0,14212,5527.0,38.88967070081621,6,62.666666666666664,1,1,25.0,71.0,66.0,61.0,56.0,97.0
310440,Argirita,MG,Minas Gerais,SUDESTE,2715,3,3,11.049723756906078,905.0,0.0,2725,1507.0,55.30275229357798,6,59.5,3,2,45.0,24.0,75.0,88.0,25.0,100.0
310445,Aricanduva,MG,Minas Gerais,SUDESTE,4820,2,2,4.149377593360995,2410.0,0.0,4820,3253.0,67.4896265560166,6,72.33333333333333,1,0,35.0,57.0,75.0,92.0,75.0,100.0
310450,Arinos,MG,Minas Gerais,SUDESTE,17586,11,9,6.254975548731946,1598.7272727272727,0.0,17598,11206.0,63.677690646664395,6,83.0,0,0,62.0,68.0,84.0,95.0,89.0,100.0
310460,Astolfo Dutra,MG,Minas Gerais,SUDESTE,14633,9,9,6.1504817877400395,1625.888888888889,0.0,14565,5121.0,35.15962924819773,6,37.666666666666664,5,3,23.0,22.0,6.0,39.0,39.0,97.0
310470,Ataléia,MG,Minas Gerais,SUDESTE,13936,7,7,5.022962112514351,1990.857142857143,0.0,13967,7582.0,54.2851005942579,6,74.83333333333333,1,0,54.0,30.0,93.0,93.0,82.0,97.0
310480,Augusto de Lima,MG,Minas Gerais,SUDESTE,4572,1,1,2.1872265966754156,4572.0,0.024806828204100538,4593,2547.0,55.453951665578046,6,69.66666666666667,2,1,48.0,13.0,81.0,88.0,88.0,100.0
310050,Açucena,MG,Minas Gerais,SUDESTE,8926,5,4,5.601613264620211,1785.2,0.0,8995,5108.0,56.78710394663702,6,55.5,2,0,32.0,35.0,58.0,50.0,58.0,100.0
310490,Baependi,MG,Minas Gerais,SUDESTE,18782,9,9,4.791821957193057,2086.8888888888887,0.0,18768,8587.0,45.75341005967604,6,70.83333333333333,0,0,56.0,58.0,76.0,80.0,61.0,94.0
310500,Baldim,MG,Minas Gerais,SUDESTE,7595,2,2,2.6333113890717574,3797.5,0.0,7614,4241.0,55.70002626740216,6,47.833333333333336,4,0,31.0,30.0,56.0,38.0,38.0,94.0
310510,Bambuí,MG,Minas Gerais,SUDESTE,24203,8,8,3.3053753666900794,3025.375,0.0,24144,8809.0,36.48525513585156,6,39.333333333333336,5,2,15.0,8.0,47.0,37.0,32.0,97.0
310520,Bandeira,MG,Minas Gerais,SUDESTE,4811,2,2,4.157139887757223,2405.5,0.0,4821,2583.0,53.578095830740516,6,73.33333333333333,1,1,52.0,16.0,100.0,93.0,79.0,100.0
310530,Bandeira do Sul,MG,Minas Gerais,SUDESTE,6183,3,3,4.85201358563804,2061.0,0.0,6146,2150.0,34.98210218027985,6,55.5,3,2,48.0,8.0,0.0,100.0,94.0,83.0
310560,Barbacena,MG,Minas Gerais,SUDESTE,129695,25,25,1.9275993677474073,5187.8,4.07093647942494,129630,42090.0,32.46933580189771,6,36.666666666666664,3,3,16.0,5.0,51.0,50.0,27.0,71.0
310570,Barra Longa,MG,Minas Gerais,SUDESTE,5717,4,4,6.996676578625153,1429.25,0.0,5740,3385.0,58.972125435540065,6,66.83333333333333,2,1,35.0,16.0,100.0,70.0,80.0,100.0
310590,Barroso,MG,Minas Gerais,SUDESTE,20604,7,7,3.39739856338575,2943.4285714285716,0.0,20566,9288.0,45.16191772828941,6,37.5,5,3,27.0,5.0,35.0,41.0,28.0,89.0
310540,Barão de Cocais,MG,Minas Gerais,SUDESTE,32264,11,10,3.4093726754277216,2933.090909090909,0.0,32095,10394.0,32.385106714441505,6,61.333333333333336,2,1,35.0,28.0,78.0,72.0,61.0,94.0
310550,Barão do Monte Alto,MG,Minas Gerais,SUDESTE,4952,4,4,8.077544426494347,1238.0,0.0,4991,3098.0,62.07172911240233,6,54.833333333333336,3,2,28.0,10.0,87.0,67.0,47.0,90.0
310600,Bela Vista de Minas,MG,Minas Gerais,SUDESTE,10427,5,5,4.795243118826124,2085.4,0.0,10412,4068.0,39.07030349596619,6,53.666666666666664,2,0,56.0,45.0,57.0,60.0,47.0,57.0
310610,Belmiro Braga,MG,Minas Gerais,SUDESTE,3292,1,1,3.0376670716889427,3292.0,0.0,3299,1540.0,46.68081236738406,6,35.5,5,2,30.0,15.0,25.0,38.0,38.0,67.0
310620,Belo Horizonte,MG,Minas Gerais,SUDESTE,2415872,170,170,0.7036796651478224,14211.011764705883,371.51402486156974,2416339,831952.0,34.43026826947709,6,19.833333333333332,6,5,19.0,7.0,23.0,20.0,10.0,40.0
310630,Belo Oriente,MG,Minas Gerais,SUDESTE,24546,13,11,5.296178603438443,1888.1538461538462,0.0,24503,11676.0,47.65130800310166,6,60.5,1,0,51.0,77.0,48.0,55.0,51.0,81.0
310640,Belo Vale,MG,Minas Gerais,SUDESTE,9012,5,5,5.548158011540169,1802.4,0.0,8946,4509.0,50.40241448692153,6,65.83333333333333,1,0,31.0,50.0,83.0,88.0,50.0,93.0
310650,Berilo,MG,Minas Gerais,SUDESTE,9638,6,5,6.225357958082589,1606.3333333333333,0.0,9769,5776.0,59.125806121404445,6,55.5,2,1,35.0,23.0,57.0,65.0,61.0,92.0
310665,Berizal,MG,Minas Gerais,SUDESTE,4270,3,3,7.02576112412178,1423.3333333333333,0.0,4277,3015.0,70.49333645078326,6,63.0,2,0,54.0,32.0,74.0,70.0,48.0,100.0
310660,Bertópolis,MG,Minas Gerais,SUDESTE,4546,2,2,4.399472063352398,2273.0,0.0,4546,2355.0,51.80378354597448,6,35.666666666666664,4,3,19.0,53.0,47.0,12.0,24.0,59.0
310670,Betim,MG,Minas Gerais,SUDESTE,431433,43,42,0.9966785109159475,10033.32558139535,53.705049062244036,429236,148652.0,34.631764344090435,6,34.166666666666664,5,4,21.0,20.0,20.0,45.0,28.0,71.0
310680,Bias Fortes,MG,Minas Gerais,SUDESTE,3367,4,2,11.88001188001188,841.75,0.0,3388,1852.0,54.66351829988194,6,52.833333333333336,3,1,37.0,6.0,43.0,100.0,71.0,60.0
310690,Bicas,MG,Minas Gerais,SUDESTE,14358,0,0,0.0,0.0,3.2183238056330876,14331,6948.0,48.48231107389575,6,35.5,5,3,41.0,7.0,22.0,35.0,17.0,91.0
310700,Biquinhas,MG,Minas Gerais,SUDESTE,2397,2,2,8.343763037129746,1198.5,0.0,2409,1560.0,64.75716064757161,6,56.666666666666664,2,1,38.0,2.0,75.0,75.0,50.0,100.0
310710,Boa Esperança,MG,Minas Gerais,SUDESTE,41443,17,17,4.102019641435224,2437.823529411765,0.0,41332,15382.0,37.21571663602052,6,41.666666666666664,5,2,34.0,10.0,22.0,49.0,40.0,95.0
310720,Bocaina de Minas,MG,Minas Gerais,SUDESTE,5530,2,2,3.616636528028933,2765.0,0.0,5508,2166.0,39.32461873638344,6,22.5,5,5,4.0,0.0,29.0,14.0,0.0,88.0
310730,Bocaiúva,MG,Minas Gerais,SUDESTE,49797,14,13,2.8114143422294515,3556.9285714285716,0.0,49668,24035.0,48.39131835386969,6,45.0,4,1,26.0,36.0,47.0,57.0,33.0,71.0
310740,Bom Despacho,MG,Minas Gerais,SUDESTE,54377,18,18,3.310223072254814,3020.9444444444443,0.0,53995,19505.0,36.123715158810995,6,56.166666666666664,2,1,31.0,27.0,72.0,75.0,54.0,78.0
310750,Bom Jardim de Minas,MG,Minas Gerais,SUDESTE,6988,2,2,2.8620492272467084,3494.0,0.0,6968,3570.0,51.23421354764638,6,49.0,4,2,27.0,19.0,35.0,76.0,41.0,96.0
310760,Bom Jesus da Penha,MG,Minas Gerais,SUDESTE,4677,3,3,6.414368184733803,1559.0,0.0,4642,2035.0,43.838862559241704,6,45.333333333333336,4,2,46.0,4.0,45.0,64.0,27.0,86.0
310770,Bom Jesus do Amparo,MG,Minas Gerais,SUDESTE,5786,2,2,3.456619426201175,2893.0,0.0,5775,2510.0,43.46320346320346,6,18.833333333333332,5,5,10.0,2.0,0.0,5.0,0.0,96.0
310780,Bom Jesus do Galho,MG,Minas Gerais,SUDESTE,14719,2,2,1.3587879611386642,7359.5,1.2992414051478909,14756,8480.0,57.46814854974248,6,48.0,4,2,29.0,17.0,59.0,49.0,37.0,97.0
310790,Bom Repouso,MG,Minas Gerais,SUDESTE,13312,4,4,3.0048076923076925,3328.0,0.0,13183,5740.0,43.54092391716605,6,81.83333333333333,1,0,45.0,67.0,96.0,98.0,85.0,100.0
310800,Bom Sucesso,MG,Minas Gerais,SUDESTE,17515,8,8,4.567513559805881,2189.375,0.0,17510,6631.0,37.8697886921759,6,40.166666666666664,4,4,25.0,14.0,51.0,27.0,29.0,95.0
310810,Bonfim,MG,Minas Gerais,SUDESTE,7710,1,1,1.297016861219196,7710.0,0.7281847431000907,7672,3878.0,50.54744525547446,6,16.666666666666668,5,5,9.0,0.0,0.0,0.0,0.0,91.0
310820,Bonfinópolis de Minas,MG,Minas Gerais,SUDESTE,5600,3,3,5.357142857142858,1866.6666666666667,0.0,5615,2667.0,47.497773820124664,6,63.833333333333336,2,0,44.0,49.0,78.0,61.0,56.0,95.0
310825,Bonito de Minas,MG,Minas Gerais,SUDESTE,10525,15,15,14.251781472684087,701.6666666666666,0.0,10491,6725.0,64.1025641025641,6,68.16666666666667,1,0,50.0,30.0,80.0,86.0,63.0,100.0
310830,Borda da Mata,MG,Minas Gerais,SUDESTE,17837,2,2,1.1212647866793743,8918.5,1.9981363505416758,17811,7800.0,43.79316152939195,6,51.666666666666664,3,2,28.0,14.0,75.0,48.0,59.0,86.0
310840,Botelhos,MG,Minas Gerais,SUDESTE,15141,9,8,5.944125222904695,1682.3333333333333,0.0,15137,5737.0,37.90050868732246,6,50.166666666666664,3,2,34.0,18.0,24.0,85.0,56.0,84.0
310850,Botumirim,MG,Minas Gerais,SUDESTE,5806,4,4,6.889424733034792,1451.5,0.0,5841,3328.0,56.97654511213833,6,67.16666666666667,2,0,42.0,39.0,83.0,87.0,52.0,100.0
310855,Brasilândia de Minas,MG,Minas Gerais,SUDESTE,15485,8,8,5.166289958023894,1935.625,0.0,15432,8096.0,52.46241575946085,6,56.333333333333336,2,2,27.0,18.0,66.0,77.0,63.0,87.0
310860,Brasília de Minas,MG,Minas Gerais,SUDESTE,33262,16,16,4.810294029222536,2078.875,0.0,33188,18350.0,55.29106906110643,6,51.666666666666664,2,1,44.0,5.0,61.0,57.0,50.0,93.0
310890,Brazópolis,MG,Minas Gerais,SUDESTE,14491,6,6,4.140501000621075,2415.1666666666665,0.0,14506,5712.0,39.376809596029226,6,74.83333333333333,2,0,40.0,44.0,100.0,95.0,70.0,100.0
310880,Braúnas,MG,Minas Gerais,SUDESTE,4445,3,3,6.749156355455568,1481.6666666666667,0.0,4475,2388.0,53.36312849162012,6,62.166666666666664,2,1,38.0,10.0,75.0,83.0,67.0,100.0
310900,Brumadinho,MG,Minas Gerais,SUDESTE,41090,19,18,4.623996106108542,2162.6315789473683,0.0,40777,14879.0,36.48870686906835,6,71.66666666666667,2,0,42.0,47.0,81.0,93.0,70.0,97.0
310870,Brás Pires,MG,Minas Gerais,SUDESTE,4296,3,3,6.983240223463687,1432.0,0.0,4314,2649.0,61.404728789986095,6,58.666666666666664,2,1,35.0,4.0,75.0,75.0,63.0,100.0
310910,Bueno Brandão,MG,Minas Gerais,SUDESTE,11168,5,5,4.477077363896848,2233.6,0.0,11161,4586.0,41.08950810859242,6,68.0,2,0,41.0,42.0,63.0,83.0,83.0,96.0
310920,Buenópolis,MG,Minas Gerais,SUDESTE,9171,4,4,4.361574528404754,2292.75,0.0,9229,4987.0,54.03619026980171,6,52.833333333333336,2,1,55.0,28.0,48.0,58.0,58.0,70.0
310925,Bugre,MG,Minas Gerais,SUDESTE,4159,1,1,2.40442414041837,4159.0,0.0,4149,2521.0,60.761629308267054,6,52.333333333333336,4,0,41.0,57.0,44.0,33.0,44.0,95.0
310930,Buritis,MG,Minas Gerais,SUDESTE,24779,9,9,3.6321078332458936,2753.222222222222,0.0,24693,13594.0,55.05203903940388,6,67.16666666666667,2,1,40.0,27.0,81.0,96.0,73.0,86.0
310940,Buritizeiro,MG,Minas Gerais,SUDESTE,23908,7,7,2.9278902459427805,3415.4285714285716,0.0,24068,14444.0,60.013295662290176,6,53.833333333333336,4,0,47.0,45.0,46.0,52.0,40.0,93.0
310945,Cabeceira Grande,MG,Minas Gerais,SUDESTE,6811,2,2,2.9364263691087946,3405.5,0.0,6797,3364.0,49.49242312785052,6,48.666666666666664,3,2,19.0,10.0,39.0,67.0,67.0,90.0
310950,Cabo Verde,MG,Minas Gerais,SUDESTE,11269,4,4,3.549560741858195,2817.25,0.0,11396,4716.0,41.38294138294138,6,69.16666666666667,0,0,54.0,50.0,63.0,83.0,67.0,98.0
310980,Cachoeira Dourada,MG,Minas Gerais,SUDESTE,2337,1,1,4.278990158322636,2337.0,0.0,2346,806.0,34.35635123614663,6,70.0,2,1,33.0,20.0,100.0,89.0,78.0,100.0
310960,Cachoeira da Prata,MG,Minas Gerais,SUDESTE,3785,1,1,2.642007926023778,3785.0,0.0,3781,1685.0,44.5649299127215,6,58.666666666666664,3,1,32.0,16.0,89.0,78.0,44.0,93.0
310970,Cachoeira de Minas,MG,Minas Gerais,SUDESTE,12302,2,2,1.6257519102584945,6151.0,0.7574745408063966,12248,4573.0,37.336708033964726,6,55.5,3,0,50.0,43.0,51.0,49.0,43.0,97.0
310270,Cachoeira de Pajeú,MG,Minas Gerais,SUDESTE,9347,6,6,6.4191719268214396,1557.8333333333333,0.0,9333,5571.0,59.69141755062681,6,68.5,1,0,44.0,59.0,79.0,58.0,71.0,100.0
310990,Caetanópolis,MG,Minas Gerais,SUDESTE,11906,2,2,1.6798252981689905,5953.0,0.6687117446627342,11832,4535.0,38.32826233941853,6,46.333333333333336,4,1,36.0,23.0,45.0,55.0,45.0,74.0
311000,Caeté,MG,Minas Gerais,SUDESTE,39775,11,11,2.765556253928347,3615.909090909091,0.0,39850,14753.0,37.02132998745295,6,36.333333333333336,5,4,28.0,18.0,13.0,45.0,22.0,92.0
311010,Caiana,MG,Minas Gerais,SUDESTE,5484,3,3,5.470459518599562,1828.0,0.0,5463,2763.0,50.57660626029654,6,71.16666666666667,1,0,50.0,47.0,89.0,78.0,67.0,96.0
311020,Cajuri,MG,Minas Gerais,SUDESTE,4191,2,2,4.772130756382725,2095.5,0.0,4186,2445.0,58.40898232202581,6,88.83333333333333,0,0,58.0,87.0,100.0,100.0,88.0,100.0
311030,Caldas,MG,Minas Gerais,SUDESTE,14628,5,5,3.418102269619907,2925.6,0.0,14588,5834.0,39.99177406087195,6,66.66666666666667,2,1,42.0,25.0,80.0,90.0,63.0,100.0
311040,Camacho,MG,Minas Gerais,SUDESTE,2851,3,3,10.52262364082778,950.3333333333334,0.0,2867,1335.0,46.56435298221137,6,68.66666666666667,1,1,59.0,28.0,75.0,100.0,50.0,100.0
311050,Camanducaia,MG,Minas Gerais,SUDESTE,27860,9,8,3.230437903804738,3095.5555555555557,0.0,27551,8132.0,29.51617001197779,6,47.666666666666664,4,1,25.0,32.0,44.0,58.0,39.0,88.0
311070,Cambuquira,MG,Minas Gerais,SUDESTE,12551,7,7,5.577244841048523,1793.0,0.0,12560,6084.0,48.439490445859875,6,27.5,5,4,22.0,1.0,21.0,47.0,2.0,72.0
311060,Cambuí,MG,Minas Gerais,SUDESTE,31066,14,14,4.506534474988734,2219.0,0.0,30870,11734.0,38.01101392938128,6,48.0,3,3,22.0,29.0,58.0,67.0,19.0,93.0
311090,Campanha,MG,Minas Gerais,SUDESTE,16372,8,7,4.886391399951136,2046.5,0.0,16334,6735.0,41.23301089751439,6,61.0,2,1,35.0,23.0,69.0,76.0,73.0,90.0
311080,Campanário,MG,Minas Gerais,SUDESTE,2884,2,2,6.934812760055479,1442.0,0.0,2917,2285.0,78.33390469660611,6,66.16666666666667,1,1,25.0,72.0,69.0,69.0,62.0,100.0
311100,Campestre,MG,Minas Gerais,SUDESTE,21155,10,10,4.727014890096904,2115.5,0.0,21143,6907.0,32.66802251336139,6,55.5,2,2,28.0,27.0,66.0,63.0,68.0,81.0
311110,Campina Verde,MG,Minas Gerais,SUDESTE,18188,7,6,3.8486914449087313,2598.285714285714,0.0,18250,6858.0,37.57808219178082,6,59.166666666666664,2,0,41.0,40.0,56.0,62.0,56.0,100.0
311115,Campo Azul,MG,Minas Gerais,SUDESTE,3806,1,1,2.627430373095113,3806.0,0.0,3802,2645.0,69.56864807995792,6,56.333333333333336,0,0,56.0,52.0,60.0,60.0,50.0,60.0
311120,Campo Belo,MG,Minas Gerais,SUDESTE,54027,18,18,3.331667499583542,3001.5,0.0,53943,22256.0,41.25836531153254,6,51.5,3,1,43.0,23.0,53.0,56.0,38.0,96.0
311140,Campo Florido,MG,Minas Gerais,SUDESTE,8931,2,2,2.239390885679095,4465.5,0.001870031209716236,8838,3329.0,37.66689296220864,6,74.5,0,0,68.0,67.0,85.0,77.0,50.0,100.0
311130,Campo do Meio,MG,Minas Gerais,SUDESTE,11625,6,6,5.161290322580645,1937.5,0.0,11624,5576.0,47.969717825189264,6,62.833333333333336,0,0,65.0,56.0,61.0,59.0,59.0,77.0
311150,Campos Altos,MG,Minas Gerais,SUDESTE,13076,6,5,4.588559192413582,2179.3333333333335,0.0,13136,5409.0,41.176918392204634,6,62.166666666666664,1,0,40.0,54.0,60.0,67.0,54.0,98.0
311160,Campos Gerais,MG,Minas Gerais,SUDESTE,26749,14,13,5.23384051740252,1910.642857142857,0.0,26809,10968.0,40.91163415270991,6,56.333333333333336,2,1,30.0,29.0,68.0,66.0,52.0,93.0
311190,Cana Verde,MG,Minas Gerais,SUDESTE,5342,2,2,3.7439161362785476,2671.0,0.0,5356,2532.0,47.27408513816281,6,33.666666666666664,5,3,41.0,43.0,29.0,18.0,18.0,53.0
311170,Canaã,MG,Minas Gerais,SUDESTE,4839,4,4,8.266170696424881,1209.75,0.0,4832,2930.0,60.63741721854304,6,45.833333333333336,5,1,36.0,9.0,46.0,46.0,46.0,92.0
311200,Candeias,MG,Minas Gerais,SUDESTE,14211,6,6,4.222081486172684,2368.5,0.0,14236,6651.0,46.71958415285192,6,64.5,1,0,56.0,43.0,66.0,69.0,60.0,93.0
311205,Cantagalo,MG,Minas Gerais,SUDESTE,4029,3,3,7.4460163812360385,1343.0,0.0,4039,2305.0,57.06858133201288,6,42.0,4,2,39.0,13.0,67.0,0.0,33.0,100.0
311180,Canápolis,MG,Minas Gerais,SUDESTE,10716,7,7,6.532288167226577,1530.857142857143,0.0,10755,4202.0,39.07019990701999,6,67.33333333333333,2,1,37.0,26.0,91.0,82.0,79.0,89.0
311210,Caparaó,MG,Minas Gerais,SUDESTE,5138,1,1,1.9462826002335538,5138.0,0.15167486511650677,5144,3373.0,65.5715396578538,6,77.16666666666667,1,0,39.0,60.0,91.0,95.0,82.0,96.0
311220,Capela Nova,MG,Minas Gerais,SUDESTE,4397,2,2,4.548555833522856,2198.5,0.0,4416,2613.0,59.171195652173914,6,35.166666666666664,4,3,23.0,3.0,50.0,21.0,43.0,71.0
311230,Capelinha,MG,Minas Gerais,SUDESTE,41858,17,17,4.061350279516461,2462.235294117647,0.0,41536,20110.0,48.41583204930662,6,69.0,0,0,53.0,52.0,70.0,76.0,63.0,100.0
311240,Capetinga,MG,Minas Gerais,SUDESTE,6627,3,3,4.526935264825713,2209.0,0.0,6652,3157.0,47.4594107035478,6,57.333333333333336,2,1,37.0,16.0,57.0,87.0,57.0,90.0
311250,Capim Branco,MG,Minas Gerais,SUDESTE,11210,4,4,3.568242640499554,2802.5,0.0,11105,4115.0,37.05538045925259,6,36.833333333333336,4,3,21.0,18.0,18.0,58.0,36.0,70.0
311260,Capinópolis,MG,Minas Gerais,SUDESTE,14872,5,5,3.3620225927918233,2974.4,0.0,14899,5976.0,40.110074501644405,6,63.5,2,2,24.0,14.0,94.0,82.0,69.0,98.0
311265,Capitão Andrade,MG,Minas Gerais,SUDESTE,4634,4,4,8.631851532153647,1158.5,0.0,4650,3044.0,65.46236559139786,6,80.0,1,0,33.0,63.0,100.0,95.0,89.0,100.0
311270,Capitão Enéas,MG,Minas Gerais,SUDESTE,14403,12,11,8.3315975838367,1200.25,0.0,14401,7875.0,54.68370252065829,6,68.33333333333333,2,0,36.0,42.0,82.0,82.0,73.0,95.0
311280,Capitólio,MG,Minas Gerais,SUDESTE,10991,5,5,4.549176599035575,2198.2,0.0,10863,3888.0,35.791217895608945,6,72.16666666666667,1,0,37.0,56.0,73.0,95.0,78.0,94.0
311290,Caputira,MG,Minas Gerais,SUDESTE,9128,7,6,7.668711656441718,1304.0,0.0,9128,5752.0,63.014899211218236,6,68.0,1,1,23.0,50.0,82.0,84.0,71.0,98.0
311310,Caranaíba,MG,Minas Gerais,SUDESTE,2942,2,2,6.798096532970768,1471.0,0.0,2960,1057.0,35.70945945945946,6,56.166666666666664,3,1,42.0,10.0,43.0,71.0,71.0,100.0
311320,Carandaí,MG,Minas Gerais,SUDESTE,24403,10,10,4.097856820882678,2440.3,0.0,24368,10461.0,42.92925147734734,6,46.0,4,0,35.0,42.0,40.0,52.0,33.0,74.0
311330,Carangola,MG,Minas Gerais,SUDESTE,32134,13,13,4.045559220763055,2471.846153846154,0.0,32165,15062.0,46.827296751127,6,57.166666666666664,2,0,38.0,65.0,50.0,53.0,43.0,94.0
311340,Caratinga,MG,Minas Gerais,SUDESTE,90890,31,31,3.410716250412587,2931.935483870968,0.0,90687,31240.0,34.44815684717765,6,44.166666666666664,4,2,29.0,27.0,46.0,51.0,44.0,68.0
311300,Caraí,MG,Minas Gerais,SUDESTE,19511,7,7,3.5877197478345546,2787.285714285714,0.0,19654,11169.0,56.82812659000712,6,77.5,0,0,67.0,66.0,72.0,96.0,70.0,94.0
311350,Carbonita,MG,Minas Gerais,SUDESTE,8603,3,3,3.487155643380216,2867.6666666666665,0.0,8633,4405.0,51.025136105641145,6,74.83333333333333,1,0,60.0,33.0,85.0,93.0,81.0,97.0
311360,Careaçu,MG,Minas Gerais,SUDESTE,7062,1,1,1.416029453412631,7062.0,0.5829365312286435,7029,3039.0,43.235168587281265,6,60.0,1,0,37.0,82.0,59.0,55.0,50.0,77.0
311370,Carlos Chagas,MG,Minas Gerais,SUDESTE,18783,7,7,3.7267742107224615,2683.285714285714,0.0,18852,10882.0,57.72331848079779,6,60.0,1,0,54.0,47.0,56.0,54.0,54.0,95.0
311390,Carmo da Cachoeira,MG,Minas Gerais,SUDESTE,11767,4,4,3.3993371292597945,2941.75,0.0,11776,5346.0,45.39741847826087,6,56.5,2,1,37.0,25.0,65.0,62.0,50.0,100.0
311400,Carmo da Mata,MG,Minas Gerais,SUDESTE,11291,5,5,4.428305730227614,2258.2,0.0,11279,4347.0,38.54065076691196,6,67.66666666666667,2,0,48.0,31.0,83.0,74.0,74.0,96.0
311410,Carmo de Minas,MG,Minas Gerais,SUDESTE,14125,7,7,4.95575221238938,2017.857142857143,0.0,14114,5975.0,42.33385291200227,6,70.16666666666667,2,0,36.0,39.0,87.0,93.0,71.0,95.0
311420,Carmo do Cajuru,MG,Minas Gerais,SUDESTE,24581,9,9,3.6613644684919247,2731.222222222222,0.0,24376,7375.0,30.255169018706923,6,55.5,3,0,42.0,45.0,56.0,62.0,46.0,82.0
311430,Carmo do Paranaíba,MG,Minas Gerais,SUDESTE,29885,11,11,3.68077630918521,2716.818181818182,0.0,29899,12049.0,40.299006655740996,6,43.166666666666664,5,1,47.0,34.0,40.0,36.0,28.0,74.0
311440,Carmo do Rio Claro,MG,Minas Gerais,SUDESTE,21506,11,11,5.11485166930159,1955.090909090909,0.0,21464,7966.0,37.11330600074543,6,61.5,2,0,40.0,30.0,67.0,84.0,63.0,85.0
311380,Carmésia,MG,Minas Gerais,SUDESTE,2693,3,2,11.139992573338283,897.6666666666666,0.0,2682,1014.0,37.8076062639821,6,24.5,5,4,43.0,20.0,17.0,0.0,0.0,67.0
311450,Carmópolis de Minas,MG,Minas Gerais,SUDESTE,18561,7,7,3.771348526480254,2651.5714285714284,0.0,18498,7116.0,38.46902367823549,6,53.5,2,2,22.0,14.0,56.0,73.0,63.0,93.0
311455,Carneirinho,MG,Minas Gerais,SUDESTE,9633,5,5,5.190491020450534,1926.6,0.0,9630,3532.0,36.67705088265836,6,34.0,5,4,16.0,16.0,37.0,26.0,26.0,83.0
311460,Carrancas,MG,Minas Gerais,SUDESTE,4161,2,2,4.806536890170632,2080.5,0.0,4153,1713.0,41.24729111485673,6,70.83333333333333,1,0,56.0,32.0,73.0,91.0,73.0,100.0
311480,Carvalhos,MG,Minas Gerais,SUDESTE,4503,2,2,4.4414834554741285,2251.5,0.0,4507,2613.0,57.97648102950965,6,67.33333333333333,2,0,43.0,49.0,56.0,89.0,67.0,100.0
311470,Carvalhópolis,MG,Minas Gerais,SUDESTE,3419,2,2,5.84966364434045,1709.5,0.0,3417,1092.0,31.957857769973664,6,44.0,3,2,7.0,10.0,63.0,88.0,63.0,33.0
311490,Casa Grande,MG,Minas Gerais,SUDESTE,2260,2,1,8.849557522123893,1130.0,0.0,2260,898.0,39.73451327433628,6,33.166666666666664,5,2,46.0,35.0,0.0,33.0,0.0,85.0
311500,Cascalho Rico,MG,Minas Gerais,SUDESTE,2751,2,2,7.270083605961468,1375.5,0.0,2757,1087.0,39.42691331157055,6,46.666666666666664,3,1,35.0,11.0,38.0,54.0,62.0,80.0
311530,Cataguases,MG,Minas Gerais,SUDESTE,67732,25,22,3.691017539715349,2709.28,0.0,67872,24429.0,35.99275106082037,6,41.0,5,1,37.0,44.0,38.0,45.0,25.0,57.0
311535,Catas Altas,MG,Minas Gerais,SUDESTE,5706,2,2,3.505082369435682,2853.0,0.0,5668,2293.0,40.45518701482004,6,61.666666666666664,2,1,33.0,26.0,67.0,72.0,72.0,100.0
311540,Catas Altas da Noruega,MG,Minas Gerais,SUDESTE,3124,1,1,3.201024327784891,3124.0,0.0,3141,1928.0,61.38172556510665,6,57.5,3,0,31.0,40.0,44.0,89.0,56.0,85.0
311545,Catuji,MG,Minas Gerais,SUDESTE,7248,3,3,4.139072847682119,2416.0,0.0,7226,5098.0,70.55078881815665,6,73.33333333333333,2,0,42.0,31.0,100.0,88.0,82.0,97.0
311547,Catuti,MG,Minas Gerais,SUDESTE,4788,3,3,6.265664160401002,1596.0,0.0,4805,3408.0,70.9261186264308,6,79.5,0,0,62.0,52.0,88.0,94.0,81.0,100.0
311550,Caxambu,MG,Minas Gerais,SUDESTE,21412,10,10,4.670278348589576,2141.2,0.0,21436,7091.0,33.079865646575854,6,50.666666666666664,3,1,40.0,5.0,67.0,67.0,41.0,84.0
311560,Cedro do Abaeté,MG,Minas Gerais,SUDESTE,1084,2,2,18.45018450184502,542.0,0.0,1091,579.0,53.07057745187901,6,64.66666666666667,3,1,47.0,41.0,100.0,0.0,100.0,100.0
311570,Central de Minas,MG,Minas Gerais,SUDESTE,6213,4,4,6.438113632705617,1553.25,0.0,6243,3579.0,57.3282075925036,6,59.5,2,2,27.0,24.0,60.0,95.0,65.0,86.0
311580,Centralina,MG,Minas Gerais,SUDESTE,10447,5,5,4.786062984588877,2089.4,0.0,10440,4475.0,42.8639846743295,6,71.33333333333333,1,0,42.0,55.0,90.0,90.0,55.0,96.0
311600,Chalé,MG,Minas Gerais,SUDESTE,6289,2,2,3.180155827635554,3144.5,0.0,6261,4093.0,65.37294361923016,6,51.666666666666664,3,2,17.0,45.0,54.0,71.0,29.0,94.0
311615,Chapada Gaúcha,MG,Minas Gerais,SUDESTE,12904,3,3,2.3248605083694978,4301.333333333333,0.0,12810,8106.0,63.278688524590166,6,55.166666666666664,3,2,16.0,10.0,84.0,79.0,44.0,98.0
311610,Chapada do Norte,MG,Minas Gerais,SUDESTE,9763,7,7,7.16992727645191,1394.7142857142858,0.0,10024,6213.0,61.98124501197127,6,63.5,2,2,29.0,23.0,76.0,88.0,72.0,93.0
311620,Chiador,MG,Minas Gerais,SUDESTE,2868,3,3,10.460251046025103,956.0,0.0,2865,1723.0,60.139616055846425,6,23.0,5,3,35.0,3.0,0.0,17.0,33.0,50.0
311590,Chácara,MG,Minas Gerais,SUDESTE,3194,3,3,9.39261114589856,1064.6666666666667,0.0,3177,1924.0,60.560276990871884,6,45.666666666666664,3,3,17.0,15.0,67.0,22.0,78.0,75.0
311630,Cipotânea,MG,Minas Gerais,SUDESTE,5549,1,1,1.8021265092809515,5549.0,0.24379988838682284,5599,3612.0,64.51151991427041,6,60.333333333333336,2,1,35.0,26.0,67.0,67.0,67.0,100.0
311640,Claraval,MG,Minas Gerais,SUDESTE,4786,3,3,6.268282490597576,1595.3333333333333,0.0,4777,2258.0,47.26815993301235,6,71.0,1,0,42.0,54.0,82.0,100.0,65.0,83.0
311650,Claro dos Poções,MG,Minas Gerais,SUDESTE,7230,5,5,6.915629322268327,1446.0,0.0,7259,4353.0,59.96693759471001,6,79.16666666666667,2,0,45.0,48.0,94.0,94.0,94.0,100.0
311660,Cláudio,MG,Minas Gerais,SUDESTE,31936,11,11,3.4443887775551105,2903.2727272727275,0.0,31665,9961.0,31.457445128690985,6,66.16666666666667,2,0,43.0,43.0,75.0,73.0,65.0,98.0
311670,Coimbra,MG,Minas Gerais,SUDESTE,7293,4,4,5.484711367064308,1823.25,0.0,7285,3916.0,53.75428963623885,6,68.33333333333333,2,2,25.0,26.0,100.0,95.0,64.0,100.0
311680,Coluna,MG,Minas Gerais,SUDESTE,8206,2,2,2.4372410431391667,4103.0,0.0,8251,5664.0,68.64622470003636,6,86.0,0,0,52.0,77.0,97.0,100.0,94.0,96.0
311690,Comendador Gomes,MG,Minas Gerais,SUDESTE,2804,1,1,3.566333808844508,2804.0,0.0,2813,1470.0,52.25737646640597,6,32.0,4,4,8.0,1.0,75.0,25.0,0.0,83.0
311700,Comercinho,MG,Minas Gerais,SUDESTE,6540,5,5,7.6452599388379205,1308.0,0.0,6627,4879.0,73.62305719028218,6,63.333333333333336,3,1,40.0,23.0,94.0,82.0,41.0,100.0
311710,Conceição da Aparecida,MG,Minas Gerais,SUDESTE,10705,4,4,3.7365716954694066,2676.25,0.0,10668,4592.0,43.044619422572175,6,38.5,5,1,31.0,12.0,33.0,40.0,30.0,85.0
311520,Conceição da Barra de Minas,MG,Minas Gerais,SUDESTE,3576,1,1,2.796420581655481,3576.0,0.0,3596,2033.0,56.53503893214683,6,56.333333333333336,2,1,35.0,18.0,54.0,62.0,69.0,100.0
311730,Conceição das Alagoas,MG,Minas Gerais,SUDESTE,30278,13,8,4.293546469383711,2329.076923076923,0.0,29949,11458.0,38.25837256669672,6,57.0,3,0,43.0,55.0,49.0,59.0,44.0,92.0
311720,Conceição das Pedras,MG,Minas Gerais,SUDESTE,2840,2,2,7.042253521126761,1420.0,0.0,2837,1467.0,51.709552344025376,6,85.83333333333333,0,0,61.0,74.0,100.0,100.0,80.0,100.0
311740,Conceição de Ipanema,MG,Minas Gerais,SUDESTE,4503,2,2,4.4414834554741285,2251.5,0.0,4503,2782.0,61.781034865645125,6,79.83333333333333,1,0,37.0,62.0,90.0,100.0,90.0,100.0
311750,Conceição do Mato Dentro,MG,Minas Gerais,SUDESTE,24559,2,2,0.8143654057575634,12279.5,3.504862400232831,24254,11036.0,45.50177290343861,6,43.833333333333336,4,2,37.0,29.0,5.0,56.0,43.0,93.0
311760,Conceição do Pará,MG,Minas Gerais,SUDESTE,5584,5,5,8.954154727793696,1116.8,0.0,5567,2356.0,42.32081911262799,6,59.166666666666664,2,0,48.0,52.0,61.0,61.0,39.0,94.0
311770,Conceição do Rio Verde,MG,Minas Gerais,SUDESTE,12765,6,6,4.700352526439483,2127.5,0.0,12780,6101.0,47.73865414710485,6,70.33333333333333,0,0,55.0,54.0,73.0,75.0,69.0,96.0
311780,Conceição dos Ouros,MG,Minas Gerais,SUDESTE,11218,6,6,5.348546978070957,1869.6666666666667,0.0,11183,4481.0,40.06974872574444,6,58.5,4,0,48.0,70.0,49.0,49.0,35.0,100.0
311787,Confins,MG,Minas Gerais,SUDESTE,7758,4,4,5.155968032998196,1939.5,0.0,7676,2613.0,34.0411672746222,6,25.333333333333332,5,5,12.0,9.0,27.0,27.0,19.0,58.0
311790,Congonhal,MG,Minas Gerais,SUDESTE,11444,6,6,5.2429220552254465,1907.3333333333333,0.0,11403,4717.0,41.36630711216346,6,61.333333333333336,3,0,36.0,72.0,70.0,42.0,48.0,100.0
311800,Congonhas,MG,Minas Gerais,SUDESTE,55272,21,21,3.7993920972644375,2632.0,0.0,54986,17882.0,32.52100534681555,6,52.166666666666664,3,0,38.0,51.0,50.0,44.0,32.0,98.0
311810,Congonhas do Norte,MG,Minas Gerais,SUDESTE,4924,3,3,6.092607636068237,1641.3333333333333,0.0,4927,2739.0,55.59163791353765,6,68.5,2,0,46.0,49.0,90.0,70.0,60.0,96.0
311820,Conquista,MG,Minas Gerais,SUDESTE,6878,6,4,8.72346612387322,1146.3333333333333,0.0,6864,2834.0,41.28787878787879,6,49.0,3,2,19.0,21.0,33.0,80.0,53.0,88.0
311830,Conselheiro Lafaiete,MG,Minas Gerais,SUDESTE,138946,34,34,2.446993796151023,4086.6470588235293,0.0,137980,37045.0,26.848093926656034,6,31.333333333333332,5,4,18.0,13.0,27.0,36.0,28.0,66.0
311840,Conselheiro Pena,MG,Minas Gerais,SUDESTE,21052,7,7,3.32509975299259,3007.4285714285716,0.0,21113,11441.0,54.189362004452235,6,74.5,0,0,51.0,57.0,79.0,92.0,73.0,95.0
311850,Consolação,MG,Minas Gerais,SUDESTE,1569,1,1,6.373486297004461,1569.0,0.0,1578,940.0,59.569074778200246,6,27.833333333333332,4,4,84.0,0.0,0.0,0.0,83.0,0.0
311860,Contagem,MG,Minas Gerais,SUDESTE,651718,136,86,2.0867921401587806,4792.044117647059,10.081595901907248,649975,198391.0,30.522866264087078,6,27.5,5,4,17.0,5.0,24.0,35.0,27.0,57.0
311870,Coqueiral,MG,Minas Gerais,SUDESTE,9188,4,4,4.3535045711797995,2297.0,0.0,9197,4390.0,47.732956398825706,6,47.0,3,3,24.0,13.0,24.0,68.0,56.0,97.0
311880,Coração de Jesus,MG,Minas Gerais,SUDESTE,26138,12,12,4.59101691024562,2178.1666666666665,0.0,26151,14151.0,54.11265343581507,6,77.16666666666667,0,0,63.0,66.0,83.0,84.0,71.0,96.0
311890,Cordisburgo,MG,Minas Gerais,SUDESTE,7535,5,4,6.635700066357001,1507.0,0.0,7592,4117.0,54.22813487881981,6,28.5,5,5,24.0,7.0,27.0,27.0,7.0,79.0
311900,Cordislândia,MG,Minas Gerais,SUDESTE,3236,4,4,12.360939431396785,809.0,0.0,3247,1868.0,57.53002771789344,6,38.333333333333336,5,3,34.0,30.0,22.0,22.0,22.0,100.0
311910,Corinto,MG,Minas Gerais,SUDESTE,23988,10,9,4.16875104218776,2398.8,0.0,23996,11192.0,46.641106851141856,6,64.16666666666667,1,0,31.0,51.0,85.0,89.0,54.0,75.0
311920,Coroaci,MG,Minas Gerais,SUDESTE,11240,6,6,5.338078291814947,1873.3333333333333,0.0,11200,5586.0,49.875,6,61.0,2,1,39.0,8.0,61.0,96.0,65.0,97.0
311930,Coromandel,MG,Minas Gerais,SUDESTE,30114,15,15,4.981071926678622,2007.6,0.0,30013,11849.0,39.47955885782827,6,43.0,4,1,38.0,17.0,55.0,33.0,37.0,78.0
311940,Coronel Fabriciano,MG,Minas Gerais,SUDESTE,108708,19,18,1.7478014497553076,5721.473684210527,5.366732432285953,108551,37343.0,34.40134130500871,6,53.0,3,1,53.0,29.0,37.0,56.0,47.0,96.0
311950,Coronel Murta,MG,Minas Gerais,SUDESTE,8237,3,3,3.642102707296346,2745.6666666666665,0.0,8283,4988.0,60.21972715199807,6,54.0,2,2,27.0,25.0,75.0,75.0,53.0,69.0
311960,Coronel Pacheco,MG,Minas Gerais,SUDESTE,2789,1,1,3.5855145213338115,2789.0,0.0,2799,1318.0,47.08824580207217,6,67.16666666666667,2,1,49.0,14.0,83.0,83.0,83.0,91.0
311970,Coronel Xavier Chaves,MG,Minas Gerais,SUDESTE,3599,2,2,5.5570991942206165,1799.5,0.0,3586,1505.0,41.96876742889013,6,64.0,2,0,44.0,40.0,60.0,80.0,60.0,100.0
312010,Couto de Magalhães de Minas,MG,Minas Gerais,SUDESTE,4351,3,2,6.8949666743277405,1450.3333333333333,0.0,4346,2469.0,56.8108605614358,6,58.0,3,2,46.0,25.0,23.0,77.0,77.0,100.0
312020,Cristais,MG,Minas Gerais,SUDESTE,12634,6,6,4.749089757796422,2105.6666666666665,0.0,12576,5064.0,40.26717557251908,6,81.83333333333333,0,0,58.0,59.0,97.0,97.0,82.0,98.0
312040,Cristiano Otoni,MG,Minas Gerais,SUDESTE,4719,1,1,2.1190930281839373,4719.0,0.057756654045308504,4735,2159.0,45.596620908130944,6,32.5,5,4,26.0,22.0,14.0,5.0,33.0,95.0
312050,Cristina,MG,Minas Gerais,SUDESTE,10643,4,4,3.758338814244104,2660.75,0.0,10627,4129.0,38.85386280229604,6,64.16666666666667,2,0,40.0,45.0,54.0,96.0,50.0,100.0
312030,Cristália,MG,Minas Gerais,SUDESTE,5133,2,2,3.896356906292616,2566.5,0.0,5165,4016.0,77.7541142303969,6,84.0,1,0,79.0,46.0,100.0,94.0,89.0,96.0
312015,Crisólita,MG,Minas Gerais,SUDESTE,5256,4,4,7.610350076103501,1314.0,0.0,5296,3328.0,62.839879154078545,6,67.5,1,0,37.0,70.0,74.0,70.0,63.0,91.0
312060,Crucilândia,MG,Minas Gerais,SUDESTE,5674,3,3,5.287275290800141,1891.3333333333333,0.0,5633,2716.0,48.215870761583524,6,71.5,2,1,40.0,3.0,100.0,86.0,100.0,100.0
312070,Cruzeiro da Fortaleza,MG,Minas Gerais,SUDESTE,3616,4,4,11.061946902654867,904.0,0.0,3610,2304.0,63.82271468144044,6,56.0,1,1,23.0,51.0,54.0,58.0,50.0,100.0
312080,Cruzília,MG,Minas Gerais,SUDESTE,15831,7,7,4.421704251152802,2261.5714285714284,0.0,15779,7709.0,48.85607452943786,6,58.333333333333336,1,0,50.0,48.0,62.0,65.0,57.0,68.0
312083,Cuparaque,MG,Minas Gerais,SUDESTE,3958,3,3,7.5795856493178375,1319.3333333333333,0.0,3994,2696.0,67.50125187781673,6,76.0,1,0,35.0,55.0,94.0,100.0,78.0,94.0
312087,Curral de Dentro,MG,Minas Gerais,SUDESTE,7662,6,5,7.830853563038371,1277.0,0.0,7630,5634.0,73.84010484927916,6,62.666666666666664,1,0,32.0,55.0,65.0,65.0,59.0,100.0
312090,Curvelo,MG,Minas Gerais,SUDESTE,84297,30,29,3.5588455105163885,2809.9,0.0,83862,33313.0,39.72359352269204,6,58.166666666666664,3,0,41.0,45.0,53.0,67.0,48.0,95.0
311510,Cássia,MG,Minas Gerais,SUDESTE,17491,8,7,4.573780801555086,2186.375,0.0,17495,7561.0,43.21806230351529,6,45.833333333333336,3,1,34.0,21.0,49.0,53.0,53.0,65.0
311980,Córrego Danta,MG,Minas Gerais,SUDESTE,2956,2,2,6.765899864682003,1478.0,0.0,2978,1531.0,51.41034251175285,6,77.33333333333333,0,0,58.0,56.0,100.0,100.0,50.0,100.0
311995,Córrego Fundo,MG,Minas Gerais,SUDESTE,6333,2,2,3.1580609505763464,3166.5,0.0,6310,1968.0,31.188589540412043,6,65.0,2,1,46.0,23.0,84.0,74.0,63.0,100.0
312000,Córrego Novo,MG,Minas Gerais,SUDESTE,2900,1,1,3.4482758620689653,2900.0,0.0,2912,1800.0,61.81318681318682,6,48.666666666666664,4,0,42.0,30.0,30.0,50.0,40.0,100.0
311990,Córrego do Bom Jesus,MG,Minas Gerais,SUDESTE,4462,1,1,2.241147467503362,4462.0,0.00015049594197202626,4429,1823.0,41.16053285165952,6,68.0,2,1,45.0,77.0,14.0,86.0,86.0,100.0
311783,Cônego Marinho,MG,Minas Gerais,SUDESTE,7433,4,4,5.381407237992735,1858.25,0.0,7420,4845.0,65.29649595687331,6,52.0,4,0,45.0,44.0,56.0,44.0,33.0,90.0
312100,Datas,MG,Minas Gerais,SUDESTE,5635,0,0,0.0,0.0,1.263076657246305,5618,3580.0,63.72374510501958,6,59.166666666666664,3,0,43.0,49.0,41.0,68.0,64.0,90.0
312110,Delfim Moreira,MG,Minas Gerais,SUDESTE,8133,7,7,8.606910119267184,1161.857142857143,0.0,8130,3389.0,41.685116851168516,6,54.166666666666664,2,1,31.0,11.0,50.0,83.0,67.0,83.0
312120,Delfinópolis,MG,Minas Gerais,SUDESTE,8851,8,8,9.038526720144617,1106.375,0.0,8760,3275.0,37.385844748858446,6,63.666666666666664,2,1,49.0,20.0,73.0,85.0,58.0,97.0
312125,Delta,MG,Minas Gerais,SUDESTE,11143,3,3,2.6922731759849237,3714.3333333333335,0.0,11003,4214.0,38.29864582386622,6,37.5,4,3,19.0,9.0,29.0,42.0,50.0,76.0
312130,Descoberto,MG,Minas Gerais,SUDESTE,5070,2,2,3.944773175542406,2535.0,0.0,5058,2723.0,53.83550810597074,6,52.166666666666664,3,1,58.0,18.0,44.0,38.0,63.0,92.0
312140,Desterro de Entre Rios,MG,Minas Gerais,SUDESTE,7941,5,5,6.29643621710112,1588.2,0.0,7900,3506.0,44.37974683544304,6,61.833333333333336,2,1,38.0,17.0,73.0,96.0,50.0,97.0
312150,Desterro do Melo,MG,Minas Gerais,SUDESTE,3060,2,2,6.5359477124183005,1530.0,0.0,3059,1748.0,57.14285714285714,6,48.666666666666664,2,1,31.0,11.0,50.0,50.0,50.0,100.0
312160,Diamantina,MG,Minas Gerais,SUDESTE,49493,18,18,3.6368779423352797,2749.6111111111113,0.0,49353,21720.0,44.00948270621846,6,41.833333333333336,4,2,28.0,18.0,40.0,60.0,42.0,63.0
312170,Diogo de Vasconcelos,MG,Minas Gerais,SUDESTE,3581,4,4,11.17006422786931,895.25,0.0,3596,2292.0,63.73748609566184,6,53.333333333333336,3,0,77.0,77.0,33.0,33.0,42.0,58.0
312180,Dionísio,MG,Minas Gerais,SUDESTE,6689,2,2,2.989983555090447,3344.5,0.0,6789,3564.0,52.49668581528943,6,34.333333333333336,4,4,18.0,5.0,13.0,7.0,67.0,96.0
312200,Divino,MG,Minas Gerais,SUDESTE,21428,8,8,3.7334328915437744,2678.5,0.0,21329,12837.0,60.185662712738534,6,59.0,2,0,38.0,66.0,38.0,67.0,57.0,88.0
312210,Divino das Laranjeiras,MG,Minas Gerais,SUDESTE,4147,3,2,7.2341451651796485,1382.3333333333333,0.0,4186,2593.0,61.94457716196846,6,85.33333333333333,0,0,71.0,85.0,93.0,100.0,100.0,63.0
312220,Divinolândia de Minas,MG,Minas Gerais,SUDESTE,6583,4,4,6.076257025672186,1645.75,0.0,6607,4719.0,71.42424701074617,6,74.0,2,0,48.0,49.0,81.0,97.0,69.0,100.0
312190,Divinésia,MG,Minas Gerais,SUDESTE,4481,3,3,6.694934166480696,1493.6666666666667,0.0,4426,2304.0,52.056032535020336,6,78.5,0,0,52.0,59.0,93.0,87.0,80.0,100.0
312230,Divinópolis,MG,Minas Gerais,SUDESTE,243583,60,60,2.4632260872064142,4059.7166666666667,0.0,242328,66502.0,27.44296985903404,6,48.833333333333336,4,1,27.0,35.0,48.0,51.0,38.0,94.0
312235,Divisa Alegre,MG,Minas Gerais,SUDESTE,6541,3,3,4.5864546705396725,2180.3333333333335,0.0,6513,4539.0,69.69138645785353,6,64.66666666666667,1,0,37.0,65.0,73.0,79.0,76.0,58.0
312240,Divisa Nova,MG,Minas Gerais,SUDESTE,6002,3,3,4.998333888703765,2000.6666666666667,0.0,5993,2679.0,44.70215251126314,6,44.0,4,1,31.0,3.0,39.0,52.0,39.0,100.0
312245,Divisópolis,MG,Minas Gerais,SUDESTE,10659,4,4,3.7526972511492636,2664.75,0.0,10585,6101.0,57.63816721776098,6,71.16666666666667,1,0,58.0,34.0,75.0,96.0,67.0,97.0
312247,Dom Bosco,MG,Minas Gerais,SUDESTE,3763,2,2,5.3149083178315175,1881.5,0.0,3767,2123.0,56.35784443854526,6,67.83333333333333,2,1,49.0,21.0,78.0,89.0,78.0,92.0
312250,Dom Cavati,MG,Minas Gerais,SUDESTE,4967,2,2,4.02657539762432,2483.5,0.0,4981,2466.0,49.508130897410155,6,51.5,4,0,34.0,68.0,31.0,38.0,38.0,100.0
312260,Dom Joaquim,MG,Minas Gerais,SUDESTE,5074,2,2,3.9416633819471816,2537.0,0.0,5051,2843.0,56.28588398336964,6,66.83333333333333,2,0,35.0,48.0,76.0,71.0,71.0,100.0
312270,Dom Silvério,MG,Minas Gerais,SUDESTE,5355,3,3,5.602240896358543,1785.0,0.0,5350,2534.0,47.36448598130841,6,61.0,2,1,23.0,31.0,88.0,53.0,71.0,100.0
312280,Dom Viçoso,MG,Minas Gerais,SUDESTE,3184,2,2,6.28140703517588,1592.0,0.0,3176,1514.0,47.670025188916874,6,57.166666666666664,3,0,46.0,47.0,33.0,67.0,67.0,83.0
312290,Dona Euzébia,MG,Minas Gerais,SUDESTE,6250,4,4,6.4,1562.5,0.0,6241,2765.0,44.303797468354425,6,49.0,4,1,28.0,33.0,44.0,50.0,44.0,95.0
312300,Dores de Campos,MG,Minas Gerais,SUDESTE,10359,4,3,3.861376580751038,2589.75,0.0,10313,3515.0,34.08319596625618,6,45.333333333333336,4,3,22.0,9.0,48.0,80.0,16.0,97.0
312310,Dores de Guanhães,MG,Minas Gerais,SUDESTE,5114,2,2,3.9108330074305826,2557.0,0.0,5121,2759.0,53.87619605545792,6,48.5,3,2,19.0,12.0,67.0,60.0,33.0,100.0
312320,Dores do Indaiá,MG,Minas Gerais,SUDESTE,12730,5,5,3.9277297721916735,2546.0,0.0,12786,5593.0,43.743156577506646,6,53.5,4,0,41.0,38.0,46.0,46.0,50.0,100.0
312330,Dores do Turvo,MG,Minas Gerais,SUDESTE,5192,2,2,3.852080123266564,2596.0,0.0,5159,2782.0,53.92517929831363,6,53.5,2,2,27.0,0.0,60.0,67.0,67.0,100.0
312340,Doresópolis,MG,Minas Gerais,SUDESTE,1498,2,2,13.35113484646195,749.0,0.0,1496,684.0,45.72192513368984,6,33.833333333333336,4,3,24.0,59.0,40.0,0.0,0.0,80.0
312350,Douradoquara,MG,Minas Gerais,SUDESTE,1869,1,1,5.350454788657036,1869.0,0.0,1869,775.0,41.46602461209203,6,39.333333333333336,4,3,33.0,3.0,25.0,0.0,75.0,100.0
312352,Durandé,MG,Minas Gerais,SUDESTE,8065,4,4,4.9597024178549285,2016.25,0.0,8038,4286.0,53.32172182134859,6,57.666666666666664,2,2,17.0,16.0,91.0,55.0,76.0,91.0
312360,Elói Mendes,MG,Minas Gerais,SUDESTE,27429,12,11,4.374931641693099,2285.75,0.0,27343,9633.0,35.23022345755769,6,38.666666666666664,4,3,18.0,6.0,11.0,63.0,41.0,93.0
312370,Engenheiro Caldas,MG,Minas Gerais,SUDESTE,14501,3,3,2.0688228398041515,4833.666666666667,0.2503770375738543,14308,5681.0,39.70506010623428,6,72.0,1,1,27.0,72.0,76.0,91.0,76.0,90.0
312380,Engenheiro Navarro,MG,Minas Gerais,SUDESTE,6373,3,3,4.707359171504786,2124.3333333333335,0.0,6411,4232.0,66.01154266105131,6,82.66666666666667,0,0,64.0,84.0,95.0,89.0,74.0,90.0
312385,Entre Folhas,MG,Minas Gerais,SUDESTE,5295,3,3,5.665722379603399,1765.0,0.0,5293,3616.0,68.31664462497639,6,73.0,1,0,90.0,44.0,74.0,78.0,74.0,78.0
312390,Entre Rios de Minas,MG,Minas Gerais,SUDESTE,15157,4,4,2.6390446658309687,3789.25,0.0,15120,5788.0,38.28042328042328,6,64.16666666666667,2,0,45.0,42.0,59.0,82.0,59.0,98.0
312400,Ervália,MG,Minas Gerais,SUDESTE,21091,10,9,4.741358873453131,2109.1,0.0,20951,9728.0,46.43215120996611,6,39.833333333333336,5,2,32.0,11.0,34.0,27.0,38.0,97.0
312410,Esmeraldas,MG,Minas Gerais,SUDESTE,93103,17,17,1.8259347174634546,5476.64705882353,3.8688954781903697,91573,18166.0,19.83772509364114,6,20.333333333333332,6,4,15.0,12.0,6.0,48.0,5.0,36.0
312420,Espera Feliz,MG,Minas Gerais,SUDESTE,24844,2,2,0.8050233456770246,12422.0,3.5687447156392555,24761,12916.0,52.16267517466985,6,66.66666666666667,1,0,44.0,54.0,71.0,73.0,58.0,100.0
312430,Espinosa,MG,Minas Gerais,SUDESTE,31375,10,7,3.1872509960159365,3137.5,0.0,31385,18488.0,58.907121236259364,6,54.5,2,1,35.0,7.0,56.0,75.0,68.0,86.0
312440,Espírito Santo do Dourado,MG,Minas Gerais,SUDESTE,7132,2,2,2.8042624789680315,3566.0,0.0,7007,3442.0,49.12230626516341,6,79.33333333333333,1,0,70.0,84.0,41.0,97.0,84.0,100.0
312450,Estiva,MG,Minas Gerais,SUDESTE,11880,6,6,5.05050505050505,1980.0,0.0,11836,4983.0,42.100371747211895,6,64.66666666666667,2,0,47.0,67.0,64.0,73.0,42.0,95.0
312460,Estrela Dalva,MG,Minas Gerais,SUDESTE,2189,1,1,4.568296025582458,2189.0,0.0,2204,1048.0,47.54990925589836,6,43.833333333333336,3,3,13.0,0.0,50.0,75.0,25.0,100.0
312470,Estrela do Indaiá,MG,Minas Gerais,SUDESTE,2711,3,3,11.066027296200664,903.6666666666666,0.0,2750,1283.0,46.654545454545456,6,18.5,5,5,18.0,9.0,0.0,17.0,0.0,67.0
312480,Estrela do Sul,MG,Minas Gerais,SUDESTE,6897,3,3,4.349717268377556,2299.0,0.0,6926,2760.0,39.849841178169214,6,41.166666666666664,3,3,22.0,7.0,80.0,20.0,53.0,65.0
312490,Eugenópolis,MG,Minas Gerais,SUDESTE,11096,8,7,7.209805335255948,1387.0,0.0,11075,5580.0,50.38374717832957,6,26.666666666666668,5,4,15.0,2.0,11.0,32.0,21.0,79.0
312500,Ewbank da Câmara,MG,Minas Gerais,SUDESTE,3986,2,2,5.017561465127947,1993.0,0.0,3977,2456.0,61.7550917777219,6,42.5,5,1,31.0,16.0,38.0,31.0,46.0,93.0
312510,Extrema,MG,Minas Gerais,SUDESTE,59336,26,26,4.381825535930969,2282.153846153846,0.0,57913,19495.0,33.66256280973184,6,60.333333333333336,2,1,33.0,17.0,73.0,84.0,66.0,89.0
312520,Fama,MG,Minas Gerais,SUDESTE,2676,2,2,7.473841554559043,1338.0,0.0,2662,1022.0,38.39218632607062,6,36.333333333333336,3,2,30.0,5.0,50.0,50.0,0.0,83.0
312530,Faria Lemos,MG,Minas Gerais,SUDESTE,3230,2,2,6.191950464396285,1615.0,0.0,3239,1840.0,56.80765668416178,6,32.666666666666664,5,4,40.0,5.0,17.0,17.0,17.0,100.0
312560,Felisburgo,MG,Minas Gerais,SUDESTE,6575,3,3,4.562737642585551,2191.6666666666665,0.0,6592,4818.0,73.0885922330097,6,60.333333333333336,2,1,45.0,17.0,69.0,69.0,62.0,100.0
312570,Felixlândia,MG,Minas Gerais,SUDESTE,14280,8,8,5.602240896358543,1785.0,0.0,14279,7691.0,53.86231528818545,6,59.333333333333336,3,0,48.0,31.0,80.0,45.0,61.0,91.0
312540,Felício dos Santos,MG,Minas Gerais,SUDESTE,5251,3,3,5.713197486193105,1750.3333333333333,0.0,5248,3713.0,70.75076219512195,6,68.16666666666667,1,0,47.0,50.0,71.0,93.0,79.0,69.0
312580,Fernandes Tourinho,MG,Minas Gerais,SUDESTE,2814,2,2,7.107320540156361,1407.0,0.0,2825,1672.0,59.1858407079646,6,47.666666666666664,5,2,27.0,44.0,29.0,43.0,43.0,100.0
312590,Ferros,MG,Minas Gerais,SUDESTE,9603,1,1,1.0413412475268145,9603.0,1.1524978064838096,9666,4891.0,50.600041382164285,6,64.0,2,0,45.0,38.0,67.0,58.0,79.0,97.0
312595,Fervedouro,MG,Minas Gerais,SUDESTE,10705,5,5,4.670714619336758,2141.0,0.0,10693,6138.0,57.402038716917616,6,71.33333333333333,1,0,45.0,82.0,73.0,65.0,65.0,98.0
312600,Florestal,MG,Minas Gerais,SUDESTE,8469,2,2,2.361553902467824,4234.5,0.0,8386,2817.0,33.591700453136184,6,63.666666666666664,2,2,22.0,16.0,100.0,81.0,75.0,88.0
312610,Formiga,MG,Minas Gerais,SUDESTE,70897,18,18,2.538894452515621,3938.722222222222,0.0,70668,23051.0,32.618724175015565,6,53.0,3,0,35.0,54.0,40.0,54.0,39.0,96.0
312620,Formoso,MG,Minas Gerais,SUDESTE,8095,2,2,2.470660901791229,4047.5,0.0,8103,5109.0,63.050721954831545,6,51.333333333333336,2,2,21.0,25.0,56.0,68.0,56.0,82.0
312630,Fortaleza de Minas,MG,Minas Gerais,SUDESTE,3453,1,1,2.8960324355632783,3453.0,0.0,3485,1287.0,36.92969870875179,6,50.833333333333336,3,1,31.0,17.0,62.0,38.0,69.0,88.0
312640,Fortuna de Minas,MG,Minas Gerais,SUDESTE,3230,3,3,9.287925696594426,1076.6666666666667,0.0,3207,1463.0,45.61895852821952,6,61.333333333333336,2,1,42.0,25.0,63.0,75.0,63.0,100.0
312650,Francisco Badaró,MG,Minas Gerais,SUDESTE,7053,6,6,8.507018290089324,1175.5,0.0,7208,4925.0,68.32685904550499,6,58.5,2,1,34.0,22.0,65.0,71.0,59.0,100.0
312660,Francisco Dumont,MG,Minas Gerais,SUDESTE,4547,4,4,8.797009016934242,1136.75,0.0,4564,2997.0,65.66608238387379,6,55.5,2,1,34.0,13.0,67.0,80.0,53.0,86.0
312670,Francisco Sá,MG,Minas Gerais,SUDESTE,23753,12,9,5.051993432408539,1979.4166666666667,0.0,23819,12845.0,53.927536840337545,6,60.5,1,0,51.0,31.0,67.0,59.0,59.0,96.0
312675,Franciscópolis,MG,Minas Gerais,SUDESTE,5023,4,4,7.963368504877563,1255.75,0.0,5062,2813.0,55.5709205847491,6,72.83333333333333,1,0,50.0,32.0,91.0,82.0,82.0,100.0
312680,Frei Gaspar,MG,Minas Gerais,SUDESTE,5731,3,3,5.234688536032106,1910.3333333333333,0.0,5741,3490.0,60.79080299599373,6,50.0,2,1,41.0,7.0,63.0,50.0,50.0,89.0
312690,Frei Inocêncio,MG,Minas Gerais,SUDESTE,8301,6,6,7.228044813877847,1383.5,0.0,8334,5424.0,65.08279337652988,6,74.33333333333333,2,0,43.0,44.0,85.0,94.0,91.0,89.0
312695,Frei Lagonegro,MG,Minas Gerais,SUDESTE,3481,1,1,2.8727377190462513,3481.0,0.0,3475,2466.0,70.96402877697841,6,51.666666666666664,3,2,37.0,27.0,9.0,82.0,55.0,100.0
312700,Fronteira,MG,Minas Gerais,SUDESTE,14946,7,7,4.683527365181319,2135.1428571428573,0.0,14909,6195.0,41.55208263465021,6,55.166666666666664,2,2,27.0,29.0,62.0,62.0,53.0,98.0
312705,Fronteira dos Vales,MG,Minas Gerais,SUDESTE,4389,2,2,4.55684666210982,2194.5,0.0,4405,3086.0,70.05675368898979,6,51.0,3,1,16.0,52.0,38.0,62.0,38.0,100.0
312707,Fruta de Leite,MG,Minas Gerais,SUDESTE,4538,4,4,8.814455707360072,1134.5,0.0,4607,3078.0,66.81137399609291,6,62.166666666666664,2,2,29.0,20.0,85.0,77.0,62.0,100.0
312710,Frutal,MG,Minas Gerais,SUDESTE,61275,13,11,2.1215830273357814,4713.461538461538,0.7346978123810716,60942,19023.0,31.214925667027664,6,29.166666666666668,5,5,14.0,13.0,28.0,29.0,29.0,62.0
312720,Funilândia,MG,Minas Gerais,SUDESTE,4934,3,3,6.080259424402108,1644.6666666666667,0.0,4886,2614.0,53.49979533360623,6,62.333333333333336,2,0,37.0,37.0,75.0,58.0,67.0,100.0
312730,Galiléia,MG,Minas Gerais,SUDESTE,6244,5,5,8.00768737988469,1248.8,0.0,6281,3662.0,58.30281802260786,6,51.5,2,0,42.0,34.0,58.0,50.0,50.0,75.0
312733,Gameleiras,MG,Minas Gerais,SUDESTE,4847,3,3,6.1893955023726015,1615.6666666666667,0.0,4863,3212.0,66.04976352046063,6,78.0,1,1,55.0,28.0,96.0,100.0,89.0,100.0
312735,Glaucilândia,MG,Minas Gerais,SUDESTE,2991,2,2,6.686726847208291,1495.5,0.0,2991,1882.0,62.92209963223002,6,60.833333333333336,2,1,66.0,43.0,70.0,80.0,20.0,86.0
312737,Goiabeira,MG,Minas Gerais,SUDESTE,2859,3,3,10.493179433368311,953.0,0.0,2869,1990.0,69.36214708957826,6,71.5,1,0,32.0,51.0,82.0,82.0,82.0,100.0
312738,Goianá,MG,Minas Gerais,SUDESTE,4214,4,4,9.492168960607499,1053.5,0.0,4190,2401.0,57.30310262529833,6,42.333333333333336,4,3,22.0,6.0,63.0,25.0,38.0,100.0
312750,Gonzaga,MG,Minas Gerais,SUDESTE,5235,2,2,3.8204393505253105,2617.5,0.0,5271,3128.0,59.34357806867767,6,79.83333333333333,1,0,47.0,57.0,95.0,90.0,90.0,100.0
312740,Gonçalves,MG,Minas Gerais,SUDESTE,4922,2,2,4.063388866314506,2461.0,0.0,4891,1826.0,37.33387855244326,6,59.666666666666664,2,1,27.0,39.0,55.0,82.0,55.0,100.0
312760,Gouveia,MG,Minas Gerais,SUDESTE,11536,6,6,5.201109570041608,1922.6666666666667,0.0,11549,5390.0,46.67070742055589,6,81.33333333333333,0,0,54.0,69.0,94.0,94.0,80.0,97.0
312770,Governador Valadares,MG,Minas Gerais,SUDESTE,266561,69,56,2.5885257033099367,3863.2028985507245,0.0,266649,90845.0,34.069132080000294,6,33.666666666666664,4,3,22.0,15.0,29.0,51.0,30.0,55.0
312790,Grupiara,MG,Minas Gerais,SUDESTE,1428,1,1,7.002801120448179,1428.0,0.0,1426,609.0,42.70687237026648,6,60.666666666666664,1,1,59.0,4.0,67.0,67.0,67.0,100.0
312780,Grão Mogol,MG,Minas Gerais,SUDESTE,14037,6,6,4.274417610600556,2339.5,0.0,14091,7347.0,52.13966361507345,6,73.0,1,0,48.0,56.0,83.0,90.0,83.0,78.0
312800,Guanhães,MG,Minas Gerais,SUDESTE,33517,15,15,4.475340871796401,2234.4666666666667,0.0,33434,16284.0,48.70491116827182,6,43.333333333333336,4,1,30.0,13.0,36.0,51.0,33.0,97.0
312810,Guapé,MG,Minas Gerais,SUDESTE,14076,7,6,4.973003694231316,2010.857142857143,0.0,14073,5362.0,38.10132878561785,6,68.16666666666667,2,1,49.0,20.0,85.0,95.0,60.0,100.0
312820,Guaraciaba,MG,Minas Gerais,SUDESTE,9901,6,6,6.05999394000606,1650.1666666666667,0.0,9921,5370.0,54.127608104021775,6,32.333333333333336,5,5,27.0,17.0,14.0,27.0,14.0,95.0
312825,Guaraciama,MG,Minas Gerais,SUDESTE,5224,3,3,5.742725880551302,1741.3333333333333,0.0,5203,3149.0,60.52277532192966,6,62.666666666666664,1,1,52.0,54.0,69.0,13.0,88.0,100.0
312840,Guarani,MG,Minas Gerais,SUDESTE,7731,3,3,3.8804811796662784,2577.0,0.0,7780,3839.0,49.34447300771208,6,47.166666666666664,4,1,36.0,30.0,63.0,38.0,21.0,95.0
312830,Guaranésia,MG,Minas Gerais,SUDESTE,19646,10,10,5.0900946757609695,1964.6,0.0,19611,7691.0,39.217785936464225,6,38.0,5,2,16.0,16.0,32.0,36.0,33.0,95.0
312850,Guarará,MG,Minas Gerais,SUDESTE,3091,1,1,3.2351989647363317,3091.0,0.0,3132,1955.0,62.42017879948914,6,34.5,4,3,26.0,8.0,55.0,9.0,45.0,64.0
312860,Guarda-Mor,MG,Minas Gerais,SUDESTE,6687,3,3,4.486316733961417,2229.0,0.0,6684,2929.0,43.821065230400954,6,66.33333333333333,2,1,42.0,6.0,77.0,100.0,77.0,96.0
312870,Guaxupé,MG,Minas Gerais,SUDESTE,52744,10,10,1.895950250265433,5274.4,1.8224871712154593,52621,14968.0,28.44491742840311,6,41.666666666666664,5,1,29.0,33.0,42.0,54.0,45.0,47.0
312880,Guidoval,MG,Minas Gerais,SUDESTE,7285,3,3,4.118050789293068,2428.3333333333335,0.0,7284,3911.0,53.69302580999451,6,69.16666666666667,1,0,65.0,78.0,62.0,62.0,48.0,100.0
312890,Guimarânia,MG,Minas Gerais,SUDESTE,8880,5,5,5.63063063063063,1776.0,0.0,8808,4255.0,48.30835603996367,6,61.333333333333336,2,1,36.0,19.0,71.0,76.0,71.0,95.0
312900,Guiricema,MG,Minas Gerais,SUDESTE,7803,4,2,5.126233499935922,1950.75,0.0,7850,4111.0,52.36942675159235,6,51.5,3,2,17.0,13.0,63.0,84.0,32.0,100.0
312910,Gurinhatã,MG,Minas Gerais,SUDESTE,5154,3,3,5.820721769499418,1718.0,0.0,5203,2660.0,51.12435133576783,6,65.5,2,2,25.0,16.0,100.0,100.0,60.0,92.0
312920,Heliodora,MG,Minas Gerais,SUDESTE,6278,3,3,4.778591908251035,2092.6666666666665,0.0,6274,2599.0,41.42492827542238,6,55.166666666666664,3,0,45.0,67.0,50.0,38.0,31.0,100.0
312930,Iapu,MG,Minas Gerais,SUDESTE,12583,2,2,1.5894460780418025,6291.5,0.820460262312379,12486,5751.0,46.0595867371456,6,72.16666666666667,1,0,49.0,67.0,77.0,77.0,63.0,100.0
312940,Ibertioga,MG,Minas Gerais,SUDESTE,5346,1,1,1.8705574261129816,5346.0,0.19829774793944047,5334,2967.0,55.62429696287964,6,53.833333333333336,2,2,29.0,29.0,53.0,59.0,59.0,94.0
312960,Ibiaí,MG,Minas Gerais,SUDESTE,6172,4,4,6.480881399870382,1543.0,0.0,6254,4753.0,75.99936040933802,6,72.0,1,0,50.0,48.0,87.0,87.0,65.0,95.0
312965,Ibiracatu,MG,Minas Gerais,SUDESTE,5113,4,4,7.823195775474281,1278.25,0.0,5139,4074.0,79.27612375948628,6,62.333333333333336,1,0,38.0,53.0,74.0,74.0,70.0,65.0
312970,Ibiraci,MG,Minas Gerais,SUDESTE,10996,5,5,4.547108039287013,2199.2,0.0,11057,5195.0,46.98381116035091,6,55.166666666666664,2,1,33.0,28.0,62.0,54.0,54.0,100.0
312980,Ibirité,MG,Minas Gerais,SUDESTE,179582,29,29,1.6148611776235926,6192.482758620689,11.25303145725039,178713,58983.0,33.00431417971832,6,37.0,5,3,34.0,12.0,22.0,45.0,20.0,89.0
312990,Ibitiúra de Minas,MG,Minas Gerais,SUDESTE,3440,2,2,5.813953488372093,1720.0,0.0,3439,1631.0,47.4265774934574,6,66.83333333333333,1,0,47.0,55.0,71.0,71.0,57.0,100.0
313000,Ibituruna,MG,Minas Gerais,SUDESTE,2733,1,1,3.6589828027808267,2733.0,0.0,2740,1450.0,52.919708029197075,6,69.33333333333333,2,0,40.0,39.0,86.0,100.0,71.0,80.0
312950,Ibiá,MG,Minas Gerais,SUDESTE,22554,7,7,3.1036623215394163,3222.0,0.0,22596,8497.0,37.60400070808993,6,36.666666666666664,5,2,24.0,1.0,46.0,49.0,49.0,51.0
313005,Icaraí de Minas,MG,Minas Gerais,SUDESTE,10914,6,6,5.497526113249038,1819.0,0.0,10912,6127.0,56.1491935483871,6,57.5,3,1,46.0,29.0,70.0,63.0,47.0,90.0
313010,Igarapé,MG,Minas Gerais,SUDESTE,49120,14,12,2.8501628664495113,3508.5714285714284,0.0,48475,17555.0,36.21454357916451,6,55.5,2,0,48.0,44.0,52.0,72.0,50.0,67.0
313020,Igaratinga,MG,Minas Gerais,SUDESTE,11345,6,6,5.288673424416042,1890.8333333333333,0.0,11252,3586.0,31.869889797369353,6,69.83333333333333,2,1,40.0,29.0,95.0,78.0,81.0,96.0
313030,Iguatama,MG,Minas Gerais,SUDESTE,6782,4,4,5.897965202005309,1695.5,0.0,6845,3142.0,45.90211833455077,6,47.166666666666664,4,0,39.0,59.0,38.0,43.0,33.0,71.0
313040,Ijaci,MG,Minas Gerais,SUDESTE,7358,6,6,8.154389779831476,1226.3333333333333,0.0,7291,2332.0,31.984638595528736,6,27.833333333333332,5,4,12.0,12.0,37.0,5.0,5.0,96.0
313050,Ilicínea,MG,Minas Gerais,SUDESTE,13248,6,6,4.528985507246377,2208.0,0.0,13171,4867.0,36.95239541416749,6,70.0,2,1,40.0,22.0,92.0,87.0,84.0,95.0
313055,Imbé de Minas,MG,Minas Gerais,SUDESTE,7244,5,5,6.902263942573164,1448.8,0.0,7208,4704.0,65.26082130965594,6,74.83333333333333,1,0,40.0,65.0,84.0,80.0,88.0,92.0
313060,Inconfidentes,MG,Minas Gerais,SUDESTE,7537,2,2,2.65357569324665,3768.5,0.0,7510,2889.0,38.46870838881492,6,47.833333333333336,3,2,26.0,17.0,61.0,39.0,56.0,88.0
313065,Indaiabira,MG,Minas Gerais,SUDESTE,6328,5,5,7.9013906447534765,1265.6,0.0,6379,4411.0,69.14876939959241,6,55.333333333333336,3,0,54.0,42.0,50.0,45.0,41.0,100.0
313070,Indianópolis,MG,Minas Gerais,SUDESTE,6311,4,4,6.3381397559816195,1577.75,0.0,6309,2622.0,41.559676652401336,6,50.5,3,1,39.0,23.0,50.0,50.0,45.0,96.0
313080,Ingaí,MG,Minas Gerais,SUDESTE,2632,3,3,11.398176291793312,877.3333333333334,0.0,2633,1186.0,45.04367641473605,6,27.833333333333332,5,4,14.0,30.0,23.0,0.0,0.0,100.0
313090,Inhapim,MG,Minas Gerais,SUDESTE,22925,11,11,4.798255179934569,2084.090909090909,0.0,23000,13822.0,60.09565217391304,6,67.0,2,1,36.0,28.0,74.0,93.0,76.0,95.0
313100,Inhaúma,MG,Minas Gerais,SUDESTE,6465,2,2,3.093580819798917,3232.5,0.0,6435,3082.0,47.894327894327894,6,61.166666666666664,2,1,42.0,25.0,56.0,75.0,69.0,100.0
313110,Inimutaba,MG,Minas Gerais,SUDESTE,7615,3,3,3.939592908732764,2538.3333333333335,0.0,7587,3915.0,51.60142348754449,6,63.5,3,1,34.0,27.0,86.0,86.0,48.0,100.0
313115,Ipaba,MG,Minas Gerais,SUDESTE,17587,3,3,1.7058054244612497,5862.333333333333,0.9420992317641114,17554,8337.0,47.49344878660134,6,49.666666666666664,2,1,27.0,35.0,60.0,55.0,51.0,70.0
313120,Ipanema,MG,Minas Gerais,SUDESTE,20181,9,8,4.4596402556860415,2242.3333333333335,0.0,20095,10861.0,54.048270714107986,6,69.5,1,0,38.0,62.0,80.0,77.0,75.0,85.0
313130,Ipatinga,MG,Minas Gerais,SUDESTE,235311,22,22,0.9349329185630931,10695.954545454546,30.744601826669975,235445,85830.0,36.4543736329079,6,44.666666666666664,4,2,27.0,23.0,30.0,54.0,40.0,94.0
313140,Ipiaçu,MG,Minas Gerais,SUDESTE,3807,2,2,5.2534804307853955,1903.5,0.0,3823,2078.0,54.35521841485744,6,67.66666666666667,1,1,27.0,55.0,83.0,83.0,58.0,100.0
313150,Ipuiúna,MG,Minas Gerais,SUDESTE,9283,1,1,1.0772379618657761,9283.0,1.0807702944485271,9299,3571.0,38.40197870738789,6,65.16666666666667,1,0,50.0,59.0,75.0,46.0,61.0,100.0
313160,Iraí de Minas,MG,Minas Gerais,SUDESTE,7467,4,4,5.356903709655819,1866.75,0.0,7423,3443.0,46.38286407113027,6,62.833333333333336,3,0,41.0,47.0,83.0,46.0,63.0,97.0
313170,Itabira,MG,Minas Gerais,SUDESTE,118053,31,25,2.6259391968014367,3808.1612903225805,0.0,117747,37165.0,31.5634368603871,6,40.166666666666664,5,2,21.0,21.0,38.0,42.0,34.0,85.0
313180,Itabirinha,MG,Minas Gerais,SUDESTE,10548,5,5,4.740235115661736,2109.6,0.0,10560,6017.0,56.97916666666667,6,56.333333333333336,3,0,43.0,37.0,55.0,58.0,48.0,97.0
313190,Itabirito,MG,Minas Gerais,SUDESTE,56369,11,11,1.9514272028952082,5124.454545454545,1.6350253934901462,55877,18156.0,32.49279667841867,6,39.5,5,0,33.0,32.0,38.0,38.0,34.0,62.0
313200,Itacambira,MG,Minas Gerais,SUDESTE,4227,2,2,4.731488052992666,2113.5,0.0,4265,2291.0,53.71629542790153,6,50.833333333333336,3,0,35.0,47.0,67.0,33.0,56.0,67.0
313210,Itacarambi,MG,Minas Gerais,SUDESTE,17502,5,5,2.856816363844132,3500.4,0.0,17521,9669.0,55.185206323839964,6,56.333333333333336,2,0,47.0,40.0,74.0,70.0,51.0,56.0
313220,Itaguara,MG,Minas Gerais,SUDESTE,14415,7,7,4.856052722858133,2059.285714285714,0.0,14325,5442.0,37.989528795811516,6,46.0,4,1,45.0,26.0,51.0,30.0,30.0,94.0
313230,Itaipé,MG,Minas Gerais,SUDESTE,10482,5,5,4.770082045411181,2096.4,0.0,10549,7781.0,73.76054602331975,6,30.5,5,4,26.0,11.0,30.0,29.0,25.0,62.0
313240,Itajubá,MG,Minas Gerais,SUDESTE,96855,23,23,2.3746838056889166,4211.086956521739,0.0,96632,34059.0,35.24608825233877,6,51.5,2,0,33.0,51.0,53.0,55.0,42.0,75.0
313250,Itamarandiba,MG,Minas Gerais,SUDESTE,34210,16,15,4.67699503069278,2138.125,0.0,34137,17441.0,51.091191375926414,6,69.66666666666667,1,0,61.0,65.0,77.0,71.0,49.0,95.0
313260,Itamarati de Minas,MG,Minas Gerais,SUDESTE,3710,3,3,8.086253369272237,1236.6666666666667,0.0,3730,1907.0,51.1260053619303,6,32.333333333333336,4,3,19.0,53.0,0.0,33.0,22.0,67.0
313270,Itambacuri,MG,Minas Gerais,SUDESTE,21210,12,12,5.657708628005658,1767.5,0.0,21296,12917.0,60.6545830202855,6,54.666666666666664,2,1,27.0,33.0,56.0,64.0,55.0,93.0
313280,Itambé do Mato Dentro,MG,Minas Gerais,SUDESTE,2168,1,1,4.612546125461255,2168.0,0.0,2175,1195.0,54.94252873563218,6,32.833333333333336,4,4,13.0,9.0,50.0,25.0,0.0,100.0
313290,Itamogi,MG,Minas Gerais,SUDESTE,11092,5,5,4.507753335737468,2218.4,0.0,11062,4788.0,43.283312240101246,6,63.166666666666664,1,0,50.0,49.0,57.0,66.0,57.0,100.0
313300,Itamonte,MG,Minas Gerais,SUDESTE,15245,7,7,4.591669399803214,2177.8571428571427,0.0,15193,5801.0,38.182057526492464,6,50.0,4,1,44.0,28.0,48.0,70.0,42.0,68.0
313310,Itanhandu,MG,Minas Gerais,SUDESTE,15751,6,5,3.8092819503523585,2625.1666666666665,0.0,15684,5333.0,34.002805406783985,6,77.83333333333333,2,0,45.0,37.0,94.0,100.0,91.0,100.0
313320,Itanhomi,MG,Minas Gerais,SUDESTE,11264,3,3,2.6633522727272725,3754.6666666666665,0.0,11298,5500.0,48.68118251017879,6,24.666666666666668,5,4,24.0,12.0,7.0,35.0,20.0,50.0
313330,Itaobim,MG,Minas Gerais,SUDESTE,19263,17,11,8.825208949800135,1133.1176470588234,0.0,19354,11110.0,57.404154180014466,6,60.666666666666664,0,0,57.0,54.0,64.0,64.0,59.0,66.0
313340,Itapagipe,MG,Minas Gerais,SUDESTE,14014,5,5,3.5678607107178535,2802.8,0.0,14004,5161.0,36.85375606969437,6,58.333333333333336,3,0,38.0,31.0,75.0,71.0,43.0,92.0
313350,Itapecerica,MG,Minas Gerais,SUDESTE,21456,9,9,4.194630872483222,2384.0,0.0,21462,8282.0,38.58913428385053,6,35.166666666666664,5,4,23.0,13.0,24.0,38.0,20.0,93.0
313360,Itapeva,MG,Minas Gerais,SUDESTE,13561,4,4,2.9496349826708945,3390.25,0.0,13332,5571.0,41.78667866786679,6,71.33333333333333,1,0,51.0,49.0,89.0,86.0,59.0,94.0
313370,Itatiaiuçu,MG,Minas Gerais,SUDESTE,13779,9,8,6.531678641410843,1531.0,0.0,13603,5468.0,40.19701536425788,6,49.5,3,2,23.0,3.0,71.0,65.0,45.0,90.0
313390,Itaverava,MG,Minas Gerais,SUDESTE,5747,2,2,3.480076561684357,2873.5,0.0,5752,3067.0,53.320584144645345,6,70.5,1,0,50.0,33.0,50.0,100.0,90.0,100.0
313375,Itaú de Minas,MG,Minas Gerais,SUDESTE,14634,8,7,5.466721333880005,1829.25,0.0,14655,5209.0,35.544182872739675,6,59.333333333333336,2,0,41.0,32.0,62.0,72.0,51.0,98.0
313380,Itaúna,MG,Minas Gerais,SUDESTE,103272,23,23,2.227128360058874,4490.086956521739,0.14826132158658475,102500,26179.0,25.540487804878047,6,39.833333333333336,5,3,27.0,22.0,38.0,42.0,20.0,90.0
313400,Itinga,MG,Minas Gerais,SUDESTE,13954,6,6,4.299842339114233,2325.6666666666665,0.0,13982,8858.0,63.35288227721356,6,68.83333333333333,1,1,54.0,21.0,81.0,96.0,63.0,98.0
313410,Itueta,MG,Minas Gerais,SUDESTE,6234,3,3,4.8123195380173245,2078.0,0.0,6218,3765.0,60.550016082341585,6,65.33333333333333,2,1,30.0,26.0,93.0,86.0,57.0,100.0
313420,Ituiutaba,MG,Minas Gerais,SUDESTE,106775,15,15,1.4048232264106766,7118.333333333333,8.933453429897822,106397,29754.0,27.965074203220013,6,49.333333333333336,3,1,33.0,28.0,47.0,62.0,52.0,74.0
313430,Itumirim,MG,Minas Gerais,SUDESTE,6876,1,1,1.4543339150668992,6876.0,0.5412449148581356,6845,3238.0,47.30460189919649,6,43.5,3,3,23.0,7.0,58.0,11.0,68.0,94.0
313440,Iturama,MG,Minas Gerais,SUDESTE,40259,11,11,2.7323083037333267,3659.909090909091,0.0,40011,12389.0,30.96398490415136,6,42.166666666666664,5,2,14.0,6.0,47.0,45.0,48.0,93.0
313450,Itutinga,MG,Minas Gerais,SUDESTE,4366,1,1,2.2904260192395784,4366.0,0.0,4347,1848.0,42.51207729468599,6,49.333333333333336,5,1,44.0,17.0,45.0,45.0,45.0,100.0
313460,Jaboticatubas,MG,Minas Gerais,SUDESTE,21407,6,6,2.802821506983697,3567.8333333333335,0.0,21214,6935.0,32.690675968699914,6,59.666666666666664,2,0,33.0,36.0,63.0,72.0,54.0,100.0
313470,Jacinto,MG,Minas Gerais,SUDESTE,11115,6,6,5.398110661268555,1852.5,0.0,11169,6828.0,61.13349449368789,6,65.5,1,1,55.0,13.0,82.0,86.0,75.0,82.0
313490,Jacutinga,MG,Minas Gerais,SUDESTE,26888,9,8,3.3472180898542097,2987.5555555555557,0.0,26705,7136.0,26.721587717655872,6,48.5,2,2,24.0,15.0,64.0,71.0,57.0,60.0
313480,Jacuí,MG,Minas Gerais,SUDESTE,7668,4,3,5.216484089723526,1917.0,0.0,7663,3329.0,43.442515985906304,6,65.16666666666667,2,1,46.0,29.0,67.0,93.0,59.0,97.0
313500,Jaguaraçu,MG,Minas Gerais,SUDESTE,3181,2,2,6.287331027978623,1590.5,0.0,3173,1494.0,47.084777812795465,6,28.0,5,4,31.0,4.0,22.0,11.0,11.0,89.0
313507,Jampruca,MG,Minas Gerais,SUDESTE,4266,2,2,4.688232536333802,2133.0,0.0,4306,2661.0,61.797491871806784,6,26.0,5,4,18.0,3.0,12.0,41.0,29.0,53.0
313510,Janaúba,MG,Minas Gerais,SUDESTE,73555,19,19,2.583101080823873,3871.315789473684,0.0,73281,35256.0,48.11069717935072,6,57.833333333333336,2,1,42.0,25.0,67.0,75.0,62.0,76.0
313520,Januária,MG,Minas Gerais,SUDESTE,67123,25,25,3.724505758085902,2684.92,0.0,67087,37536.0,55.95122751054601,6,61.0,2,0,32.0,31.0,72.0,83.0,57.0,91.0
313530,Japaraíba,MG,Minas Gerais,SUDESTE,4706,2,2,4.249893752656184,2353.0,0.0,4672,1738.0,37.20034246575342,6,48.5,5,1,35.0,27.0,40.0,47.0,47.0,95.0
313535,Japonvar,MG,Minas Gerais,SUDESTE,8385,6,6,7.155635062611807,1397.5,0.0,8357,5616.0,67.20114873758526,6,74.16666666666667,1,0,55.0,37.0,77.0,93.0,83.0,100.0
313505,Jaíba,MG,Minas Gerais,SUDESTE,39639,15,13,3.784151971543177,2642.6,0.0,39379,22801.0,57.90141953833261,6,74.5,1,0,52.0,43.0,87.0,92.0,78.0,95.0
313540,Jeceaba,MG,Minas Gerais,SUDESTE,6476,1,1,1.5441630636195183,6476.0,0.4515855248140322,6428,2355.0,36.63658991910392,6,32.666666666666664,4,3,29.0,1.0,40.0,73.0,0.0,53.0
313545,Jenipapo de Minas,MG,Minas Gerais,SUDESTE,6072,5,5,8.23451910408432,1214.4,0.0,6124,3633.0,59.32397126061397,6,65.83333333333333,2,0,32.0,32.0,90.0,75.0,70.0,96.0
313550,Jequeri,MG,Minas Gerais,SUDESTE,12636,8,8,6.331117442228553,1579.5,0.0,12652,6530.0,51.612393297502365,6,73.33333333333333,2,0,46.0,44.0,96.0,96.0,63.0,95.0
313560,Jequitaí,MG,Minas Gerais,SUDESTE,6379,5,5,7.838219156607619,1275.8,0.0,6460,4576.0,70.83591331269349,6,44.0,5,2,36.0,19.0,46.0,38.0,29.0,96.0
313570,Jequitibá,MG,Minas Gerais,SUDESTE,6142,3,3,4.88440247476392,2047.3333333333333,0.0,6098,3057.0,50.13119055428009,6,65.33333333333333,2,0,48.0,30.0,67.0,73.0,80.0,94.0
313580,Jequitinhonha,MG,Minas Gerais,SUDESTE,24516,10,10,4.078968836678087,2451.6,0.0,24509,13851.0,56.513933657023955,6,56.666666666666664,3,0,47.0,30.0,49.0,65.0,55.0,94.0
313590,Jesuânia,MG,Minas Gerais,SUDESTE,5320,3,3,5.639097744360902,1773.3333333333333,0.0,5296,2953.0,55.75906344410876,6,71.83333333333333,0,0,67.0,56.0,78.0,100.0,72.0,58.0
313610,Joanésia,MG,Minas Gerais,SUDESTE,4246,2,2,4.710315591144607,2123.0,0.0,4304,2604.0,60.501858736059475,6,33.166666666666664,5,3,26.0,3.0,30.0,0.0,40.0,100.0
313640,Joaquim Felício,MG,Minas Gerais,SUDESTE,3868,4,4,10.34126163391934,967.0,0.0,3891,2453.0,63.04291955795426,6,81.16666666666667,0,0,58.0,62.0,92.0,83.0,92.0,100.0
313600,Joaíma,MG,Minas Gerais,SUDESTE,14035,8,8,5.700035625222657,1754.375,0.0,14084,10071.0,71.50667424027264,6,52.0,2,2,28.0,19.0,63.0,64.0,54.0,84.0
313650,Jordânia,MG,Minas Gerais,SUDESTE,10541,6,6,5.692059576890238,1756.8333333333333,0.0,10536,4552.0,43.20425208807897,6,37.833333333333336,4,3,16.0,4.0,77.0,35.0,12.0,83.0
313657,Josenópolis,MG,Minas Gerais,SUDESTE,3557,3,3,8.43407365757661,1185.6666666666667,0.0,3607,2162.0,59.939007485444975,6,78.83333333333333,1,0,37.0,58.0,100.0,89.0,89.0,100.0
313652,José Gonçalves de Minas,MG,Minas Gerais,SUDESTE,3963,2,2,5.046681806712087,1981.5,0.0,3993,2247.0,56.27347858752817,6,79.0,2,0,40.0,41.0,100.0,100.0,93.0,100.0
313655,José Raydan,MG,Minas Gerais,SUDESTE,4349,3,3,6.898137502874224,1449.6666666666667,0.0,4352,2761.0,63.44209558823529,6,67.16666666666667,2,1,42.0,20.0,92.0,92.0,69.0,88.0
313620,João Monlevade,MG,Minas Gerais,SUDESTE,83791,14,13,1.670823835495459,5985.071428571428,4.781624877963646,83360,20608.0,24.72168905950096,6,46.0,4,1,25.0,34.0,45.0,53.0,30.0,89.0
313630,João Pinheiro,MG,Minas Gerais,SUDESTE,48725,17,17,3.4889687018984095,2866.176470588235,0.0,48532,19467.0,40.11167889227726,6,38.0,5,1,37.0,19.0,37.0,35.0,32.0,68.0
313665,Juatuba,MG,Minas Gerais,SUDESTE,33249,14,14,4.2106529519684806,2374.9285714285716,0.0,32726,14615.0,44.65868117093443,6,51.666666666666664,4,0,35.0,34.0,49.0,53.0,43.0,96.0
313670,Juiz de Fora,MG,Minas Gerais,SUDESTE,567730,62,62,1.09206841280186,9156.935483870968,65.2558137743469,565764,124951.0,22.085357145382172,6,22.166666666666668,5,5,17.0,13.0,7.0,20.0,13.0,63.0
313680,Juramento,MG,Minas Gerais,SUDESTE,3798,3,3,7.898894154818326,1266.0,0.0,3815,2295.0,60.15727391874181,6,72.83333333333333,2,0,42.0,47.0,67.0,100.0,100.0,81.0
313690,Juruaia,MG,Minas Gerais,SUDESTE,11652,6,6,5.1493305870236865,1942.0,0.0,11543,3881.0,33.62210863726934,6,55.0,2,2,29.0,28.0,59.0,62.0,56.0,96.0
313695,Juvenília,MG,Minas Gerais,SUDESTE,5937,2,2,3.36870473303015,2968.5,0.0,5929,3521.0,59.38606847697757,6,70.66666666666667,2,2,20.0,28.0,100.0,97.0,83.0,96.0
313700,Ladainha,MG,Minas Gerais,SUDESTE,14263,5,5,3.5055738624412816,2852.6,0.0,14399,9119.0,63.33078686019863,6,56.0,3,0,34.0,40.0,57.0,62.0,47.0,96.0
313710,Lagamar,MG,Minas Gerais,SUDESTE,6622,6,6,9.06070673512534,1103.6666666666667,0.0,6672,3533.0,52.95263788968825,6,69.83333333333333,2,1,48.0,25.0,94.0,94.0,83.0,75.0
313740,Lagoa Dourada,MG,Minas Gerais,SUDESTE,13152,5,5,3.8017031630170317,2630.4,0.0,13116,5378.0,41.003354681305275,6,58.5,3,1,45.0,28.0,73.0,58.0,47.0,100.0
313750,Lagoa Formosa,MG,Minas Gerais,SUDESTE,19614,6,5,3.059039461609055,3269.0,0.0,19507,8117.0,41.61070384990004,6,45.5,4,1,41.0,21.0,55.0,43.0,45.0,68.0
313753,Lagoa Grande,MG,Minas Gerais,SUDESTE,9235,4,3,4.331348132106118,2308.75,0.0,9210,4225.0,45.87404994571118,6,73.83333333333333,1,0,34.0,54.0,82.0,91.0,82.0,100.0
313760,Lagoa Santa,MG,Minas Gerais,SUDESTE,81299,22,21,2.706060345145697,3695.409090909091,0.0,79981,25991.0,32.496467911128896,6,35.0,5,4,17.0,11.0,37.0,29.0,27.0,89.0
313720,Lagoa da Prata,MG,Minas Gerais,SUDESTE,53927,16,16,2.9669738720863386,3370.4375,0.0,53583,15679.0,29.261146259074707,6,46.666666666666664,4,1,30.0,20.0,48.0,69.0,39.0,74.0
313730,Lagoa dos Patos,MG,Minas Gerais,SUDESTE,3237,3,3,9.267840593141798,1079.0,0.0,3285,2142.0,65.20547945205479,6,58.5,2,1,55.0,22.0,35.0,94.0,53.0,92.0
313770,Lajinha,MG,Minas Gerais,SUDESTE,21502,1,1,0.4650730164635848,21502.0,3.8196405118207726,21422,10733.0,50.1026981607693,6,43.666666666666664,3,2,52.0,53.0,36.0,28.0,22.0,71.0
313780,Lambari,MG,Minas Gerais,SUDESTE,21010,3,3,1.4278914802475011,7003.333333333333,1.7093594620665251,20950,9433.0,45.02625298329356,6,60.833333333333336,1,0,33.0,51.0,51.0,80.0,55.0,95.0
313790,Lamim,MG,Minas Gerais,SUDESTE,3213,1,1,3.1123560535325243,3213.0,0.0,3226,2010.0,62.306261624302536,6,63.5,2,0,87.0,52.0,73.0,36.0,45.0,88.0
313800,Laranjal,MG,Minas Gerais,SUDESTE,6018,5,4,8.308408109006315,1203.6,0.0,6042,3354.0,55.51142005958292,6,42.0,4,3,29.0,2.0,64.0,36.0,21.0,100.0
313810,Lassance,MG,Minas Gerais,SUDESTE,7398,5,5,6.758583400919168,1479.6,0.0,7358,3927.0,53.37048110899701,6,59.166666666666664,2,0,32.0,44.0,82.0,50.0,50.0,97.0
313820,Lavras,MG,Minas Gerais,SUDESTE,110682,22,21,1.9876764062810575,5031.0,2.8092015221535998,109884,29415.0,26.769138364093042,6,28.833333333333332,5,3,22.0,12.0,30.0,34.0,16.0,59.0
313830,Leandro Ferreira,MG,Minas Gerais,SUDESTE,3272,1,1,3.056234718826406,3272.0,0.0,3270,1403.0,42.90519877675841,6,59.833333333333336,4,0,41.0,37.0,45.0,91.0,45.0,100.0
313835,Leme do Prado,MG,Minas Gerais,SUDESTE,4364,2,2,4.582951420714941,2182.0,0.0,4387,2285.0,52.085707772965584,6,73.0,2,0,43.0,49.0,100.0,91.0,55.0,100.0
313840,Leopoldina,MG,Minas Gerais,SUDESTE,52739,17,17,3.2234209977436055,3102.294117647059,0.0,52696,18298.0,34.72369819341126,6,32.166666666666664,6,2,28.0,18.0,36.0,38.0,31.0,42.0
313850,Liberdade,MG,Minas Gerais,SUDESTE,4744,2,2,4.2158516020236085,2372.0,0.0,4775,2463.0,51.58115183246073,6,40.333333333333336,4,3,17.0,7.0,0.0,91.0,45.0,82.0
313860,Lima Duarte,MG,Minas Gerais,SUDESTE,17782,8,8,4.498931503767855,2222.75,0.0,17712,6805.0,38.4202800361337,6,13.166666666666666,6,5,19.0,1.0,5.0,12.0,0.0,42.0
313862,Limeira do Oeste,MG,Minas Gerais,SUDESTE,9191,4,4,4.352083560004352,2297.75,0.0,9087,2981.0,32.80510619566414,6,52.833333333333336,2,1,22.0,56.0,50.0,55.0,36.0,98.0
313865,Lontra,MG,Minas Gerais,SUDESTE,8963,5,5,5.578489345085351,1792.6,0.0,8968,5796.0,64.62979482604817,6,61.666666666666664,1,0,52.0,31.0,69.0,53.0,72.0,93.0
313867,Luisburgo,MG,Minas Gerais,SUDESTE,7239,5,5,6.907031357922365,1447.8,0.0,7195,4340.0,60.319666435024324,6,58.666666666666664,2,2,28.0,11.0,75.0,88.0,50.0,100.0
313868,Luislândia,MG,Minas Gerais,SUDESTE,6323,3,3,4.744583267436344,2107.6666666666665,0.0,6329,4474.0,70.69047242850371,6,76.83333333333333,1,0,49.0,55.0,88.0,92.0,77.0,100.0
313870,Luminárias,MG,Minas Gerais,SUDESTE,5744,3,3,5.222841225626741,1914.6666666666667,0.0,5731,2359.0,41.16210085499913,6,64.66666666666667,1,0,30.0,69.0,72.0,67.0,50.0,100.0
313880,Luz,MG,Minas Gerais,SUDESTE,18336,5,5,2.7268760907504364,3667.2,0.0,18304,7413.0,40.49934440559441,6,68.0,1,0,53.0,38.0,72.0,81.0,70.0,94.0
313890,Machacalis,MG,Minas Gerais,SUDESTE,6556,4,4,6.1012812690665035,1639.0,0.0,6579,4534.0,68.91624867001063,6,73.0,1,0,39.0,50.0,95.0,81.0,76.0,97.0
313900,Machado,MG,Minas Gerais,SUDESTE,38809,15,14,3.865082841608905,2587.266666666667,0.0,38831,14566.0,37.51126677139399,6,57.0,2,0,50.0,60.0,42.0,54.0,40.0,96.0
313910,Madre de Deus de Minas,MG,Minas Gerais,SUDESTE,5360,2,2,3.7313432835820897,2680.0,0.0,5341,2238.0,41.902265493353305,6,54.5,3,1,48.0,66.0,33.0,53.0,27.0,100.0
313920,Malacacheta,MG,Minas Gerais,SUDESTE,17691,9,9,5.087332541970493,1965.6666666666667,0.0,17751,9274.0,52.2449439468199,6,50.166666666666664,4,1,33.0,21.0,48.0,57.0,45.0,97.0
313925,Mamonas,MG,Minas Gerais,SUDESTE,6082,2,2,3.288391976323578,3041.0,0.0,6096,4200.0,68.89763779527559,6,68.0,1,1,51.0,28.0,81.0,76.0,90.0,82.0
313930,Manga,MG,Minas Gerais,SUDESTE,19148,7,7,3.6557342803425947,2735.4285714285716,0.0,19188,11332.0,59.05774442359808,6,74.0,2,0,44.0,49.0,92.0,97.0,83.0,79.0
313940,Manhuaçu,MG,Minas Gerais,SUDESTE,97328,28,28,2.8768699654775602,3476.0,0.0,96545,33943.0,35.15769848257289,6,50.333333333333336,2,0,41.0,58.0,51.0,58.0,33.0,61.0
313950,Manhumirim,MG,Minas Gerais,SUDESTE,20939,9,9,4.298199531973829,2326.5555555555557,0.0,20970,11322.0,53.99141630901288,6,54.333333333333336,2,0,44.0,51.0,58.0,55.0,45.0,73.0
313960,Mantena,MG,Minas Gerais,SUDESTE,27350,13,13,4.753199268738574,2103.846153846154,0.0,27358,12740.0,46.56773155932451,6,44.166666666666664,5,1,46.0,19.0,38.0,49.0,33.0,80.0
313980,Mar de Espanha,MG,Minas Gerais,SUDESTE,13180,3,3,2.276176024279211,4393.333333333333,0.0,13119,5027.0,38.31846939553319,6,40.833333333333336,4,2,19.0,6.0,39.0,50.0,35.0,96.0
313970,Maravilhas,MG,Minas Gerais,SUDESTE,7532,3,3,3.983005841741901,2510.6666666666665,0.0,7518,3554.0,47.2732109603618,6,65.33333333333333,2,1,53.0,23.0,97.0,47.0,90.0,82.0
313990,Maria da Fé,MG,Minas Gerais,SUDESTE,14567,7,7,4.805382027871216,2081.0,0.0,14557,6971.0,47.88761420622381,6,75.16666666666667,1,0,47.0,61.0,83.0,81.0,79.0,100.0
314000,Mariana,MG,Minas Gerais,SUDESTE,64506,26,26,4.030632809351069,2481.0,0.0,64058,20586.0,32.13650129570077,6,29.666666666666668,5,4,9.0,2.0,26.0,33.0,14.0,94.0
314010,Marilac,MG,Minas Gerais,SUDESTE,4323,2,2,4.626416840157298,2161.5,0.0,4320,2998.0,69.39814814814815,6,47.833333333333336,2,2,21.0,12.0,50.0,50.0,60.0,94.0
314020,Maripá de Minas,MG,Minas Gerais,SUDESTE,3567,2,2,5.60695262125035,1783.5,0.0,3532,1627.0,46.064552661381654,6,59.333333333333336,2,1,32.0,11.0,71.0,71.0,71.0,100.0
314030,Marliéria,MG,Minas Gerais,SUDESTE,4796,3,3,6.255212677231025,1598.6666666666667,0.0,4761,2267.0,47.6160470489393,6,35.5,4,2,23.0,8.0,63.0,31.0,38.0,50.0
314040,Marmelópolis,MG,Minas Gerais,SUDESTE,3314,2,2,6.035003017501509,1657.0,0.0,3299,1850.0,56.077599272506816,6,59.833333333333336,2,1,39.0,20.0,80.0,80.0,60.0,80.0
314050,Martinho Campos,MG,Minas Gerais,SUDESTE,14546,5,5,3.437371098583803,2909.2,0.0,14461,6215.0,42.97766406195975,6,56.666666666666664,3,0,42.0,42.0,64.0,61.0,31.0,100.0
314053,Martins Soares,MG,Minas Gerais,SUDESTE,8797,1,1,1.1367511651699442,8797.0,0.9718341355449417,8725,5791.0,66.37249283667622,6,48.166666666666664,5,1,21.0,35.0,44.0,47.0,47.0,95.0
314055,Mata Verde,MG,Minas Gerais,SUDESTE,9532,2,2,2.0981955518254303,4766.0,0.13658326475098118,9458,5783.0,61.14400507506873,6,61.0,3,2,28.0,21.0,47.0,100.0,79.0,91.0
314060,Materlândia,MG,Minas Gerais,SUDESTE,3949,2,2,5.064573309698657,1974.5,0.0,3982,2991.0,75.1130085384229,6,44.0,4,2,55.0,19.0,30.0,40.0,20.0,100.0
314070,Mateus Leme,MG,Minas Gerais,SUDESTE,40814,16,15,3.920223452736806,2550.875,0.0,40239,15544.0,38.62919058624718,6,50.5,4,0,39.0,38.0,40.0,56.0,34.0,96.0
317150,Mathias Lobato,MG,Minas Gerais,SUDESTE,3053,4,4,13.101867016049786,763.25,0.0,3069,2234.0,72.79244053437601,6,62.833333333333336,2,1,40.0,13.0,85.0,100.0,54.0,85.0
314080,Matias Barbosa,MG,Minas Gerais,SUDESTE,14547,5,5,3.43713480442703,2909.4,0.0,14501,5736.0,39.55589269705538,6,42.166666666666664,4,1,30.0,15.0,57.0,36.0,32.0,83.0
314085,Matias Cardoso,MG,Minas Gerais,SUDESTE,8922,6,6,6.724949562878279,1487.0,0.0,8975,5243.0,58.41782729805014,6,69.16666666666667,2,1,35.0,21.0,97.0,89.0,76.0,97.0
314090,Matipó,MG,Minas Gerais,SUDESTE,19115,12,12,6.277792309704421,1592.9166666666667,0.0,19054,12462.0,65.40358979741787,6,70.16666666666667,1,0,30.0,70.0,76.0,69.0,79.0,97.0
314100,Mato Verde,MG,Minas Gerais,SUDESTE,12210,5,4,4.095004095004096,2442.0,0.0,12238,7965.0,65.08416407909789,6,79.83333333333333,0,0,70.0,63.0,100.0,91.0,84.0,71.0
314110,Matozinhos,MG,Minas Gerais,SUDESTE,39529,12,11,3.035745908067495,3294.0833333333335,0.0,39291,12255.0,31.19034893487058,6,38.833333333333336,5,3,28.0,38.0,24.0,34.0,18.0,91.0
314120,Matutina,MG,Minas Gerais,SUDESTE,3912,2,2,5.112474437627812,1956.0,0.0,3907,1837.0,47.01817251087791,6,68.66666666666667,2,1,47.0,23.0,92.0,92.0,58.0,100.0
314130,Medeiros,MG,Minas Gerais,SUDESTE,4068,2,2,4.916420845624386,2034.0,0.0,4040,1682.0,41.633663366336634,6,62.0,2,1,42.0,14.0,69.0,85.0,62.0,100.0
314140,Medina,MG,Minas Gerais,SUDESTE,20455,9,9,4.399902224395014,2272.777777777778,0.0,20492,11582.0,56.519617411672854,6,63.166666666666664,2,1,46.0,8.0,76.0,87.0,66.0,96.0
314150,Mendes Pimentel,MG,Minas Gerais,SUDESTE,5614,3,3,5.3437833986462415,1871.3333333333333,0.0,5651,3352.0,59.31693505574235,6,59.5,2,1,39.0,21.0,61.0,89.0,67.0,80.0
314160,Mercês,MG,Minas Gerais,SUDESTE,10615,5,5,4.710315591144607,2123.0,0.0,10609,5401.0,50.90960505231408,6,57.5,2,2,28.0,11.0,62.0,76.0,71.0,97.0
314170,Mesquita,MG,Minas Gerais,SUDESTE,4984,3,3,6.019261637239165,1661.3333333333333,0.0,5038,2422.0,48.07463279079,6,26.5,5,5,19.0,5.0,29.0,7.0,7.0,92.0
314180,Minas Novas,MG,Minas Gerais,SUDESTE,23843,13,13,5.452334018370171,1834.076923076923,0.0,24191,13606.0,56.24405770741184,6,76.5,1,0,45.0,55.0,96.0,99.0,86.0,78.0
314190,Minduri,MG,Minas Gerais,SUDESTE,3811,2,2,5.247966413014956,1905.5,0.0,3815,1646.0,43.14547837483617,6,48.5,3,2,34.0,15.0,17.0,67.0,58.0,100.0
314200,Mirabela,MG,Minas Gerais,SUDESTE,14071,8,8,5.685452348802502,1758.875,0.0,14029,7578.0,54.01667973483498,6,57.166666666666664,2,0,35.0,30.0,71.0,67.0,50.0,90.0
314210,Miradouro,MG,Minas Gerais,SUDESTE,8961,5,5,5.579734404642339,1792.2,0.0,9026,4512.0,49.98892089519167,6,75.33333333333333,1,0,32.0,61.0,77.0,91.0,91.0,100.0
314225,Miravânia,MG,Minas Gerais,SUDESTE,3982,4,4,10.045203415369162,995.5,0.0,4011,2781.0,69.3343305908751,6,70.66666666666667,1,1,28.0,52.0,89.0,72.0,83.0,100.0
314220,Miraí,MG,Minas Gerais,SUDESTE,13921,5,5,3.5916959988506574,2784.2,0.0,13922,5475.0,39.32624622899009,6,64.66666666666667,2,1,41.0,14.0,91.0,76.0,74.0,92.0
314230,Moeda,MG,Minas Gerais,SUDESTE,5314,2,2,3.763643206624012,2657.0,0.0,5291,2386.0,45.0954450954451,6,63.666666666666664,2,2,28.0,15.0,100.0,57.0,93.0,89.0
314240,Moema,MG,Minas Gerais,SUDESTE,7812,4,4,5.1203277009728625,1953.0,0.0,7778,3339.0,42.92877346361533,6,70.16666666666667,1,0,43.0,54.0,67.0,93.0,67.0,97.0
314250,Monjolos,MG,Minas Gerais,SUDESTE,2187,1,1,4.572473708276177,2187.0,0.0,2196,1138.0,51.82149362477231,6,59.333333333333336,2,1,60.0,16.0,100.0,80.0,60.0,40.0
314260,Monsenhor Paulo,MG,Minas Gerais,SUDESTE,8565,4,4,4.670169293636894,2141.25,0.0,8550,3550.0,41.52046783625731,6,51.333333333333336,3,2,25.0,47.0,27.0,60.0,53.0,96.0
314270,Montalvânia,MG,Minas Gerais,SUDESTE,14068,9,9,6.397497867500712,1563.111111111111,0.0,14160,9298.0,65.6638418079096,6,64.0,2,0,38.0,30.0,79.0,69.0,73.0,95.0
314280,Monte Alegre de Minas,MG,Minas Gerais,SUDESTE,20708,6,6,2.8974309445624877,3451.3333333333335,0.0,20666,8392.0,40.60776154069486,6,50.166666666666664,3,1,33.0,10.0,60.0,55.0,49.0,94.0
314290,Monte Azul,MG,Minas Gerais,SUDESTE,20497,16,14,7.806020393228277,1281.0625,0.0,20577,11854.0,57.60800894202265,6,71.5,1,0,50.0,37.0,89.0,65.0,96.0,92.0
314300,Monte Belo,MG,Minas Gerais,SUDESTE,13347,7,7,5.244624260133363,1906.7142857142858,0.0,13340,5093.0,38.1784107946027,6,46.0,3,3,27.0,15.0,8.0,64.0,64.0,98.0
314310,Monte Carmelo,MG,Minas Gerais,SUDESTE,49500,14,13,2.8282828282828283,3535.714285714286,0.0,49354,14884.0,30.157636665721117,6,61.833333333333336,2,0,34.0,59.0,64.0,70.0,45.0,99.0
314315,Monte Formoso,MG,Minas Gerais,SUDESTE,4437,4,3,9.015100292990759,1109.25,0.0,4449,2905.0,65.29557203866038,6,59.333333333333336,3,1,37.0,16.0,86.0,89.0,39.0,89.0
314320,Monte Santo de Minas,MG,Minas Gerais,SUDESTE,21294,10,10,4.696158542312388,2129.4,0.0,21301,9275.0,43.54255668747946,6,62.666666666666664,2,1,43.0,27.0,76.0,71.0,63.0,96.0
314340,Monte Sião,MG,Minas Gerais,SUDESTE,25107,1,1,0.3982952961325527,25107.0,4.627695764593253,24933,7852.0,31.492399631011107,6,46.333333333333336,5,1,38.0,44.0,44.0,32.0,28.0,92.0
314330,Montes Claros,MG,Minas Gerais,SUDESTE,437601,140,100,3.1992614276475604,3125.7214285714285,0.0,434321,155707.0,35.85067265916223,6,50.833333333333336,3,0,41.0,48.0,52.0,57.0,37.0,70.0
314345,Montezuma,MG,Minas Gerais,SUDESTE,6951,5,5,7.193209610128039,1390.2,0.0,6979,4359.0,62.45880498638774,6,69.16666666666667,1,1,59.0,16.0,90.0,97.0,90.0,63.0
314350,Morada Nova de Minas,MG,Minas Gerais,SUDESTE,9414,5,5,5.311238580837051,1882.8,0.0,9364,2859.0,30.531824006834686,6,57.666666666666664,3,0,33.0,40.0,79.0,56.0,47.0,91.0
314360,Morro da Garça,MG,Minas Gerais,SUDESTE,2426,1,1,4.122011541632316,2426.0,0.0,2438,1263.0,51.80475799835931,6,40.666666666666664,3,2,36.0,8.0,50.0,50.0,0.0,100.0
314370,Morro do Pilar,MG,Minas Gerais,SUDESTE,3161,2,1,6.3271116735210375,1580.5,0.0,3174,1866.0,58.79017013232514,6,49.0,4,1,35.0,49.0,50.0,20.0,40.0,100.0
314380,Munhoz,MG,Minas Gerais,SUDESTE,7930,3,3,3.7831021437578816,2643.3333333333335,0.0,7857,3167.0,40.30800560010182,6,36.333333333333336,5,3,28.0,5.0,24.0,35.0,41.0,85.0
314390,Muriaé,MG,Minas Gerais,SUDESTE,108447,38,37,3.5040157865132278,2853.8684210526317,0.0,108161,43481.0,40.20025702425089,6,61.0,2,0,32.0,57.0,65.0,68.0,46.0,98.0
314400,Mutum,MG,Minas Gerais,SUDESTE,28749,12,12,4.174058228112282,2395.75,0.0,28670,13377.0,46.65852807813045,6,59.833333333333336,2,2,23.0,26.0,84.0,70.0,66.0,90.0
314410,Muzambinho,MG,Minas Gerais,SUDESTE,22620,8,8,3.5366931918656057,2827.5,0.0,22527,8750.0,38.84227815510277,6,49.666666666666664,4,0,38.0,40.0,44.0,62.0,42.0,72.0
314015,Mário Campos,MG,Minas Gerais,SUDESTE,16705,5,5,2.9931158335827597,3341.0,0.0,16546,6249.0,37.76743623836577,6,29.833333333333332,5,4,29.0,5.0,30.0,14.0,22.0,79.0
314420,Nacip Raydan,MG,Minas Gerais,SUDESTE,2400,1,1,4.166666666666667,2400.0,0.0,2437,1585.0,65.03898235535495,6,37.5,5,4,25.0,36.0,29.0,29.0,29.0,77.0
314430,Nanuque,MG,Minas Gerais,SUDESTE,35263,3,3,0.8507500779854238,11754.333333333334,4.904147677813035,35554,16290.0,45.81762952129156,6,43.166666666666664,5,1,35.0,18.0,49.0,48.0,41.0,68.0
314435,Naque,MG,Minas Gerais,SUDESTE,6443,5,4,7.760360080707744,1288.6,0.0,6442,3426.0,53.18224153989445,6,77.83333333333333,1,0,41.0,80.0,82.0,89.0,79.0,96.0
314437,Natalândia,MG,Minas Gerais,SUDESTE,3642,1,1,2.745744096650192,3642.0,0.0,3626,2316.0,63.87203530060673,6,61.5,2,2,29.0,8.0,67.0,92.0,83.0,90.0
314440,Natércia,MG,Minas Gerais,SUDESTE,4805,4,4,8.324661810613945,1201.25,0.0,4800,2057.0,42.854166666666664,6,77.66666666666667,1,0,41.0,65.0,89.0,100.0,78.0,93.0
314450,Nazareno,MG,Minas Gerais,SUDESTE,8407,5,5,5.947424765076722,1681.4,0.0,8390,4009.0,47.783075089392135,6,46.5,3,3,27.0,10.0,77.0,77.0,9.0,79.0
314460,Nepomuceno,MG,Minas Gerais,SUDESTE,25757,8,8,3.105951780098614,3219.625,0.0,25774,8582.0,33.29712112982075,6,39.5,5,2,37.0,30.0,31.0,28.0,19.0,92.0
314465,Ninheira,MG,Minas Gerais,SUDESTE,10965,5,5,4.559963520291838,2193.0,0.0,10915,6274.0,57.48053137883646,6,63.666666666666664,2,1,32.0,17.0,74.0,89.0,87.0,83.0
314467,Nova Belém,MG,Minas Gerais,SUDESTE,3126,4,4,12.795905310300704,781.5,0.0,3156,2199.0,69.67680608365019,6,62.833333333333336,2,1,22.0,47.0,64.0,91.0,91.0,62.0
314470,Nova Era,MG,Minas Gerais,SUDESTE,17813,6,6,3.3683265031157017,2968.8333333333335,0.0,17807,7047.0,39.574324703768184,6,51.833333333333336,4,0,42.0,48.0,39.0,51.0,35.0,96.0
314480,Nova Lima,MG,Minas Gerais,SUDESTE,120959,22,22,1.8187981051430648,5498.136363636364,5.112775400861726,119142,29572.0,24.820802068120393,6,37.0,5,3,29.0,24.0,28.0,42.0,30.0,69.0
314490,Nova Módica,MG,Minas Gerais,SUDESTE,3726,1,1,2.6838432635534084,3726.0,0.0,3731,2332.0,62.503350308228356,6,82.66666666666667,0,0,50.0,84.0,85.0,92.0,85.0,100.0
314500,Nova Ponte,MG,Minas Gerais,SUDESTE,15220,4,4,2.628120893561104,3805.0,0.0,15113,5571.0,36.862303976708795,6,63.833333333333336,2,1,30.0,27.0,86.0,73.0,75.0,92.0
314505,Nova Porteirinha,MG,Minas Gerais,SUDESTE,6746,2,2,2.964719833975689,3373.0,0.0,6780,4013.0,59.18879056047197,6,53.0,3,1,45.0,18.0,60.0,60.0,40.0,95.0
314510,Nova Resende,MG,Minas Gerais,SUDESTE,16919,9,9,5.31946332525563,1879.888888888889,0.0,16854,6794.0,40.31090542304497,6,57.833333333333336,3,1,44.0,28.0,54.0,78.0,47.0,96.0
314520,Nova Serrana,MG,Minas Gerais,SUDESTE,114791,28,28,2.4392156179491424,4099.678571428572,0.0,112910,30583.0,27.086174829510227,6,63.666666666666664,2,0,50.0,34.0,63.0,94.0,47.0,94.0
313660,Nova União,MG,Minas Gerais,SUDESTE,6107,2,2,3.274930407728836,3053.5,0.0,6083,3226.0,53.03304290646062,6,46.833333333333336,4,1,35.0,4.0,33.0,80.0,33.0,96.0
314530,Novo Cruzeiro,MG,Minas Gerais,SUDESTE,27268,10,10,3.6673023324042835,2726.8,0.0,27453,16662.0,60.69282045678068,6,54.166666666666664,3,0,48.0,43.0,54.0,63.0,49.0,68.0
314535,Novo Oriente de Minas,MG,Minas Gerais,SUDESTE,10503,6,6,5.712653527563553,1750.5,0.0,10501,6473.0,61.64174840491382,6,43.5,5,2,27.0,23.0,39.0,36.0,39.0,97.0
314537,Novorizonte,MG,Minas Gerais,SUDESTE,4612,5,4,10.841283607979184,922.4,0.0,4630,3343.0,72.20302375809935,6,80.83333333333333,1,0,63.0,35.0,100.0,100.0,87.0,100.0
314540,Olaria,MG,Minas Gerais,SUDESTE,1986,1,1,5.0352467270896275,1986.0,0.0,1986,1092.0,54.98489425981873,6,45.833333333333336,4,1,35.0,0.0,40.0,40.0,60.0,100.0
314545,Olhos-d'Água,MG,Minas Gerais,SUDESTE,5530,3,3,5.4249547920434,1843.3333333333333,0.0,5520,3303.0,59.836956521739125,6,66.16666666666667,1,1,50.0,15.0,100.0,69.0,63.0,100.0
314560,Oliveira,MG,Minas Gerais,SUDESTE,40576,15,14,3.6967665615141954,2705.0666666666666,0.0,40552,15974.0,39.391398697968036,6,57.833333333333336,2,1,42.0,29.0,62.0,60.0,54.0,100.0
314570,Oliveira Fortes,MG,Minas Gerais,SUDESTE,2058,1,1,4.859086491739553,2058.0,0.0,2062,1119.0,54.267701260911736,6,43.333333333333336,3,2,35.0,0.0,50.0,50.0,25.0,100.0
314550,Olímpio Noronha,MG,Minas Gerais,SUDESTE,2618,1,1,3.819709702062643,2618.0,0.0,2616,1579.0,60.35932721712538,6,76.66666666666667,2,0,47.0,33.0,100.0,100.0,80.0,100.0
314580,Onça de Pitangui,MG,Minas Gerais,SUDESTE,3024,1,1,3.3068783068783065,3024.0,0.0,3027,1390.0,45.9200528576148,6,29.5,4,3,41.0,51.0,14.0,14.0,0.0,57.0
314585,Oratórios,MG,Minas Gerais,SUDESTE,5102,2,2,3.920031360250882,2551.0,0.0,5076,2209.0,43.51851851851852,6,82.16666666666667,1,0,40.0,71.0,82.0,100.0,100.0,100.0
314587,Orizânia,MG,Minas Gerais,SUDESTE,8828,4,4,4.531037607612143,2207.0,0.0,8759,5722.0,65.32709213380524,6,69.5,2,0,32.0,33.0,91.0,94.0,67.0,100.0
314590,Ouro Branco,MG,Minas Gerais,SUDESTE,40638,21,13,5.167577144544515,1935.142857142857,0.0,40411,14474.0,35.816980525104555,6,57.0,3,0,49.0,59.0,48.0,50.0,40.0,96.0
314600,Ouro Fino,MG,Minas Gerais,SUDESTE,33285,11,9,3.304791948325071,3025.909090909091,0.0,33227,8200.0,24.67872513317483,6,49.0,3,1,32.0,11.0,33.0,65.0,63.0,90.0
314610,Ouro Preto,MG,Minas Gerais,SUDESTE,77914,26,25,3.3370126036399106,2996.6923076923076,0.0,77601,28106.0,36.21860543034239,6,44.666666666666664,5,0,34.0,30.0,32.0,43.0,35.0,94.0
314620,Ouro Verde de Minas,MG,Minas Gerais,SUDESTE,5847,6,5,10.26167265264238,974.5,0.0,5858,4431.0,75.64015022191874,6,68.5,2,0,34.0,36.0,89.0,91.0,66.0,95.0
314625,Padre Carvalho,MG,Minas Gerais,SUDESTE,5045,2,2,3.9643211100099105,2522.5,0.0,5085,2938.0,57.77777777777777,6,52.666666666666664,2,0,35.0,51.0,59.0,65.0,41.0,65.0
314630,Padre Paraíso,MG,Minas Gerais,SUDESTE,17463,9,9,5.153753650575503,1940.3333333333333,0.0,17537,10772.0,61.42441694702628,6,76.33333333333333,0,0,50.0,54.0,88.0,90.0,76.0,100.0
314655,Pai Pedro,MG,Minas Gerais,SUDESTE,5616,2,2,3.5612535612535616,2808.0,0.0,5634,3665.0,65.05147319843806,6,75.33333333333333,1,0,47.0,57.0,100.0,71.0,82.0,95.0
314640,Paineiras,MG,Minas Gerais,SUDESTE,4253,3,3,7.053844345168116,1417.6666666666667,0.0,4273,2008.0,46.99274514392698,6,48.166666666666664,3,1,34.0,2.0,67.0,67.0,33.0,86.0
314650,Pains,MG,Minas Gerais,SUDESTE,8353,3,2,3.591524003352089,2784.3333333333335,0.0,8341,2876.0,34.48027814410742,6,64.5,2,2,28.0,24.0,70.0,85.0,80.0,100.0
314660,Paiva,MG,Minas Gerais,SUDESTE,1495,1,1,6.688963210702341,1495.0,0.0,1498,952.0,63.55140186915887,6,73.83333333333333,2,1,47.0,21.0,100.0,100.0,75.0,100.0
314670,Palma,MG,Minas Gerais,SUDESTE,5699,4,4,7.018775223723461,1424.75,0.0,5742,3488.0,60.74538488331592,6,28.333333333333332,5,5,12.0,2.0,25.0,25.0,17.0,89.0
314675,Palmópolis,MG,Minas Gerais,SUDESTE,6342,4,4,6.30715862503942,1585.5,0.0,6373,4585.0,71.94413933783149,6,50.166666666666664,3,1,38.0,3.0,47.0,53.0,65.0,95.0
314690,Papagaios,MG,Minas Gerais,SUDESTE,14202,7,7,4.928883255879454,2028.857142857143,0.0,14207,5642.0,39.71281762511438,6,69.66666666666667,2,0,46.0,46.0,82.0,82.0,62.0,100.0
314700,Paracatu,MG,Minas Gerais,SUDESTE,99005,18,17,1.818089995454775,5500.277777777777,4.191819778291116,98397,28200.0,28.659410347876456,6,43.333333333333336,4,1,31.0,15.0,48.0,61.0,37.0,68.0
314720,Paraguaçu,MG,Minas Gerais,SUDESTE,22452,9,9,4.008551576696954,2494.6666666666665,0.0,22357,8096.0,36.21237196403811,6,51.166666666666664,2,1,18.0,42.0,57.0,66.0,51.0,73.0
314730,Paraisópolis,MG,Minas Gerais,SUDESTE,21076,8,8,3.7957866767887642,2634.5,0.0,21005,7605.0,36.20566531778148,6,75.33333333333333,1,0,30.0,66.0,90.0,93.0,74.0,99.0
314740,Paraopeba,MG,Minas Gerais,SUDESTE,24899,4,4,1.606490220490783,6224.75,1.581072881770319,24800,9456.0,38.12903225806451,6,63.666666666666664,2,1,37.0,24.0,66.0,97.0,74.0,84.0
314710,Pará de Minas,MG,Minas Gerais,SUDESTE,102844,28,28,2.722570106180234,3673.0,0.0,102033,28395.0,27.82923171914969,6,51.333333333333336,4,1,36.0,24.0,41.0,67.0,45.0,95.0
314760,Passa Quatro,MG,Minas Gerais,SUDESTE,15847,9,8,5.679308386445384,1760.7777777777778,0.0,15842,5708.0,36.030804191389976,6,36.666666666666664,3,3,26.0,5.0,52.0,55.0,20.0,62.0
314770,Passa Tempo,MG,Minas Gerais,SUDESTE,8716,4,4,4.5892611289582375,2179.0,0.0,8696,3011.0,34.62511499540019,6,26.833333333333332,5,5,14.0,10.0,13.0,19.0,13.0,92.0
314780,Passa Vinte,MG,Minas Gerais,SUDESTE,2311,2,2,8.654262224145391,1155.5,0.0,2301,999.0,43.41590612777054,6,47.0,2,2,7.0,8.0,50.0,75.0,50.0,92.0
314750,Passabém,MG,Minas Gerais,SUDESTE,1609,1,1,6.215040397762585,1609.0,0.0,1617,902.0,55.78231292517006,6,63.666666666666664,3,0,47.0,42.0,100.0,80.0,80.0,33.0
314790,Passos,MG,Minas Gerais,SUDESTE,116951,30,29,2.5651768689451138,3898.366666666667,0.0,116530,36889.0,31.656225864584226,6,51.166666666666664,4,0,42.0,37.0,46.0,65.0,49.0,68.0
314795,Patis,MG,Minas Gerais,SUDESTE,4825,3,3,6.217616580310881,1608.3333333333333,0.0,4863,3219.0,66.1937075879087,6,79.83333333333333,1,0,70.0,44.0,86.0,93.0,86.0,100.0
314800,Patos de Minas,MG,Minas Gerais,SUDESTE,169173,37,34,2.1871102362670167,4572.243243243243,0.9198699798277111,167870,49786.0,29.65747304461786,6,48.666666666666664,5,0,36.0,37.0,46.0,49.0,32.0,92.0
314810,Patrocínio,MG,Minas Gerais,SUDESTE,94357,19,19,2.01362908952171,4966.1578947368425,2.149977665978636,93852,33388.0,35.575160891616584,6,46.5,4,1,39.0,18.0,37.0,51.0,45.0,89.0
314820,Patrocínio do Muriaé,MG,Minas Gerais,SUDESTE,5754,3,3,5.213764337851929,1918.0,0.0,5735,3073.0,53.58326068003487,6,58.0,2,2,19.0,23.0,75.0,94.0,50.0,87.0
314830,Paula Cândido,MG,Minas Gerais,SUDESTE,8757,4,4,4.567774351947014,2189.25,0.0,8786,5211.0,59.310266332802186,6,65.16666666666667,2,0,47.0,30.0,94.0,94.0,67.0,59.0
314840,Paulistas,MG,Minas Gerais,SUDESTE,4402,3,3,6.815084052703317,1467.3333333333333,0.0,4429,2812.0,63.49062993903816,6,83.33333333333333,0,0,61.0,63.0,94.0,100.0,88.0,94.0
314850,Pavão,MG,Minas Gerais,SUDESTE,8143,4,4,4.912194522903107,2035.75,0.0,8168,5203.0,63.6998041136141,6,74.33333333333333,1,0,46.0,60.0,90.0,55.0,95.0,100.0
314870,Pedra Azul,MG,Minas Gerais,SUDESTE,25045,8,8,3.194250349371132,3130.625,0.0,24999,13719.0,54.87819512780511,6,72.5,2,0,41.0,48.0,91.0,93.0,68.0,94.0
314875,Pedra Bonita,MG,Minas Gerais,SUDESTE,7599,4,4,5.263850506645611,1899.75,0.0,7559,5091.0,67.35017859505226,6,66.0,2,1,15.0,47.0,83.0,88.0,63.0,100.0
314900,Pedra Dourada,MG,Minas Gerais,SUDESTE,2916,2,2,6.858710562414266,1458.0,0.0,2883,1765.0,61.220950398890054,6,68.16666666666667,1,1,61.0,3.0,100.0,78.0,67.0,100.0
314880,Pedra do Anta,MG,Minas Gerais,SUDESTE,3366,3,3,8.9126559714795,1122.0,0.0,3371,2099.0,62.26638979531296,6,81.16666666666667,1,0,47.0,54.0,100.0,100.0,86.0,100.0
314890,Pedra do Indaiá,MG,Minas Gerais,SUDESTE,4247,3,2,7.0638097480574515,1415.6666666666667,0.0,4232,1739.0,41.09168241965973,6,73.0,1,0,37.0,55.0,77.0,92.0,77.0,100.0
314910,Pedralva,MG,Minas Gerais,SUDESTE,10891,5,5,4.59094665319989,2178.2,0.0,10924,5244.0,48.00439399487367,6,86.66666666666667,0,0,54.0,87.0,94.0,97.0,88.0,100.0
314915,Pedras de Maria da Cruz,MG,Minas Gerais,SUDESTE,10601,8,8,7.54645788133195,1325.125,0.0,10619,5631.0,53.027592051982296,6,65.0,2,1,33.0,13.0,91.0,91.0,71.0,91.0
314920,Pedrinópolis,MG,Minas Gerais,SUDESTE,3398,1,1,2.942907592701589,3398.0,0.0,3404,1498.0,44.00705052878966,6,72.83333333333333,2,2,29.0,22.0,100.0,100.0,86.0,100.0
314930,Pedro Leopoldo,MG,Minas Gerais,SUDESTE,65174,22,21,3.3755792187068465,2962.4545454545455,0.0,64910,17571.0,27.06978893853027,6,24.0,5,4,17.0,8.0,10.0,34.0,23.0,52.0
314940,Pedro Teixeira,MG,Minas Gerais,SUDESTE,1857,1,1,5.385029617662897,1857.0,0.0,1854,1031.0,55.609492988133766,6,58.5,2,1,52.0,32.0,100.0,100.0,0.0,67.0
314950,Pequeri,MG,Minas Gerais,SUDESTE,3461,2,2,5.778676683039584,1730.5,0.0,3448,1728.0,50.11600928074246,6,55.0,2,1,33.0,5.0,73.0,64.0,64.0,91.0
314960,Pequi,MG,Minas Gerais,SUDESTE,4265,3,3,7.033997655334114,1421.6666666666667,0.0,4258,2139.0,50.234852043212776,6,72.16666666666667,1,0,46.0,77.0,70.0,70.0,70.0,100.0
314970,Perdigão,MG,Minas Gerais,SUDESTE,13118,6,6,4.573867967678,2186.3333333333335,0.0,12925,4335.0,33.539651837524175,6,74.66666666666667,0,0,64.0,71.0,78.0,78.0,59.0,98.0
314980,Perdizes,MG,Minas Gerais,SUDESTE,17992,7,6,3.8906180524677634,2570.285714285714,0.0,17830,7194.0,40.34772854739204,6,52.5,3,2,20.0,8.0,46.0,91.0,57.0,93.0
314990,Perdões,MG,Minas Gerais,SUDESTE,22075,11,11,4.983012457531144,2006.8181818181818,0.0,21991,7582.0,34.47774089400209,6,39.333333333333336,5,3,17.0,18.0,24.0,39.0,46.0,92.0
314995,Periquito,MG,Minas Gerais,SUDESTE,6624,4,3,6.038647342995168,1656.0,0.0,6647,3924.0,59.03415074469686,6,47.833333333333336,4,1,35.0,28.0,39.0,61.0,45.0,79.0
315000,Pescador,MG,Minas Gerais,SUDESTE,3559,2,2,5.61955605507165,1779.5,0.0,3587,2398.0,66.85252299972122,6,83.16666666666667,1,0,47.0,83.0,100.0,93.0,87.0,89.0
314860,Peçanha,MG,Minas Gerais,SUDESTE,17863,2,2,1.1196327604545708,8931.5,2.0039642108945426,17843,9099.0,50.99478787199462,6,60.5,2,0,68.0,45.0,66.0,66.0,41.0,77.0
315010,Piau,MG,Minas Gerais,SUDESTE,2854,1,1,3.50385423966363,2854.0,0.0,2854,1707.0,59.810791871058164,6,48.333333333333336,3,2,32.0,20.0,25.0,63.0,50.0,100.0
315015,Piedade de Caratinga,MG,Minas Gerais,SUDESTE,8966,4,4,4.461298237787196,2241.5,0.0,8883,5881.0,66.20511088596194,6,73.0,1,0,48.0,63.0,77.0,80.0,77.0,93.0
315020,Piedade de Ponte Nova,MG,Minas Gerais,SUDESTE,4054,3,3,7.400098667982239,1351.3333333333333,0.0,4056,1868.0,46.0552268244576,6,84.83333333333333,1,0,49.0,79.0,100.0,100.0,81.0,100.0
315030,Piedade do Rio Grande,MG,Minas Gerais,SUDESTE,4694,3,3,6.391137622496805,1564.6666666666667,0.0,4697,2225.0,47.370662124760486,6,62.666666666666664,1,0,50.0,34.0,64.0,57.0,71.0,100.0
315040,Piedade dos Gerais,MG,Minas Gerais,SUDESTE,5199,4,4,7.693787266782073,1299.75,0.0,5175,3011.0,58.18357487922705,6,74.16666666666667,2,1,45.0,21.0,93.0,93.0,93.0,100.0
315050,Pimenta,MG,Minas Gerais,SUDESTE,8817,3,3,3.402517863218782,2939.0,0.0,8794,3488.0,39.663406868319306,6,67.16666666666667,2,0,44.0,40.0,70.0,85.0,67.0,97.0
315053,Pingo-d'Água,MG,Minas Gerais,SUDESTE,4864,2,2,4.1118421052631575,2432.0,0.0,4845,2733.0,56.408668730650156,6,52.666666666666664,3,2,25.0,20.0,53.0,71.0,47.0,100.0
315057,Pintópolis,MG,Minas Gerais,SUDESTE,7228,1,1,1.383508577753182,7228.0,0.6201451780969466,7231,4757.0,65.7861983128198,6,64.66666666666667,2,0,44.0,33.0,77.0,80.0,63.0,91.0
315060,Piracema,MG,Minas Gerais,SUDESTE,6905,4,4,5.792903692976104,1726.25,0.0,6884,2643.0,38.39337594421848,6,54.833333333333336,3,2,24.0,10.0,78.0,91.0,48.0,78.0
315070,Pirajuba,MG,Minas Gerais,SUDESTE,5814,1,1,1.7199862401100792,5814.0,0.30319923429104123,5762,2606.0,45.22735161402291,6,45.5,4,1,31.0,55.0,35.0,30.0,22.0,100.0
315080,Piranga,MG,Minas Gerais,SUDESTE,17358,1,1,0.5761032377001959,17358.0,2.8907692309638624,17360,9502.0,54.73502304147465,6,80.83333333333333,1,0,71.0,49.0,93.0,88.0,86.0,98.0
315100,Piranguinho,MG,Minas Gerais,SUDESTE,9518,1,1,1.0506408909434755,9518.0,1.1334451860994377,9451,3939.0,41.67812929848693,6,58.333333333333336,2,1,26.0,36.0,63.0,71.0,54.0,100.0
315090,Piranguçu,MG,Minas Gerais,SUDESTE,6320,4,4,6.329113924050633,1580.0,0.0,6271,2794.0,44.55429756019774,6,44.166666666666664,4,2,37.0,8.0,33.0,60.0,27.0,100.0
315110,Pirapetinga,MG,Minas Gerais,SUDESTE,11454,4,4,3.4922297887200977,2863.5,0.0,11408,4398.0,38.55189340813464,6,35.0,5,2,40.0,17.0,39.0,37.0,16.0,61.0
315120,Pirapora,MG,Minas Gerais,SUDESTE,57713,20,20,3.465423734687159,2885.65,0.0,57543,24393.0,42.39090766904749,6,60.333333333333336,3,0,42.0,48.0,64.0,71.0,40.0,97.0
315130,Piraúba,MG,Minas Gerais,SUDESTE,12006,7,7,5.830418124271198,1715.142857142857,0.0,11958,5035.0,42.10570329486536,6,60.166666666666664,2,1,34.0,19.0,66.0,62.0,83.0,97.0
315140,Pitangui,MG,Minas Gerais,SUDESTE,27834,11,11,3.952001149673062,2530.3636363636365,0.0,27734,10684.0,38.523112425182084,6,53.333333333333336,3,0,36.0,30.0,51.0,65.0,45.0,93.0
315150,Piumhi,MG,Minas Gerais,SUDESTE,38007,16,16,4.209750835372431,2375.4375,0.0,37742,14646.0,38.80557469132531,6,74.0,0,0,55.0,60.0,80.0,80.0,72.0,97.0
315160,Planura,MG,Minas Gerais,SUDESTE,11533,5,5,4.3353854157634615,2306.6,0.0,11484,4937.0,42.990247300592124,6,42.333333333333336,5,2,12.0,16.0,40.0,48.0,38.0,100.0
315190,Pocrane,MG,Minas Gerais,SUDESTE,8438,4,4,4.740459824602986,2109.5,0.0,8468,5406.0,63.840340103920646,6,61.833333333333336,2,1,24.0,67.0,75.0,65.0,40.0,100.0
315200,Pompéu,MG,Minas Gerais,SUDESTE,32441,10,8,3.0825190345550384,3244.1,0.0,32305,13333.0,41.272248877882674,6,61.166666666666664,2,1,42.0,24.0,72.0,80.0,55.0,94.0
315210,Ponte Nova,MG,Minas Gerais,SUDESTE,59638,15,11,2.5151748884939136,3975.866666666667,0.0,59569,20972.0,35.20623142909903,6,42.0,5,1,26.0,31.0,43.0,47.0,32.0,73.0
315213,Ponto Chique,MG,Minas Gerais,SUDESTE,3797,4,4,10.534632604687912,949.25,0.0,3807,2542.0,66.77173627528238,6,54.666666666666664,5,0,48.0,47.0,46.0,46.0,46.0,95.0
315217,Ponto dos Volantes,MG,Minas Gerais,SUDESTE,11059,7,7,6.329686228411249,1579.857142857143,0.0,11077,6715.0,60.62110679786946,6,83.5,1,0,49.0,79.0,98.0,95.0,80.0,100.0
315220,Porteirinha,MG,Minas Gerais,SUDESTE,38692,17,17,4.393673110720562,2276.0,0.0,38668,22226.0,57.479052446467364,6,65.33333333333333,1,0,45.0,51.0,66.0,71.0,63.0,96.0
315230,Porto Firme,MG,Minas Gerais,SUDESTE,10840,6,5,5.535055350553505,1806.6666666666667,0.0,10825,6055.0,55.93533487297921,6,59.833333333333336,2,0,49.0,44.0,68.0,52.0,52.0,94.0
315240,Poté,MG,Minas Gerais,SUDESTE,13649,7,6,5.128580848413803,1949.857142857143,0.0,13751,7639.0,55.55232346738419,6,62.666666666666664,2,0,48.0,43.0,67.0,61.0,57.0,100.0
315250,Pouso Alegre,MG,Minas Gerais,SUDESTE,162133,27,26,1.6652994763558313,6004.925925925926,9.341864715051495,160751,42957.0,26.722695348707003,6,49.5,4,0,40.0,33.0,43.0,59.0,32.0,90.0
315260,Pouso Alto,MG,Minas Gerais,SUDESTE,6779,2,2,2.950287653046172,3389.5,0.0,6755,2662.0,39.40784603997039,6,52.5,3,1,41.0,9.0,45.0,55.0,65.0,100.0
315170,Poço Fundo,MG,Minas Gerais,SUDESTE,16824,7,7,4.160722776985259,2403.4285714285716,0.0,16791,6193.0,36.88285390983265,6,54.0,4,0,45.0,43.0,51.0,49.0,38.0,98.0
315180,Poços de Caldas,MG,Minas Gerais,SUDESTE,172339,41,37,2.379032024092051,4203.390243902439,0.0,171533,48233.0,28.118787638530197,6,44.0,4,2,29.0,24.0,38.0,57.0,41.0,75.0
315270,Prados,MG,Minas Gerais,SUDESTE,9369,3,3,3.2020493115593975,3123.0,0.0,9327,3489.0,37.407526535863624,6,59.333333333333336,2,0,43.0,75.0,50.0,58.0,33.0,97.0
315280,Prata,MG,Minas Gerais,SUDESTE,29745,9,8,3.02571860816944,3305.0,0.0,29578,8962.0,30.29954696057881,6,63.5,3,0,39.0,43.0,78.0,80.0,48.0,93.0
315300,Pratinha,MG,Minas Gerais,SUDESTE,3691,2,2,5.41858574911948,1845.5,0.0,3673,1751.0,47.6722025592159,6,48.0,4,2,38.0,70.0,40.0,20.0,20.0,100.0
315290,Pratápolis,MG,Minas Gerais,SUDESTE,8534,5,5,5.858917272088118,1706.8,0.0,8551,3624.0,42.38100806923167,6,46.5,3,2,34.0,8.0,23.0,82.0,64.0,68.0
315310,Presidente Bernardes,MG,Minas Gerais,SUDESTE,4847,4,4,8.252527336496803,1211.75,0.0,4883,3148.0,64.46856440712678,6,61.5,1,1,66.0,13.0,70.0,70.0,50.0,100.0
315320,Presidente Juscelino,MG,Minas Gerais,SUDESTE,3471,1,1,2.881014116969173,3471.0,0.0,3493,1759.0,50.357858574291434,6,68.33333333333333,2,0,62.0,36.0,100.0,100.0,82.0,30.0
315330,Presidente Kubitschek,MG,Minas Gerais,SUDESTE,3162,2,2,6.325110689437065,1581.0,0.0,3154,1686.0,53.455928979074194,6,63.666666666666664,1,0,34.0,69.0,67.0,56.0,56.0,100.0
315340,Presidente Olegário,MG,Minas Gerais,SUDESTE,19192,8,8,4.168403501458942,2399.0,0.0,19177,7292.0,38.024717109036864,6,55.333333333333336,2,0,46.0,37.0,63.0,57.0,52.0,77.0
315360,Prudente de Morais,MG,Minas Gerais,SUDESTE,12052,6,5,4.978426817125788,2008.6666666666667,0.0,11940,4378.0,36.666666666666664,6,62.0,2,0,54.0,36.0,52.0,88.0,45.0,97.0
315370,Quartel Geral,MG,Minas Gerais,SUDESTE,3232,1,1,3.094059405940594,3232.0,0.0,3237,1720.0,53.135619400679644,6,39.833333333333336,4,4,24.0,23.0,25.0,25.0,50.0,92.0
315380,Queluzito,MG,Minas Gerais,SUDESTE,1796,1,1,5.567928730512249,1796.0,0.0,1800,879.0,48.833333333333336,6,42.666666666666664,5,1,44.0,46.0,33.0,0.0,33.0,100.0
315390,Raposos,MG,Minas Gerais,SUDESTE,16796,4,4,2.3815194093831864,4199.0,0.0,16735,4746.0,28.359725126979384,6,19.833333333333332,5,4,13.0,2.0,4.0,32.0,4.0,64.0
315400,Raul Soares,MG,Minas Gerais,SUDESTE,23874,9,9,3.7697914048755967,2652.6666666666665,0.0,23882,12068.0,50.53178125785111,6,61.333333333333336,1,0,47.0,61.0,54.0,54.0,53.0,99.0
315410,Recreio,MG,Minas Gerais,SUDESTE,11383,4,4,3.5140121233418258,2845.75,0.0,11337,4635.0,40.883831701508335,6,52.666666666666664,2,1,40.0,9.0,50.0,72.0,50.0,95.0
315415,Reduto,MG,Minas Gerais,SUDESTE,8246,5,5,6.06354596167839,1649.2,0.0,8170,3545.0,43.39045287637699,6,41.166666666666664,3,3,17.0,24.0,56.0,56.0,22.0,72.0
315420,Resende Costa,MG,Minas Gerais,SUDESTE,11544,5,5,4.331254331254331,2308.8,0.0,11520,4275.0,37.109375,6,62.166666666666664,2,1,36.0,5.0,88.0,97.0,53.0,94.0
315430,Resplendor,MG,Minas Gerais,SUDESTE,17629,6,6,3.40348289749844,2938.1666666666665,0.0,17612,8097.0,45.97433568021803,6,74.66666666666667,2,0,39.0,48.0,81.0,98.0,84.0,98.0
315440,Ressaquinha,MG,Minas Gerais,SUDESTE,4640,5,5,10.775862068965518,928.0,0.0,4641,2592.0,55.85003232062056,6,44.333333333333336,5,0,35.0,31.0,31.0,46.0,31.0,92.0
315445,Riachinho,MG,Minas Gerais,SUDESTE,6830,6,6,8.784773060029282,1138.3333333333333,0.0,6890,4633.0,67.24238026124819,6,72.66666666666667,1,0,43.0,58.0,86.0,93.0,86.0,70.0
315450,Riacho dos Machados,MG,Minas Gerais,SUDESTE,8858,6,5,6.773538044705351,1476.3333333333333,0.0,8886,4981.0,56.05446770200315,6,70.16666666666667,2,0,47.0,38.0,79.0,91.0,66.0,100.0
315470,Ribeirão Vermelho,MG,Minas Gerais,SUDESTE,4217,3,3,7.114062129475931,1405.6666666666667,0.0,4201,1916.0,45.6081885265413,6,41.333333333333336,5,2,34.0,24.0,20.0,30.0,40.0,100.0
315460,Ribeirão das Neves,MG,Minas Gerais,SUDESTE,346971,72,70,2.075101377348539,4819.041666666667,5.773020557481406,344828,77563.0,22.49324300810839,6,27.166666666666668,5,4,12.0,5.0,13.0,42.0,24.0,67.0
315480,Rio Acima,MG,Minas Gerais,SUDESTE,10698,3,3,2.8042624789680315,3566.0,0.0,10626,3580.0,33.690946734425,6,22.666666666666668,5,5,8.0,9.0,18.0,9.0,3.0,89.0
315490,Rio Casca,MG,Minas Gerais,SUDESTE,12851,7,7,5.447046922418489,1835.857142857143,0.0,12921,6262.0,48.46374119650182,6,70.5,2,0,44.0,49.0,92.0,86.0,76.0,76.0
315500,Rio Doce,MG,Minas Gerais,SUDESTE,2545,2,2,7.858546168958743,1272.5,0.0,2542,1402.0,55.15342250196695,6,78.0,1,0,92.0,76.0,80.0,80.0,40.0,100.0
315520,Rio Espera,MG,Minas Gerais,SUDESTE,5447,1,1,1.8358729575913346,5447.0,0.22093674392557655,5479,3182.0,58.076291294031755,6,37.166666666666664,5,2,32.0,3.0,7.0,47.0,40.0,94.0
315530,Rio Manso,MG,Minas Gerais,SUDESTE,5746,3,3,5.221023320570832,1915.3333333333333,0.0,5727,2715.0,47.40701938187533,6,42.833333333333336,4,3,19.0,15.0,25.0,45.0,70.0,83.0
315540,Rio Novo,MG,Minas Gerais,SUDESTE,8683,4,4,4.606702752504894,2170.75,0.0,8689,3893.0,44.80377488778916,6,50.5,2,2,26.0,11.0,71.0,71.0,53.0,71.0
315550,Rio Paranaíba,MG,Minas Gerais,SUDESTE,15297,5,5,3.268614761064261,3059.4,0.0,15143,5914.0,39.05434854388166,6,67.66666666666667,2,1,33.0,17.0,96.0,90.0,73.0,97.0
315560,Rio Pardo de Minas,MG,Minas Gerais,SUDESTE,29103,16,15,5.4977150121980545,1818.9375,0.0,29123,17931.0,61.569893211551005,6,78.16666666666667,0,0,62.0,53.0,93.0,93.0,68.0,100.0
315570,Rio Piracicaba,MG,Minas Gerais,SUDESTE,15036,3,3,1.9952114924181965,5012.0,0.37029647175784225,15001,6402.0,42.67715485634291,6,61.333333333333336,2,0,46.0,32.0,73.0,64.0,53.0,100.0
315580,Rio Pomba,MG,Minas Gerais,SUDESTE,17885,7,7,3.913894324853229,2555.0,0.0,17856,7682.0,43.02195340501792,6,70.33333333333333,2,0,45.0,46.0,68.0,98.0,68.0,97.0
315590,Rio Preto,MG,Minas Gerais,SUDESTE,5235,4,4,7.640878701050621,1308.75,0.0,5240,2508.0,47.862595419847324,6,48.333333333333336,3,2,36.0,2.0,25.0,88.0,50.0,89.0
315600,Rio Vermelho,MG,Minas Gerais,SUDESTE,12770,5,5,3.9154267815191854,2554.0,0.0,12815,7260.0,56.65236051502146,6,78.0,1,0,43.0,64.0,92.0,92.0,77.0,100.0
315510,Rio do Prado,MG,Minas Gerais,SUDESTE,4649,4,4,8.604000860400086,1162.25,0.0,4679,3348.0,71.5537508014533,6,61.166666666666664,2,1,38.0,7.0,89.0,89.0,89.0,55.0
315610,Ritápolis,MG,Minas Gerais,SUDESTE,5122,2,2,3.904724716907458,2561.0,0.0,5115,2490.0,48.68035190615836,6,23.0,5,3,31.0,7.0,36.0,0.0,0.0,64.0
315620,Rochedo de Minas,MG,Minas Gerais,SUDESTE,2374,1,1,4.212299915754001,2374.0,0.0,2363,1400.0,59.24672027084215,6,43.333333333333336,2,2,50.0,2.0,50.0,25.0,50.0,83.0
315630,Rodeiro,MG,Minas Gerais,SUDESTE,9168,4,4,4.363001745200698,2292.0,0.0,9064,3360.0,37.06972639011474,6,62.666666666666664,2,1,30.0,24.0,85.0,93.0,67.0,77.0
315640,Romaria,MG,Minas Gerais,SUDESTE,3430,1,1,2.9154518950437316,3430.0,0.0,3440,1300.0,37.7906976744186,6,75.5,1,0,43.0,54.0,91.0,91.0,91.0,83.0
315645,Rosário da Limeira,MG,Minas Gerais,SUDESTE,4926,2,2,4.0600893219650835,2463.0,0.0,4896,2368.0,48.36601307189542,6,58.166666666666664,3,2,28.0,30.0,73.0,100.0,18.0,100.0
315650,Rubelita,MG,Minas Gerais,SUDESTE,5460,5,5,9.157509157509157,1092.0,0.0,5572,3931.0,70.5491744436468,6,55.833333333333336,2,1,37.0,5.0,79.0,50.0,64.0,100.0
315660,Rubim,MG,Minas Gerais,SUDESTE,10602,5,5,4.716091303527636,2120.4,0.0,10575,5306.0,50.174940898345156,6,78.83333333333333,1,0,45.0,56.0,86.0,95.0,91.0,100.0
315670,Sabará,MG,Minas Gerais,SUDESTE,134576,22,21,1.6347639995244323,6117.090909090909,8.16500518643811,134286,42236.0,31.452273505801053,6,32.666666666666664,5,4,24.0,7.0,22.0,36.0,22.0,85.0
315680,Sabinópolis,MG,Minas Gerais,SUDESTE,14309,7,6,4.892025997623874,2044.142857142857,0.0,14382,7949.0,55.27047698512029,6,60.166666666666664,2,0,48.0,36.0,61.0,65.0,51.0,100.0
315690,Sacramento,MG,Minas Gerais,SUDESTE,28076,11,9,3.917937028066676,2552.3636363636365,0.0,27891,10358.0,37.13742784410742,6,60.666666666666664,2,1,34.0,16.0,74.0,77.0,67.0,96.0
315700,Salinas,MG,Minas Gerais,SUDESTE,41736,13,13,3.114816944604179,3210.4615384615386,0.0,41641,21423.0,51.44689128503158,6,67.16666666666667,2,0,35.0,36.0,86.0,95.0,55.0,96.0
315710,Salto da Divisa,MG,Minas Gerais,SUDESTE,6126,3,3,4.897159647404505,2042.0,0.0,6164,3652.0,59.24724205061648,6,46.5,4,2,23.0,37.0,56.0,38.0,25.0,100.0
315720,Santa Bárbara,MG,Minas Gerais,SUDESTE,31916,11,11,3.446547186364206,2901.4545454545455,0.0,31756,12490.0,39.331150018894064,6,49.333333333333336,3,1,36.0,27.0,53.0,51.0,31.0,98.0
315725,Santa Bárbara do Leste,MG,Minas Gerais,SUDESTE,8785,2,2,2.2766078542970973,4392.5,0.0,8737,5070.0,58.029071763763305,6,64.5,2,0,42.0,37.0,91.0,65.0,52.0,100.0
315727,Santa Bárbara do Monte Verde,MG,Minas Gerais,SUDESTE,3218,2,2,6.215040397762585,1609.0,0.0,3199,1703.0,53.23538605814318,6,31.166666666666668,5,4,10.0,1.0,25.0,25.0,38.0,88.0
315730,Santa Bárbara do Tugúrio,MG,Minas Gerais,SUDESTE,4245,1,1,2.3557126030624262,4245.0,0.0,4262,2136.0,50.11731581417175,6,52.833333333333336,3,2,24.0,13.0,80.0,70.0,30.0,100.0
315733,Santa Cruz de Minas,MG,Minas Gerais,SUDESTE,8339,4,4,4.796738218011752,2084.75,0.0,8321,3757.0,45.15082321836318,6,28.666666666666668,5,4,29.0,6.0,0.0,30.0,10.0,97.0
315737,Santa Cruz de Salinas,MG,Minas Gerais,SUDESTE,3919,2,2,5.103342689461597,1959.5,0.0,3944,2866.0,72.66734279918865,6,62.166666666666664,2,1,45.0,24.0,62.0,81.0,67.0,94.0
315740,Santa Cruz do Escalvado,MG,Minas Gerais,SUDESTE,4728,2,2,4.230118443316413,2364.0,0.0,4743,2541.0,53.573687539531946,6,38.166666666666664,4,3,25.0,4.0,42.0,0.0,58.0,100.0
315750,Santa Efigênia de Minas,MG,Minas Gerais,SUDESTE,4038,3,3,7.429420505200594,1346.0,0.0,4067,2847.0,70.00245881485124,6,57.0,2,2,16.0,27.0,64.0,71.0,64.0,100.0
315760,Santa Fé de Minas,MG,Minas Gerais,SUDESTE,3528,3,3,8.503401360544217,1176.0,0.0,3551,1853.0,52.1824838073782,6,42.166666666666664,4,1,47.0,52.0,27.0,55.0,36.0,36.0
315765,Santa Helena de Minas,MG,Minas Gerais,SUDESTE,6056,4,4,6.605019815059445,1514.0,0.0,6059,3883.0,64.08648291797327,6,57.166666666666664,1,0,56.0,69.0,54.0,64.0,46.0,54.0
315770,Santa Juliana,MG,Minas Gerais,SUDESTE,16820,3,2,1.78359096313912,5606.666666666667,0.7701773513545433,16568,5853.0,35.327136648961854,6,53.0,3,2,20.0,13.0,31.0,88.0,70.0,96.0
315780,Santa Luzia,MG,Minas Gerais,SUDESTE,230382,34,32,1.4758097420805445,6775.941176470588,17.639773992851506,229483,85981.0,37.46726337027144,6,31.333333333333332,5,3,17.0,8.0,28.0,39.0,31.0,65.0
315790,Santa Margarida,MG,Minas Gerais,SUDESTE,16989,2,2,1.177232326799694,8494.5,1.8080584436481768,16903,10797.0,63.876234987871975,6,77.5,1,0,38.0,79.0,95.0,79.0,75.0,99.0
315800,Santa Maria de Itabira,MG,Minas Gerais,SUDESTE,10718,3,3,2.799029669714499,3572.6666666666665,0.0,10716,4255.0,39.70698021649869,6,49.666666666666664,3,1,30.0,12.0,72.0,36.0,75.0,73.0
315810,Santa Maria do Salto,MG,Minas Gerais,SUDESTE,4777,2,2,4.186728072011723,2388.5,0.0,4803,3105.0,64.64709556527171,6,34.833333333333336,4,3,21.0,2.0,43.0,50.0,14.0,79.0
315820,Santa Maria do Suaçuí,MG,Minas Gerais,SUDESTE,12817,1,1,0.7802137785753296,12817.0,1.8729110054881797,12898,7425.0,57.567064661187786,6,55.666666666666664,2,1,42.0,29.0,63.0,67.0,54.0,79.0
315920,Santa Rita de Caldas,MG,Minas Gerais,SUDESTE,8561,4,4,4.672351360822334,2140.25,0.0,8588,3610.0,42.0353982300885,6,53.333333333333336,4,0,47.0,49.0,48.0,52.0,44.0,80.0
315940,Santa Rita de Ibitipoca,MG,Minas Gerais,SUDESTE,3331,1,1,3.0021014710297207,3331.0,0.0,3344,1915.0,57.26674641148325,6,65.16666666666667,2,0,36.0,43.0,78.0,67.0,67.0,100.0
315930,Santa Rita de Jacutinga,MG,Minas Gerais,SUDESTE,4826,3,2,6.216328222130128,1608.6666666666667,0.0,4836,2176.0,44.995864350703066,6,22.333333333333332,5,5,13.0,0.0,0.0,29.0,0.0,92.0
315935,Santa Rita de Minas,MG,Minas Gerais,SUDESTE,6969,4,4,5.739704405223131,1742.25,0.0,6952,3427.0,49.295166858457996,6,60.5,2,0,33.0,39.0,64.0,72.0,64.0,91.0
315950,Santa Rita do Itueto,MG,Minas Gerais,SUDESTE,5984,3,3,5.0133689839572195,1994.6666666666667,0.0,5973,3685.0,61.69429097605893,6,82.66666666666667,0,0,56.0,75.0,87.0,87.0,91.0,100.0
315960,Santa Rita do Sapucaí,MG,Minas Gerais,SUDESTE,42517,12,12,2.8224004515840724,3543.0833333333335,0.0,42320,13574.0,32.07466918714556,6,49.833333333333336,4,1,34.0,24.0,35.0,64.0,47.0,95.0
315970,Santa Rosa da Serra,MG,Minas Gerais,SUDESTE,3487,1,1,2.867794665901921,3487.0,0.0,3476,1666.0,47.92865362485615,6,53.333333333333336,3,1,31.0,28.0,56.0,67.0,44.0,94.0
315980,Santa Vitória,MG,Minas Gerais,SUDESTE,21914,7,7,3.1943050104955737,3130.5714285714284,0.0,21745,8477.0,38.98367440790986,6,44.666666666666664,3,2,29.0,11.0,61.0,56.0,41.0,70.0
315830,Santana da Vargem,MG,Minas Gerais,SUDESTE,6756,4,4,5.920663114268797,1689.0,0.0,6781,2837.0,41.83748709629848,6,47.833333333333336,4,2,37.0,27.0,48.0,57.0,22.0,96.0
315840,Santana de Cataguases,MG,Minas Gerais,SUDESTE,3548,2,2,5.636978579481398,1774.0,0.0,3553,1902.0,53.53222628764425,6,43.166666666666664,4,2,32.0,70.0,43.0,14.0,0.0,100.0
315850,Santana de Pirapama,MG,Minas Gerais,SUDESTE,7030,5,3,7.112375533428166,1406.0,0.0,7079,4193.0,59.23152987710129,6,54.0,3,1,42.0,5.0,50.0,94.0,38.0,95.0
315860,Santana do Deserto,MG,Minas Gerais,SUDESTE,3815,1,1,2.621231979030144,3815.0,0.0,3819,1485.0,38.884524744697565,6,19.833333333333332,5,5,14.0,5.0,0.0,0.0,0.0,100.0
315870,Santana do Garambéu,MG,Minas Gerais,SUDESTE,2171,1,1,4.606172270842929,2171.0,0.0,2175,1532.0,70.43678160919539,6,74.16666666666667,2,0,39.0,46.0,80.0,100.0,80.0,100.0
315880,Santana do Jacaré,MG,Minas Gerais,SUDESTE,4246,3,3,7.06547338671691,1415.3333333333333,0.0,4265,2396.0,56.17819460726846,6,50.5,3,1,27.0,49.0,60.0,67.0,53.0,47.0
315890,Santana do Manhuaçu,MG,Minas Gerais,SUDESTE,9264,1,1,1.079447322970639,9264.0,1.076511473421432,9236,4510.0,48.830662624512776,6,62.5,2,1,36.0,28.0,64.0,79.0,68.0,100.0
315895,Santana do Paraíso,MG,Minas Gerais,SUDESTE,49025,14,14,2.855685874553799,3501.785714285714,0.0,48286,15498.0,32.096259785445056,6,59.666666666666664,1,0,31.0,55.0,59.0,66.0,54.0,93.0
315900,Santana do Riacho,MG,Minas Gerais,SUDESTE,5654,3,3,5.3059780686239835,1884.6666666666667,0.0,5579,2559.0,45.86843520344148,6,50.666666666666664,3,2,38.0,16.0,56.0,72.0,22.0,100.0
315910,Santana dos Montes,MG,Minas Gerais,SUDESTE,3490,2,2,5.730659025787965,1745.0,0.0,3507,1999.0,57.00028514399772,6,39.666666666666664,4,2,40.0,20.0,67.0,11.0,56.0,44.0
315990,Santo Antônio do Amparo,MG,Minas Gerais,SUDESTE,17657,6,6,3.3980857450302997,2942.8333333333335,0.0,17651,8128.0,46.048382527902106,6,66.0,2,0,48.0,30.0,76.0,83.0,67.0,92.0
316000,Santo Antônio do Aventureiro,MG,Minas Gerais,SUDESTE,3896,3,3,7.7002053388090355,1298.6666666666667,0.0,3881,1856.0,47.822726101520225,6,58.166666666666664,3,2,21.0,28.0,40.0,80.0,80.0,100.0
316010,Santo Antônio do Grama,MG,Minas Gerais,SUDESTE,4352,3,3,6.893382352941177,1450.6666666666667,0.0,4342,2047.0,47.14417319207738,6,37.5,5,1,34.0,11.0,40.0,47.0,33.0,60.0
316020,Santo Antônio do Itambé,MG,Minas Gerais,SUDESTE,3969,3,3,7.558578987150416,1323.0,0.0,3979,2236.0,56.19502387534556,6,64.33333333333333,2,1,42.0,27.0,70.0,80.0,80.0,87.0
316030,Santo Antônio do Jacinto,MG,Minas Gerais,SUDESTE,10324,5,5,4.843084075939559,2064.8,0.0,10397,7388.0,71.05895931518708,6,58.833333333333336,2,2,27.0,20.0,68.0,94.0,65.0,79.0
316040,Santo Antônio do Monte,MG,Minas Gerais,SUDESTE,28456,13,13,4.568456564520663,2188.923076923077,0.0,28358,9219.0,32.50934480569857,6,70.0,0,0,51.0,50.0,76.0,86.0,70.0,87.0
316045,Santo Antônio do Retiro,MG,Minas Gerais,SUDESTE,6729,5,5,7.43052459503641,1345.8,0.0,6743,4569.0,67.75915764496516,6,68.33333333333333,2,1,49.0,29.0,79.0,89.0,74.0,90.0
316050,Santo Antônio do Rio Abaixo,MG,Minas Gerais,SUDESTE,1856,1,1,5.387931034482759,1856.0,0.0,1853,1096.0,59.147328656233135,6,67.66666666666667,3,0,47.0,37.0,89.0,44.0,89.0,100.0
316060,Santo Hipólito,MG,Minas Gerais,SUDESTE,2692,1,1,3.714710252600297,2692.0,0.0,2720,1798.0,66.10294117647058,6,56.833333333333336,2,2,84.0,73.0,50.0,17.0,17.0,100.0
316070,Santos Dumont,MG,Minas Gerais,SUDESTE,43218,20,20,4.627701420704336,2160.9,0.0,43392,15003.0,34.57549778761062,6,19.666666666666668,5,5,17.0,4.0,10.0,18.0,13.0,56.0
316540,Sapucaí-Mirim,MG,Minas Gerais,SUDESTE,6469,3,3,4.637501932292472,2156.3333333333335,0.0,6462,2928.0,45.31104921077066,6,71.66666666666667,1,0,50.0,36.0,83.0,91.0,70.0,100.0
316550,Sardoá,MG,Minas Gerais,SUDESTE,5140,2,2,3.891050583657588,2570.0,0.0,5164,3766.0,72.92796281951975,6,70.0,2,1,23.0,32.0,90.0,95.0,80.0,100.0
316553,Sarzedo,MG,Minas Gerais,SUDESTE,39974,11,11,2.7517886626307098,3634.0,0.0,39327,12248.0,31.143997762351567,6,44.666666666666664,5,0,40.0,33.0,38.0,47.0,37.0,73.0
316556,Sem-Peixe,MG,Minas Gerais,SUDESTE,2420,2,2,8.264462809917354,1210.0,0.0,2441,1385.0,56.73904137648505,6,61.666666666666664,3,2,28.0,42.0,80.0,100.0,20.0,100.0
316557,Senador Amaral,MG,Minas Gerais,SUDESTE,6517,3,3,4.6033450974374714,2172.3333333333335,0.0,6458,3766.0,58.31526788479405,6,72.33333333333333,1,1,24.0,65.0,79.0,85.0,81.0,100.0
316560,Senador Cortes,MG,Minas Gerais,SUDESTE,2335,2,2,8.565310492505352,1167.5,0.0,2319,935.0,40.319103061664514,6,32.666666666666664,5,3,43.0,20.0,33.0,0.0,0.0,100.0
316570,Senador Firmino,MG,Minas Gerais,SUDESTE,7977,5,4,6.268020559107433,1595.4,0.0,7945,4368.0,54.97797356828193,6,62.666666666666664,2,1,40.0,18.0,88.0,80.0,80.0,70.0
316580,Senador José Bento,MG,Minas Gerais,SUDESTE,2149,2,2,9.306654257794323,1074.5,0.0,2137,792.0,37.06130088909686,6,35.333333333333336,4,2,41.0,46.0,50.0,0.0,0.0,75.0
316590,Senador Modestino Gonçalves,MG,Minas Gerais,SUDESTE,4006,2,2,4.992511233150275,2003.0,0.0,4035,2545.0,63.073110285006194,6,78.33333333333333,1,0,52.0,36.0,100.0,100.0,90.0,92.0
316600,Senhora de Oliveira,MG,Minas Gerais,SUDESTE,5577,1,1,1.7930787161556392,5577.0,0.2500760456899101,5584,3328.0,59.598853868194844,6,78.16666666666667,1,0,40.0,53.0,94.0,94.0,88.0,100.0
316610,Senhora do Porto,MG,Minas Gerais,SUDESTE,3066,2,2,6.523157208088715,1533.0,0.0,3088,1781.0,57.67487046632125,6,43.0,3,1,15.0,33.0,50.0,50.0,40.0,70.0
316620,Senhora dos Remédios,MG,Minas Gerais,SUDESTE,10657,3,3,2.815051140095712,3552.3333333333335,0.0,10640,5990.0,56.29699248120301,6,70.16666666666667,2,0,47.0,34.0,100.0,61.0,83.0,96.0
316630,Sericita,MG,Minas Gerais,SUDESTE,7552,2,2,2.6483050847457625,3776.0,0.0,7536,4807.0,63.787154989384284,6,62.0,2,1,43.0,54.0,19.0,88.0,73.0,95.0
316640,Seritinga,MG,Minas Gerais,SUDESTE,1866,1,1,5.359056806002144,1866.0,0.0,1864,830.0,44.527896995708154,6,76.0,0,0,59.0,54.0,57.0,100.0,86.0,100.0
316650,Serra Azul de Minas,MG,Minas Gerais,SUDESTE,3808,1,1,2.6260504201680672,3808.0,0.0,3829,2679.0,69.96604857665186,6,69.33333333333333,1,0,41.0,74.0,64.0,86.0,57.0,94.0
316660,Serra da Saudade,MG,Minas Gerais,SUDESTE,856,1,1,11.682242990654204,856.0,0.0,854,274.0,32.08430913348946,6,55.166666666666664,3,3,20.0,11.0,100.0,100.0,0.0,100.0
316680,Serra do Salitre,MG,Minas Gerais,SUDESTE,12286,5,5,4.069672798307017,2457.2,0.0,12210,6038.0,49.451269451269454,6,62.833333333333336,2,0,41.0,31.0,89.0,72.0,72.0,72.0
316670,Serra dos Aimorés,MG,Minas Gerais,SUDESTE,6859,5,4,7.289692374981776,1371.8,0.0,6936,3945.0,56.877162629757784,6,76.66666666666667,0,0,58.0,51.0,90.0,90.0,71.0,100.0
316690,Serrania,MG,Minas Gerais,SUDESTE,7811,3,3,3.8407374215849446,2603.6666666666665,0.0,7802,3298.0,42.27121250961292,6,56.5,3,1,44.0,23.0,48.0,72.0,56.0,96.0
316700,Serranos,MG,Minas Gerais,SUDESTE,2036,1,1,4.911591355599214,2036.0,0.0,2035,1091.0,53.611793611793615,6,71.66666666666667,2,1,49.0,9.0,100.0,86.0,86.0,100.0
316695,Serranópolis de Minas,MG,Minas Gerais,SUDESTE,4497,4,4,8.8948187680676,1124.25,0.0,4496,2744.0,61.032028469750884,6,80.16666666666667,1,0,48.0,53.0,90.0,100.0,90.0,100.0
316710,Serro,MG,Minas Gerais,SUDESTE,22624,8,8,3.536067892503536,2828.0,0.0,22550,11042.0,48.966740576496676,6,54.5,4,0,41.0,38.0,48.0,60.0,40.0,100.0
316720,Sete Lagoas,MG,Minas Gerais,SUDESTE,238909,68,64,2.8462720115190305,3513.3676470588234,0.0,237931,72172.0,30.333163816400553,6,38.833333333333336,4,3,21.0,21.0,34.0,52.0,29.0,76.0
316555,Setubinha,MG,Minas Gerais,SUDESTE,9985,4,4,4.006009013520281,2496.25,0.0,10032,7668.0,76.43540669856459,6,52.833333333333336,4,1,24.0,41.0,61.0,49.0,44.0,98.0
316730,Silveirânia,MG,Minas Gerais,SUDESTE,2399,2,2,8.336807002917883,1199.5,0.0,2391,1344.0,56.2107904642409,6,51.0,3,1,49.0,7.0,60.0,40.0,60.0,90.0
316740,Silvianópolis,MG,Minas Gerais,SUDESTE,6348,2,2,3.15059861373661,3174.0,0.0,6336,3095.0,48.847853535353536,6,57.666666666666664,3,0,67.0,64.0,36.0,36.0,43.0,100.0
316760,Simonésia,MG,Minas Gerais,SUDESTE,20431,11,11,5.383975331603935,1857.3636363636363,0.0,20339,12315.0,60.548699542750384,6,62.333333333333336,2,0,44.0,32.0,69.0,60.0,73.0,96.0
316750,Simão Pereira,MG,Minas Gerais,SUDESTE,3084,2,2,6.485084306095979,1542.0,0.0,3060,1407.0,45.98039215686274,6,45.833333333333336,3,3,26.0,6.0,20.0,80.0,60.0,83.0
316770,Sobrália,MG,Minas Gerais,SUDESTE,5140,5,5,9.72762645914397,1028.0,0.0,5175,3264.0,63.07246376811594,6,53.0,4,0,46.0,64.0,33.0,47.0,40.0,88.0
316780,Soledade de Minas,MG,Minas Gerais,SUDESTE,5733,2,2,3.4885749171463454,2866.5,0.0,5733,2223.0,38.775510204081634,6,28.666666666666668,5,4,22.0,9.0,42.0,8.0,0.0,91.0
316080,São Bento Abade,MG,Minas Gerais,SUDESTE,4846,4,4,8.254230293025175,1211.5,0.0,4835,2359.0,48.79007238883143,6,60.333333333333336,1,0,50.0,32.0,50.0,65.0,65.0,100.0
316090,São Brás do Suaçuí,MG,Minas Gerais,SUDESTE,4161,1,1,2.403268445085316,4161.0,0.0,4133,1635.0,39.55964190660537,6,47.5,3,2,23.0,19.0,60.0,40.0,50.0,93.0
316095,São Domingos das Dores,MG,Minas Gerais,SUDESTE,5793,3,3,5.178663904712583,1931.0,0.0,5778,3644.0,63.066805122879884,6,74.0,0,0,52.0,64.0,73.0,81.0,77.0,97.0
316100,São Domingos do Prata,MG,Minas Gerais,SUDESTE,17783,2,2,1.1246696282966877,8891.5,1.9860323328857223,17771,7932.0,44.63451690957177,6,63.833333333333336,0,0,61.0,58.0,54.0,67.0,50.0,93.0
316110,São Francisco,MG,Minas Gerais,SUDESTE,54223,20,20,3.6884716817586636,2711.15,0.0,54239,34278.0,63.19806781098472,6,57.666666666666664,2,0,36.0,34.0,56.0,67.0,59.0,94.0
316120,São Francisco de Paula,MG,Minas Gerais,SUDESTE,6281,3,3,4.776309504855915,2093.6666666666665,0.0,6293,2811.0,44.66867948514222,6,77.33333333333333,1,0,47.0,56.0,95.0,76.0,90.0,100.0
316130,São Francisco de Sales,MG,Minas Gerais,SUDESTE,5858,3,3,5.121201775349949,1952.6666666666667,0.0,5857,2232.0,38.1082465425986,6,63.0,2,2,23.0,26.0,89.0,89.0,78.0,73.0
316140,São Francisco do Glória,MG,Minas Gerais,SUDESTE,4848,3,3,6.188118811881188,1616.0,0.0,4866,2441.0,50.16440608302507,6,81.16666666666667,1,0,42.0,65.0,100.0,100.0,80.0,100.0
316105,São Félix de Minas,MG,Minas Gerais,SUDESTE,3244,2,2,6.165228113440198,1622.0,0.0,3252,2108.0,64.82164821648216,6,53.833333333333336,3,1,38.0,12.0,82.0,64.0,82.0,45.0
316150,São Geraldo,MG,Minas Gerais,SUDESTE,10524,6,6,5.701254275940707,1754.0,0.0,10517,4287.0,40.76257487876771,6,42.333333333333336,4,3,24.0,1.0,67.0,44.0,28.0,90.0
316160,São Geraldo da Piedade,MG,Minas Gerais,SUDESTE,3200,2,2,6.25,1600.0,0.0,3258,2273.0,69.76672805402087,6,29.166666666666668,5,4,34.0,11.0,10.0,10.0,10.0,100.0
316165,São Geraldo do Baixio,MG,Minas Gerais,SUDESTE,3158,2,2,6.333122229259025,1579.0,0.0,3175,2081.0,65.54330708661418,6,62.166666666666664,2,0,34.0,33.0,67.0,89.0,56.0,94.0
316170,São Gonçalo do Abaeté,MG,Minas Gerais,SUDESTE,7515,3,3,3.992015968063872,2505.0,0.0,7521,3344.0,44.46217258343305,6,87.83333333333333,0,0,66.0,79.0,100.0,100.0,86.0,96.0
316180,São Gonçalo do Pará,MG,Minas Gerais,SUDESTE,12275,6,6,4.887983706720978,2045.8333333333333,0.0,12192,4460.0,36.58136482939632,6,73.83333333333333,1,0,44.0,58.0,88.0,88.0,68.0,97.0
316190,São Gonçalo do Rio Abaixo,MG,Minas Gerais,SUDESTE,12475,5,5,4.008016032064128,2495.0,0.0,12353,5397.0,43.689791953371646,6,62.0,2,1,42.0,26.0,76.0,78.0,67.0,83.0
312550,São Gonçalo do Rio Preto,MG,Minas Gerais,SUDESTE,3099,2,2,6.453694740238786,1549.5,0.0,3098,1863.0,60.135571336346025,6,62.833333333333336,3,0,48.0,30.0,100.0,67.0,44.0,88.0
316200,São Gonçalo do Sapucaí,MG,Minas Gerais,SUDESTE,24497,10,10,4.0821325060211455,2449.7,0.0,24480,8903.0,36.36846405228758,6,30.5,6,3,18.0,16.0,39.0,39.0,28.0,43.0
316210,São Gotardo,MG,Minas Gerais,SUDESTE,43851,15,15,3.420674557022645,2923.4,0.0,43309,14807.0,34.18919854995497,6,31.333333333333332,5,3,17.0,11.0,41.0,30.0,3.0,86.0
316292,São Joaquim de Bicas,MG,Minas Gerais,SUDESTE,37017,12,12,3.2417537887997407,3084.75,0.0,36496,15863.0,43.46503726435774,6,57.5,3,0,42.0,32.0,64.0,63.0,48.0,96.0
316294,São José da Barra,MG,Minas Gerais,SUDESTE,8145,4,4,4.910988336402701,2036.25,0.0,8084,3245.0,40.14101929737753,6,53.0,4,1,49.0,20.0,45.0,62.0,48.0,94.0
316295,São José da Lapa,MG,Minas Gerais,SUDESTE,28087,9,9,3.2043294050628406,3120.777777777778,0.0,27710,10276.0,37.084085167809455,6,38.5,4,3,23.0,20.0,31.0,50.0,17.0,90.0
316300,São José da Safira,MG,Minas Gerais,SUDESTE,3849,2,2,5.1961548454143935,1924.5,0.0,3861,2539.0,65.76016576016576,6,75.16666666666667,2,0,47.0,43.0,100.0,89.0,72.0,100.0
316310,São José da Varginha,MG,Minas Gerais,SUDESTE,4698,3,3,6.385696040868455,1566.0,0.0,4677,1791.0,38.29377806286081,6,77.16666666666667,1,0,49.0,55.0,67.0,100.0,92.0,100.0
316320,São José do Alegre,MG,Minas Gerais,SUDESTE,4252,3,3,7.055503292568203,1417.3333333333333,0.0,4242,1800.0,42.432814710042436,6,78.16666666666667,1,1,25.0,67.0,100.0,92.0,85.0,100.0
316330,São José do Divino,MG,Minas Gerais,SUDESTE,3482,2,2,5.743825387708214,1741.0,0.0,3501,2278.0,65.06712367894887,6,73.33333333333333,2,1,23.0,47.0,100.0,90.0,80.0,100.0
316340,São José do Goiabal,MG,Minas Gerais,SUDESTE,5482,3,3,5.472455308281648,1827.3333333333333,0.0,5492,2617.0,47.65112891478514,6,34.333333333333336,5,4,25.0,1.0,20.0,40.0,20.0,100.0
316350,São José do Jacuri,MG,Minas Gerais,SUDESTE,6282,4,2,6.367398917542184,1570.5,0.0,6298,3948.0,62.68656716417911,6,70.5,2,1,25.0,40.0,94.0,88.0,76.0,100.0
316360,São José do Mantimento,MG,Minas Gerais,SUDESTE,2844,2,2,7.032348804500703,1422.0,0.0,2834,1710.0,60.33874382498235,6,36.5,4,3,10.0,50.0,33.0,22.0,11.0,93.0
316220,São João Batista do Glória,MG,Minas Gerais,SUDESTE,7959,4,4,5.025757004648825,1989.75,0.0,7912,3014.0,38.094034378159755,6,80.16666666666667,1,0,51.0,49.0,100.0,100.0,96.0,85.0
316280,São João Evangelista,MG,Minas Gerais,SUDESTE,15613,10,10,6.404918977774932,1561.3,0.0,15617,8640.0,55.32432605494013,6,52.5,2,0,32.0,39.0,62.0,65.0,51.0,66.0
316290,São João Nepomuceno,MG,Minas Gerais,SUDESTE,26529,4,4,1.5077839345621773,6632.25,1.94643489620004,26478,10401.0,39.28166779968276,6,50.833333333333336,3,2,29.0,21.0,57.0,65.0,39.0,94.0
316225,São João da Lagoa,MG,Minas Gerais,SUDESTE,4962,3,3,6.045949214026602,1654.0,0.0,4950,3028.0,61.17171717171718,6,80.5,0,0,60.0,60.0,100.0,88.0,75.0,100.0
316230,São João da Mata,MG,Minas Gerais,SUDESTE,3012,2,2,6.640106241699867,1506.0,0.0,3000,1446.0,48.199999999999996,6,71.16666666666667,3,0,48.0,41.0,100.0,92.0,46.0,100.0
316240,São João da Ponte,MG,Minas Gerais,SUDESTE,24197,16,14,6.6123899656982275,1512.3125,0.0,24269,15679.0,64.60505171206066,6,76.16666666666667,1,0,53.0,46.0,91.0,82.0,85.0,100.0
316245,São João das Missões,MG,Minas Gerais,SUDESTE,13547,5,5,3.6908540636303244,2709.4,0.0,13467,7563.0,56.159501002450426,6,47.666666666666664,2,2,22.0,6.0,58.0,51.0,54.0,95.0
316250,São João del Rei,MG,Minas Gerais,SUDESTE,94468,24,24,2.5405428293178645,3936.1666666666665,0.0,94062,27852.0,29.61025706448938,6,18.333333333333332,5,5,14.0,2.0,8.0,17.0,10.0,59.0
316255,São João do Manhuaçu,MG,Minas Gerais,SUDESTE,11676,3,3,2.5693730729701953,3892.0,0.0,11614,7677.0,66.10125710349578,6,71.66666666666667,1,0,30.0,63.0,75.0,82.0,84.0,96.0
316257,São João do Manteninha,MG,Minas Gerais,SUDESTE,5479,3,3,5.475451724767294,1826.3333333333333,0.0,5468,3247.0,59.38185808339429,6,45.166666666666664,3,1,34.0,4.0,50.0,50.0,42.0,91.0
316260,São João do Oriente,MG,Minas Gerais,SUDESTE,7099,5,5,7.04324552753909,1419.8,0.0,7139,4771.0,66.83008824765373,6,36.666666666666664,5,2,32.0,30.0,32.0,26.0,26.0,74.0
316265,São João do Pacuí,MG,Minas Gerais,SUDESTE,4050,1,1,2.4691358024691357,4050.0,0.0,4052,2475.0,61.08094768015795,6,56.166666666666664,3,1,42.0,7.0,91.0,45.0,82.0,70.0
316270,São João do Paraíso,MG,Minas Gerais,SUDESTE,24706,8,8,3.23807981866753,3088.25,0.0,24604,12111.0,49.22370346285157,6,72.66666666666667,2,0,48.0,37.0,85.0,85.0,81.0,100.0
316370,São Lourenço,MG,Minas Gerais,SUDESTE,46868,15,14,3.200477938038747,3124.5333333333333,0.0,46653,17858.0,38.27835294621996,6,47.166666666666664,4,0,41.0,34.0,42.0,56.0,42.0,68.0
316380,São Miguel do Anta,MG,Minas Gerais,SUDESTE,6410,4,4,6.240249609984399,1602.5,0.0,6430,4014.0,62.42612752721617,6,55.333333333333336,2,1,30.0,15.0,73.0,67.0,53.0,94.0
316390,São Pedro da União,MG,Minas Gerais,SUDESTE,4973,3,3,6.032575909913533,1657.6666666666667,0.0,4979,2428.0,48.764812211287406,6,74.33333333333333,1,1,52.0,22.0,100.0,92.0,85.0,95.0
316410,São Pedro do Suaçuí,MG,Minas Gerais,SUDESTE,5143,4,4,7.777561734396267,1285.75,0.0,5166,3349.0,64.82771970576849,6,39.333333333333336,4,3,60.0,47.0,6.0,24.0,6.0,93.0
316400,São Pedro dos Ferros,MG,Minas Gerais,SUDESTE,7132,4,3,5.608524957936063,1783.0,0.0,7194,3052.0,42.42424242424242,6,39.666666666666664,5,2,33.0,34.0,35.0,18.0,18.0,100.0
316420,São Romão,MG,Minas Gerais,SUDESTE,10562,7,7,6.627532664268131,1508.857142857143,0.0,10553,4404.0,41.73220885056382,6,68.83333333333333,1,0,49.0,59.0,62.0,81.0,62.0,100.0
316430,São Roque de Minas,MG,Minas Gerais,SUDESTE,7370,3,3,4.07055630936228,2456.6666666666665,0.0,7341,2582.0,35.172319847432234,6,54.666666666666664,3,1,26.0,45.0,50.0,67.0,44.0,96.0
316440,São Sebastião da Bela Vista,MG,Minas Gerais,SUDESTE,6778,2,2,2.950722927117144,3389.0,0.0,6694,2983.0,44.562294592172094,6,43.333333333333336,5,3,26.0,43.0,24.0,24.0,43.0,100.0
316443,São Sebastião da Vargem Alegre,MG,Minas Gerais,SUDESTE,3239,2,2,6.174745291756715,1619.5,0.0,3219,1454.0,45.16930723827276,6,43.833333333333336,3,3,52.0,11.0,20.0,0.0,80.0,100.0
316447,São Sebastião do Anta,MG,Minas Gerais,SUDESTE,6415,2,2,3.117692907248636,3207.5,0.0,6386,4480.0,70.15346069527091,6,64.33333333333333,2,1,47.0,21.0,61.0,74.0,83.0,100.0
316450,São Sebastião do Maranhão,MG,Minas Gerais,SUDESTE,10218,4,4,3.9146604032100214,2554.5,0.0,10244,5864.0,57.24326434986333,6,61.166666666666664,2,1,45.0,7.0,76.0,92.0,64.0,83.0
316460,São Sebastião do Oeste,MG,Minas Gerais,SUDESTE,9527,9,4,9.446835310171092,1058.5555555555557,0.0,9355,3974.0,42.47995724211652,6,71.33333333333333,2,0,45.0,33.0,83.0,100.0,69.0,98.0
316470,São Sebastião do Paraíso,MG,Minas Gerais,SUDESTE,75179,29,28,3.8574601950012637,2592.3793103448274,0.0,74742,27527.0,36.82935966391052,6,50.0,3,1,43.0,23.0,59.0,58.0,49.0,68.0
316480,São Sebastião do Rio Preto,MG,Minas Gerais,SUDESTE,1229,1,1,8.136696501220504,1229.0,0.0,1248,806.0,64.58333333333334,6,70.0,2,1,34.0,19.0,100.0,100.0,67.0,100.0
316490,São Sebastião do Rio Verde,MG,Minas Gerais,SUDESTE,2385,2,2,8.385744234800837,1192.5,0.0,2373,1027.0,43.27855035819638,6,70.33333333333333,0,0,54.0,56.0,56.0,89.0,67.0,100.0
316500,São Tiago,MG,Minas Gerais,SUDESTE,11559,4,4,3.4605069642702655,2889.75,0.0,11517,4499.0,39.06399235912129,6,47.333333333333336,3,3,27.0,14.0,8.0,81.0,69.0,85.0
316510,São Tomás de Aquino,MG,Minas Gerais,SUDESTE,6837,3,3,4.3878894251864855,2279.0,0.0,6853,3299.0,48.13950094848971,6,78.33333333333333,1,1,51.0,25.0,94.0,100.0,100.0,100.0
316520,São Tomé das Letras,MG,Minas Gerais,SUDESTE,7107,4,4,5.628253834247924,1776.75,0.0,7089,2693.0,37.98843278318522,6,62.666666666666664,2,1,26.0,38.0,100.0,75.0,55.0,82.0
316530,São Vicente de Minas,MG,Minas Gerais,SUDESTE,6928,4,4,5.773672055427252,1732.0,0.0,6935,3317.0,47.829848594087956,6,61.333333333333336,2,0,30.0,43.0,73.0,59.0,68.0,95.0
316790,Tabuleiro,MG,Minas Gerais,SUDESTE,4097,3,3,7.3224310471076395,1365.6666666666667,0.0,4098,2014.0,49.14592484138604,6,75.0,1,1,55.0,15.0,100.0,90.0,90.0,100.0
316800,Taiobeiras,MG,Minas Gerais,SUDESTE,34537,14,12,4.053623649998553,2466.9285714285716,0.0,34392,18802.0,54.66969062572691,6,70.83333333333333,2,0,48.0,49.0,93.0,93.0,67.0,75.0
316805,Taparuba,MG,Minas Gerais,SUDESTE,3508,4,3,11.402508551881414,877.0,0.0,3492,2435.0,69.73081328751431,6,60.833333333333336,2,1,25.0,40.0,80.0,60.0,60.0,100.0
316810,Tapira,MG,Minas Gerais,SUDESTE,4215,2,2,4.744958481613286,2107.5,0.0,4212,1979.0,46.98480531813865,6,56.5,2,2,15.0,6.0,83.0,83.0,58.0,94.0
316820,Tapiraí,MG,Minas Gerais,SUDESTE,1698,0,0,0.0,0.0,0.38060411073721845,1707,853.0,49.97070884592853,6,50.333333333333336,1,1,50.0,12.0,67.0,67.0,56.0,50.0
316830,Taquaraçu de Minas,MG,Minas Gerais,SUDESTE,4394,3,3,6.827492034592626,1464.6666666666667,0.0,4368,2000.0,45.78754578754579,6,30.5,5,5,19.0,1.0,29.0,29.0,14.0,91.0
316840,Tarumirim,MG,Minas Gerais,SUDESTE,15104,9,9,5.958686440677966,1678.2222222222222,0.0,15072,7507.0,49.807590233545646,6,58.666666666666664,3,0,33.0,35.0,81.0,47.0,67.0,89.0
316850,Teixeiras,MG,Minas Gerais,SUDESTE,12691,6,6,4.727759829800647,2115.1666666666665,0.0,12634,6236.0,49.35887288269748,6,66.0,2,1,37.0,28.0,89.0,82.0,64.0,96.0
316860,Teófilo Otoni,MG,Minas Gerais,SUDESTE,142851,55,52,3.8501655571189564,2597.2909090909093,0.0,142571,60231.0,42.24631937771356,6,40.5,5,1,27.0,31.0,38.0,49.0,34.0,64.0
316870,Timóteo,MG,Minas Gerais,SUDESTE,84172,18,18,2.138478353846885,4676.222222222223,0.867025446980656,84087,25636.0,30.487471309477087,6,50.333333333333336,5,0,40.0,48.0,37.0,49.0,36.0,92.0
316880,Tiradentes,MG,Minas Gerais,SUDESTE,8056,6,6,7.4478649453823245,1342.6666666666667,0.0,8008,3695.0,46.14135864135864,6,42.333333333333336,4,3,22.0,16.0,19.0,56.0,44.0,97.0
316890,Tiros,MG,Minas Gerais,SUDESTE,8231,3,3,3.6447576236180295,2743.6666666666665,0.0,8172,3280.0,40.13705335291238,6,47.666666666666664,3,2,53.0,9.0,29.0,59.0,41.0,95.0
316900,Tocantins,MG,Minas Gerais,SUDESTE,16603,10,7,6.023007890140336,1660.3,0.0,16574,7280.0,43.92421865572583,6,70.16666666666667,1,0,45.0,59.0,89.0,80.0,80.0,68.0
316905,Tocos do Moji,MG,Minas Gerais,SUDESTE,3894,2,2,5.136106831022086,1947.0,0.0,3899,1946.0,49.91023339317774,6,56.333333333333336,2,2,28.0,12.0,73.0,55.0,91.0,79.0
316910,Toledo,MG,Minas Gerais,SUDESTE,7625,2,2,2.6229508196721314,3812.5,0.0,7541,3095.0,41.042302081951995,6,59.5,3,0,43.0,43.0,40.0,69.0,67.0,95.0
316920,Tombos,MG,Minas Gerais,SUDESTE,8653,5,5,5.778342771293193,1730.6,0.0,8699,5094.0,58.55845499482699,6,45.833333333333336,4,1,30.0,9.0,41.0,59.0,41.0,95.0
316930,Três Corações,MG,Minas Gerais,SUDESTE,78291,18,16,2.2991148407862974,4349.5,0.0,78079,26147.0,33.4878776623676,6,42.666666666666664,3,2,23.0,17.0,51.0,59.0,38.0,68.0
316935,Três Marias,MG,Minas Gerais,SUDESTE,29985,12,11,4.00200100050025,2498.75,0.0,29927,12309.0,41.13008320245932,6,68.5,0,0,68.0,52.0,64.0,70.0,62.0,95.0
316940,Três Pontas,MG,Minas Gerais,SUDESTE,57209,17,17,2.9715604188152214,3365.235294117647,0.0,57086,19147.0,33.54062291980521,6,55.5,3,0,41.0,49.0,50.0,64.0,30.0,99.0
316950,Tumiritinga,MG,Minas Gerais,SUDESTE,5955,4,4,6.717044500419815,1488.75,0.0,5973,3907.0,65.41101623974552,6,40.0,5,1,30.0,5.0,32.0,36.0,41.0,96.0
316960,Tupaciguara,MG,Minas Gerais,SUDESTE,26583,6,6,2.257081593499605,4430.5,0.0,26482,12224.0,46.15965561513481,6,46.666666666666664,3,2,18.0,24.0,49.0,53.0,50.0,86.0
316970,Turmalina,MG,Minas Gerais,SUDESTE,20769,9,9,4.333381482016467,2307.6666666666665,0.0,20650,10171.0,49.25423728813559,6,72.66666666666667,1,0,57.0,35.0,93.0,89.0,65.0,97.0
316980,Turvolândia,MG,Minas Gerais,SUDESTE,5097,2,2,3.923876790268786,2548.5,0.0,5078,2952.0,58.13312327688066,6,80.66666666666667,1,0,38.0,64.0,100.0,94.0,88.0,100.0
317005,Ubaporanga,MG,Minas Gerais,SUDESTE,13485,6,6,4.449388209121246,2247.5,0.0,13423,7074.0,52.70058854205468,6,70.0,1,0,51.0,33.0,91.0,96.0,51.0,98.0
317000,Ubaí,MG,Minas Gerais,SUDESTE,11985,11,11,9.178139340842721,1089.5454545454545,0.0,11977,7307.0,61.0085998163146,6,68.16666666666667,0,0,52.0,59.0,58.0,79.0,63.0,98.0
317010,Uberaba,MG,Minas Gerais,SUDESTE,356781,40,38,1.1211359349292704,8919.525,39.971917098313035,354142,84936.0,23.983599798950703,6,37.5,5,2,22.0,17.0,43.0,44.0,30.0,69.0
317020,Uberlândia,MG,Minas Gerais,SUDESTE,761835,82,82,1.076348553164399,9290.670731707318,88.76415353562356,754954,223605.0,29.618360853773872,6,50.5,3,0,41.0,39.0,53.0,55.0,47.0,68.0
316990,Ubá,MG,Minas Gerais,SUDESTE,107423,40,30,3.723597367416661,2685.575,0.0,107222,32708.0,30.50493368898174,6,42.833333333333336,4,2,25.0,28.0,40.0,52.0,38.0,74.0
317030,Umburatiba,MG,Minas Gerais,SUDESTE,2742,2,1,7.293946024799417,1371.0,0.0,2742,1682.0,61.3420860685631,6,80.66666666666667,0,0,60.0,66.0,83.0,100.0,75.0,100.0
317040,Unaí,MG,Minas Gerais,SUDESTE,91320,20,20,2.190100744634253,4566.0,0.46923874706878116,90724,24770.0,27.302588069309113,6,42.166666666666664,4,2,28.0,14.0,34.0,62.0,39.0,76.0
317043,União de Minas,MG,Minas Gerais,SUDESTE,3818,2,2,5.238344683080147,1909.0,0.0,3848,1889.0,49.090436590436596,6,61.166666666666664,1,1,22.0,53.0,50.0,67.0,75.0,100.0
317047,Uruana de Minas,MG,Minas Gerais,SUDESTE,3365,4,4,11.88707280832095,841.25,0.0,3360,2117.0,63.00595238095238,6,63.333333333333336,2,1,49.0,25.0,88.0,63.0,63.0,92.0
317052,Urucuia,MG,Minas Gerais,SUDESTE,18515,5,5,2.7005130974885225,3703.0,0.0,18291,5731.0,31.332349242797005,6,65.5,2,1,37.0,14.0,77.0,91.0,77.0,97.0
317050,Urucânia,MG,Minas Gerais,SUDESTE,10899,2,1,1.8350307367648409,5449.5,0.44299423022670426,10875,3891.0,35.779310344827586,6,60.5,1,0,30.0,55.0,64.0,67.0,50.0,97.0
317057,Vargem Alegre,MG,Minas Gerais,SUDESTE,5800,3,3,5.172413793103448,1933.3333333333333,0.0,5834,3886.0,66.60953033938979,6,61.833333333333336,2,1,37.0,17.0,81.0,75.0,69.0,92.0
317060,Vargem Bonita,MG,Minas Gerais,SUDESTE,2207,3,3,13.59311282283643,735.6666666666666,0.0,2206,1139.0,51.63191296464189,6,57.833333333333336,2,1,45.0,13.0,63.0,63.0,63.0,100.0
317065,Vargem Grande do Rio Pardo,MG,Minas Gerais,SUDESTE,4724,4,4,8.46740050804403,1181.0,0.0,4727,2893.0,61.201607785064525,6,88.16666666666667,0,0,60.0,75.0,100.0,100.0,97.0,97.0
317070,Varginha,MG,Minas Gerais,SUDESTE,143676,25,24,1.7400261699935968,5747.04,7.204756309941458,142802,35322.0,24.734947689808266,6,40.833333333333336,5,1,24.0,30.0,41.0,42.0,34.0,74.0
317075,Varjão de Minas,MG,Minas Gerais,SUDESTE,7305,4,3,5.475701574264202,1826.25,0.0,7243,2830.0,39.072207648764326,6,65.66666666666667,2,0,30.0,32.0,90.0,70.0,80.0,92.0
317090,Varzelândia,MG,Minas Gerais,SUDESTE,19210,12,11,6.246746486205101,1600.8333333333333,0.0,19214,13092.0,68.13781617570521,6,71.5,2,1,35.0,27.0,91.0,93.0,85.0,98.0
317100,Vazante,MG,Minas Gerais,SUDESTE,20459,12,10,5.865389315215798,1704.9166666666667,0.0,20433,7205.0,35.26158664904811,6,51.333333333333336,3,0,47.0,38.0,53.0,53.0,47.0,70.0
317103,Verdelândia,MG,Minas Gerais,SUDESTE,7737,6,5,7.754943776657619,1289.5,0.0,7770,4979.0,64.07979407979408,6,72.83333333333333,2,0,44.0,37.0,98.0,83.0,80.0,95.0
317107,Veredinha,MG,Minas Gerais,SUDESTE,5240,3,3,5.7251908396946565,1746.6666666666667,0.0,5257,3142.0,59.76792847631729,6,61.5,1,0,61.0,30.0,62.0,62.0,54.0,100.0
317115,Vermelho Novo,MG,Minas Gerais,SUDESTE,5048,1,1,1.9809825673534074,5048.0,0.13150150235658342,5034,3298.0,65.5145013905443,6,59.833333333333336,2,1,34.0,24.0,67.0,67.0,67.0,100.0
317110,Veríssimo,MG,Minas Gerais,SUDESTE,3478,1,1,2.875215641173088,3478.0,0.0,3480,1550.0,44.54022988505747,6,52.166666666666664,3,2,23.0,12.0,38.0,100.0,50.0,90.0
317120,Vespasiano,MG,Minas Gerais,SUDESTE,138583,22,22,1.587496301855206,6299.227272727273,9.063168126204914,136826,38432.0,28.08822884539488,6,25.833333333333332,5,5,21.0,10.0,17.0,23.0,16.0,68.0
317140,Vieiras,MG,Minas Gerais,SUDESTE,3781,2,2,5.289605924358636,1890.5,0.0,3780,2355.0,62.301587301587304,6,67.5,1,1,52.0,53.0,82.0,100.0,18.0,100.0
317160,Virgem da Lapa,MG,Minas Gerais,SUDESTE,11774,7,7,5.945303210463734,1682.0,0.0,11867,6533.0,55.05182438695543,6,62.166666666666664,2,1,39.0,22.0,88.0,85.0,56.0,83.0
317180,Virginópolis,MG,Minas Gerais,SUDESTE,10511,4,4,3.8055370564170867,2627.75,0.0,10519,4483.0,42.618119593117214,6,78.83333333333333,0,0,55.0,60.0,98.0,100.0,89.0,71.0
317190,Virgolândia,MG,Minas Gerais,SUDESTE,4471,4,4,8.946544397226571,1117.75,0.0,4530,3060.0,67.54966887417218,6,68.33333333333333,2,0,40.0,42.0,76.0,88.0,71.0,93.0
317170,Virgínia,MG,Minas Gerais,SUDESTE,9164,4,3,4.364906154517678,2291.0,0.0,9142,4952.0,54.167578210457236,6,79.5,1,0,62.0,49.0,80.0,97.0,89.0,100.0
317200,Visconde do Rio Branco,MG,Minas Gerais,SUDESTE,40711,12,12,2.9476062980521234,3392.5833333333335,0.0,40608,15385.0,37.88662332545311,6,39.833333333333336,5,2,23.0,14.0,45.0,48.0,34.0,75.0
317130,Viçosa,MG,Minas Gerais,SUDESTE,79517,20,20,2.515185432045978,3975.85,0.0,79221,25687.0,32.42448340717739,6,37.166666666666664,5,3,28.0,30.0,29.0,38.0,25.0,73.0
317210,Volta Grande,MG,Minas Gerais,SUDESTE,4441,3,3,6.755235307363207,1480.3333333333333,0.0,4473,2270.0,50.748938072881735,6,18.5,5,5,9.0,2.0,8.0,17.0,0.0,75.0
317080,Várzea da Palma,MG,Minas Gerais,SUDESTE,34555,12,12,3.4727246418752715,2879.5833333333335,0.0,34639,14876.0,42.94581252345622,6,59.333333333333336,2,1,33.0,17.0,74.0,66.0,68.0,98.0
317220,Wenceslau Braz,MG,Minas Gerais,SUDESTE,2377,1,1,4.206983592763988,2377.0,0.0,2387,1205.0,50.4817762882279,6,56.666666666666664,1,1,52.0,8.0,60.0,60.0,60.0,100.0
310060,Água Boa,MG,Minas Gerais,SUDESTE,12391,3,3,2.4211120974901137,4130.333333333333,0.0,12545,7448.0,59.37026703866082,6,40.666666666666664,5,2,29.0,32.0,33.0,48.0,26.0,76.0
310070,Água Comprida,MG,Minas Gerais,SUDESTE,2171,2,2,9.212344541685859,1085.5,0.0,2165,1135.0,52.42494226327945,6,69.33333333333333,2,0,35.0,36.0,78.0,100.0,67.0,100.0
310090,Águas Formosas,MG,Minas Gerais,SUDESTE,18850,9,9,4.774535809018568,2094.4444444444443,0.0,18841,12262.0,65.08147125948729,6,71.66666666666667,0,0,56.0,56.0,90.0,82.0,70.0,76.0
310100,Águas Vermelhas,MG,Minas Gerais,SUDESTE,14567,7,7,4.805382027871216,2081.0,0.0,14486,8700.0,60.05798702195223,6,65.16666666666667,2,1,36.0,17.0,68.0,86.0,84.0,100.0
500025,Alcinópolis,MS,Mato Grosso do Sul,CENTRO-OESTE,4649,3,3,6.453000645300064,1549.6666666666667,0.0,4648,1904.0,40.963855421686745,6,57.166666666666664,3,1,85.0,4.0,44.0,83.0,44.0,83.0
500060,Amambai,MS,Mato Grosso do Sul,CENTRO-OESTE,41751,10,10,2.395152211923068,4175.1,0.0,41414,12883.0,31.107837929202688,6,50.166666666666664,3,1,37.0,24.0,52.0,74.0,43.0,71.0
500070,Anastácio,MS,Mato Grosso do Sul,CENTRO-OESTE,24781,10,10,4.0353496630483034,2478.1,0.0,24741,11286.0,45.616587850127324,6,44.833333333333336,3,1,32.0,18.0,56.0,64.0,39.0,60.0
500080,Anaurilândia,MS,Mato Grosso do Sul,CENTRO-OESTE,7688,4,4,5.202913631633716,1922.0,0.0,7735,2967.0,38.35811247575954,6,46.5,3,3,16.0,2.0,88.0,92.0,24.0,57.0
500085,Angélica,MS,Mato Grosso do Sul,CENTRO-OESTE,11308,4,4,3.537318712415989,2827.0,0.0,11203,4240.0,37.84700526644649,6,58.0,2,1,34.0,10.0,64.0,82.0,62.0,96.0
500090,Antônio João,MS,Mato Grosso do Sul,CENTRO-OESTE,9717,3,3,3.0873726458783577,3239.0,0.0,9641,3513.0,36.438128824810704,6,55.666666666666664,2,2,22.0,19.0,84.0,73.0,53.0,83.0
500100,Aparecida do Taboado,MS,Mato Grosso do Sul,CENTRO-OESTE,29826,7,7,2.346945617917253,4260.857142857143,0.0,29446,11611.0,39.43150173198397,6,58.166666666666664,2,2,28.0,29.0,66.0,78.0,54.0,94.0
500110,Aquidauana,MS,Mato Grosso do Sul,CENTRO-OESTE,48689,15,15,3.080777999137382,3245.9333333333334,0.0,48561,21460.0,44.19184118943185,6,55.333333333333336,2,1,35.0,17.0,75.0,79.0,50.0,76.0
500124,Aral Moreira,MS,Mato Grosso do Sul,CENTRO-OESTE,11125,5,5,4.49438202247191,2225.0,0.0,11085,4793.0,43.23861073522778,6,64.83333333333333,2,1,35.0,9.0,83.0,91.0,74.0,97.0
500150,Bandeirantes,MS,Mato Grosso do Sul,CENTRO-OESTE,8342,5,3,5.993766482857828,1668.4,0.0,8276,3538.0,42.75012083131948,6,52.333333333333336,2,2,29.0,4.0,56.0,72.0,56.0,97.0
500190,Bataguassu,MS,Mato Grosso do Sul,CENTRO-OESTE,24222,11,10,4.541326067211625,2202.0,0.0,24004,10019.0,41.73887685385769,6,35.0,6,1,30.0,23.0,37.0,48.0,30.0,42.0
500200,Batayporã,MS,Mato Grosso do Sul,CENTRO-OESTE,10947,5,5,4.567461404951128,2189.4,0.0,10953,5470.0,49.9406555281658,6,73.83333333333333,1,1,54.0,28.0,84.0,96.0,84.0,97.0
500210,Bela Vista,MS,Mato Grosso do Sul,CENTRO-OESTE,21881,8,8,3.6561400301631557,2735.125,0.0,21965,10539.0,47.980878670612334,6,49.5,3,2,27.0,10.0,61.0,78.0,32.0,89.0
500215,Bodoquena,MS,Mato Grosso do Sul,CENTRO-OESTE,8887,4,4,4.500956453246315,2221.75,0.0,8849,3632.0,41.04418578370437,6,66.83333333333333,2,1,22.0,31.0,93.0,93.0,70.0,92.0
500220,Bonito,MS,Mato Grosso do Sul,CENTRO-OESTE,25034,6,6,2.396740433011105,4172.333333333333,0.0,24761,9488.0,38.318323169500424,6,62.333333333333336,2,2,25.0,22.0,80.0,94.0,64.0,89.0
500230,Brasilândia,MS,Mato Grosso do Sul,CENTRO-OESTE,11833,7,7,5.915659596044959,1690.4285714285713,0.0,11840,5147.0,43.47128378378378,6,53.833333333333336,2,2,29.0,12.0,60.0,74.0,52.0,96.0
500240,Caarapó,MS,Mato Grosso do Sul,CENTRO-OESTE,32748,7,7,2.137535116648345,4678.285714285715,0.340414262910736,32406,8693.0,26.825279269271125,6,56.833333333333336,2,1,46.0,17.0,60.0,66.0,56.0,96.0
500260,Camapuã,MS,Mato Grosso do Sul,CENTRO-OESTE,13928,10,9,7.1797817346352675,1392.8,0.0,13920,6351.0,45.625,6,54.166666666666664,2,1,32.0,27.0,63.0,57.0,57.0,89.0
500270,Campo Grande,MS,Mato Grosso do Sul,CENTRO-OESTE,962883,82,82,0.8516091778544226,11742.475609756097,133.82875615959077,954537,301624.0,31.59898463862585,6,41.166666666666664,4,2,21.0,20.0,49.0,56.0,36.0,65.0
500280,Caracol,MS,Mato Grosso do Sul,CENTRO-OESTE,5096,3,3,5.886970172684458,1698.6666666666667,0.0,5115,2830.0,55.32746823069403,6,61.666666666666664,2,2,20.0,18.0,59.0,97.0,76.0,100.0
500290,Cassilândia,MS,Mato Grosso do Sul,CENTRO-OESTE,21565,15,13,6.9557152793878965,1437.6666666666667,0.0,21549,9603.0,44.5635528330781,6,66.5,2,0,42.0,31.0,77.0,79.0,76.0,94.0
500295,Chapadão do Sul,MS,Mato Grosso do Sul,CENTRO-OESTE,34606,9,9,2.600705080043923,3845.1111111111113,0.0,33791,10085.0,29.8452250599272,6,64.5,2,1,38.0,14.0,84.0,94.0,68.0,89.0
500310,Corguinho,MS,Mato Grosso do Sul,CENTRO-OESTE,4892,3,3,6.132461161079314,1630.6666666666667,0.0,4893,1896.0,38.74923359901901,6,49.666666666666664,3,2,13.0,2.0,73.0,73.0,45.0,92.0
500315,Coronel Sapucaia,MS,Mato Grosso do Sul,CENTRO-OESTE,14685,4,4,2.723867892407218,3671.25,0.0,14661,7945.0,54.191392128777025,6,53.333333333333336,3,1,40.0,20.0,63.0,68.0,38.0,91.0
500320,Corumbá,MS,Mato Grosso do Sul,CENTRO-OESTE,98751,28,26,2.8354143249182284,3526.8214285714284,0.0,99107,43250.0,43.63970254371538,6,40.833333333333336,3,2,20.0,12.0,55.0,63.0,30.0,65.0
500325,Costa Rica,MS,Mato Grosso do Sul,CENTRO-OESTE,28740,7,6,2.4356297842727903,4105.714285714285,0.0,28163,11826.0,41.991265135106346,6,58.166666666666664,2,0,44.0,42.0,64.0,65.0,56.0,78.0
500330,Coxim,MS,Mato Grosso do Sul,CENTRO-OESTE,33440,12,11,3.588516746411483,2786.6666666666665,0.0,33390,13962.0,41.81491464510332,6,44.666666666666664,3,1,30.0,18.0,53.0,65.0,46.0,56.0
500345,Deodápolis,MS,Mato Grosso do Sul,CENTRO-OESTE,14317,8,7,5.5877627994691625,1789.625,0.0,14210,5637.0,39.66924700914849,6,63.0,3,1,38.0,25.0,77.0,91.0,47.0,100.0
500348,Dois Irmãos do Buriti,MS,Mato Grosso do Sul,CENTRO-OESTE,11521,5,5,4.339901050256055,2304.2,0.0,11470,5451.0,47.523975588491716,6,59.5,2,2,27.0,8.0,94.0,87.0,58.0,83.0
500350,Douradina,MS,Mato Grosso do Sul,CENTRO-OESTE,5768,2,2,3.4674063800277395,2884.0,0.0,5749,2165.0,37.65872325621847,6,53.333333333333336,3,2,10.0,23.0,73.0,67.0,47.0,100.0
500370,Dourados,MS,Mato Grosso do Sul,CENTRO-OESTE,264017,38,35,1.4393012571160189,6947.815789473684,21.17900795318505,260640,70546.0,27.06645181092695,6,44.0,3,2,20.0,18.0,52.0,56.0,45.0,73.0
500375,Eldorado,MS,Mato Grosso do Sul,CENTRO-OESTE,11622,5,5,4.302185510239202,2324.4,0.0,11633,4546.0,39.07848362417261,6,62.0,2,1,23.0,54.0,71.0,88.0,45.0,91.0
500390,Figueirão,MS,Mato Grosso do Sul,CENTRO-OESTE,3751,2,1,5.3319114902692615,1875.5,0.0,3709,1570.0,42.32946885953087,6,73.33333333333333,1,0,49.0,51.0,82.0,91.0,73.0,94.0
500380,Fátima do Sul,MS,Mato Grosso do Sul,CENTRO-OESTE,21504,8,7,3.720238095238095,2688.0,0.0,21388,8802.0,41.153918084907424,6,44.333333333333336,4,1,39.0,27.0,44.0,50.0,37.0,69.0
500400,Glória de Dourados,MS,Mato Grosso do Sul,CENTRO-OESTE,10817,6,6,5.546824443006378,1802.8333333333333,0.0,10777,4317.0,40.05752992483993,6,42.333333333333336,5,1,37.0,17.0,35.0,49.0,30.0,86.0
500410,Guia Lopes da Laguna,MS,Mato Grosso do Sul,CENTRO-OESTE,10116,2,2,1.977066034005536,5058.0,0.26748597421537196,10135,5168.0,50.991613221509624,6,65.0,2,1,35.0,14.0,93.0,98.0,60.0,90.0
500430,Iguatemi,MS,Mato Grosso do Sul,CENTRO-OESTE,13960,5,5,3.5816618911174785,2792.0,0.0,14017,6520.0,46.51494613683384,6,52.666666666666664,3,1,48.0,16.0,54.0,56.0,45.0,97.0
500440,Inocência,MS,Mato Grosso do Sul,CENTRO-OESTE,8764,6,6,6.846188954815154,1460.6666666666667,0.0,8712,3226.0,37.029384756657485,6,53.166666666666664,3,2,19.0,13.0,65.0,84.0,46.0,92.0
500450,Itaporã,MS,Mato Grosso do Sul,CENTRO-OESTE,25263,9,8,3.562522265764161,2807.0,0.0,25075,6398.0,25.515453639082754,6,71.0,2,1,45.0,29.0,88.0,94.0,73.0,97.0
500460,Itaquiraí,MS,Mato Grosso do Sul,CENTRO-OESTE,20060,9,9,4.48654037886341,2228.8888888888887,0.0,19996,7246.0,36.23724744948989,6,36.833333333333336,5,3,19.0,21.0,29.0,38.0,30.0,84.0
500470,Ivinhema,MS,Mato Grosso do Sul,CENTRO-OESTE,30001,9,9,2.9999000033332224,3333.4444444444443,0.0,29613,9870.0,33.32995643805086,6,58.333333333333336,2,2,20.0,10.0,67.0,93.0,68.0,92.0
500480,Japorã,MS,Mato Grosso do Sul,CENTRO-OESTE,8441,6,5,7.1081625399834145,1406.8333333333333,0.0,8409,2769.0,32.92900463788798,6,38.333333333333336,5,3,28.0,20.0,35.0,42.0,26.0,79.0
500490,Jaraguari,MS,Mato Grosso do Sul,CENTRO-OESTE,7480,2,2,2.6737967914438503,3740.0,0.0,7425,2255.0,30.37037037037037,6,37.166666666666664,5,3,23.0,1.0,22.0,44.0,33.0,100.0
500500,Jardim,MS,Mato Grosso do Sul,CENTRO-OESTE,24504,12,10,4.897159647404505,2042.0,0.0,24509,10671.0,43.539108082745116,6,53.5,2,2,27.0,14.0,65.0,71.0,51.0,93.0
500510,Jateí,MS,Mato Grosso do Sul,CENTRO-OESTE,3596,4,4,11.123470522803114,899.0,0.0,3620,1780.0,49.171270718232044,6,72.66666666666667,1,1,51.0,23.0,85.0,100.0,77.0,100.0
500515,Juti,MS,Mato Grosso do Sul,CENTRO-OESTE,7067,2,2,2.830055186076129,3533.5,0.0,7009,3218.0,45.912398344985014,6,51.666666666666664,3,2,22.0,19.0,42.0,69.0,69.0,89.0
500520,Ladário,MS,Mato Grosso do Sul,CENTRO-OESTE,22425,6,6,2.6755852842809364,3737.5,0.0,22290,8677.0,38.92777030058322,6,51.166666666666664,3,2,30.0,20.0,68.0,79.0,29.0,81.0
500525,Laguna Carapã,MS,Mato Grosso do Sul,CENTRO-OESTE,7037,5,5,7.105300554213443,1407.4,0.0,7012,2866.0,40.87278950370793,6,55.333333333333336,2,2,24.0,6.0,74.0,70.0,70.0,88.0
500540,Maracaju,MS,Mato Grosso do Sul,CENTRO-OESTE,48073,18,17,3.7443055353316828,2670.722222222222,0.0,47558,13241.0,27.841793178855294,6,62.166666666666664,2,1,31.0,19.0,78.0,96.0,60.0,89.0
500560,Miranda,MS,Mato Grosso do Sul,CENTRO-OESTE,26512,11,10,4.149064574532287,2410.181818181818,0.0,26487,10337.0,39.026692339638316,6,41.333333333333336,4,1,34.0,19.0,44.0,60.0,32.0,59.0
500568,Mundo Novo,MS,Mato Grosso do Sul,CENTRO-OESTE,20087,5,5,2.489172101359088,4017.4,0.0,19937,8448.0,42.373476450820085,6,52.833333333333336,3,1,39.0,15.0,56.0,73.0,46.0,88.0
500570,Naviraí,MS,Mato Grosso do Sul,CENTRO-OESTE,53014,16,16,3.018070698306108,3313.375,0.0,52707,18868.0,35.79790160699717,6,42.5,4,1,30.0,15.0,48.0,57.0,36.0,69.0
500580,Nioaque,MS,Mato Grosso do Sul,CENTRO-OESTE,13354,5,5,3.7441964954320803,2670.8,0.0,13412,5371.0,40.04622725917089,6,56.5,2,1,30.0,9.0,64.0,92.0,64.0,80.0
500600,Nova Alvorada do Sul,MS,Mato Grosso do Sul,CENTRO-OESTE,23409,7,7,2.9903028749626213,3344.1428571428573,0.0,23054,7763.0,33.67311529452589,6,54.5,2,2,25.0,7.0,70.0,86.0,60.0,79.0
500620,Nova Andradina,MS,Mato Grosso do Sul,CENTRO-OESTE,50848,14,13,2.7533039647577096,3632.0,0.0,50610,18576.0,36.70420865441612,6,48.5,3,1,20.0,32.0,50.0,57.0,38.0,94.0
500625,Novo Horizonte do Sul,MS,Mato Grosso do Sul,CENTRO-OESTE,4801,3,3,6.248698187877525,1600.3333333333333,0.0,4811,1972.0,40.98939929328622,6,65.33333333333333,2,1,25.0,31.0,50.0,100.0,90.0,96.0
500630,Paranaíba,MS,Mato Grosso do Sul,CENTRO-OESTE,42638,15,15,3.5179886486232936,2842.5333333333333,0.0,42543,15772.0,37.073079002421075,6,36.333333333333336,5,2,27.0,6.0,38.0,49.0,34.0,64.0
500635,Paranhos,MS,Mato Grosso do Sul,CENTRO-OESTE,13368,4,4,2.9922202274087373,3342.0,0.0,13323,4662.0,34.99211889214141,6,41.166666666666664,5,2,35.0,10.0,42.0,40.0,27.0,93.0
500627,Paraíso das Águas,MS,Mato Grosso do Sul,CENTRO-OESTE,5842,4,4,6.846970215679561,1460.5,0.0,5777,2148.0,37.181928336506836,6,59.333333333333336,2,1,39.0,10.0,89.0,93.0,50.0,75.0
500640,Pedro Gomes,MS,Mato Grosso do Sul,CENTRO-OESTE,6910,5,4,7.23589001447178,1382.0,0.0,6974,3328.0,47.720103240607976,6,60.5,2,2,27.0,9.0,69.0,92.0,73.0,93.0
500660,Ponta Porã,MS,Mato Grosso do Sul,CENTRO-OESTE,98598,24,24,2.4341264528692266,4108.25,0.0,97577,45765.0,46.90142144152823,6,54.0,3,0,40.0,34.0,64.0,72.0,45.0,69.0
500690,Porto Murtinho,MS,Mato Grosso do Sul,CENTRO-OESTE,12721,7,4,5.502712050939392,1817.2857142857142,0.0,12864,5728.0,44.527363184079604,6,52.5,4,1,29.0,61.0,49.0,48.0,40.0,88.0
500710,Ribas do Rio Pardo,MS,Mato Grosso do Sul,CENTRO-OESTE,24152,8,8,3.3123550844650547,3019.0,0.0,23996,8404.0,35.022503750625106,6,58.333333333333336,2,2,24.0,12.0,67.0,93.0,71.0,83.0
500720,Rio Brilhante,MS,Mato Grosso do Sul,CENTRO-OESTE,40419,13,13,3.2163091615329424,3109.153846153846,0.0,39936,13018.0,32.59715544871795,6,52.5,3,0,31.0,32.0,53.0,61.0,42.0,96.0
500730,Rio Negro,MS,Mato Grosso do Sul,CENTRO-OESTE,4921,5,3,10.16053647632595,984.2,0.0,4933,2275.0,46.11798094465842,6,44.166666666666664,3,2,18.0,5.0,44.0,63.0,50.0,85.0
500740,Rio Verde de Mato Grosso,MS,Mato Grosso do Sul,CENTRO-OESTE,20454,12,12,5.866823115283074,1704.5,0.0,20393,9525.0,46.70720345216496,6,52.666666666666664,2,2,28.0,10.0,66.0,78.0,61.0,73.0
500750,Rochedo,MS,Mato Grosso do Sul,CENTRO-OESTE,5451,2,2,3.66905155017428,2725.5,0.0,5407,2353.0,43.51766228962456,6,69.16666666666667,2,1,30.0,24.0,88.0,100.0,79.0,94.0
500755,Santa Rita do Pardo,MS,Mato Grosso do Sul,CENTRO-OESTE,7165,2,1,2.7913468248429867,3582.5,0.0,7174,2442.0,34.03958739894062,6,60.666666666666664,2,2,27.0,23.0,77.0,97.0,57.0,83.0
500780,Selvíria,MS,Mato Grosso do Sul,CENTRO-OESTE,8716,4,4,4.5892611289582375,2179.0,0.0,8593,2977.0,34.64447806354009,6,67.16666666666667,2,0,44.0,30.0,53.0,100.0,79.0,97.0
500770,Sete Quedas,MS,Mato Grosso do Sul,CENTRO-OESTE,11322,5,5,4.416180886769122,2264.4,0.0,11301,4091.0,36.2003362534289,6,68.0,2,1,28.0,42.0,89.0,97.0,61.0,91.0
500790,Sidrolândia,MS,Mato Grosso do Sul,CENTRO-OESTE,49735,15,15,3.015984719010757,3315.6666666666665,0.0,49374,19069.0,38.62154170211042,6,52.666666666666664,2,2,24.0,16.0,66.0,73.0,53.0,84.0
500793,Sonora,MS,Mato Grosso do Sul,CENTRO-OESTE,14813,7,7,4.725578883413218,2116.1428571428573,0.0,14822,5569.0,37.57252732424774,6,57.666666666666664,2,1,34.0,74.0,57.0,29.0,52.0,100.0
500769,São Gabriel do Oeste,MS,Mato Grosso do Sul,CENTRO-OESTE,32207,14,13,4.346881112801565,2300.5,0.0,31694,10642.0,33.577333249195426,6,44.166666666666664,3,2,24.0,5.0,57.0,57.0,32.0,90.0
500795,Tacuru,MS,Mato Grosso do Sul,CENTRO-OESTE,11205,3,2,2.677376171352075,3735.0,0.0,11159,3862.0,34.608835917196885,6,56.666666666666664,2,1,45.0,22.0,73.0,73.0,56.0,71.0
500797,Taquarussu,MS,Mato Grosso do Sul,CENTRO-OESTE,3740,2,2,5.347593582887701,1870.0,0.0,3730,1645.0,44.10187667560322,6,46.166666666666664,3,2,7.0,2.0,75.0,83.0,33.0,77.0
500800,Terenos,MS,Mato Grosso do Sul,CENTRO-OESTE,18182,7,7,3.849961500384996,2597.4285714285716,0.0,18139,6693.0,36.898395721925134,6,61.0,2,2,22.0,9.0,80.0,100.0,65.0,90.0
500830,Três Lagoas,MS,Mato Grosso do Sul,CENTRO-OESTE,143523,20,20,1.3935048737832962,7176.15,12.170461593249588,141435,48450.0,34.256018665818225,6,47.0,3,2,27.0,27.0,50.0,61.0,42.0,75.0
500840,Vicentina,MS,Mato Grosso do Sul,CENTRO-OESTE,6505,4,4,6.149116064565719,1626.25,0.0,6476,2804.0,43.29833230389129,6,48.666666666666664,3,1,32.0,6.0,52.0,32.0,76.0,94.0
500020,Água Clara,MS,Mato Grosso do Sul,CENTRO-OESTE,17901,6,5,3.351768057650411,2983.5,0.0,17647,7030.0,39.83679945599818,6,60.5,2,2,21.0,13.0,65.0,97.0,74.0,93.0
510010,Acorizal,MT,Mato Grosso,CENTRO-OESTE,4948,1,1,2.0210185933710587,4948.0,0.1090866548455578,4990,3355.0,67.23446893787575,6,44.0,3,2,15.0,13.0,56.0,56.0,33.0,91.0
510025,Alta Floresta,MT,Mato Grosso,CENTRO-OESTE,62158,19,19,3.056726406898549,3271.4736842105262,0.0,61291,21476.0,35.03940219608099,6,65.83333333333333,2,1,27.0,31.0,87.0,86.0,68.0,96.0
510030,Alto Araguaia,MT,Mato Grosso,CENTRO-OESTE,17751,8,8,4.5067883499521155,2218.875,0.0,17657,6308.0,35.72520813275189,6,62.666666666666664,2,1,39.0,15.0,78.0,76.0,70.0,98.0
510035,Alto Boa Vista,MT,Mato Grosso,CENTRO-OESTE,5920,3,3,5.0675675675675675,1973.3333333333333,0.0,5875,3141.0,53.46382978723404,6,77.16666666666667,0,0,55.0,52.0,96.0,92.0,80.0,88.0
510040,Alto Garças,MT,Mato Grosso,CENTRO-OESTE,13956,4,4,2.866150759529951,3489.0,0.0,13707,5736.0,41.84723134165026,6,75.0,1,1,58.0,28.0,88.0,96.0,89.0,91.0
510050,Alto Paraguai,MT,Mato Grosso,CENTRO-OESTE,7525,5,5,6.644518272425249,1505.0,0.0,7717,4095.0,53.06466243358818,6,62.833333333333336,2,1,40.0,20.0,77.0,87.0,85.0,68.0
510060,Alto Taquari,MT,Mato Grosso,CENTRO-OESTE,11877,4,4,3.3678538351435545,2969.25,0.0,11571,3605.0,31.155474894131878,6,59.0,2,1,38.0,15.0,65.0,92.0,56.0,88.0
510080,Apiacás,MT,Mato Grosso,CENTRO-OESTE,8693,4,4,4.601403428045554,2173.25,0.0,8692,3198.0,36.79245283018868,6,83.33333333333333,0,0,82.0,70.0,93.0,74.0,81.0,100.0
510100,Araguaiana,MT,Mato Grosso,CENTRO-OESTE,4005,2,1,4.9937578027465666,2002.5,0.0,3950,1507.0,38.151898734177216,6,63.666666666666664,2,1,23.0,33.0,88.0,75.0,63.0,100.0
510120,Araguainha,MT,Mato Grosso,CENTRO-OESTE,997,1,1,10.030090270812437,997.0,0.0,1006,567.0,56.36182902584493,6,87.5,0,0,58.0,67.0,100.0,100.0,100.0,100.0
510125,Araputanga,MT,Mato Grosso,CENTRO-OESTE,14805,5,5,3.3772374197906116,2961.0,0.0,14854,5991.0,40.33257035142049,6,59.666666666666664,2,1,41.0,25.0,70.0,76.0,68.0,78.0
510130,Arenápolis,MT,Mato Grosso,CENTRO-OESTE,10769,5,5,4.6429566347850315,2153.8,0.0,10747,4493.0,41.80701591141714,6,69.83333333333333,2,1,37.0,14.0,89.0,92.0,89.0,98.0
510140,Aripuanã,MT,Mato Grosso,CENTRO-OESTE,26558,6,6,2.2592062655320433,4426.333333333333,0.0,26010,9020.0,34.678969627066515,6,60.5,2,2,29.0,11.0,66.0,92.0,75.0,90.0
510170,Barra do Bugres,MT,Mato Grosso,CENTRO-OESTE,29406,11,11,3.7407331837040063,2673.2727272727275,0.0,29576,11607.0,39.24465783067352,6,51.833333333333336,2,2,20.0,9.0,69.0,68.0,75.0,70.0
510180,Barra do Garças,MT,Mato Grosso,CENTRO-OESTE,73878,23,21,3.113240748260646,3212.086956521739,0.0,72694,26324.0,36.212067020661955,6,51.666666666666664,2,1,26.0,38.0,64.0,62.0,50.0,70.0
510160,Barão de Melgaço,MT,Mato Grosso,CENTRO-OESTE,7137,3,3,4.203446826397646,2379.0,0.0,7204,4218.0,58.55080510827319,6,71.16666666666667,1,0,37.0,60.0,84.0,84.0,74.0,88.0
510183,Boa Esperança do Norte,MT,Mato Grosso,CENTRO-OESTE,5877,3,3,5.104645227156713,1959.0,0.0,5877,0.0,0.0,0,0.0,0,0,,,,,,
510185,Bom Jesus do Araguaia,MT,Mato Grosso,CENTRO-OESTE,7912,4,4,5.055611729019212,1978.0,0.0,7731,3227.0,41.7410425559436,6,57.833333333333336,2,1,37.0,27.0,72.0,62.0,55.0,94.0
510190,Brasnorte,MT,Mato Grosso,CENTRO-OESTE,17645,8,7,4.533862283933126,2205.625,0.0,17496,5498.0,31.42432556012803,6,62.5,2,1,32.0,9.0,86.0,90.0,71.0,87.0
510260,Campinápolis,MT,Mato Grosso,CENTRO-OESTE,15808,3,3,1.8977732793522268,5269.333333333333,0.5433390945429617,15713,3919.0,24.94113154712658,6,21.666666666666668,6,5,21.0,15.0,20.0,23.0,18.0,33.0
510263,Campo Novo do Parecis,MT,Mato Grosso,CENTRO-OESTE,51722,12,12,2.3200958972970884,4310.166666666667,0.0,50033,14215.0,28.41124857593988,6,57.833333333333336,2,1,30.0,12.0,81.0,74.0,63.0,87.0
510267,Campo Verde,MT,Mato Grosso,CENTRO-OESTE,49053,17,17,3.465639206572483,2885.470588235294,0.0,47831,15534.0,32.47684556041061,6,62.5,1,0,40.0,54.0,69.0,70.0,62.0,80.0
510268,Campos de Júlio,MT,Mato Grosso,CENTRO-OESTE,9946,3,3,3.0162879549567667,3315.3333333333335,0.0,9608,3408.0,35.47044129891757,6,81.16666666666667,1,0,44.0,71.0,90.0,98.0,88.0,96.0
510269,Canabrava do Norte,MT,Mato Grosso,CENTRO-OESTE,4451,2,2,4.493372275893058,2225.5,0.0,4480,2190.0,48.88392857142857,6,59.833333333333336,2,1,36.0,25.0,85.0,100.0,55.0,58.0
510270,Canarana,MT,Mato Grosso,CENTRO-OESTE,28324,8,8,2.824459822059031,3540.5,0.0,27657,8467.0,30.6143110243338,6,54.833333333333336,2,1,37.0,20.0,64.0,73.0,50.0,85.0
510279,Carlinda,MT,Mato Grosso,CENTRO-OESTE,10260,6,6,5.847953216374269,1710.0,0.0,10324,4177.0,40.45912437039907,6,60.0,3,2,46.0,22.0,76.0,87.0,29.0,100.0
510285,Castanheira,MT,Mato Grosso,CENTRO-OESTE,7392,3,3,4.058441558441559,2464.0,0.0,7459,2971.0,39.831076551816594,6,60.333333333333336,2,2,17.0,14.0,79.0,94.0,64.0,94.0
510300,Chapada dos Guimarães,MT,Mato Grosso,CENTRO-OESTE,19458,11,11,5.653201767910371,1768.909090909091,0.0,19374,10879.0,56.15257561680603,6,55.666666666666664,3,1,41.0,20.0,38.0,79.0,70.0,86.0
510305,Cláudia,MT,Mato Grosso,CENTRO-OESTE,9301,5,5,5.375766046661649,1860.2,0.0,9436,4520.0,47.901653242899535,6,72.0,2,0,31.0,31.0,96.0,96.0,82.0,96.0
510310,Cocalinho,MT,Mato Grosso,CENTRO-OESTE,6495,3,3,4.618937644341801,2165.0,0.0,6428,2925.0,45.50404480398257,6,69.16666666666667,2,1,40.0,20.0,79.0,93.0,83.0,100.0
510325,Colniza,MT,Mato Grosso,CENTRO-OESTE,26026,9,8,3.458080381157304,2891.777777777778,0.0,26090,10193.0,39.06860866232273,6,62.5,2,2,25.0,29.0,59.0,96.0,75.0,91.0
510320,Colíder,MT,Mato Grosso,CENTRO-OESTE,32054,10,10,3.1197354464341425,3205.4,0.0,32010,11577.0,36.166822867853796,6,61.833333333333336,2,1,29.0,45.0,70.0,77.0,63.0,87.0
510330,Comodoro,MT,Mato Grosso,CENTRO-OESTE,18469,6,6,3.2486869890086094,3078.1666666666665,0.0,18461,7202.0,39.01197118249282,6,46.5,3,2,29.0,19.0,49.0,58.0,56.0,68.0
510335,Confresa,MT,Mato Grosso,CENTRO-OESTE,38460,9,9,2.3400936037441498,4273.333333333333,0.0,37541,15403.0,41.02980741056445,6,56.333333333333336,2,1,45.0,6.0,50.0,90.0,65.0,82.0
510336,Conquista D'Oeste,MT,Mato Grosso,CENTRO-OESTE,3908,2,2,5.117707267144319,1954.0,0.0,3874,1784.0,46.05059370160041,6,47.666666666666664,3,2,27.0,19.0,30.0,74.0,61.0,75.0
510337,Cotriguaçu,MT,Mato Grosso,CENTRO-OESTE,10030,6,6,5.982053838484546,1671.6666666666667,0.0,10398,4356.0,41.89267166762839,6,65.16666666666667,2,1,39.0,15.0,75.0,87.0,88.0,87.0
510340,Cuiabá,MT,Mato Grosso,CENTRO-OESTE,691875,99,96,1.4308943089430894,6988.636363636364,56.082726216909904,682932,194972.0,28.549255269924384,6,42.833333333333336,4,2,20.0,16.0,33.0,66.0,41.0,81.0
510343,Curvelândia,MT,Mato Grosso,CENTRO-OESTE,4970,2,2,4.0241448692152915,2485.0,0.0,4967,3108.0,62.57298167908194,6,58.333333333333336,2,2,24.0,27.0,70.0,78.0,65.0,86.0
510250,Cáceres,MT,Mato Grosso,CENTRO-OESTE,91767,25,22,2.724290867087297,3670.68,0.0,91626,35434.0,38.672429223146274,6,61.333333333333336,2,2,25.0,26.0,81.0,93.0,63.0,80.0
510345,Denise,MT,Mato Grosso,CENTRO-OESTE,6675,3,3,4.49438202247191,2225.0,0.0,6815,3263.0,47.879677182685256,6,47.833333333333336,2,2,19.0,18.0,56.0,56.0,52.0,86.0
510350,Diamantino,MT,Mato Grosso,CENTRO-OESTE,22623,12,12,5.3043362949210975,1885.25,0.0,22479,9252.0,41.15841452021887,6,60.666666666666664,0,0,50.0,56.0,65.0,69.0,60.0,64.0
510360,Dom Aquino,MT,Mato Grosso,CENTRO-OESTE,7890,5,5,6.337135614702154,1578.0,0.0,7915,3768.0,47.60581174984207,6,53.833333333333336,2,2,23.0,24.0,75.0,65.0,50.0,86.0
510370,Feliz Natal,MT,Mato Grosso,CENTRO-OESTE,10523,5,4,4.751496721467262,2104.6,0.0,10564,4447.0,42.09579704657327,6,56.666666666666664,2,0,40.0,36.0,63.0,63.0,52.0,86.0
510380,Figueirópolis D'Oeste,MT,Mato Grosso,CENTRO-OESTE,3056,1,1,3.2722513089005236,3056.0,0.0,3112,1398.0,44.922879177377894,6,55.5,2,1,35.0,2.0,64.0,79.0,64.0,89.0
510385,Gaúcha do Norte,MT,Mato Grosso,CENTRO-OESTE,9397,2,2,2.1283388315419813,4698.5,0.1063232206110966,9181,3954.0,43.06720400827796,6,52.5,3,1,27.0,31.0,63.0,89.0,30.0,75.0
510390,General Carneiro,MT,Mato Grosso,CENTRO-OESTE,6319,4,3,6.330115524608325,1579.75,0.0,6250,1987.0,31.791999999999998,6,51.333333333333336,3,0,46.0,37.0,52.0,57.0,33.0,83.0
510395,Glória D'Oeste,MT,Mato Grosso,CENTRO-OESTE,2878,2,2,6.949270326615705,1439.0,0.0,2899,1769.0,61.02104173853052,6,81.0,0,0,68.0,68.0,90.0,90.0,70.0,100.0
510410,Guarantã do Norte,MT,Mato Grosso,CENTRO-OESTE,31209,11,11,3.524624307090903,2837.181818181818,0.0,31328,14832.0,47.34422880490296,6,63.166666666666664,2,2,21.0,26.0,87.0,98.0,68.0,79.0
510420,Guiratinga,MT,Mato Grosso,CENTRO-OESTE,10252,6,6,5.852516582130316,1708.6666666666667,0.0,10532,5463.0,51.87048993543486,6,61.666666666666664,2,2,24.0,27.0,63.0,89.0,70.0,97.0
510450,Indiavaí,MT,Mato Grosso,CENTRO-OESTE,2172,1,1,4.6040515653775325,2172.0,0.0,2194,1164.0,53.05378304466728,6,28.666666666666668,5,4,13.0,5.0,64.0,27.0,18.0,45.0
510452,Ipiranga do Norte,MT,Mato Grosso,CENTRO-OESTE,8658,2,2,2.31000231000231,4329.0,0.0,8409,2994.0,35.60470924009989,6,73.16666666666667,2,0,44.0,38.0,93.0,100.0,73.0,91.0
510454,Itanhangá,MT,Mato Grosso,CENTRO-OESTE,8257,4,4,4.844374470146542,2064.25,0.0,8049,3349.0,41.60765312461175,6,76.16666666666667,1,0,43.0,56.0,86.0,100.0,89.0,83.0
510455,Itaúba,MT,Mato Grosso,CENTRO-OESTE,5201,2,2,3.845414343395501,2600.5,0.0,5161,2191.0,42.45301298198024,6,72.16666666666667,0,0,65.0,57.0,59.0,93.0,76.0,83.0
510460,Itiquira,MT,Mato Grosso,CENTRO-OESTE,12587,5,5,3.972352427107333,2517.4,0.0,12519,5116.0,40.86588385653806,6,59.5,1,0,39.0,64.0,65.0,68.0,53.0,68.0
510480,Jaciara,MT,Mato Grosso,CENTRO-OESTE,29803,8,8,2.684293527497232,3725.375,0.0,29560,10621.0,35.93031123139377,6,55.833333333333336,2,1,66.0,80.0,49.0,51.0,27.0,62.0
510490,Jangada,MT,Mato Grosso,CENTRO-OESTE,7413,5,5,6.744907594765952,1482.6,0.0,7447,4066.0,54.59916744997986,6,36.666666666666664,5,2,10.0,8.0,48.0,34.0,31.0,89.0
510500,Jauru,MT,Mato Grosso,CENTRO-OESTE,7881,4,4,5.075498033244512,1970.25,0.0,8076,3579.0,44.31649331352154,6,46.833333333333336,3,3,20.0,21.0,21.0,79.0,51.0,89.0
510510,Juara,MT,Mato Grosso,CENTRO-OESTE,36089,11,11,3.048020172351686,3280.818181818182,0.0,35899,12330.0,34.346360622858576,6,59.833333333333336,2,1,25.0,47.0,66.0,72.0,58.0,91.0
510517,Juruena,MT,Mato Grosso,CENTRO-OESTE,10057,4,4,3.977329223426469,2514.25,0.0,10149,4514.0,44.4772884027983,6,64.5,2,2,23.0,28.0,81.0,96.0,74.0,85.0
510520,Juscimeira,MT,Mato Grosso,CENTRO-OESTE,11622,5,5,4.302185510239202,2324.4,0.0,11620,4124.0,35.49053356282272,6,40.333333333333336,4,1,31.0,10.0,32.0,55.0,35.0,79.0
510515,Juína,MT,Mato Grosso,CENTRO-OESTE,48396,16,16,3.3060583519299116,3024.75,0.0,47800,15345.0,32.10251046025105,6,51.833333333333336,4,0,33.0,30.0,46.0,69.0,49.0,84.0
510523,Lambari D'Oeste,MT,Mato Grosso,CENTRO-OESTE,4662,2,2,4.29000429000429,2331.0,0.0,4724,2542.0,53.81033022861982,6,68.16666666666667,1,0,42.0,74.0,69.0,69.0,62.0,93.0
510525,Lucas do Rio Verde,MT,Mato Grosso,CENTRO-OESTE,95792,23,23,2.401035577083681,4164.869565217391,0.0,92256,27634.0,29.953607353451268,6,44.0,4,2,33.0,20.0,28.0,66.0,31.0,86.0
510530,Luciara,MT,Mato Grosso,CENTRO-OESTE,2616,2,2,7.6452599388379205,1308.0,0.0,2591,1395.0,53.840216132767274,6,70.83333333333333,1,0,47.0,61.0,67.0,83.0,67.0,100.0
510558,Marcelândia,MT,Mato Grosso,CENTRO-OESTE,11355,4,4,3.522677234698371,2838.75,0.0,11414,5936.0,52.00630804275451,6,82.83333333333333,0,0,73.0,67.0,86.0,85.0,86.0,100.0
510560,Matupá,MT,Mato Grosso,CENTRO-OESTE,21959,7,7,3.18775900541919,3137.0,0.0,21415,7398.0,34.545879056735934,6,69.33333333333333,1,0,52.0,31.0,79.0,99.0,77.0,78.0
510562,Mirassol d'Oeste,MT,Mato Grosso,CENTRO-OESTE,27637,8,8,2.894670188515396,3454.625,0.0,27511,11803.0,42.90283886445422,6,56.166666666666664,3,1,29.0,49.0,69.0,49.0,63.0,78.0
510590,Nobres,MT,Mato Grosso,CENTRO-OESTE,15796,7,6,4.431501645986326,2256.5714285714284,0.0,15753,8893.0,56.45273916079477,6,57.0,2,0,35.0,37.0,71.0,64.0,59.0,76.0
510600,Nortelândia,MT,Mato Grosso,CENTRO-OESTE,5890,4,4,6.791171477079796,1472.5,0.0,5935,2728.0,45.964616680707664,6,76.0,0,0,63.0,76.0,78.0,87.0,78.0,74.0
510610,Nossa Senhora do Livramento,MT,Mato Grosso,CENTRO-OESTE,11658,3,3,2.5733401955738553,3886.0,0.0,11658,6754.0,57.93446560301938,6,56.166666666666664,1,1,52.0,26.0,51.0,56.0,54.0,98.0
510615,Nova Bandeirantes,MT,Mato Grosso,CENTRO-OESTE,14340,7,7,4.881450488145049,2048.5714285714284,0.0,14160,6171.0,43.58050847457628,6,69.83333333333333,1,0,60.0,45.0,75.0,68.0,78.0,93.0
510620,Nova Brasilândia,MT,Mato Grosso,CENTRO-OESTE,3791,2,2,5.275652862041678,1895.5,0.0,3853,2033.0,52.764079937710875,6,67.33333333333333,2,0,42.0,32.0,90.0,50.0,90.0,100.0
510621,Nova Canaã do Norte,MT,Mato Grosso,CENTRO-OESTE,11734,5,5,4.2611215271859555,2346.8,0.0,11771,4560.0,38.73927448814884,6,79.33333333333333,0,0,59.0,61.0,92.0,95.0,77.0,92.0
510880,Nova Guarita,MT,Mato Grosso,CENTRO-OESTE,4546,1,1,2.199736031676199,4546.0,0.018978967851233725,4579,2227.0,48.63507316007862,6,69.0,2,1,47.0,11.0,80.0,100.0,76.0,100.0
510618,Nova Lacerda,MT,Mato Grosso,CENTRO-OESTE,7072,3,3,4.242081447963801,2357.3333333333335,0.0,6965,3233.0,46.417803302225416,6,55.833333333333336,3,1,32.0,19.0,87.0,74.0,43.0,80.0
510885,Nova Marilândia,MT,Mato Grosso,CENTRO-OESTE,3731,1,1,2.6802465826856072,3731.0,0.0,3678,1318.0,35.83469276780859,6,70.33333333333333,2,1,41.0,12.0,92.0,92.0,85.0,100.0
510890,Nova Maringá,MT,Mato Grosso,CENTRO-OESTE,5705,4,4,7.011393514460999,1426.25,0.0,5775,2287.0,39.6017316017316,6,75.0,1,0,45.0,54.0,97.0,93.0,70.0,91.0
510895,Nova Monte Verde,MT,Mato Grosso,CENTRO-OESTE,8470,3,3,3.541912632821724,2823.3333333333335,0.0,8451,3953.0,46.77552952313336,6,60.166666666666664,2,1,47.0,12.0,82.0,66.0,62.0,92.0
510622,Nova Mutum,MT,Mato Grosso,CENTRO-OESTE,63455,15,15,2.3638799149003233,4230.333333333333,0.0,61223,19862.0,32.44205609003152,6,66.0,2,2,27.0,28.0,83.0,97.0,73.0,88.0
510617,Nova Nazaré,MT,Mato Grosso,CENTRO-OESTE,4575,3,3,6.557377049180328,1525.0,0.0,4467,1560.0,34.922766957689724,6,56.166666666666664,1,0,43.0,51.0,67.0,67.0,52.0,57.0
510623,Nova Olímpia,MT,Mato Grosso,CENTRO-OESTE,16204,7,7,4.319921007158726,2314.8571428571427,0.0,16314,6371.0,39.052347676841975,6,41.0,3,3,25.0,13.0,57.0,59.0,25.0,67.0
510619,Nova Santa Helena,MT,Mato Grosso,CENTRO-OESTE,4502,1,1,2.2212350066637048,4502.0,0.009116434946382602,4431,2074.0,46.806589934552015,6,73.5,2,0,45.0,40.0,90.0,100.0,75.0,91.0
510624,Nova Ubiratã,MT,Mato Grosso,CENTRO-OESTE,9760,9,7,9.221311475409836,1084.4444444444443,0.0,9589,3791.0,39.53488372093023,6,58.166666666666664,2,1,37.0,24.0,64.0,90.0,67.0,67.0
510625,Nova Xavantina,MT,Mato Grosso,CENTRO-OESTE,25915,6,6,2.3152614316033184,4319.166666666667,0.0,25486,8731.0,34.25802401318371,6,65.83333333333333,2,0,40.0,35.0,79.0,78.0,72.0,91.0
510627,Novo Horizonte do Norte,MT,Mato Grosso,CENTRO-OESTE,3267,3,2,9.182736455463727,1089.0,0.0,3307,1586.0,47.95887511339583,6,76.0,2,0,42.0,31.0,94.0,100.0,89.0,100.0
510626,Novo Mundo,MT,Mato Grosso,CENTRO-OESTE,6368,5,4,7.851758793969849,1273.6,0.0,6444,3595.0,55.78833022967101,6,69.33333333333333,1,0,30.0,68.0,61.0,92.0,83.0,82.0
510631,Novo Santo Antônio,MT,Mato Grosso,CENTRO-OESTE,2041,1,1,4.899559039686428,2041.0,0.0,2040,1368.0,67.05882352941175,6,70.0,2,1,35.0,28.0,100.0,100.0,57.0,100.0
510628,Novo São Joaquim,MT,Mato Grosso,CENTRO-OESTE,7239,3,3,4.144218814753419,2413.0,0.0,7160,3140.0,43.85474860335196,6,69.5,2,1,46.0,25.0,75.0,88.0,92.0,91.0
510630,Paranatinga,MT,Mato Grosso,CENTRO-OESTE,28870,8,8,2.7710426047800487,3608.75,0.0,28204,8322.0,29.506452985392144,6,63.0,2,2,24.0,22.0,80.0,92.0,70.0,90.0
510629,Paranaíta,MT,Mato Grosso,CENTRO-OESTE,12079,5,5,4.1394155145293485,2415.8,0.0,11989,5097.0,42.51397114021186,6,77.0,1,0,48.0,64.0,92.0,75.0,87.0,96.0
510637,Pedra Preta,MT,Mato Grosso,CENTRO-OESTE,18946,5,5,2.6390794890742106,3789.2,0.0,18722,7173.0,38.31321440017092,6,58.5,2,2,26.0,25.0,67.0,93.0,67.0,73.0
510642,Peixoto de Azevedo,MT,Mato Grosso,CENTRO-OESTE,33754,10,10,2.962611838596907,3375.4,0.0,33599,15633.0,46.528170481264326,6,64.0,1,1,29.0,69.0,70.0,69.0,65.0,82.0
510645,Planalto da Serra,MT,Mato Grosso,CENTRO-OESTE,3328,2,2,6.009615384615385,1664.0,0.0,3287,1736.0,52.81411621539398,6,75.33333333333333,1,0,61.0,40.0,90.0,90.0,71.0,100.0
510650,Poconé,MT,Mato Grosso,CENTRO-OESTE,31203,12,12,3.8457840592250747,2600.25,0.0,31269,16995.0,54.350954619591285,6,64.83333333333333,2,0,43.0,32.0,74.0,75.0,78.0,87.0
510665,Pontal do Araguaia,MT,Mato Grosso,CENTRO-OESTE,7441,4,4,5.37562155624244,1860.25,0.0,7299,2810.0,38.498424441704344,6,53.833333333333336,2,2,26.0,17.0,79.0,71.0,75.0,55.0
510670,Ponte Branca,MT,Mato Grosso,CENTRO-OESTE,2098,1,1,4.7664442326024785,2098.0,0.0,2076,1010.0,48.65125240847784,6,54.666666666666664,2,0,35.0,43.0,50.0,50.0,50.0,100.0
510675,Pontes e Lacerda,MT,Mato Grosso,CENTRO-OESTE,55762,13,13,2.3313367526272373,4289.384615384615,0.0,54795,18058.0,32.95556163883566,6,63.166666666666664,2,2,19.0,21.0,81.0,96.0,76.0,86.0
510677,Porto Alegre do Norte,MT,Mato Grosso,CENTRO-OESTE,12649,5,5,3.9528816507233775,2529.8,0.0,12524,5552.0,44.330884701373364,6,73.5,0,0,56.0,50.0,83.0,95.0,64.0,93.0
510682,Porto Esperidião,MT,Mato Grosso,CENTRO-OESTE,10088,5,5,4.956383822363204,2017.6,0.0,10167,5643.0,55.50309825907347,6,57.333333333333336,2,1,39.0,15.0,73.0,70.0,54.0,93.0
510685,Porto Estrela,MT,Mato Grosso,CENTRO-OESTE,3141,3,3,9.551098376313275,1047.0,0.0,3181,1844.0,57.96919207796291,6,24.333333333333332,5,4,33.0,10.0,18.0,9.0,18.0,58.0
510680,Porto dos Gaúchos,MT,Mato Grosso,CENTRO-OESTE,5705,3,3,5.258545135845749,1901.6666666666667,0.0,5690,2308.0,40.562390158172235,6,73.33333333333333,1,0,44.0,51.0,84.0,91.0,81.0,89.0
510700,Poxoréu,MT,Mato Grosso,CENTRO-OESTE,25103,7,7,2.788511333306776,3586.1428571428573,0.0,24587,8813.0,35.84414528002603,6,55.666666666666664,2,1,32.0,7.0,70.0,84.0,68.0,73.0
510704,Primavera do Leste,MT,Mato Grosso,CENTRO-OESTE,96006,21,21,2.187363289794388,4571.714285714285,0.519598501435449,92927,25627.0,27.577560881121745,6,67.16666666666667,2,1,41.0,17.0,89.0,97.0,65.0,94.0
510706,Querência,MT,Mato Grosso,CENTRO-OESTE,31100,11,11,3.5369774919614145,2827.2727272727275,0.0,29820,9706.0,32.54862508383635,6,66.5,2,1,39.0,20.0,86.0,94.0,70.0,90.0
510715,Reserva do Cabaçal,MT,Mato Grosso,CENTRO-OESTE,2020,1,1,4.9504950495049505,2020.0,0.0,2062,1265.0,61.34820562560621,6,42.0,4,1,31.0,7.0,40.0,40.0,50.0,84.0
510718,Ribeirão Cascalheira,MT,Mato Grosso,CENTRO-OESTE,10541,6,6,5.692059576890238,1756.8333333333333,0.0,10431,3656.0,35.04937206403988,6,65.5,2,0,44.0,41.0,88.0,93.0,70.0,57.0
510719,Ribeirãozinho,MT,Mato Grosso,CENTRO-OESTE,2733,1,1,3.6589828027808267,2733.0,0.0,2697,1039.0,38.524286243974785,6,65.83333333333333,3,0,47.0,37.0,78.0,89.0,44.0,100.0
510720,Rio Branco,MT,Mato Grosso,CENTRO-OESTE,4440,0,0,0.0,0.0,0.9952192294895466,4489,2226.0,49.58788148808198,6,55.5,2,0,48.0,46.0,50.0,65.0,62.0,62.0
510757,Rondolândia,MT,Mato Grosso,CENTRO-OESTE,3518,2,2,5.6850483229107445,1759.0,0.0,3527,1175.0,33.31443152821094,6,44.666666666666664,3,2,12.0,3.0,33.0,89.0,56.0,75.0
510760,Rondonópolis,MT,Mato Grosso,CENTRO-OESTE,263708,70,70,2.654451135346671,3767.2571428571428,0.0,259167,83447.0,32.19815794449139,6,51.5,3,1,29.0,36.0,63.0,67.0,47.0,67.0
510770,Rosário Oeste,MT,Mato Grosso,CENTRO-OESTE,15041,7,7,4.653945881257895,2148.714285714286,0.0,15236,8886.0,58.32239432922027,6,59.166666666666664,1,1,51.0,14.0,63.0,82.0,61.0,84.0
510775,Salto do Céu,MT,Mato Grosso,CENTRO-OESTE,3657,2,2,5.468963631391851,1828.5,0.0,3679,1616.0,43.92497961402555,6,62.833333333333336,2,0,49.0,35.0,64.0,79.0,50.0,100.0
510724,Santa Carmem,MT,Mato Grosso,CENTRO-OESTE,5795,3,3,5.176876617773943,1931.6666666666667,0.0,5677,2365.0,41.65932710938876,6,77.33333333333333,1,0,37.0,63.0,91.0,100.0,79.0,94.0
510774,Santa Cruz do Xingu,MT,Mato Grosso,CENTRO-OESTE,2904,1,1,3.443526170798898,2904.0,0.0,2834,1259.0,44.42484121383204,6,66.0,2,1,37.0,21.0,83.0,100.0,67.0,88.0
510776,Santa Rita do Trivelato,MT,Mato Grosso,CENTRO-OESTE,3536,3,3,8.484162895927602,1178.6666666666667,0.0,3463,1562.0,45.105399942246606,6,76.33333333333333,1,0,50.0,42.0,93.0,100.0,80.0,93.0
510777,Santa Terezinha,MT,Mato Grosso,CENTRO-OESTE,7737,2,2,2.584981258885873,3868.5,0.0,7720,3784.0,49.015544041450774,6,70.16666666666667,2,0,32.0,43.0,94.0,100.0,69.0,83.0
510726,Santo Afonso,MT,Mato Grosso,CENTRO-OESTE,2416,1,1,4.139072847682119,2416.0,0.0,2460,1366.0,55.52845528455285,6,69.33333333333333,2,0,44.0,34.0,92.0,54.0,92.0,100.0
510780,Santo Antônio de Leverger,MT,Mato Grosso,CENTRO-OESTE,16839,8,8,4.750875942751945,2104.875,0.0,16795,9421.0,56.09407561774338,6,53.166666666666664,3,1,43.0,23.0,59.0,57.0,48.0,89.0
510779,Santo Antônio do Leste,MT,Mato Grosso,CENTRO-OESTE,4244,2,2,4.71253534401508,2122.0,0.0,4212,1352.0,32.098765432098766,6,60.833333333333336,2,1,26.0,37.0,64.0,86.0,57.0,95.0
510787,Sapezal,MT,Mato Grosso,CENTRO-OESTE,32514,8,8,2.4604785630805193,4064.25,0.0,31499,9035.0,28.683450268262483,6,53.666666666666664,3,1,35.0,26.0,64.0,63.0,44.0,90.0
510788,Serra Nova Dourada,MT,Mato Grosso,CENTRO-OESTE,1941,2,2,10.303967027305513,970.5,0.0,1901,924.0,48.60599684376644,6,68.66666666666667,1,0,40.0,55.0,71.0,71.0,86.0,89.0
510790,Sinop,MT,Mato Grosso,CENTRO-OESTE,223780,38,35,1.6980963446241844,5888.9473684210525,12.159945760173587,216029,52281.0,24.20091746941383,6,63.333333333333336,2,1,30.0,19.0,79.0,94.0,72.0,86.0
510792,Sorriso,MT,Mato Grosso,CENTRO-OESTE,124665,31,31,2.4866642602173825,4021.451612903226,0.0,120561,39495.0,32.759350038569686,6,66.33333333333333,2,0,33.0,31.0,85.0,93.0,70.0,86.0
510785,São Félix do Araguaia,MT,Mato Grosso,CENTRO-OESTE,14604,4,4,2.738975623116954,3651.0,0.0,14332,4286.0,29.90510745185599,6,72.83333333333333,1,0,37.0,57.0,85.0,98.0,68.0,92.0
510729,São José do Povo,MT,Mato Grosso,CENTRO-OESTE,2716,2,2,7.363770250368188,1358.0,0.0,2780,1307.0,47.01438848920863,6,62.166666666666664,2,2,29.0,26.0,100.0,83.0,50.0,85.0
510730,São José do Rio Claro,MT,Mato Grosso,CENTRO-OESTE,14455,7,7,4.842615012106537,2065.0,0.0,14662,6756.0,46.07829764015823,6,68.16666666666667,2,0,43.0,49.0,78.0,91.0,78.0,70.0
510735,São José do Xingu,MT,Mato Grosso,CENTRO-OESTE,6234,2,2,3.208213025344883,3117.0,0.0,6168,3227.0,52.31841763942931,6,59.333333333333336,3,1,27.0,39.0,43.0,89.0,65.0,93.0
510710,São José dos Quatro Marcos,MT,Mato Grosso,CENTRO-OESTE,17721,6,6,3.3858134416793635,2953.5,0.0,17830,6741.0,37.807066741446995,6,45.0,4,2,19.0,11.0,49.0,66.0,49.0,76.0
510740,São Pedro da Cipa,MT,Mato Grosso,CENTRO-OESTE,4250,3,3,7.058823529411765,1416.6666666666667,0.0,4247,1922.0,45.25547445255474,6,60.0,4,0,40.0,88.0,44.0,44.0,44.0,100.0
510794,Tabaporã,MT,Mato Grosso,CENTRO-OESTE,9895,6,6,6.06366851945427,1649.1666666666667,0.0,9908,3973.0,40.09890997174001,6,66.33333333333333,2,0,36.0,36.0,83.0,93.0,59.0,91.0
510795,Tangará da Serra,MT,Mato Grosso,CENTRO-OESTE,114603,27,27,2.3559592680819876,4244.555555555556,0.0,112547,30666.0,27.247283357175224,6,61.166666666666664,2,2,28.0,22.0,69.0,93.0,66.0,89.0
510800,Tapurah,MT,Mato Grosso,CENTRO-OESTE,15638,6,6,3.836807775930426,2606.3333333333335,0.0,15272,4870.0,31.88842325825039,6,75.5,1,0,53.0,36.0,89.0,99.0,83.0,93.0
510805,Terra Nova do Norte,MT,Mato Grosso,CENTRO-OESTE,10591,5,5,4.720989519403267,2118.2,0.0,10641,4617.0,43.38877925007048,6,71.66666666666667,0,0,57.0,55.0,76.0,89.0,69.0,84.0
510810,Tesouro,MT,Mato Grosso,CENTRO-OESTE,2935,3,3,10.221465076660989,978.3333333333334,0.0,2977,1477.0,49.613705072220355,6,53.0,3,1,50.0,26.0,40.0,80.0,40.0,82.0
510820,Torixoréu,MT,Mato Grosso,CENTRO-OESTE,4238,2,2,4.719207173194904,2119.0,0.0,4230,1758.0,41.56028368794326,6,82.0,0,0,55.0,64.0,91.0,100.0,82.0,100.0
510830,União do Sul,MT,Mato Grosso,CENTRO-OESTE,3904,3,3,7.684426229508197,1301.3333333333333,0.0,3897,2198.0,56.40236079035156,6,72.0,1,1,65.0,21.0,76.0,94.0,76.0,100.0
510835,Vale de São Domingos,MT,Mato Grosso,CENTRO-OESTE,2892,4,4,13.831258644536653,723.0,0.0,2907,1461.0,50.25799793601651,6,48.166666666666664,3,2,28.0,11.0,46.0,69.0,54.0,81.0
510850,Vera,MT,Mato Grosso,CENTRO-OESTE,10758,4,4,3.718163227365681,2689.5,0.0,10584,3823.0,36.12055933484505,6,75.16666666666667,0,0,58.0,57.0,85.0,87.0,69.0,95.0
510550,Vila Bela da Santíssima Trindade,MT,Mato Grosso,CENTRO-OESTE,17592,9,9,5.115961800818553,1954.6666666666667,0.0,17384,7453.0,42.87275655775426,6,56.166666666666664,2,2,55.0,23.0,87.0,21.0,63.0,88.0
510860,Vila Rica,MT,Mato Grosso,CENTRO-OESTE,19686,6,6,3.0478512648582745,3281.0,0.0,19827,8038.0,40.540676854793965,6,73.16666666666667,2,0,34.0,38.0,93.0,100.0,80.0,94.0
510840,Várzea Grande,MT,Mato Grosso,CENTRO-OESTE,318922,31,31,0.9720245075598423,10287.806451612903,40.48587997911376,314627,88733.0,28.202601811033386,6,41.5,3,3,25.0,9.0,12.0,78.0,51.0,74.0
510020,Água Boa,MT,Mato Grosso,CENTRO-OESTE,32099,16,16,4.984578958846069,2006.1875,0.0,31314,9587.0,30.615699048348983,6,69.33333333333333,2,0,34.0,34.0,90.0,94.0,69.0,95.0
150010,Abaetetuba,PA,Pará,NORTE,172344,30,30,1.7407046372371537,5744.8,8.63064479440234,170999,99818.0,58.373440780355445,6,47.666666666666664,4,2,17.0,15.0,47.0,90.0,45.0,72.0
150013,Abel Figueiredo,PA,Pará,NORTE,6275,3,3,4.780876494023905,2091.6666666666665,0.0,6302,4050.0,64.26531259917486,6,63.833333333333336,2,2,29.0,24.0,89.0,96.0,63.0,82.0
150020,Acará,PA,Pará,NORTE,63110,11,11,1.7429884328949452,5737.272727272727,3.146010264208397,62701,30450.0,48.56381875887147,6,40.833333333333336,4,2,12.0,7.0,73.0,73.0,31.0,49.0
150030,Afuá,PA,Pará,NORTE,40473,6,6,1.4824697946779335,6745.5,3.071961233137481,40246,22689.0,56.3757888982756,6,41.166666666666664,4,2,32.0,8.0,45.0,66.0,25.0,71.0
150040,Alenquer,PA,Pará,NORTE,75882,6,6,0.7907013520993121,12647.0,11.008834588316613,74836,32584.0,43.54054198514084,6,29.833333333333332,5,4,18.0,8.0,8.0,70.0,28.0,47.0
150050,Almeirim,PA,Pará,NORTE,36442,9,9,2.4696778442456506,4049.1111111111113,0.0,36334,19961.0,54.937524082126934,6,53.666666666666664,3,0,34.0,32.0,57.0,75.0,40.0,84.0
150060,Altamira,PA,Pará,NORTE,138749,28,28,2.018032562396846,4955.321428571428,3.1003767730732212,136982,61091.0,44.59783037187368,6,51.333333333333336,3,2,26.0,20.0,56.0,81.0,47.0,78.0
150070,Anajás,PA,Pará,NORTE,30247,1,1,0.330611300294244,30247.0,5.779818926659981,30003,14416.0,48.04852848048529,6,24.833333333333332,5,4,3.0,1.0,4.0,79.0,13.0,49.0
150080,Ananindeua,PA,Pará,NORTE,509227,73,69,1.4335453540366085,6975.712328767123,41.142455534971454,507838,195481.0,38.492787069892366,6,53.666666666666664,2,1,28.0,54.0,64.0,65.0,43.0,68.0
150085,Anapu,PA,Pará,NORTE,35638,10,10,2.8059936023345866,3563.8,0.0,34947,20236.0,57.90482730992647,6,59.166666666666664,2,1,39.0,8.0,80.0,94.0,56.0,78.0
150090,Augusto Corrêa,PA,Pará,NORTE,47912,4,4,0.8348639171814994,11978.0,6.739401739482691,47596,36062.0,75.76687116564416,6,72.5,1,1,58.0,24.0,93.0,96.0,72.0,92.0
150095,Aurora do Pará,PA,Pará,NORTE,24193,9,9,3.7200843219112967,2688.1111111111113,0.0,24321,16523.0,67.93717363595246,6,58.5,2,2,18.0,26.0,69.0,81.0,68.0,89.0
150100,Aveiro,PA,Pará,NORTE,19380,7,7,3.6119711042311664,2768.5714285714284,0.0,19223,9589.0,49.882952712896014,6,45.5,4,2,38.0,17.0,27.0,79.0,42.0,70.0
150110,Bagre,PA,Pará,NORTE,35147,6,6,1.7071158278089167,5857.833333333333,1.878146454700246,34633,11410.0,32.94545664539601,6,34.666666666666664,3,3,5.0,3.0,51.0,61.0,24.0,64.0
150120,Baião,PA,Pará,NORTE,56850,14,14,2.4626209322779244,4060.714285714286,0.0,55949,22236.0,39.74333768253231,6,52.833333333333336,2,2,17.0,24.0,53.0,80.0,57.0,86.0
150125,Bannach,PA,Pará,NORTE,4290,2,2,4.662004662004662,2145.0,0.0,4252,2045.0,48.095014111006584,6,48.833333333333336,2,1,31.0,12.0,59.0,53.0,59.0,79.0
150130,Barcarena,PA,Pará,NORTE,139076,31,30,2.228997095113463,4486.322580645161,0.17367332443427366,137331,73666.0,53.64120264179246,6,65.33333333333333,2,1,36.0,26.0,92.0,91.0,65.0,82.0
150145,Belterra,PA,Pará,NORTE,19075,10,10,5.242463958060288,1907.5,0.0,18954,13722.0,72.3963279518835,6,54.166666666666664,3,1,38.0,18.0,55.0,84.0,47.0,83.0
150140,Belém,PA,Pará,NORTE,1397315,98,95,0.7013450796706542,14258.316326530612,215.20602649869042,1398531,357310.0,25.54895100644891,6,30.0,4,4,12.0,6.0,29.0,58.0,23.0,52.0
150150,Benevides,PA,Pará,NORTE,68962,18,18,2.610133116788956,3831.222222222222,0.0,68191,38173.0,55.97952809021718,6,62.166666666666664,2,1,45.0,19.0,78.0,83.0,55.0,93.0
150157,Bom Jesus do Tocantins,PA,Pará,NORTE,19129,5,5,2.613832401066444,3825.8,0.0,18958,9101.0,48.00611878890178,6,64.16666666666667,2,0,42.0,42.0,80.0,85.0,58.0,78.0
150160,Bonito,PA,Pará,NORTE,12961,9,9,6.943908649023995,1440.111111111111,0.0,12998,8891.0,68.40283120480073,6,50.166666666666664,2,2,8.0,12.0,66.0,86.0,52.0,77.0
150170,Bragança,PA,Pará,NORTE,132489,33,33,2.490772818875529,4014.818181818182,0.0,131679,81376.0,61.79876821664806,6,45.833333333333336,3,1,32.0,13.0,57.0,65.0,41.0,67.0
150172,Brasil Novo,PA,Pará,NORTE,27130,7,7,2.580169553999263,3875.714285714286,0.0,26606,13699.0,51.4883860783282,6,65.5,2,1,42.0,19.0,83.0,93.0,66.0,90.0
150175,Brejo Grande do Araguaia,PA,Pará,NORTE,6966,4,4,5.742176284811944,1741.5,0.0,6985,4977.0,71.25268432355047,6,63.166666666666664,2,2,25.0,17.0,78.0,88.0,73.0,98.0
150178,Breu Branco,PA,Pará,NORTE,47066,18,18,3.824416776441593,2614.777777777778,0.0,47351,26562.0,56.09596418238263,6,39.0,4,2,12.0,6.0,32.0,62.0,48.0,74.0
150180,Breves,PA,Pará,NORTE,116058,21,21,1.8094401075324407,5526.571428571428,5.0142237243463486,115051,47837.0,41.57895194305134,6,37.5,4,2,29.0,8.0,39.0,60.0,32.0,57.0
150190,Bujaru,PA,Pará,NORTE,25065,10,10,3.9896269698783167,2506.5,0.0,25112,18337.0,73.02086651799937,6,44.333333333333336,3,3,26.0,22.0,57.0,62.0,24.0,75.0
150200,Cachoeira do Arari,PA,Pará,NORTE,25467,9,9,3.5339851572623395,2829.6666666666665,0.0,25243,11723.0,46.440597393336766,6,61.833333333333336,2,1,18.0,60.0,95.0,92.0,30.0,76.0
150195,Cachoeira do Piriá,PA,Pará,NORTE,19223,15,15,7.803152473599334,1281.5333333333333,0.0,19578,13191.0,67.37664725712534,6,36.166666666666664,3,3,10.0,5.0,20.0,77.0,53.0,52.0
150210,Cametá,PA,Pará,NORTE,144859,30,30,2.070979366142249,4828.633333333333,2.4699239559968924,143837,88017.0,61.19218281805099,6,30.0,5,4,18.0,8.0,18.0,45.0,15.0,76.0
150215,Canaã dos Carajás,PA,Pará,NORTE,89524,14,14,1.5638264599437022,6394.571428571428,6.066668085770758,86629,39848.0,45.99845317387942,6,75.83333333333333,1,0,46.0,52.0,95.0,99.0,75.0,88.0
150220,Capanema,PA,Pará,NORTE,75309,24,23,3.1868700952077442,3137.875,0.0,74808,38111.0,50.94508608704952,6,53.166666666666664,2,2,18.0,10.0,65.0,84.0,58.0,84.0
150230,Capitão Poço,PA,Pará,NORTE,60318,15,15,2.4868198547697205,4021.2,0.0,59960,35359.0,58.970980653769175,6,82.33333333333333,0,0,76.0,61.0,91.0,90.0,84.0,92.0
150240,Castanhal,PA,Pará,NORTE,209126,50,47,2.3909030919158787,4182.52,0.0,207603,96228.0,46.3519313304721,6,57.5,2,1,30.0,15.0,60.0,92.0,63.0,85.0
150250,Chaves,PA,Pará,NORTE,21501,5,5,2.3254732338030792,4300.2,0.0,21487,11429.0,53.19030111230047,6,28.0,5,3,9.0,5.0,39.0,57.0,13.0,45.0
150260,Colares,PA,Pará,NORTE,13625,5,5,3.669724770642202,2725.0,0.0,13526,9001.0,66.5459115777022,6,38.833333333333336,3,3,21.0,13.0,59.0,63.0,9.0,68.0
150270,Conceição do Araguaia,PA,Pará,NORTE,47144,15,15,3.18174104870185,3142.9333333333334,0.0,47099,21756.0,46.19206352576487,6,58.0,2,0,41.0,35.0,60.0,68.0,52.0,92.0
150275,Concórdia do Pará,PA,Pará,NORTE,28270,8,8,2.8298549699327906,3533.75,0.0,28287,18028.0,63.73245660550783,6,51.833333333333336,2,2,12.0,9.0,61.0,86.0,50.0,93.0
150276,Cumaru do Norte,PA,Pará,NORTE,15150,6,6,3.960396039603961,2525.0,0.0,14937,5815.0,38.930173394925355,6,63.666666666666664,1,0,30.0,51.0,54.0,90.0,63.0,94.0
150277,Curionópolis,PA,Pará,NORTE,20975,7,7,3.3373063170440997,2996.4285714285716,0.0,20859,12754.0,61.14387075123447,6,54.5,2,1,41.0,22.0,60.0,57.0,57.0,90.0
150280,Curralinho,PA,Pará,NORTE,36814,8,8,2.1730863258542943,4601.75,0.251801962709047,36451,17608.0,48.30594496721626,6,27.333333333333332,4,3,6.0,1.0,21.0,55.0,30.0,51.0
150285,Curuá,PA,Pará,NORTE,14954,6,6,4.012304400160493,2492.3333333333335,0.0,14834,10512.0,70.8642308210867,6,70.0,2,0,48.0,37.0,92.0,97.0,59.0,87.0
150290,Curuçá,PA,Pará,NORTE,44880,14,14,3.1194295900178255,3205.714285714286,0.0,44413,28083.0,63.23148627654065,6,42.0,4,3,20.0,9.0,21.0,76.0,46.0,80.0
150293,Dom Eliseu,PA,Pará,NORTE,62823,14,14,2.228483198828455,4487.357142857143,0.0816796518517503,62322,19962.0,32.03042264368923,6,50.666666666666664,2,2,11.0,7.0,69.0,80.0,59.0,78.0
150295,Eldorado do Carajás,PA,Pará,NORTE,29287,8,8,2.731587393724178,3660.875,0.0,29425,15616.0,53.070518266779956,6,56.833333333333336,2,2,25.0,13.0,80.0,92.0,55.0,76.0
150300,Faro,PA,Pará,NORTE,9167,5,5,5.454347114650377,1833.4,0.0,9125,6177.0,67.6931506849315,6,51.833333333333336,2,2,29.0,3.0,71.0,71.0,56.0,81.0
150304,Floresta do Araguaia,PA,Pará,NORTE,18595,10,9,5.377789728421619,1859.5,0.0,18565,12453.0,67.07783463506598,6,68.0,1,0,53.0,39.0,79.0,79.0,73.0,85.0
150307,Garrafão do Norte,PA,Pará,NORTE,25558,10,10,3.9126692229438924,2555.8,0.0,25552,17874.0,69.95147150907952,6,65.5,2,1,47.0,18.0,84.0,88.0,72.0,84.0
150309,Goianésia do Pará,PA,Pará,NORTE,26703,12,12,4.4938770924615214,2225.25,0.0,27059,13265.0,49.022506374958425,6,42.166666666666664,3,2,22.0,8.0,52.0,74.0,46.0,51.0
150310,Gurupá,PA,Pará,NORTE,34137,6,6,1.7576236927673783,5689.5,1.6517564948388856,33922,17817.0,52.52343611815341,6,25.0,4,4,11.0,3.0,6.0,54.0,21.0,55.0
150320,Igarapé-Açu,PA,Pará,NORTE,37925,18,18,4.746209624258405,2106.9444444444443,0.0,37855,25033.0,66.12864879144102,6,50.333333333333336,3,1,35.0,13.0,55.0,71.0,44.0,84.0
150330,Igarapé-Miri,PA,Pará,NORTE,69446,17,17,2.447945166028281,4085.0588235294117,0.0,68955,44942.0,65.17583931549561,6,57.833333333333336,2,1,14.0,30.0,64.0,94.0,59.0,86.0
150340,Inhangapi,PA,Pará,NORTE,10784,6,6,5.56379821958457,1797.3333333333333,0.0,10754,7436.0,69.14636414357447,6,58.0,2,2,24.0,15.0,67.0,94.0,54.0,94.0
150345,Ipixuna do Pará,PA,Pará,NORTE,29264,19,19,6.4926189174412245,1540.2105263157894,0.0,30158,21300.0,70.62802573114928,6,44.166666666666664,3,1,12.0,30.0,52.0,69.0,42.0,60.0
150350,Irituia,PA,Pará,NORTE,32740,5,5,1.5271838729383018,6548.0,2.3386210751098537,32698,22128.0,67.67386384488347,6,64.33333333333333,1,1,54.0,11.0,78.0,91.0,63.0,89.0
150360,Itaituba,PA,Pará,NORTE,135369,25,25,1.8468039211340852,5414.76,5.342754927200547,133684,62520.0,46.76700278268155,6,61.5,2,0,41.0,42.0,66.0,92.0,51.0,77.0
150370,Itupiranga,PA,Pará,NORTE,52201,11,11,2.1072393249171473,4745.545454545455,0.7007745492305887,52187,23882.0,45.76235460938548,6,48.5,4,1,33.0,9.0,46.0,88.0,45.0,70.0
150375,Jacareacanga,PA,Pará,NORTE,26579,3,3,1.128710636216562,8859.666666666666,2.957642319955553,26006,8060.0,30.99284780435284,6,48.666666666666664,3,0,49.0,37.0,66.0,52.0,35.0,53.0
150380,Jacundá,PA,Pará,NORTE,37726,16,13,4.2411069289084455,2357.875,0.0,38391,22902.0,59.65460654840978,6,44.5,4,2,23.0,21.0,47.0,72.0,44.0,60.0
150390,Juruti,PA,Pará,NORTE,54255,16,15,2.949036955119344,3390.9375,0.0,53952,34493.0,63.932755041518384,6,52.333333333333336,3,1,34.0,9.0,66.0,86.0,41.0,78.0
150400,Limoeiro do Ajuru,PA,Pará,NORTE,32088,10,10,3.1164298180004986,3208.8,0.0,31778,16655.0,52.410472654037385,6,42.166666666666664,3,2,15.0,7.0,64.0,61.0,43.0,63.0
150410,Magalhães Barata,PA,Pará,NORTE,8439,5,5,5.9248726152387725,1687.8,0.0,8428,6108.0,72.47271001423825,6,45.833333333333336,3,3,24.0,12.0,56.0,69.0,22.0,92.0
150420,Marabá,PA,Pará,NORTE,290975,21,21,0.721711487241172,13855.952380952382,44.22160254520738,288513,93398.0,32.37219813318637,6,54.166666666666664,2,2,27.0,21.0,61.0,86.0,51.0,79.0
150430,Maracanã,PA,Pará,NORTE,27129,11,11,4.0547016108223675,2466.2727272727275,0.0,27207,20521.0,75.42544198184291,6,37.833333333333336,4,2,17.0,7.0,39.0,58.0,38.0,68.0
150440,Marapanim,PA,Pará,NORTE,28159,10,10,3.5512624738094396,2815.9,0.0,28105,14930.0,53.12222024550791,6,42.666666666666664,4,3,15.0,15.0,48.0,66.0,27.0,85.0
150442,Marituba,PA,Pará,NORTE,119437,20,20,1.6745229702688447,5971.85,6.771621421743911,118998,63679.0,53.51266407838787,6,52.5,3,2,21.0,18.0,74.0,84.0,41.0,77.0
150445,Medicilândia,PA,Pará,NORTE,28677,9,8,3.1384035987027934,3186.3333333333335,0.0,28633,15219.0,53.15195753151958,6,50.5,2,2,19.0,2.0,61.0,84.0,54.0,83.0
150450,Melgaço,PA,Pará,NORTE,30080,6,6,1.9946808510638296,5013.333333333333,0.7423861313165676,29846,8495.0,28.46277558131743,6,20.333333333333332,6,4,5.0,2.0,11.0,48.0,10.0,46.0
150460,Mocajuba,PA,Pará,NORTE,28903,8,8,2.7678787669100093,3612.875,0.0,28821,21695.0,75.27497310988515,6,52.0,2,2,9.0,4.0,62.0,85.0,57.0,95.0
150470,Moju,PA,Pará,NORTE,91760,15,15,1.6346992153443767,6117.333333333333,5.567864076117294,90795,26103.0,28.74938047249298,6,29.166666666666668,6,3,29.0,6.0,44.0,39.0,13.0,44.0
150475,Mojuí dos Campos,PA,Pará,NORTE,25818,12,12,4.647920055775041,2151.5,0.0,25312,16430.0,64.90992414664981,6,52.833333333333336,2,2,26.0,5.0,59.0,77.0,62.0,88.0
150480,Monte Alegre,PA,Pará,NORTE,64002,16,16,2.49992187744133,4000.125,0.0,63641,42248.0,66.38487767319809,6,38.833333333333336,4,3,25.0,6.0,22.0,70.0,34.0,76.0
150490,Muaná,PA,Pará,NORTE,49648,7,7,1.4099258781824042,7092.571428571428,4.128523492274099,48955,24660.0,50.37279133898478,6,41.333333333333336,4,2,8.0,8.0,38.0,76.0,47.0,71.0
150405,Mãe do Rio,PA,Pará,NORTE,37473,9,9,2.4017292450564405,4163.666666666667,0.0,37048,21632.0,58.38911682142086,6,64.16666666666667,2,1,32.0,24.0,74.0,94.0,70.0,91.0
150495,Nova Esperança do Piriá,PA,Pará,NORTE,21304,8,8,3.755163349605708,2663.0,0.0,21259,12693.0,59.70647725669128,6,43.666666666666664,3,2,23.0,4.0,61.0,44.0,50.0,80.0
150497,Nova Ipixuna,PA,Pará,NORTE,14400,0,0,0.0,0.0,3.227738041587718,14417,7800.0,54.102795311091064,6,52.5,2,2,27.0,12.0,55.0,93.0,55.0,73.0
150500,Nova Timboteua,PA,Pará,NORTE,13175,8,8,6.072106261859583,1646.875,0.0,13204,8399.0,63.60951226900939,6,75.83333333333333,2,0,32.0,44.0,96.0,100.0,85.0,98.0
150503,Novo Progresso,PA,Pará,NORTE,37054,9,9,2.428887569493172,4117.111111111111,0.0,36518,18058.0,49.44958650528506,6,55.166666666666664,2,2,28.0,13.0,59.0,96.0,59.0,76.0
150506,Novo Repartimento,PA,Pará,NORTE,63796,1,1,0.1567496394758292,63796.0,13.299776118134032,63754,34153.0,53.569972080183206,6,37.166666666666664,4,2,13.0,8.0,30.0,59.0,32.0,81.0
150520,Oeiras do Pará,PA,Pará,NORTE,36734,8,8,2.177818914357271,4591.75,0.23387008470022588,36377,19542.0,53.720757621574066,6,34.166666666666664,5,2,16.0,24.0,31.0,58.0,35.0,41.0
150530,Oriximiná,PA,Pará,NORTE,72889,10,10,1.371949128126329,7288.9,6.337958202311612,72460,38484.0,53.11068175545128,6,53.0,2,2,29.0,8.0,61.0,93.0,52.0,75.0
150543,Ourilândia do Norte,PA,Pará,NORTE,35252,11,10,3.1203903324634066,3204.7272727272725,0.0,34905,17005.0,48.717948717948715,6,53.0,2,0,33.0,73.0,56.0,58.0,45.0,53.0
150540,Ourém,PA,Pará,NORTE,18783,8,8,4.259170526539957,2347.875,0.0,18675,13680.0,73.25301204819277,6,55.833333333333336,2,2,23.0,20.0,78.0,87.0,51.0,76.0
150548,Pacajá,PA,Pará,NORTE,43741,14,14,3.200658421160924,3124.3571428571427,0.0,43594,24393.0,55.95494792861403,6,69.66666666666667,2,1,48.0,29.0,91.0,97.0,64.0,89.0
150549,Palestina do Pará,PA,Pará,NORTE,7063,2,2,2.8316579357213647,3531.5,0.0,7086,4415.0,62.305955405023994,6,57.0,2,1,18.0,33.0,60.0,83.0,58.0,90.0
150550,Paragominas,PA,Pará,NORTE,113498,27,27,2.378896544432501,4203.62962962963,0.0,112843,46939.0,41.59673174233227,6,55.166666666666664,2,2,20.0,13.0,74.0,87.0,56.0,81.0
150553,Parauapebas,PA,Pará,NORTE,305771,27,27,0.8830137586625284,11324.851851851852,41.53810338293877,298854,100623.0,33.66961794053284,6,52.666666666666664,2,2,21.0,19.0,67.0,83.0,56.0,70.0
150555,Pau D'Arco,PA,Pará,NORTE,7354,5,5,6.799020940984499,1470.8,0.0,7296,4574.0,62.69188596491229,6,54.833333333333336,2,1,40.0,14.0,59.0,77.0,59.0,80.0
150560,Peixe-Boi,PA,Pará,NORTE,8686,5,5,5.756389592447617,1737.2,0.0,8651,4929.0,56.976072130389554,6,52.333333333333336,3,2,16.0,21.0,68.0,80.0,48.0,81.0
150563,Piçarra,PA,Pará,NORTE,13366,7,7,5.237168936106539,1909.4285714285713,0.0,13341,6700.0,50.22112285435875,6,62.5,2,0,43.0,42.0,78.0,83.0,59.0,70.0
150565,Placas,PA,Pará,NORTE,18510,0,0,0.0,0.0,4.14898827429088,18772,12780.0,68.08011932665671,6,52.0,2,2,15.0,8.0,55.0,79.0,68.0,87.0
150570,Ponta de Pedras,PA,Pará,NORTE,25736,7,7,2.7199253963319863,3676.5714285714284,0.0,25767,17301.0,67.14402142275003,6,43.333333333333336,4,2,14.0,14.0,40.0,65.0,47.0,80.0
150580,Portel,PA,Pará,NORTE,67580,16,15,2.3675643681562595,4223.75,0.0,66898,38998.0,58.294717330861914,6,34.166666666666664,4,3,19.0,3.0,52.0,63.0,23.0,45.0
150590,Porto de Moz,PA,Pará,NORTE,44121,9,9,2.0398449717821445,4902.333333333333,0.8896548703397029,43673,22370.0,51.221578549676,6,35.0,4,4,27.0,4.0,24.0,61.0,21.0,73.0
150600,Prainha,PA,Pará,NORTE,38733,9,8,2.323600030981334,4303.666666666667,0.0,38318,28606.0,74.65420950989092,6,56.333333333333336,2,1,37.0,7.0,64.0,94.0,53.0,83.0
150610,Primavera,PA,Pará,NORTE,11379,6,6,5.272871078302136,1896.5,0.0,11332,8302.0,73.26156018355101,6,47.166666666666664,3,1,44.0,21.0,55.0,53.0,38.0,72.0
150611,Quatipuru,PA,Pará,NORTE,11838,2,2,1.6894745734076704,5919.0,0.6534696483552366,11870,8308.0,69.9915754001685,6,50.5,3,1,30.0,9.0,66.0,77.0,30.0,91.0
150613,Redenção,PA,Pará,NORTE,92694,18,16,1.9418732604052042,5149.666666666667,2.777218751870275,91947,39069.0,42.490782733531276,6,60.166666666666664,2,0,48.0,42.0,63.0,69.0,56.0,83.0
150616,Rio Maria,PA,Pará,NORTE,19190,8,7,4.168837936425222,2398.75,0.0,19129,9397.0,49.12436614564274,6,59.833333333333336,2,2,24.0,21.0,89.0,84.0,75.0,66.0
150618,Rondon do Pará,PA,Pará,NORTE,57031,14,14,2.4548052813382197,4073.6428571428573,0.0,56593,19207.0,33.938826356616545,6,70.5,2,1,24.0,46.0,87.0,97.0,76.0,93.0
150619,Rurópolis,PA,Pará,NORTE,37198,13,13,3.4948115490080114,2861.3846153846152,0.0,37360,18634.0,49.87687366167023,6,58.833333333333336,2,2,29.0,11.0,67.0,87.0,66.0,93.0
150620,Salinópolis,PA,Pará,NORTE,48663,17,17,3.493413887347677,2862.529411764706,0.0,48168,26076.0,54.13552566018933,6,50.333333333333336,3,2,22.0,17.0,65.0,84.0,35.0,79.0
150630,Salvaterra,PA,Pará,NORTE,25687,10,10,3.8930198154708604,2568.7,0.0,25441,11649.0,45.78829448527967,6,35.166666666666664,3,3,12.0,7.0,50.0,56.0,28.0,58.0
150635,Santa Bárbara do Pará,PA,Pará,NORTE,22530,6,6,2.6631158455392807,3755.0,0.0,22288,12833.0,57.57806891600862,6,56.333333333333336,2,2,23.0,20.0,81.0,90.0,59.0,65.0
150640,Santa Cruz do Arari,PA,Pará,NORTE,7626,1,1,1.3113034356150013,7626.0,0.7093562711908292,7654,4677.0,61.10530441599163,6,35.666666666666664,4,3,5.0,7.0,45.0,77.0,26.0,54.0
150650,Santa Izabel do Pará,PA,Pará,NORTE,79195,28,28,3.5355767409558685,2828.3928571428573,0.0,78317,31576.0,40.31819400640985,6,56.0,2,2,23.0,11.0,66.0,90.0,55.0,91.0
150655,Santa Luzia do Pará,PA,Pará,NORTE,21295,1,1,0.46959380136182205,21295.0,3.7732417774729488,21217,14623.0,68.92114813592873,6,55.0,2,2,21.0,13.0,73.0,73.0,58.0,92.0
150658,Santa Maria das Barreiras,PA,Pará,NORTE,17065,11,11,6.445941986522121,1551.3636363636363,0.0,17079,8925.0,52.25715791322677,6,46.333333333333336,3,1,35.0,5.0,50.0,63.0,41.0,84.0
150660,Santa Maria do Pará,PA,Pará,NORTE,25815,13,13,5.035831880689521,1985.7692307692307,0.0,25696,16607.0,64.62873599003736,6,45.833333333333336,3,2,14.0,9.0,34.0,81.0,52.0,85.0
150670,Santana do Araguaia,PA,Pará,NORTE,30455,14,14,4.596946314234116,2175.3571428571427,0.0,31683,20691.0,65.30631568980209,6,53.666666666666664,2,1,11.0,32.0,57.0,77.0,64.0,81.0
150680,Santarém,PA,Pará,NORTE,360871,75,73,2.078304989871727,4811.613333333334,5.888684361513995,357311,181695.0,50.850659509502925,6,44.166666666666664,3,2,19.0,8.0,52.0,84.0,40.0,62.0
150690,Santarém Novo,PA,Pará,NORTE,6355,5,5,7.867820613690008,1271.0,0.0,6348,4682.0,73.75551354757404,6,48.0,2,2,10.0,10.0,61.0,84.0,52.0,71.0
150700,Santo Antônio do Tauá,PA,Pará,NORTE,29234,14,14,4.788944379831703,2088.1428571428573,0.0,29134,13355.0,45.83991213015721,6,29.333333333333332,4,4,3.0,8.0,70.0,25.0,11.0,59.0
150775,Sapucaia,PA,Pará,NORTE,6212,2,2,3.219575016097875,3106.0,0.0,6160,2866.0,46.52597402597402,6,50.833333333333336,2,2,23.0,8.0,59.0,78.0,53.0,84.0
150780,Senador José Porfírio,PA,Pará,NORTE,24989,6,6,2.401056464844532,4164.833333333333,0.0,24441,8410.0,34.40939405097991,6,43.833333333333336,3,3,14.0,5.0,50.0,80.0,29.0,85.0
150790,Soure,PA,Pará,NORTE,25315,0,0,0.0,0.0,5.674318647416187,25218,13169.0,52.2206360536125,6,44.0,3,3,13.0,9.0,74.0,72.0,28.0,68.0
150710,São Caetano de Odivelas,PA,Pará,NORTE,17258,9,9,5.214972766253332,1917.5555555555557,0.0,17248,12087.0,70.07769016697588,6,54.5,3,1,34.0,23.0,70.0,74.0,36.0,90.0
150715,São Domingos do Araguaia,PA,Pará,NORTE,21555,9,9,4.175365344467641,2395.0,0.0,21638,11292.0,52.185969128385246,6,44.833333333333336,3,2,13.0,14.0,65.0,65.0,40.0,72.0
150720,São Domingos do Capim,PA,Pará,NORTE,32554,19,19,5.8364563494501445,1713.3684210526317,0.0,32449,23373.0,72.0299546981417,6,68.5,2,0,46.0,32.0,86.0,89.0,67.0,91.0
150740,São Francisco do Pará,PA,Pará,NORTE,15429,10,10,6.481301445330222,1542.9,0.0,15418,10840.0,70.30743287067065,6,56.5,2,1,34.0,12.0,64.0,91.0,58.0,80.0
150730,São Félix do Xingu,PA,Pará,NORTE,64651,19,17,2.9388563208612397,3402.684210526316,0.0,65957,31396.0,47.600709553193745,6,49.666666666666664,2,2,15.0,6.0,61.0,81.0,56.0,79.0
150745,São Geraldo do Araguaia,PA,Pará,NORTE,24929,14,13,5.615949296000641,1780.642857142857,0.0,24978,14208.0,56.882056209464324,6,47.666666666666664,3,2,16.0,13.0,58.0,74.0,46.0,79.0
150746,São João da Ponta,PA,Pará,NORTE,4470,5,5,11.185682326621924,894.0,0.0,4509,4309.0,95.56442670215125,6,39.166666666666664,4,2,7.0,4.0,72.0,36.0,39.0,77.0
150747,São João de Pirabas,PA,Pará,NORTE,21477,10,10,4.65614378171998,2147.7,0.0,21447,14119.0,65.83205110271832,6,61.166666666666664,2,0,34.0,30.0,77.0,74.0,63.0,89.0
150750,São João do Araguaia,PA,Pará,NORTE,14293,6,6,4.19785909186315,2382.1666666666665,0.0,14246,7789.0,54.674996490242876,6,41.0,4,3,20.0,3.0,43.0,81.0,28.0,71.0
150760,São Miguel do Guamá,PA,Pará,NORTE,55970,15,15,2.6800071466857243,3731.3333333333335,0.0,55798,33201.0,59.502132692928065,6,55.833333333333336,3,2,25.0,25.0,61.0,90.0,48.0,86.0
150770,São Sebastião da Boa Vista,PA,Pará,NORTE,27651,11,11,3.978156305377744,2513.7272727272725,0.0,27441,20337.0,74.11173062206188,6,42.833333333333336,3,2,9.0,6.0,67.0,79.0,36.0,60.0
150795,Tailândia,PA,Pará,NORTE,75290,10,10,1.3281976358082084,7529.0,6.876138691051341,75526,40673.0,53.8529777824855,6,56.666666666666664,2,2,19.0,28.0,60.0,89.0,60.0,84.0
150796,Terra Alta,PA,Pará,NORTE,10837,6,6,5.536587616499031,1806.1666666666667,0.0,10815,7983.0,73.81414701803052,6,43.5,4,2,16.0,10.0,49.0,78.0,38.0,70.0
150797,Terra Santa,PA,Pará,NORTE,19792,0,0,0.0,0.0,4.43634661938223,19667,12281.0,62.44470432704531,6,60.666666666666664,2,1,39.0,15.0,72.0,92.0,56.0,90.0
150800,Tomé-Açu,PA,Pará,NORTE,73058,18,18,2.4637958881984177,4058.777777777778,0.0,72326,40854.0,56.48591101401985,6,51.0,3,2,25.0,7.0,64.0,89.0,43.0,78.0
150803,Tracuateua,PA,Pará,NORTE,30494,14,14,4.591067095166262,2178.1428571428573,0.0,30373,21913.0,72.14631416060317,6,58.833333333333336,2,2,29.0,15.0,73.0,88.0,56.0,92.0
150805,Trairão,PA,Pará,NORTE,15550,8,8,5.144694533762058,1943.75,0.0,15619,9760.0,62.48799539022984,6,56.166666666666664,2,2,29.0,16.0,67.0,92.0,55.0,78.0
150808,Tucumã,PA,Pará,NORTE,42883,10,10,2.331926404402677,4288.3,0.0,42480,17363.0,40.873352165725045,6,54.333333333333336,2,1,30.0,11.0,66.0,74.0,63.0,82.0
150810,Tucuruí,PA,Pará,NORTE,96119,24,24,2.496904878327906,4004.9583333333335,0.0,96238,45380.0,47.15393087969409,6,39.666666666666664,4,2,25.0,17.0,30.0,62.0,41.0,63.0
150812,Ulianópolis,PA,Pará,NORTE,39360,9,9,2.2865853658536586,4373.333333333333,0.0,39576,16248.0,41.05518496058217,6,71.0,2,1,28.0,47.0,95.0,92.0,73.0,91.0
150815,Uruará,PA,Pará,NORTE,45962,7,7,1.5229972586049345,6566.0,3.302312213017688,45939,24991.0,54.40040053113911,6,64.83333333333333,1,1,53.0,18.0,81.0,90.0,60.0,87.0
150820,Vigia,PA,Pará,NORTE,54062,14,14,2.589619325959084,3861.5714285714284,0.0,53806,26231.0,48.751068654053455,6,30.166666666666668,5,3,11.0,5.0,36.0,59.0,23.0,47.0
150830,Viseu,PA,Pará,NORTE,62189,25,25,4.020003537603113,2487.56,0.0,61970,39169.0,63.20639018880103,6,51.833333333333336,2,2,23.0,16.0,62.0,83.0,51.0,76.0
150835,Vitória do Xingu,PA,Pará,NORTE,16552,11,11,6.645722571290479,1504.7272727272727,0.0,16414,11650.0,70.97599610088949,6,58.5,2,0,37.0,35.0,73.0,76.0,61.0,69.0
150840,Xinguara,PA,Pará,NORTE,57768,15,15,2.596593269630245,3851.2,0.0,56999,22706.0,39.83578659274724,6,59.333333333333336,2,1,30.0,23.0,73.0,94.0,67.0,69.0
150034,Água Azul do Norte,PA,Pará,NORTE,17596,9,9,5.114798817913162,1955.111111111111,0.0,17960,8780.0,48.88641425389755,6,56.833333333333336,2,2,16.0,15.0,69.0,91.0,74.0,76.0
150510,Óbidos,PA,Pará,NORTE,55527,15,15,2.70138851369604,3701.8,0.0,55271,34635.0,62.66396482784824,6,60.5,3,0,37.0,35.0,63.0,92.0,46.0,90.0
250020,Aguiar,PB,Paraíba,NORDESTE,5026,3,3,5.9689614007162755,1675.3333333333333,0.0,5061,3455.0,68.26714088124876,6,68.0,2,2,29.0,10.0,94.0,100.0,81.0,94.0
250030,Alagoa Grande,PB,Paraíba,NORDESTE,26655,15,15,5.627462014631401,1777.0,0.0,26774,18748.0,70.02315679390453,6,61.5,2,1,49.0,17.0,74.0,86.0,77.0,66.0
250040,Alagoa Nova,PB,Paraíba,NORDESTE,21823,11,11,5.040553544425606,1983.909090909091,0.0,21724,12877.0,59.275455717179156,6,80.5,0,0,54.0,61.0,94.0,97.0,77.0,100.0
250050,Alagoinha,PB,Paraíba,NORDESTE,14140,8,8,5.657708628005658,1767.5,0.0,14118,10071.0,71.33446663833404,6,49.333333333333336,3,1,41.0,16.0,58.0,58.0,49.0,74.0
250053,Alcantil,PB,Paraíba,NORDESTE,5806,4,4,6.889424733034792,1451.5,0.0,5777,3640.0,63.00848191102648,6,64.83333333333333,2,1,41.0,29.0,83.0,100.0,62.0,74.0
250057,Algodão de Jandaíra,PB,Paraíba,NORDESTE,3143,2,2,6.363347120585428,1571.5,0.0,3105,2398.0,77.23027375201288,6,75.33333333333333,2,0,44.0,47.0,92.0,100.0,69.0,100.0
250060,Alhandra,PB,Paraíba,NORDESTE,23065,12,12,5.202688055495339,1922.0833333333333,0.0,22797,14750.0,64.70149581085231,6,49.666666666666664,4,0,36.0,34.0,46.0,53.0,40.0,89.0
250073,Amparo,PB,Paraíba,NORDESTE,2328,2,2,8.59106529209622,1164.0,0.0,2316,1821.0,78.62694300518135,6,67.66666666666667,2,1,47.0,2.0,100.0,100.0,67.0,90.0
250077,Aparecida,PB,Paraíba,NORDESTE,8257,3,3,3.6332808526099067,2752.3333333333335,0.0,8225,6114.0,74.33434650455926,6,72.16666666666667,1,0,42.0,56.0,56.0,100.0,85.0,94.0
250090,Arara,PB,Paraíba,NORDESTE,12482,8,7,6.409229290177856,1560.25,0.0,12496,8656.0,69.27016645326505,6,75.33333333333333,1,1,53.0,28.0,88.0,95.0,95.0,93.0
250100,Araruna,PB,Paraíba,NORDESTE,17360,10,10,5.76036866359447,1736.0,0.0,17442,11620.0,66.6208003669304,6,67.83333333333333,2,1,45.0,19.0,75.0,97.0,72.0,99.0
250080,Araçagi,PB,Paraíba,NORDESTE,16991,10,10,5.885468777588135,1699.1,0.0,17012,12662.0,74.42981424876558,6,59.0,2,1,31.0,22.0,68.0,78.0,59.0,96.0
250110,Areia,PB,Paraíba,NORDESTE,23031,14,14,6.078763405844297,1645.0714285714287,0.0,23082,15643.0,67.7714236201369,6,46.166666666666664,4,1,43.0,28.0,49.0,50.0,42.0,65.0
250115,Areia de Baraúnas,PB,Paraíba,NORDESTE,2027,1,1,4.933399111988161,2027.0,0.0,2036,1560.0,76.62082514734774,6,58.5,1,0,57.0,37.0,67.0,67.0,56.0,67.0
250120,Areial,PB,Paraíba,NORDESTE,7434,4,4,5.380683346785042,1858.5,0.0,7393,5174.0,69.9851210604626,6,53.5,2,1,39.0,10.0,79.0,61.0,61.0,71.0
250130,Aroeiras,PB,Paraíba,NORDESTE,19142,10,10,5.224114512590115,1914.2,0.0,19148,14927.0,77.95592228953416,6,66.16666666666667,2,1,44.0,17.0,88.0,84.0,65.0,99.0
250135,Assunção,PB,Paraíba,NORDESTE,4383,2,2,4.563084645220169,2191.5,0.0,4342,3581.0,82.47351450944265,6,76.83333333333333,2,0,45.0,40.0,76.0,100.0,100.0,100.0
250150,Bananeiras,PB,Paraíba,NORDESTE,24134,9,9,3.7291787519681776,2681.5555555555557,0.0,23989,15559.0,64.85889365959399,6,67.33333333333333,2,0,46.0,49.0,71.0,79.0,61.0,98.0
250153,Baraúna,PB,Paraíba,NORDESTE,5010,4,4,7.984031936127744,1252.5,0.0,4968,3569.0,71.83977455716585,6,50.0,3,3,28.0,1.0,25.0,100.0,70.0,76.0
250160,Barra de Santa Rosa,PB,Paraíba,NORDESTE,13024,9,9,6.91031941031941,1447.111111111111,0.0,13094,9730.0,74.30884374522682,6,76.0,1,0,59.0,40.0,85.0,96.0,85.0,91.0
250157,Barra de Santana,PB,Paraíba,NORDESTE,8247,6,6,7.275372862859221,1374.5,0.0,8253,5648.0,68.43572034411729,6,71.0,1,1,50.0,20.0,98.0,88.0,70.0,100.0
250170,Barra de São Miguel,PB,Paraíba,NORDESTE,6123,4,4,6.532745386248571,1530.75,0.0,6101,4888.0,80.1180134404196,6,63.666666666666664,2,1,35.0,8.0,87.0,87.0,65.0,100.0
250180,Bayeux,PB,Paraíba,NORDESTE,83862,32,32,3.8157926116715557,2620.6875,0.0,84404,47680.0,56.49021373394626,6,28.333333333333332,5,4,26.0,6.0,9.0,49.0,27.0,53.0
250140,Baía da Traição,PB,Paraíba,NORDESTE,9741,5,5,5.13294322964788,1948.2,0.0,9648,7021.0,72.77155887230514,6,49.5,3,1,32.0,6.0,67.0,58.0,48.0,86.0
250190,Belém,PB,Paraíba,NORDESTE,16710,8,8,4.78755236385398,2088.75,0.0,16740,10808.0,64.56391875746715,6,71.33333333333333,2,1,33.0,28.0,86.0,97.0,86.0,98.0
250200,Belém do Brejo do Cruz,PB,Paraíba,NORDESTE,6272,10,10,15.943877551020408,627.2,0.0,6324,4699.0,74.30423782416192,6,65.83333333333333,1,1,57.0,11.0,88.0,94.0,82.0,63.0
250205,Bernardino Batista,PB,Paraíba,NORDESTE,3677,3,3,8.158825129181398,1225.6666666666667,0.0,3650,2685.0,73.56164383561644,6,74.5,2,0,46.0,41.0,80.0,93.0,87.0,100.0
250210,Boa Ventura,PB,Paraíba,NORDESTE,5246,4,4,7.624857033930613,1311.5,0.0,5277,3914.0,74.17093045290885,6,54.0,3,0,46.0,44.0,56.0,56.0,44.0,78.0
250215,Boa Vista,PB,Paraíba,NORDESTE,6592,5,5,7.584951456310679,1318.4,0.0,6575,3719.0,56.562737642585546,6,62.5,2,1,39.0,18.0,75.0,100.0,83.0,60.0
250220,Bom Jesus,PB,Paraíba,NORDESTE,2328,2,2,8.59106529209622,1164.0,0.0,2333,1925.0,82.51178739819974,6,46.333333333333336,4,1,36.0,19.0,46.0,62.0,46.0,69.0
250230,Bom Sucesso,PB,Paraíba,NORDESTE,4720,2,2,4.237288135593221,2360.0,0.0,4740,3285.0,69.30379746835443,6,53.333333333333336,3,2,25.0,17.0,43.0,95.0,76.0,64.0
250240,Bonito de Santa Fé,PB,Paraíba,NORDESTE,10433,6,6,5.750982459503498,1738.8333333333333,0.0,10460,6929.0,66.24282982791587,6,83.5,0,0,63.0,64.0,95.0,97.0,85.0,97.0
250250,Boqueirão,PB,Paraíba,NORDESTE,18216,10,10,5.4896794027228815,1821.6,0.0,18153,11724.0,64.58436622045943,6,66.0,1,1,57.0,29.0,73.0,78.0,63.0,96.0
250270,Borborema,PB,Paraíba,NORDESTE,4185,2,2,4.778972520908004,2092.5,0.0,4231,3393.0,80.19380761049398,6,71.83333333333333,2,0,42.0,49.0,93.0,96.0,86.0,65.0
250280,Brejo do Cruz,PB,Paraíba,NORDESTE,14095,6,6,4.2568286626463285,2349.1666666666665,0.0,14050,9883.0,70.34163701067617,6,69.66666666666667,2,1,36.0,18.0,93.0,96.0,79.0,96.0
250290,Brejo dos Santos,PB,Paraíba,NORDESTE,5816,3,3,5.15818431911967,1938.6666666666667,0.0,5840,4373.0,74.88013698630137,6,63.5,2,1,23.0,35.0,77.0,86.0,77.0,83.0
250300,Caaporã,PB,Paraíba,NORDESTE,21942,13,12,5.924710600674506,1687.8461538461538,0.0,21865,12517.0,57.24674136748228,6,46.333333333333336,4,1,35.0,18.0,47.0,60.0,46.0,72.0
250310,Cabaceiras,PB,Paraíba,NORDESTE,5537,4,4,7.224128589488893,1384.25,0.0,5515,3696.0,67.01722574796011,6,78.33333333333333,0,0,51.0,51.0,93.0,100.0,80.0,95.0
250320,Cabedelo,PB,Paraíba,NORDESTE,70734,23,23,3.2516187406339245,3075.391304347826,0.0,70067,31882.0,45.50216221616453,6,51.0,2,2,26.0,21.0,69.0,70.0,52.0,68.0
250330,Cachoeira dos Índios,PB,Paraíba,NORDESTE,9335,5,5,5.356186395286556,1867.0,0.0,9351,6412.0,68.57020639503797,6,60.5,2,0,43.0,45.0,62.0,59.0,54.0,100.0
250340,Cacimba de Areia,PB,Paraíba,NORDESTE,3344,5,4,14.952153110047847,668.8,0.0,3354,2635.0,78.5629099582588,6,68.83333333333333,2,2,24.0,18.0,100.0,100.0,88.0,83.0
250350,Cacimba de Dentro,PB,Paraíba,NORDESTE,16332,8,8,4.898359049718344,2041.5,0.0,16373,11778.0,71.93550357295547,6,59.0,2,2,29.0,15.0,71.0,87.0,65.0,87.0
250355,Cacimbas,PB,Paraíba,NORDESTE,7513,4,4,5.324104884866232,1878.25,0.0,7478,5919.0,79.1521797271998,6,55.166666666666664,2,1,39.0,21.0,50.0,66.0,55.0,100.0
250360,Caiçara,PB,Paraíba,NORDESTE,6684,5,5,7.480550568521843,1336.8,0.0,6713,4563.0,67.97259049605243,6,64.66666666666667,2,0,35.0,32.0,70.0,95.0,60.0,96.0
250370,Cajazeiras,PB,Paraíba,NORDESTE,66585,43,38,6.457910940902606,1548.4883720930231,0.0,66171,39714.0,60.01722809085551,6,51.833333333333336,2,2,24.0,20.0,60.0,62.0,50.0,95.0
250375,Cajazeirinhas,PB,Paraíba,NORDESTE,2760,2,2,7.246376811594203,1380.0,0.0,2776,2372.0,85.44668587896254,6,75.0,2,1,49.0,29.0,86.0,100.0,86.0,100.0
250380,Caldas Brandão,PB,Paraíba,NORDESTE,5942,3,3,5.048805116122518,1980.6666666666667,0.0,5928,4437.0,74.84817813765183,6,67.66666666666667,2,1,47.0,27.0,74.0,93.0,81.0,84.0
250390,Camalaú,PB,Paraíba,NORDESTE,6327,2,2,3.1610557926347402,3163.5,0.0,6298,4617.0,73.30898697999365,6,59.333333333333336,2,1,47.0,8.0,70.0,85.0,67.0,79.0
250400,Campina Grande,PB,Paraíba,NORDESTE,443911,103,101,2.3202849219776036,4309.815533980583,0.0,440939,158950.0,36.04807014122135,6,42.333333333333336,4,2,22.0,16.0,36.0,53.0,45.0,82.0
250403,Capim,PB,Paraíba,NORDESTE,7446,3,3,4.0290088638195005,2482.0,0.0,7347,5125.0,69.75636314141826,6,75.5,1,0,42.0,51.0,92.0,97.0,78.0,93.0
250407,Caraúbas,PB,Paraíba,NORDESTE,4067,3,3,7.376444553725104,1355.6666666666667,0.0,4059,2865.0,70.58388765705838,6,51.0,4,1,42.0,12.0,47.0,65.0,47.0,93.0
250410,Carrapateira,PB,Paraíba,NORDESTE,2365,2,1,8.456659619450317,1182.5,0.0,2367,1707.0,72.11660329531053,6,52.333333333333336,3,1,40.0,23.0,38.0,63.0,50.0,100.0
250415,Casserengue,PB,Paraíba,NORDESTE,7052,3,3,4.254112308564946,2350.6666666666665,0.0,7056,5021.0,71.15929705215419,6,69.33333333333333,2,1,42.0,19.0,97.0,89.0,86.0,83.0
250420,Catingueira,PB,Paraíba,NORDESTE,4556,2,2,4.389815627743634,2278.0,0.0,4572,3318.0,72.57217847769029,6,69.0,2,1,40.0,22.0,94.0,100.0,82.0,76.0
250430,Catolé do Rocha,PB,Paraíba,NORDESTE,32288,18,17,5.574826560951437,1793.7777777777778,0.0,32118,18330.0,57.070801419764614,6,69.16666666666667,2,1,34.0,25.0,79.0,98.0,83.0,96.0
250435,Caturité,PB,Paraíba,NORDESTE,5544,4,4,7.215007215007215,1386.0,0.0,5492,3969.0,72.26875455207575,6,73.83333333333333,2,1,47.0,19.0,90.0,97.0,90.0,100.0
250440,Conceição,PB,Paraíba,NORDESTE,18731,13,13,6.940366237787624,1440.8461538461538,0.0,18723,13186.0,70.42674785023767,6,67.16666666666667,2,2,25.0,17.0,91.0,88.0,82.0,100.0
250450,Condado,PB,Paraíba,NORDESTE,6629,4,4,6.034092623321768,1657.25,0.0,6624,4825.0,72.84118357487924,6,69.0,1,0,46.0,57.0,77.0,81.0,62.0,91.0
250460,Conde,PB,Paraíba,NORDESTE,30007,13,13,4.3323224580931115,2308.230769230769,0.0,29543,19887.0,67.31543851335343,6,64.83333333333333,2,0,46.0,40.0,68.0,77.0,64.0,94.0
250470,Congo,PB,Paraíba,NORDESTE,5124,6,5,11.7096018735363,854.0,0.0,5102,4038.0,79.14543316346531,6,70.66666666666667,2,1,47.0,8.0,100.0,96.0,83.0,90.0
250480,Coremas,PB,Paraíba,NORDESTE,14987,36,35,24.02081804230333,416.30555555555554,0.0,15005,10843.0,72.26257914028658,6,61.166666666666664,2,0,31.0,45.0,63.0,67.0,63.0,98.0
250485,Coxixola,PB,Paraíba,NORDESTE,1888,2,2,10.59322033898305,944.0,0.0,1882,1339.0,71.14771519659936,6,78.5,1,1,68.0,3.0,100.0,100.0,100.0,100.0
250490,Cruz do Espírito Santo,PB,Paraíba,NORDESTE,17821,8,8,4.4890859098816005,2227.625,0.0,17718,12235.0,69.05406930804831,6,57.666666666666664,2,0,44.0,44.0,54.0,63.0,52.0,89.0
250500,Cubati,PB,Paraíba,NORDESTE,7842,5,4,6.375924509053813,1568.4,0.0,7820,5444.0,69.61636828644501,6,70.83333333333333,1,1,53.0,21.0,59.0,100.0,96.0,96.0
250520,Cuitegi,PB,Paraíba,NORDESTE,6890,2,2,2.9027576197387517,3445.0,0.0,6894,4707.0,68.27676240208878,6,58.0,2,2,27.0,6.0,53.0,94.0,68.0,100.0
250510,Cuité,PB,Paraíba,NORDESTE,20208,10,10,4.948535233570863,2020.8,0.0,20205,14571.0,72.11581291759465,6,67.66666666666667,2,1,43.0,7.0,87.0,92.0,83.0,94.0
250523,Cuité de Mamanguape,PB,Paraíba,NORDESTE,6441,3,3,4.657661853749418,2147.0,0.0,6431,4675.0,72.69475975742498,6,36.333333333333336,5,2,25.0,6.0,32.0,49.0,38.0,68.0
250530,Curral Velho,PB,Paraíba,NORDESTE,2316,1,1,4.317789291882556,2316.0,0.0,2327,1435.0,61.667382896433175,6,58.666666666666664,1,0,64.0,38.0,50.0,50.0,50.0,100.0
250527,Curral de Cima,PB,Paraíba,NORDESTE,5415,3,3,5.54016620498615,1805.0,0.0,5406,4421.0,81.779504254532,6,72.66666666666667,1,1,55.0,22.0,97.0,90.0,76.0,96.0
250535,Damião,PB,Paraíba,NORDESTE,5141,3,3,5.83544057576347,1713.6666666666667,0.0,5131,4074.0,79.39972714870396,6,61.333333333333336,1,0,58.0,41.0,50.0,69.0,50.0,100.0
250540,Desterro,PB,Paraíba,NORDESTE,8314,4,4,4.811161895597787,2078.5,0.0,8300,6354.0,76.55421686746988,6,57.5,2,1,30.0,6.0,86.0,78.0,50.0,95.0
250560,Diamante,PB,Paraíba,NORDESTE,6416,4,4,6.234413965087282,1604.0,0.0,6431,4454.0,69.2582802052558,6,48.0,3,2,24.0,10.0,57.0,46.0,54.0,97.0
250570,Dona Inês,PB,Paraíba,NORDESTE,10638,6,6,5.640157924421884,1773.0,0.0,10640,7678.0,72.16165413533835,6,72.5,2,0,46.0,37.0,80.0,95.0,77.0,100.0
250580,Duas Estradas,PB,Paraíba,NORDESTE,3360,2,2,5.9523809523809526,1680.0,0.0,3377,2616.0,77.46520580396802,6,63.5,2,1,37.0,24.0,93.0,79.0,93.0,55.0
250590,Emas,PB,Paraíba,NORDESTE,3036,3,2,9.881422924901186,1012.0,0.0,3053,2139.0,70.06223386832625,6,58.5,2,1,36.0,9.0,75.0,81.0,50.0,100.0
250600,Esperança,PB,Paraíba,NORDESTE,32599,16,16,4.908126016135464,2037.4375,0.0,32522,20804.0,63.969005596211794,6,63.333333333333336,2,0,46.0,45.0,67.0,68.0,55.0,99.0
250610,Fagundes,PB,Paraíba,NORDESTE,11307,5,5,4.422039444591846,2261.4,0.0,11315,8657.0,76.5090587715422,6,65.5,2,0,33.0,37.0,79.0,89.0,77.0,78.0
250620,Frei Martinho,PB,Paraíba,NORDESTE,2911,3,3,10.305736860185503,970.3333333333334,0.0,2913,2123.0,72.88019224167525,6,64.5,2,1,46.0,14.0,50.0,100.0,88.0,89.0
250625,Gado Bravo,PB,Paraíba,NORDESTE,8398,6,5,7.14455822814956,1399.6666666666667,0.0,8395,6636.0,79.04705181655748,6,64.66666666666667,2,0,45.0,44.0,66.0,76.0,61.0,96.0
250630,Guarabira,PB,Paraíba,NORDESTE,60057,25,24,4.162712090180994,2402.28,0.0,59836,31414.0,52.50016712347082,6,50.0,3,2,26.0,17.0,52.0,70.0,45.0,90.0
250640,Gurinhém,PB,Paraíba,NORDESTE,14141,7,7,4.950144968531221,2020.142857142857,0.0,14133,9906.0,70.09127573763531,6,56.333333333333336,2,1,37.0,29.0,62.0,67.0,55.0,88.0
250650,Gurjão,PB,Paraíba,NORDESTE,3352,3,3,8.949880668257757,1117.3333333333333,0.0,3343,2351.0,70.32605444211785,6,63.5,2,0,46.0,30.0,55.0,100.0,100.0,50.0
250660,Ibiara,PB,Paraíba,NORDESTE,5713,3,3,5.251181515841065,1904.3333333333333,0.0,5733,3995.0,69.68428396999825,6,74.33333333333333,2,0,47.0,49.0,91.0,91.0,68.0,100.0
250260,Igaracy,PB,Paraíba,NORDESTE,5719,7,6,12.239902080783352,817.0,0.0,5743,4050.0,70.52063381507922,6,69.5,2,0,41.0,39.0,81.0,81.0,75.0,100.0
250670,Imaculada,PB,Paraíba,NORDESTE,10497,6,6,5.715918833952558,1749.5,0.0,10550,7030.0,66.63507109004739,6,83.33333333333333,0,0,74.0,55.0,98.0,98.0,75.0,100.0
250680,Ingá,PB,Paraíba,NORDESTE,18234,9,9,4.935834155972359,2026.0,0.0,18197,13023.0,71.56674177062153,6,62.666666666666664,2,0,42.0,36.0,76.0,76.0,67.0,79.0
250690,Itabaiana,PB,Paraíba,NORDESTE,23558,12,12,5.093811019611172,1963.1666666666667,0.0,23621,16293.0,68.97675796960331,6,52.166666666666664,2,1,46.0,7.0,69.0,68.0,61.0,62.0
250700,Itaporanga,PB,Paraíba,NORDESTE,24766,12,11,4.845352499394331,2063.8333333333335,0.0,24686,13342.0,54.04682816171109,6,59.166666666666664,2,1,36.0,29.0,69.0,75.0,69.0,77.0
250710,Itapororoca,PB,Paraíba,NORDESTE,19165,8,8,4.174276024002087,2395.625,0.0,19054,13408.0,70.36842657709667,6,61.833333333333336,2,1,37.0,18.0,76.0,76.0,74.0,90.0
250720,Itatuba,PB,Paraíba,NORDESTE,10840,7,6,6.4575645756457565,1548.5714285714287,0.0,10816,7926.0,73.28032544378699,6,77.5,1,0,50.0,43.0,85.0,98.0,91.0,98.0
250730,Jacaraú,PB,Paraíba,NORDESTE,14969,8,8,5.344378381989445,1871.125,0.0,14923,11575.0,77.56483280841654,6,55.333333333333336,2,1,46.0,17.0,56.0,68.0,66.0,79.0
250740,Jericó,PB,Paraíba,NORDESTE,7728,5,4,6.469979296066253,1545.6,0.0,7721,4950.0,64.11086646807408,6,61.0,2,2,21.0,15.0,85.0,80.0,65.0,100.0
251365,Joca Claudino,PB,Paraíba,NORDESTE,2607,5,4,19.179133103183737,521.4,0.0,2606,1826.0,70.06907137375288,6,64.5,2,1,44.0,13.0,71.0,100.0,71.0,88.0
250750,João Pessoa,PB,Paraíba,NORDESTE,897633,138,123,1.5373766338804389,6504.586956521739,63.20306815864642,888679,290839.0,32.72711519007426,6,29.166666666666668,6,3,16.0,13.0,43.0,44.0,22.0,37.0
250760,Juarez Távora,PB,Paraíba,NORDESTE,8088,5,5,6.1819980217606325,1617.6,0.0,8057,6189.0,76.81519175871912,6,57.666666666666664,2,1,30.0,19.0,64.0,78.0,58.0,97.0
250770,Juazeirinho,PB,Paraíba,NORDESTE,17520,9,9,5.136986301369863,1946.6666666666667,0.0,17488,11961.0,68.39547118023788,6,53.166666666666664,3,1,37.0,19.0,58.0,64.0,48.0,93.0
250780,Junco do Seridó,PB,Paraíba,NORDESTE,7019,3,3,4.274113121527283,2339.6666666666665,0.0,7002,4815.0,68.76606683804627,6,76.16666666666667,0,0,65.0,53.0,82.0,82.0,75.0,100.0
250790,Juripiranga,PB,Paraíba,NORDESTE,10255,6,6,5.850804485616773,1709.1666666666667,0.0,10259,7134.0,69.53894141729214,6,52.666666666666664,1,0,58.0,40.0,54.0,58.0,53.0,53.0
250800,Juru,PB,Paraíba,NORDESTE,9380,7,7,7.462686567164179,1340.0,0.0,9410,5672.0,60.27630180658874,6,66.16666666666667,2,0,49.0,35.0,69.0,79.0,72.0,93.0
250810,Lagoa,PB,Paraíba,NORDESTE,4489,3,2,6.683002895967921,1496.3333333333333,0.0,4502,3050.0,67.74766770324301,6,69.33333333333333,1,0,41.0,74.0,67.0,67.0,67.0,100.0
250830,Lagoa Seca,PB,Paraíba,NORDESTE,29209,14,14,4.79304324009723,2086.3571428571427,0.0,29053,16952.0,58.34853543523904,6,66.66666666666667,2,1,36.0,22.0,92.0,90.0,65.0,95.0
250820,Lagoa de Dentro,PB,Paraíba,NORDESTE,8123,5,5,6.155361319709467,1624.6,0.0,8088,5754.0,71.14243323442136,6,57.0,2,1,42.0,7.0,69.0,73.0,54.0,97.0
250840,Lastro,PB,Paraíba,NORDESTE,3316,1,1,3.01568154402895,3316.0,0.0,3292,2511.0,76.27582017010936,6,72.16666666666667,1,0,43.0,53.0,64.0,100.0,73.0,100.0
250850,Livramento,PB,Paraíba,NORDESTE,7041,7,4,9.941769634995028,1005.8571428571429,0.0,7045,5138.0,72.93115684882896,6,73.83333333333333,1,1,54.0,26.0,96.0,100.0,67.0,100.0
250855,Logradouro,PB,Paraíba,NORDESTE,5107,4,4,7.832386919913843,1276.75,0.0,5045,3329.0,65.98612487611496,6,57.5,2,1,30.0,6.0,85.0,85.0,54.0,85.0
250860,Lucena,PB,Paraíba,NORDESTE,13088,6,6,4.5843520782396086,2181.3333333333335,0.0,13019,8478.0,65.1202089254167,6,55.833333333333336,2,1,35.0,17.0,63.0,71.0,51.0,98.0
250880,Malta,PB,Paraíba,NORDESTE,6288,3,3,4.770992366412213,2096.0,0.0,6259,4251.0,67.91819779517495,6,74.33333333333333,2,0,41.0,39.0,83.0,100.0,83.0,100.0
250890,Mamanguape,PB,Paraíba,NORDESTE,46966,20,20,4.258399693395222,2348.3,0.0,46719,29086.0,62.257325713307225,6,42.333333333333336,4,2,23.0,6.0,49.0,63.0,46.0,67.0
250900,Manaíra,PB,Paraíba,NORDESTE,10699,7,7,6.5426675390223386,1528.4285714285713,0.0,10700,7345.0,68.64485981308411,6,77.83333333333333,1,0,52.0,39.0,95.0,98.0,85.0,98.0
250905,Marcação,PB,Paraíba,NORDESTE,9537,5,5,5.242738806752647,1907.4,0.0,9435,6820.0,72.28404875463698,6,55.5,3,1,37.0,7.0,69.0,94.0,38.0,88.0
250910,Mari,PB,Paraíba,NORDESTE,22170,13,13,5.863779882724402,1705.3846153846155,0.0,22126,16579.0,74.92994666907711,6,61.833333333333336,2,1,30.0,17.0,71.0,96.0,61.0,96.0
250915,Marizópolis,PB,Paraíba,NORDESTE,7001,3,3,4.285102128267391,2333.6666666666665,0.0,6960,4437.0,63.74999999999999,6,65.83333333333333,1,0,31.0,50.0,63.0,88.0,63.0,100.0
250920,Massaranduba,PB,Paraíba,NORDESTE,14756,9,8,6.099213879100027,1639.5555555555557,0.0,14666,8934.0,60.9164052911496,6,59.0,2,1,48.0,8.0,69.0,71.0,65.0,93.0
250930,Mataraca,PB,Paraíba,NORDESTE,8650,7,6,8.092485549132949,1235.7142857142858,0.0,8585,5879.0,68.47990681421084,6,55.666666666666664,2,1,35.0,21.0,61.0,69.0,50.0,98.0
250933,Matinhas,PB,Paraíba,NORDESTE,4759,5,3,10.506408909434755,951.8,0.0,4735,3465.0,73.17845828933474,6,74.33333333333333,2,0,44.0,38.0,95.0,100.0,86.0,83.0
250937,Mato Grosso,PB,Paraíba,NORDESTE,2584,1,1,3.8699690402476783,2584.0,0.0,2592,2045.0,78.89660493827161,6,45.666666666666664,3,2,41.0,8.0,50.0,25.0,50.0,100.0
250939,Maturéia,PB,Paraíba,NORDESTE,6717,3,3,4.466279589102277,2239.0,0.0,6677,5433.0,81.36887823872996,6,78.83333333333333,2,0,49.0,37.0,98.0,100.0,89.0,100.0
250940,Mogeiro,PB,Paraíba,NORDESTE,14435,7,7,4.849324558365085,2062.1428571428573,0.0,14375,10321.0,71.79826086956523,6,72.33333333333333,2,1,41.0,15.0,100.0,97.0,85.0,96.0
250950,Montadas,PB,Paraíba,NORDESTE,6144,6,5,9.765625,1024.0,0.0,6083,4364.0,71.74091731053757,6,68.16666666666667,2,1,39.0,18.0,97.0,77.0,83.0,95.0
250960,Monte Horebe,PB,Paraíba,NORDESTE,4429,2,1,4.515692029803567,2214.5,0.0,4435,3242.0,73.10033821871477,6,74.83333333333333,2,1,49.0,23.0,94.0,100.0,83.0,100.0
250970,Monteiro,PB,Paraíba,NORDESTE,33886,31,31,9.14832084046509,1093.0967741935483,0.0,33742,24123.0,71.49250192638254,6,55.166666666666664,2,0,49.0,32.0,55.0,66.0,53.0,76.0
250980,Mulungu,PB,Paraíba,NORDESTE,8909,6,6,6.734762599618364,1484.8333333333333,0.0,8945,5991.0,66.97596422582448,6,60.333333333333336,2,1,42.0,11.0,72.0,67.0,75.0,95.0
250870,Mãe d'Água,PB,Paraíba,NORDESTE,3599,3,3,8.335648791330925,1199.6666666666667,0.0,3624,2348.0,64.79028697571744,6,69.5,2,0,48.0,31.0,73.0,100.0,73.0,92.0
250990,Natuba,PB,Paraíba,NORDESTE,8935,6,6,6.715165081141578,1489.1666666666667,0.0,9014,6084.0,67.4950077656978,6,72.5,1,0,59.0,34.0,79.0,97.0,66.0,100.0
251000,Nazarezinho,PB,Paraíba,NORDESTE,7394,6,6,8.114687584527996,1232.3333333333333,0.0,7392,5620.0,76.02813852813853,6,66.83333333333333,2,0,39.0,34.0,83.0,91.0,61.0,93.0
251010,Nova Floresta,PB,Paraíba,NORDESTE,9840,5,5,5.081300813008131,1968.0,0.0,9884,6861.0,69.4152165115338,6,48.0,3,3,27.0,8.0,21.0,76.0,66.0,90.0
251020,Nova Olinda,PB,Paraíba,NORDESTE,5897,4,4,6.783110055960658,1474.25,0.0,5909,4377.0,74.07344728380436,6,74.83333333333333,2,0,40.0,44.0,91.0,91.0,83.0,100.0
251030,Nova Palmeira,PB,Paraíba,NORDESTE,4359,2,2,4.588208304657031,2179.5,0.0,4362,2647.0,60.68317285648786,6,80.66666666666667,0,0,56.0,50.0,100.0,100.0,78.0,100.0
251040,Olho d'Água,PB,Paraíba,NORDESTE,6059,3,3,4.951312097705893,2019.6666666666667,0.0,6111,4766.0,77.99050891834398,6,59.833333333333336,2,1,45.0,14.0,88.0,81.0,69.0,62.0
251050,Olivedos,PB,Paraíba,NORDESTE,3675,2,2,5.442176870748299,1837.5,0.0,3674,2665.0,72.53674469243332,6,69.5,1,0,52.0,37.0,73.0,100.0,55.0,100.0
251060,Ouro Velho,PB,Paraíba,NORDESTE,3000,2,2,6.666666666666666,1500.0,0.0,2998,2101.0,70.08005336891262,6,63.833333333333336,0,0,55.0,60.0,67.0,67.0,67.0,67.0
251065,Parari,PB,Paraíba,NORDESTE,1745,2,2,11.46131805157593,872.5,0.0,1751,1304.0,74.47173043974871,6,71.5,2,0,48.0,38.0,100.0,86.0,57.0,100.0
251070,Passagem,PB,Paraíba,NORDESTE,2580,2,2,7.751937984496124,1290.0,0.0,2562,1517.0,59.211553473848554,6,51.833333333333336,3,2,27.0,17.0,33.0,67.0,67.0,100.0
251080,Patos,PB,Paraíba,NORDESTE,108104,45,45,4.162658181010878,2402.311111111111,0.0,107774,52039.0,48.28530072188097,6,46.666666666666664,4,2,19.0,13.0,48.0,60.0,48.0,92.0
251090,Paulista,PB,Paraíba,NORDESTE,12172,7,7,5.7509037134406835,1738.857142857143,0.0,12160,8060.0,66.2828947368421,6,65.16666666666667,2,2,24.0,24.0,87.0,91.0,72.0,93.0
251100,Pedra Branca,PB,Paraíba,NORDESTE,3851,2,2,5.193456245131134,1925.5,0.0,3846,2661.0,69.18876755070202,6,67.33333333333333,2,1,33.0,13.0,79.0,100.0,79.0,100.0
251110,Pedra Lavrada,PB,Paraíba,NORDESTE,6980,4,4,5.730659025787965,1745.0,0.0,6998,4639.0,66.29036867676479,6,74.33333333333333,1,1,58.0,14.0,96.0,89.0,89.0,100.0
251120,Pedras de Fogo,PB,Paraíba,NORDESTE,31356,17,17,5.421609899221839,1844.4705882352941,0.0,31152,20702.0,66.454802259887,6,43.5,3,1,32.0,12.0,55.0,50.0,42.0,70.0
251272,Pedro Régis,PB,Paraíba,NORDESTE,5932,4,4,6.743088334457181,1483.0,0.0,5925,4121.0,69.55274261603375,6,64.83333333333333,2,1,46.0,29.0,86.0,81.0,52.0,95.0
251130,Piancó,PB,Paraíba,NORDESTE,17088,15,12,8.77808988764045,1139.2,0.0,17006,9755.0,57.3621074914736,6,77.0,2,0,40.0,44.0,98.0,95.0,85.0,100.0
251140,Picuí,PB,Paraíba,NORDESTE,18862,0,0,0.0,0.0,4.227888537529691,18835,12972.0,68.87178125829573,6,62.5,2,1,49.0,17.0,75.0,69.0,67.0,98.0
251150,Pilar,PB,Paraíba,NORDESTE,12889,8,8,6.206843044456513,1611.125,0.0,12801,9007.0,70.36169049293024,6,72.33333333333333,0,0,63.0,52.0,76.0,74.0,71.0,98.0
251160,Pilões,PB,Paraíba,NORDESTE,6974,3,3,4.301691998852882,2324.6666666666665,0.0,6979,5739.0,82.23241152027511,6,59.166666666666664,2,1,36.0,28.0,70.0,68.0,58.0,95.0
251170,Pilõezinhos,PB,Paraíba,NORDESTE,5539,3,3,5.416140097490522,1846.3333333333333,0.0,5514,4210.0,76.35110627493653,6,47.833333333333336,4,2,36.0,17.0,63.0,25.0,46.0,100.0
251180,Pirpirituba,PB,Paraíba,NORDESTE,9411,4,4,4.25034534055892,2352.75,0.0,9467,5952.0,62.87102566811028,6,62.833333333333336,2,1,34.0,27.0,70.0,84.0,65.0,97.0
251190,Pitimbu,PB,Paraíba,NORDESTE,17166,9,9,5.2429220552254465,1907.3333333333333,0.0,17164,10318.0,60.11419249592169,6,43.0,4,1,30.0,11.0,37.0,51.0,42.0,87.0
251200,Pocinhos,PB,Paraíba,NORDESTE,18038,10,10,5.54385186827808,1803.8,0.0,17990,13356.0,74.24124513618678,6,78.5,1,0,49.0,54.0,93.0,96.0,84.0,95.0
251210,Pombal,PB,Paraíba,NORDESTE,33866,15,15,4.429221047658419,2257.733333333333,0.0,33796,21062.0,62.32098473192094,6,51.666666666666664,2,1,42.0,22.0,54.0,67.0,52.0,73.0
251203,Poço Dantas,PB,Paraíba,NORDESTE,3934,5,5,12.709710218607015,786.8,0.0,3932,3054.0,77.67039674465921,6,53.833333333333336,2,2,21.0,12.0,67.0,67.0,60.0,96.0
251207,Poço de José de Moura,PB,Paraíba,NORDESTE,4126,7,7,16.965584100824042,589.4285714285714,0.0,4120,2868.0,69.6116504854369,6,63.666666666666664,2,1,30.0,2.0,75.0,92.0,83.0,100.0
251220,Prata,PB,Paraíba,NORDESTE,4032,4,4,9.920634920634921,1008.0,0.0,4027,3027.0,75.16761857462132,6,70.5,1,1,53.0,1.0,81.0,94.0,100.0,94.0
251230,Princesa Isabel,PB,Paraíba,NORDESTE,21674,13,13,5.9979699178739505,1667.2307692307693,0.0,21659,13656.0,63.050002308509164,6,69.83333333333333,2,1,46.0,19.0,82.0,98.0,74.0,100.0
251240,Puxinanã,PB,Paraíba,NORDESTE,14942,8,8,5.354035604336769,1867.75,0.0,14837,9729.0,65.57255509873964,6,64.0,1,1,52.0,29.0,70.0,75.0,62.0,96.0
251250,Queimadas,PB,Paraíba,NORDESTE,50698,19,19,3.7476823543335045,2668.315789473684,0.0,50214,29607.0,58.96164416298244,6,68.83333333333333,1,1,52.0,17.0,86.0,93.0,75.0,90.0
251260,Quixaba,PB,Paraíba,NORDESTE,1803,1,1,5.546311702717693,1803.0,0.0,1798,1454.0,80.86763070077865,6,55.166666666666664,2,2,51.0,1.0,67.0,100.0,83.0,29.0
251270,Remígio,PB,Paraíba,NORDESTE,18399,10,10,5.435077993369204,1839.9,0.0,18373,12687.0,69.05241386817613,6,63.0,2,1,45.0,26.0,74.0,96.0,71.0,66.0
251278,Riacho de Santo Antônio,PB,Paraíba,NORDESTE,2063,2,2,9.694619486185168,1031.5,0.0,2044,1505.0,73.63013698630137,6,53.0,2,0,35.0,60.0,54.0,54.0,38.0,77.0
251280,Riacho dos Cavalos,PB,Paraíba,NORDESTE,8788,4,4,4.551661356395084,2197.0,0.0,8762,6233.0,71.13672677470898,6,73.66666666666667,2,0,49.0,41.0,67.0,97.0,88.0,100.0
251274,Riachão,PB,Paraíba,NORDESTE,2945,2,2,6.791171477079796,1472.5,0.0,2964,1993.0,67.24021592442645,6,62.833333333333336,2,2,25.0,12.0,80.0,90.0,70.0,100.0
251275,Riachão do Bacamarte,PB,Paraíba,NORDESTE,4911,3,3,6.108735491753207,1637.0,0.0,4877,3378.0,69.2638917367234,6,72.0,2,0,36.0,45.0,100.0,100.0,71.0,80.0
251276,Riachão do Poço,PB,Paraíba,NORDESTE,4989,3,3,6.013229104028864,1663.0,0.0,4946,3704.0,74.88879902951881,6,57.0,3,2,24.0,18.0,70.0,87.0,43.0,100.0
251290,Rio Tinto,PB,Paraíba,NORDESTE,25500,9,9,3.5294117647058827,2833.3333333333335,0.0,25394,16360.0,64.42466724423092,6,50.0,3,1,44.0,17.0,51.0,53.0,38.0,97.0
251300,Salgadinho,PB,Paraíba,NORDESTE,3435,2,2,5.822416302765649,1717.5,0.0,3437,2314.0,67.32615653185918,6,67.66666666666667,2,1,42.0,9.0,82.0,100.0,82.0,91.0
251310,Salgado de São Félix,PB,Paraíba,NORDESTE,11741,6,6,5.110297248956647,1956.8333333333333,0.0,11760,8399.0,71.42006802721087,6,64.0,2,2,29.0,22.0,84.0,89.0,64.0,96.0
251315,Santa Cecília,PB,Paraíba,NORDESTE,8113,5,5,6.16294835449279,1622.6,0.0,8031,6018.0,74.93462831527829,6,63.833333333333336,2,1,45.0,5.0,67.0,92.0,74.0,100.0
251320,Santa Cruz,PB,Paraíba,NORDESTE,6013,3,3,4.989190088142358,2004.3333333333333,0.0,6041,4411.0,73.01771229928819,6,80.66666666666667,0,0,59.0,53.0,95.0,95.0,82.0,100.0
251330,Santa Helena,PB,Paraíba,NORDESTE,6023,5,5,8.301510874979247,1204.6,0.0,6020,4532.0,75.28239202657807,6,64.33333333333333,2,2,27.0,2.0,94.0,94.0,69.0,100.0
251335,Santa Inês,PB,Paraíba,NORDESTE,3256,2,2,6.142506142506142,1628.0,0.0,3274,2426.0,74.0989615149664,6,74.83333333333333,2,0,43.0,45.0,90.0,95.0,76.0,100.0
251340,Santa Luzia,PB,Paraíba,NORDESTE,15418,7,7,4.540147879102348,2202.5714285714284,0.0,15387,9085.0,59.04334828101644,6,69.16666666666667,2,1,35.0,26.0,88.0,90.0,83.0,93.0
251370,Santa Rita,PB,Paraíba,NORDESTE,160852,49,49,3.0462785666326813,3282.6938775510203,0.0,159121,65688.0,41.28179184394266,6,34.166666666666664,4,2,12.0,10.0,30.0,59.0,35.0,59.0
251380,Santa Teresinha,PB,Paraíba,NORDESTE,4492,2,2,4.452359750667854,2246.0,0.0,4499,3682.0,81.84040897977329,6,42.5,3,1,31.0,3.0,36.0,68.0,50.0,67.0
251350,Santana de Mangueira,PB,Paraíba,NORDESTE,5090,4,4,7.858546168958743,1272.5,0.0,5106,3131.0,61.32001566784175,6,87.5,0,0,56.0,75.0,94.0,100.0,100.0,100.0
251360,Santana dos Garrotes,PB,Paraíba,NORDESTE,6618,5,5,7.555152614082805,1323.6,0.0,6657,4835.0,72.6303139552351,6,72.16666666666667,2,0,42.0,32.0,86.0,91.0,82.0,100.0
251385,Santo André,PB,Paraíba,NORDESTE,2708,1,1,3.6927621861152145,2708.0,0.0,2702,1948.0,72.09474463360473,6,37.5,4,2,32.0,12.0,67.0,33.0,67.0,14.0
251530,Sapé,PB,Paraíba,NORDESTE,53457,21,21,3.9283910432684213,2545.5714285714284,0.0,53309,32840.0,61.6031064173029,6,49.666666666666664,2,2,17.0,7.0,55.0,86.0,58.0,75.0
251550,Serra Branca,PB,Paraíba,NORDESTE,14131,10,9,7.076640011322623,1413.1,0.0,14075,8839.0,62.799289520426285,6,58.0,2,1,37.0,27.0,60.0,72.0,57.0,95.0
251570,Serra Grande,PB,Paraíba,NORDESTE,3056,2,2,6.544502617801047,1528.0,0.0,3043,2359.0,77.52218205718042,6,55.5,1,0,60.0,40.0,58.0,58.0,50.0,67.0
251580,Serra Redonda,PB,Paraíba,NORDESTE,6975,5,5,7.168458781362007,1395.0,0.0,6984,5177.0,74.12657502863689,6,63.0,2,1,41.0,7.0,74.0,89.0,67.0,100.0
251560,Serra da Raiz,PB,Paraíba,NORDESTE,3156,2,2,6.337135614702154,1578.0,0.0,3162,2005.0,63.409234661606575,6,72.0,1,1,51.0,20.0,92.0,100.0,77.0,92.0
251590,Serraria,PB,Paraíba,NORDESTE,4754,0,0,0.0,0.0,1.0656018506741676,4839,3675.0,75.9454432734036,6,74.66666666666667,2,1,32.0,26.0,95.0,95.0,100.0,100.0
251593,Sertãozinho,PB,Paraíba,NORDESTE,5332,3,3,5.626406601650412,1777.3333333333333,0.0,5282,3374.0,63.87731919727376,6,76.16666666666667,2,0,35.0,34.0,88.0,100.0,100.0,100.0
251597,Sobrado,PB,Paraíba,NORDESTE,8646,4,4,4.626416840157298,2161.5,0.0,8579,6416.0,74.7872712437347,6,55.666666666666664,3,1,49.0,28.0,52.0,62.0,45.0,98.0
251610,Soledade,PB,Paraíba,NORDESTE,14409,8,8,5.552085502116733,1801.125,0.0,14381,8872.0,61.69251095195049,6,66.0,2,1,46.0,12.0,79.0,88.0,76.0,95.0
251600,Solânea,PB,Paraíba,NORDESTE,27748,12,12,4.324636009802508,2312.3333333333335,0.0,27749,18984.0,68.41327615409566,6,68.16666666666667,2,1,37.0,24.0,79.0,98.0,73.0,98.0
251615,Sossêgo,PB,Paraíba,NORDESTE,3476,2,2,5.7537399309551205,1738.0,0.0,3461,3128.0,90.37850332273909,6,76.66666666666667,0,0,60.0,56.0,85.0,90.0,75.0,94.0
251620,Sousa,PB,Paraíba,NORDESTE,70066,47,43,6.707961065281306,1490.7659574468084,0.0,69876,44287.0,63.37941496364989,6,50.833333333333336,2,1,26.0,30.0,55.0,68.0,60.0,66.0
251630,Sumé,PB,Paraíba,NORDESTE,17852,10,10,5.601613264620211,1785.2,0.0,17763,11495.0,64.713167820751,6,60.0,1,0,53.0,33.0,71.0,75.0,58.0,70.0
251392,São Bentinho,PB,Paraíba,NORDESTE,4490,3,3,6.6815144766147,1496.6666666666667,0.0,4473,3066.0,68.54460093896714,6,77.33333333333333,1,0,39.0,51.0,100.0,87.0,87.0,100.0
251390,São Bento,PB,Paraíba,NORDESTE,33845,17,17,5.022898507903679,1990.8823529411766,0.0,33700,21264.0,63.09792284866469,6,59.666666666666664,2,2,19.0,10.0,73.0,89.0,72.0,95.0
251396,São Domingos,PB,Paraíba,NORDESTE,2624,2,2,7.621951219512195,1312.0,0.0,2636,2109.0,80.00758725341427,6,75.33333333333333,1,0,45.0,57.0,75.0,92.0,83.0,100.0
251394,São Domingos do Cariri,PB,Paraíba,NORDESTE,2688,1,1,3.720238095238095,2688.0,0.0,2676,1941.0,72.53363228699553,6,78.83333333333333,1,0,75.0,42.0,78.0,89.0,89.0,100.0
251398,São Francisco,PB,Paraíba,NORDESTE,3176,4,3,12.594458438287154,794.0,0.0,3190,2531.0,79.34169278996865,6,79.0,1,0,53.0,39.0,94.0,94.0,94.0,100.0
251420,São José da Lagoa Tapada,PB,Paraíba,NORDESTE,7251,5,5,6.895600606812854,1450.2,0.0,7270,5430.0,74.69050894085282,6,57.333333333333336,3,0,40.0,43.0,42.0,65.0,54.0,100.0
251430,São José de Caiana,PB,Paraíba,NORDESTE,4966,1,1,2.0136931131695532,4966.0,0.11312132739754216,5032,4411.0,87.65898251192368,6,60.166666666666664,2,2,29.0,6.0,88.0,94.0,50.0,94.0
251440,São José de Espinharas,PB,Paraíba,NORDESTE,4056,2,2,4.930966469428008,2028.0,0.0,4099,2951.0,71.99316906562576,6,78.0,1,1,52.0,29.0,100.0,100.0,87.0,100.0
251450,São José de Piranhas,PB,Paraíba,NORDESTE,19561,11,11,5.623434384745155,1778.2727272727273,0.0,19552,13719.0,70.16673486088379,6,50.833333333333336,2,2,29.0,6.0,59.0,80.0,58.0,73.0
251455,São José de Princesa,PB,Paraíba,NORDESTE,3323,2,2,6.018657839301836,1661.5,0.0,3383,2483.0,73.39639373337275,6,70.83333333333333,1,0,52.0,41.0,100.0,71.0,71.0,90.0
251460,São José do Bonfim,PB,Paraíba,NORDESTE,3337,2,2,5.9934072520227755,1668.5,0.0,3333,2712.0,81.36813681368137,6,64.83333333333333,1,1,89.0,25.0,56.0,63.0,56.0,100.0
251465,São José do Brejo do Cruz,PB,Paraíba,NORDESTE,1750,1,1,5.714285714285714,1750.0,0.0,1748,1304.0,74.59954233409611,6,62.166666666666664,2,2,20.0,11.0,100.0,75.0,75.0,92.0
251470,São José do Sabugi,PB,Paraíba,NORDESTE,4283,2,2,4.669624095260332,2141.5,0.0,4270,2831.0,66.29976580796253,6,72.5,2,1,34.0,28.0,91.0,100.0,82.0,100.0
251480,São José dos Cordeiros,PB,Paraíba,NORDESTE,3462,3,3,8.665511265164644,1154.0,0.0,3474,2648.0,76.22337363270006,6,62.166666666666664,2,1,47.0,7.0,73.0,91.0,55.0,100.0
251445,São José dos Ramos,PB,Paraíba,NORDESTE,6137,5,5,8.147303242626691,1227.4,0.0,6105,4155.0,68.05896805896806,6,70.16666666666667,1,1,50.0,17.0,77.0,96.0,81.0,100.0
251400,São João do Cariri,PB,Paraíba,NORDESTE,4345,3,3,6.904487917146145,1448.3333333333333,0.0,4341,2985.0,68.76295784381479,6,49.666666666666664,3,3,27.0,18.0,25.0,75.0,58.0,95.0
250070,São João do Rio do Peixe,PB,Paraíba,NORDESTE,18500,10,10,5.405405405405405,1850.0,0.0,18468,11796.0,63.87264457439896,6,70.66666666666667,2,1,30.0,18.0,100.0,92.0,86.0,98.0
251410,São João do Tigre,PB,Paraíba,NORDESTE,4359,5,5,11.470520761642579,871.8,0.0,4363,3098.0,71.00618840247536,6,68.83333333333333,1,1,53.0,21.0,77.0,100.0,62.0,100.0
251490,São Mamede,PB,Paraíba,NORDESTE,7629,4,4,5.243151133831433,1907.25,0.0,7640,5199.0,68.04973821989529,6,82.16666666666667,0,0,59.0,51.0,100.0,96.0,91.0,96.0
251500,São Miguel de Taipu,PB,Paraíba,NORDESTE,7307,5,5,6.842753524018065,1461.4,0.0,7287,5642.0,77.42555235350625,6,62.5,1,0,50.0,54.0,68.0,65.0,42.0,96.0
251510,São Sebastião de Lagoa de Roça,PB,Paraíba,NORDESTE,11387,7,7,6.147361025731096,1626.7142857142858,0.0,11365,7616.0,67.01275846898372,6,66.33333333333333,2,0,47.0,45.0,74.0,67.0,65.0,100.0
251520,São Sebastião do Umbuzeiro,PB,Paraíba,NORDESTE,3382,2,2,5.913660555884093,1691.0,0.0,3376,2574.0,76.24407582938389,6,60.166666666666664,2,1,37.0,11.0,75.0,88.0,50.0,100.0
251540,São Vicente do Seridó,PB,Paraíba,NORDESTE,10652,5,5,4.693954187007135,2130.4,0.0,10620,7839.0,73.8135593220339,6,69.0,1,0,54.0,39.0,73.0,75.0,75.0,98.0
251640,Tacima,PB,Paraíba,NORDESTE,7794,4,4,5.1321529381575575,1948.5,0.0,7934,5628.0,70.93521552810688,6,73.0,2,0,35.0,31.0,100.0,100.0,76.0,96.0
251650,Taperoá,PB,Paraíba,NORDESTE,14358,9,7,6.268282490597576,1595.3333333333333,0.0,14376,9860.0,68.58653311074012,6,74.5,1,0,43.0,53.0,85.0,95.0,75.0,96.0
251660,Tavares,PB,Paraíba,NORDESTE,14473,9,9,6.218475782491535,1608.111111111111,0.0,14464,9544.0,65.9845132743363,6,67.33333333333333,2,1,42.0,20.0,82.0,96.0,64.0,100.0
251670,Teixeira,PB,Paraíba,NORDESTE,15129,14,14,9.253751074096106,1080.642857142857,0.0,15082,11431.0,75.79233523405384,6,69.16666666666667,1,0,44.0,53.0,72.0,80.0,66.0,100.0
251675,Tenório,PB,Paraíba,NORDESTE,3082,1,1,3.244646333549643,3082.0,0.0,3069,2257.0,73.54187031606386,6,60.833333333333336,2,1,39.0,10.0,79.0,84.0,89.0,64.0
251680,Triunfo,PB,Paraíba,NORDESTE,10315,3,3,2.90838584585555,3438.3333333333335,0.0,10259,6704.0,65.34749975631154,6,59.333333333333336,2,2,25.0,11.0,61.0,82.0,82.0,95.0
251690,Uiraúna,PB,Paraíba,NORDESTE,15431,17,17,11.016784395048928,907.7058823529412,0.0,15386,9570.0,62.199402053815156,6,51.5,2,1,38.0,4.0,54.0,67.0,52.0,94.0
251700,Umbuzeiro,PB,Paraíba,NORDESTE,9274,7,7,7.547983610092732,1324.857142857143,0.0,9302,6948.0,74.69361427649967,6,81.33333333333333,1,0,49.0,57.0,92.0,100.0,92.0,98.0
251720,Vieirópolis,PB,Paraíba,NORDESTE,4967,3,3,6.0398630964364814,1655.6666666666667,0.0,4974,3561.0,71.59227985524728,6,60.333333333333336,3,1,41.0,5.0,47.0,87.0,87.0,95.0
250550,Vista Serrana,PB,Paraíba,NORDESTE,3772,3,3,7.953340402969247,1257.3333333333333,0.0,3759,2551.0,67.86379356211758,6,71.66666666666667,2,0,33.0,38.0,88.0,88.0,88.0,95.0
251710,Várzea,PB,Paraíba,NORDESTE,2777,3,3,10.803024846957147,925.6666666666666,0.0,2764,1560.0,56.43994211287988,6,70.33333333333333,2,1,38.0,17.0,100.0,100.0,67.0,100.0
251740,Zabelê,PB,Paraíba,NORDESTE,2323,2,2,8.609556607834696,1161.5,0.0,2310,1665.0,72.07792207792207,6,48.666666666666664,3,1,45.0,2.0,56.0,56.0,33.0,100.0
250010,Água Branca,PB,Paraíba,NORDESTE,9580,5,5,5.21920668058455,1916.0,0.0,9578,6195.0,64.6794737941115,6,75.5,2,0,49.0,31.0,92.0,97.0,84.0,100.0
260005,Abreu e Lima,PE,Pernambuco,NORDESTE,104248,36,33,3.4533036605018803,2895.777777777778,0.0,103945,48702.0,46.853624512963584,6,37.833333333333336,5,3,44.0,7.0,23.0,45.0,25.0,83.0
260010,Afogados da Ingazeira,PE,Pernambuco,NORDESTE,42672,21,17,4.921259842519685,2032.0,0.0,42407,26863.0,63.345674063244275,6,69.5,2,0,41.0,32.0,90.0,89.0,76.0,89.0
260020,Afrânio,PE,Pernambuco,NORDESTE,19409,13,13,6.697923643670462,1493.0,0.0,19349,13383.0,69.16636518683136,6,79.66666666666667,0,0,59.0,50.0,83.0,98.0,89.0,99.0
260030,Agrestina,PE,Pernambuco,NORDESTE,24680,14,13,5.672609400324149,1762.857142857143,0.0,24615,16627.0,67.54824294129595,6,65.16666666666667,2,0,33.0,39.0,84.0,75.0,67.0,93.0
260060,Alagoinha,PE,Pernambuco,NORDESTE,14460,8,8,5.532503457814661,1807.5,0.0,14355,9551.0,66.53430860327411,6,61.5,2,1,36.0,20.0,54.0,90.0,72.0,97.0
260070,Aliança,PE,Pernambuco,NORDESTE,37349,23,22,6.158130070416878,1623.8695652173913,0.0,37372,23143.0,61.92604088622499,6,56.833333333333336,2,1,50.0,26.0,49.0,67.0,52.0,97.0
260080,Altinho,PE,Pernambuco,NORDESTE,21134,12,12,5.678054320052995,1761.1666666666667,0.0,21185,13970.0,65.9428841161199,6,52.666666666666664,4,1,49.0,21.0,68.0,46.0,42.0,90.0
260090,Amaraji,PE,Pernambuco,NORDESTE,18335,9,9,4.908644668666485,2037.2222222222222,0.0,18471,12454.0,67.42461155324563,6,47.166666666666664,3,2,24.0,16.0,47.0,71.0,52.0,73.0
260100,Angelim,PE,Pernambuco,NORDESTE,10591,9,8,8.49778113492588,1176.7777777777778,0.0,10580,7707.0,72.84499054820415,6,65.83333333333333,0,0,51.0,58.0,62.0,70.0,54.0,100.0
260110,Araripina,PE,Pernambuco,NORDESTE,90504,44,44,4.861663572880756,2056.909090909091,0.0,90104,49523.0,54.96204386042795,6,56.5,2,2,29.0,12.0,53.0,85.0,67.0,93.0
260105,Araçoiaba,PE,Pernambuco,NORDESTE,19996,9,9,4.500900180036007,2221.777777777778,0.0,19936,11554.0,57.95545746388443,6,66.66666666666667,2,1,41.0,19.0,83.0,92.0,71.0,94.0
260120,Arcoverde,PE,Pernambuco,NORDESTE,82487,31,30,3.7581679537381647,2660.8709677419356,0.0,82003,43207.0,52.689535748692116,6,74.83333333333333,1,0,41.0,62.0,85.0,90.0,77.0,94.0
260130,Barra de Guabiraba,PE,Pernambuco,NORDESTE,12601,8,8,6.348702483929848,1575.125,0.0,12616,8072.0,63.98224476854788,6,63.0,2,1,33.0,23.0,66.0,88.0,72.0,96.0
260140,Barreiros,PE,Pernambuco,NORDESTE,42083,17,16,4.039635957512535,2475.470588235294,0.0,42056,25634.0,60.9520639147803,6,46.0,3,2,25.0,8.0,54.0,68.0,46.0,75.0
260170,Belo Jardim,PE,Pernambuco,NORDESTE,84033,31,30,3.6890269298965883,2710.7419354838707,0.0,83647,47560.0,56.85798653866845,6,53.833333333333336,2,2,26.0,15.0,61.0,62.0,68.0,91.0
260150,Belém de Maria,PE,Pernambuco,NORDESTE,10798,7,7,6.4826819781441,1542.5714285714287,0.0,10829,7465.0,68.93526641425801,6,80.83333333333333,0,0,59.0,69.0,100.0,91.0,91.0,75.0
260160,Belém do São Francisco,PE,Pernambuco,NORDESTE,18648,11,10,5.8987558987558995,1695.2727272727273,0.0,18713,12640.0,67.54662534067226,6,49.833333333333336,3,2,18.0,14.0,46.0,75.0,55.0,91.0
260180,Betânia,PE,Pernambuco,NORDESTE,11961,12,7,10.032605969400551,996.75,0.0,11981,8668.0,72.34788414990402,6,71.5,2,0,46.0,34.0,85.0,100.0,85.0,79.0
260190,Bezerros,PE,Pernambuco,NORDESTE,65007,25,25,3.845739689571892,2600.28,0.0,64809,39689.0,61.23995124133994,6,60.833333333333336,2,2,25.0,14.0,77.0,85.0,70.0,94.0
260200,Bodocó,PE,Pernambuco,NORDESTE,36145,0,0,0.0,0.0,8.101846632860283,36129,24594.0,68.07273935066014,6,68.83333333333333,2,1,41.0,19.0,83.0,95.0,81.0,94.0
260210,Bom Conselho,PE,Pernambuco,NORDESTE,46202,17,17,3.67949439418207,2717.764705882353,0.0,46192,30669.0,66.39461378593697,6,70.83333333333333,2,0,42.0,32.0,93.0,92.0,77.0,89.0
260220,Bom Jardim,PE,Pernambuco,NORDESTE,39289,18,18,4.581435007253939,2182.722222222222,0.0,39278,25409.0,64.69015733998677,6,64.5,2,1,35.0,23.0,70.0,85.0,75.0,99.0
260230,Bonito,PE,Pernambuco,NORDESTE,39212,14,14,3.5703356115474856,2800.8571428571427,0.0,39163,23886.0,60.991241733268645,6,62.0,2,1,39.0,17.0,69.0,83.0,71.0,93.0
260250,Brejinho,PE,Pernambuco,NORDESTE,8033,5,5,6.224324660774306,1606.6,0.0,8010,5803.0,72.44694132334581,6,74.66666666666667,2,0,41.0,43.0,82.0,100.0,82.0,100.0
260260,Brejo da Madre de Deus,PE,Pernambuco,NORDESTE,51308,16,14,3.118422078428315,3206.75,0.0,51107,31250.0,61.14622263095075,6,50.166666666666664,2,2,14.0,11.0,64.0,68.0,54.0,90.0
260240,Brejão,PE,Pernambuco,NORDESTE,9417,7,7,7.433365190612722,1345.2857142857142,0.0,9399,8036.0,85.49845728268964,6,71.0,0,0,54.0,70.0,67.0,70.0,65.0,100.0
260270,Buenos Aires,PE,Pernambuco,NORDESTE,13276,7,7,5.2726724917143715,1896.5714285714287,0.0,13254,9025.0,68.09265127508677,6,62.166666666666664,2,1,35.0,17.0,74.0,98.0,75.0,74.0
260280,Buíque,PE,Pernambuco,NORDESTE,53489,28,28,5.234721157621193,1910.3214285714287,0.0,54425,35935.0,66.02664216812127,6,83.0,0,0,56.0,75.0,90.0,98.0,79.0,100.0
260290,Cabo de Santo Agostinho,PE,Pernambuco,NORDESTE,218049,53,53,2.430646322615559,4114.132075471698,0.0,216969,92725.0,42.736519963681445,6,40.166666666666664,4,1,30.0,16.0,49.0,59.0,35.0,52.0
260300,Cabrobó,PE,Pernambuco,NORDESTE,31762,21,19,6.611674327813111,1512.4761904761904,0.0,31746,21408.0,67.43526743526743,6,54.333333333333336,2,0,39.0,37.0,58.0,65.0,55.0,72.0
260310,Cachoeirinha,PE,Pernambuco,NORDESTE,20673,1,0,0.4837227301310889,20673.0,3.633821425954368,20612,15180.0,73.64641956142053,6,61.166666666666664,2,1,41.0,5.0,55.0,95.0,78.0,93.0
260320,Caetés,PE,Pernambuco,NORDESTE,30571,16,16,5.233718229694809,1910.6875,0.0,30441,20705.0,68.01681942117538,6,81.83333333333333,0,0,72.0,66.0,83.0,96.0,76.0,98.0
260340,Calumbi,PE,Pernambuco,NORDESTE,5354,4,4,7.4710496824803885,1338.5,0.0,5367,4523.0,84.27426867896403,6,77.33333333333333,0,0,60.0,57.0,83.0,96.0,74.0,94.0
260330,Calçado,PE,Pernambuco,NORDESTE,11453,5,5,4.365668383829564,2290.6,0.0,11445,7182.0,62.75229357798165,6,82.16666666666667,0,0,51.0,61.0,93.0,100.0,88.0,100.0
260345,Camaragibe,PE,Pernambuco,NORDESTE,156112,46,45,2.946602439274367,3393.7391304347825,0.0,155771,72211.0,46.35715248666312,6,37.166666666666664,4,2,28.0,12.0,35.0,52.0,32.0,64.0
260350,Camocim de São Félix,PE,Pernambuco,NORDESTE,18018,6,6,3.33000333000333,3003.0,0.0,17991,13080.0,72.70301817575454,6,70.83333333333333,2,1,39.0,21.0,85.0,91.0,89.0,100.0
260360,Camutanga,PE,Pernambuco,NORDESTE,7962,5,5,6.279829188646069,1592.4,0.0,7972,5156.0,64.67636728549925,6,61.333333333333336,2,1,32.0,7.0,86.0,77.0,68.0,98.0
260370,Canhotinho,PE,Pernambuco,NORDESTE,25103,14,14,5.577022666613552,1793.0714285714287,0.0,25090,16280.0,64.8864089278597,6,79.0,1,0,47.0,51.0,95.0,99.0,84.0,98.0
260380,Capoeiras,PE,Pernambuco,NORDESTE,18854,12,12,6.3646971464941124,1571.1666666666667,0.0,18890,14049.0,74.37268395976707,6,84.66666666666667,0,0,79.0,76.0,76.0,96.0,82.0,99.0
260392,Carnaubeira da Penha,PE,Pernambuco,NORDESTE,12712,7,4,5.506607929515419,1816.0,0.0,12682,4504.0,35.51490301214319,6,47.5,4,0,56.0,43.0,43.0,45.0,30.0,68.0
260390,Carnaíba,PE,Pernambuco,NORDESTE,19533,11,11,5.631495418010546,1775.7272727272727,0.0,19513,13199.0,67.64208476400349,6,63.166666666666664,1,0,58.0,35.0,77.0,80.0,68.0,61.0
260400,Carpina,PE,Pernambuco,NORDESTE,83482,28,26,3.3540164346805303,2981.5,0.0,83205,42051.0,50.5390301063638,6,43.5,4,2,17.0,8.0,46.0,52.0,44.0,94.0
260410,Caruaru,PE,Pernambuco,NORDESTE,405408,76,75,1.8746546688767858,5334.315789473684,14.871584997499566,402290,166559.0,41.40271943125606,6,62.0,2,2,24.0,22.0,75.0,90.0,69.0,92.0
260415,Casinhas,PE,Pernambuco,NORDESTE,13468,8,8,5.94000594000594,1683.5,0.0,13489,9861.0,73.10401067536512,6,75.66666666666667,0,0,59.0,61.0,72.0,94.0,72.0,96.0
260420,Catende,PE,Pernambuco,NORDESTE,33086,16,16,4.835882246267303,2067.875,0.0,33279,21658.0,65.08008053126596,6,77.5,0,0,50.0,65.0,86.0,91.0,79.0,94.0
260430,Cedro,PE,Pernambuco,NORDESTE,10843,6,6,5.533523932491009,1807.1666666666667,0.0,10845,7319.0,67.48732134624251,6,55.666666666666664,2,2,27.0,7.0,91.0,50.0,64.0,95.0
260450,Chã Grande,PE,Pernambuco,NORDESTE,21258,9,9,4.233700254022015,2362.0,0.0,21224,13433.0,63.29155672823219,6,51.0,2,2,20.0,10.0,52.0,80.0,75.0,69.0
260440,Chã de Alegria,PE,Pernambuco,NORDESTE,13496,8,8,5.927682276229993,1687.0,0.0,13461,8467.0,62.90023029492608,6,63.5,2,2,23.0,16.0,87.0,92.0,68.0,95.0
260460,Condado,PE,Pernambuco,NORDESTE,25416,15,13,5.901794145420207,1694.4,0.0,25383,15713.0,61.90363629200646,6,68.16666666666667,2,1,42.0,29.0,88.0,93.0,64.0,93.0
260470,Correntes,PE,Pernambuco,NORDESTE,17670,11,11,6.22524052065648,1606.3636363636363,0.0,17660,10864.0,61.51755379388448,6,72.5,1,0,33.0,60.0,88.0,93.0,73.0,88.0
260480,Cortês,PE,Pernambuco,NORDESTE,10426,8,8,7.673124880107424,1303.25,0.0,10512,7342.0,69.84398782343987,6,55.333333333333336,1,1,67.0,1.0,65.0,77.0,57.0,65.0
260490,Cumaru,PE,Pernambuco,NORDESTE,16215,12,12,7.400555041628122,1351.25,0.0,16252,11766.0,72.39724341619494,6,55.833333333333336,2,1,37.0,6.0,76.0,63.0,61.0,92.0
260500,Cupira,PE,Pernambuco,NORDESTE,24343,10,10,4.107957112927742,2434.3,0.0,24301,16332.0,67.20711081848484,6,72.16666666666667,2,0,37.0,43.0,83.0,96.0,75.0,99.0
260510,Custódia,PE,Pernambuco,NORDESTE,39609,21,18,5.301825342725138,1886.142857142857,0.0,39403,25089.0,63.6728167905997,6,61.333333333333336,2,1,39.0,14.0,72.0,85.0,62.0,96.0
260515,Dormentes,PE,Pernambuco,NORDESTE,17850,8,8,4.481792717086835,2231.25,0.0,17749,11360.0,64.00360583694857,6,70.5,0,0,58.0,52.0,79.0,84.0,73.0,77.0
260520,Escada,PE,Pernambuco,NORDESTE,62174,9,7,1.4475504230064014,6908.222222222223,4.936207291505195,62252,32207.0,51.73649039388293,6,40.166666666666664,3,3,21.0,13.0,51.0,58.0,27.0,71.0
260530,Exu,PE,Pernambuco,NORDESTE,33486,14,14,4.180851699217584,2391.8571428571427,0.0,33436,24616.0,73.62124656059336,6,63.333333333333336,2,0,40.0,36.0,65.0,78.0,62.0,99.0
260540,Feira Nova,PE,Pernambuco,NORDESTE,22222,13,13,5.850058500585006,1709.3846153846155,0.0,22169,15292.0,68.97920519644549,6,63.333333333333336,2,0,34.0,31.0,71.0,83.0,63.0,98.0
260545,Fernando de Noronha,PE,Pernambuco,NORDESTE,3341,3,3,8.979347500748279,1113.6666666666667,0.0,3316,1010.0,30.4583835946924,6,61.0,2,2,28.0,29.0,88.0,83.0,63.0,75.0
260550,Ferreiros,PE,Pernambuco,NORDESTE,15955,6,6,3.760576621748668,2659.1666666666665,0.0,15794,7123.0,45.09940483727998,6,67.66666666666667,2,1,27.0,32.0,86.0,93.0,68.0,100.0
260560,Flores,PE,Pernambuco,NORDESTE,20776,11,10,5.29457065845206,1888.7272727272727,0.0,20835,14623.0,70.18478521718262,6,68.66666666666667,2,1,42.0,26.0,90.0,92.0,66.0,96.0
260570,Floresta,PE,Pernambuco,NORDESTE,31702,13,13,4.100687653775787,2438.6153846153848,0.0,31627,19467.0,61.55183861890157,6,57.666666666666664,3,2,29.0,27.0,68.0,82.0,47.0,93.0
260580,Frei Miguelinho,PE,Pernambuco,NORDESTE,14055,11,11,7.826396300249022,1277.7272727272727,0.0,14070,9363.0,66.54584221748401,6,55.833333333333336,3,2,26.0,14.0,43.0,77.0,77.0,98.0
260590,Gameleira,PE,Pernambuco,NORDESTE,17583,4,4,2.2749246431211967,4395.75,0.0,17973,12822.0,71.34034384910699,6,55.0,2,2,21.0,16.0,63.0,78.0,53.0,99.0
260600,Garanhuns,PE,Pernambuco,NORDESTE,151803,50,50,3.293742547907485,3036.06,0.0,151064,81718.0,54.09495313244717,6,54.166666666666664,2,1,36.0,23.0,68.0,73.0,55.0,70.0
260610,Glória do Goitá,PE,Pernambuco,NORDESTE,30420,12,12,3.944773175542406,2535.0,0.0,30370,18027.0,59.357918999012185,6,43.333333333333336,3,3,13.0,6.0,26.0,88.0,56.0,71.0
260620,Goiana,PE,Pernambuco,NORDESTE,85497,31,30,3.625858217247389,2757.967741935484,0.0,85160,45318.0,53.2151244715829,6,57.166666666666664,3,0,34.0,35.0,63.0,71.0,47.0,93.0
260630,Granito,PE,Pernambuco,NORDESTE,7217,6,6,8.313703755022862,1202.8333333333333,0.0,7206,5309.0,73.67471551484873,6,59.666666666666664,2,2,25.0,8.0,81.0,94.0,72.0,78.0
260640,Gravatá,PE,Pernambuco,NORDESTE,92429,24,22,2.5965876510618964,3851.2083333333335,0.0,91887,45890.0,49.94177631220956,6,54.666666666666664,2,1,33.0,9.0,70.0,77.0,61.0,78.0
260650,Iati,PE,Pernambuco,NORDESTE,17570,14,13,7.968127490039841,1255.0,0.0,17605,14093.0,80.05112184038626,6,82.0,1,0,49.0,61.0,96.0,99.0,87.0,100.0
260660,Ibimirim,PE,Pernambuco,NORDESTE,28825,13,13,4.509973980919341,2217.3076923076924,0.0,28760,16913.0,58.80737134909597,6,73.16666666666667,2,0,43.0,37.0,93.0,94.0,75.0,97.0
260670,Ibirajuba,PE,Pernambuco,NORDESTE,7334,4,4,5.45404963185165,1833.5,0.0,7344,5449.0,74.19662309368191,6,66.83333333333333,1,1,26.0,69.0,73.0,73.0,67.0,93.0
260680,Igarassu,PE,Pernambuco,NORDESTE,123017,39,39,3.170293536665664,3154.2820512820513,0.0,122312,59229.0,48.4245208973772,6,41.333333333333336,3,2,23.0,10.0,57.0,56.0,32.0,70.0
260690,Iguaracy,PE,Pernambuco,NORDESTE,11347,5,5,4.406451044328898,2269.4,0.0,11366,7902.0,69.5231391870491,6,67.0,2,1,40.0,7.0,86.0,98.0,71.0,100.0
260760,Ilha de Itamaracá,PE,Pernambuco,NORDESTE,25658,13,13,5.066645880427157,1973.6923076923076,0.0,25529,13134.0,51.44737357514983,6,24.833333333333332,6,3,20.0,5.0,32.0,30.0,16.0,46.0
260700,Inajá,PE,Pernambuco,NORDESTE,27758,9,9,3.2423085236688527,3084.222222222222,0.0,27488,13177.0,47.93728172293365,6,55.166666666666664,2,2,28.0,18.0,57.0,78.0,59.0,91.0
260710,Ingazeira,PE,Pernambuco,NORDESTE,4975,3,2,6.030150753768845,1658.3333333333333,0.0,4959,3578.0,72.15164347650736,6,76.33333333333333,1,1,64.0,15.0,100.0,100.0,79.0,100.0
260720,Ipojuca,PE,Pernambuco,NORDESTE,106539,31,31,2.9097325861890955,3436.7419354838707,0.0,105638,45584.0,43.15113879475189,6,41.166666666666664,4,2,23.0,8.0,40.0,57.0,39.0,80.0
260730,Ipubi,PE,Pernambuco,NORDESTE,30720,13,13,4.231770833333333,2363.076923076923,0.0,30603,21586.0,70.53556840832597,6,64.5,2,2,27.0,22.0,87.0,89.0,70.0,92.0
260740,Itacuruba,PE,Pernambuco,NORDESTE,4491,3,3,6.680026720106881,1497.0,0.0,4490,3235.0,72.0489977728285,6,47.5,3,1,39.0,21.0,54.0,67.0,33.0,71.0
260765,Itambé,PE,Pernambuco,NORDESTE,36652,17,17,4.63821892393321,2156.0,0.0,36626,21420.0,58.48304483154043,6,64.5,2,1,34.0,21.0,89.0,89.0,64.0,90.0
260770,Itapetim,PE,Pernambuco,NORDESTE,14236,7,7,4.917111548187693,2033.7142857142858,0.0,14232,10641.0,74.7681281618887,6,73.5,2,0,43.0,33.0,92.0,98.0,77.0,98.0
260775,Itapissuma,PE,Pernambuco,NORDESTE,29669,12,12,4.044625703596346,2472.4166666666665,0.0,29463,14400.0,48.87485999389064,6,49.666666666666664,3,1,32.0,3.0,72.0,81.0,33.0,77.0
260780,Itaquitinga,PE,Pernambuco,NORDESTE,17142,12,12,7.000350017500875,1428.5,0.0,17109,8679.0,50.72768718218481,6,53.333333333333336,4,0,38.0,36.0,49.0,57.0,40.0,100.0
260750,Itaíba,PE,Pernambuco,NORDESTE,33995,11,11,3.235769966171496,3090.4545454545455,0.0,33691,20755.0,61.6039891959277,6,72.0,2,1,48.0,26.0,83.0,96.0,80.0,99.0
260790,Jaboatão dos Guararapes,PE,Pernambuco,NORDESTE,684293,134,125,1.9582254969727881,5106.664179104478,19.383232478623913,683285,200785.0,29.38524920055321,6,32.666666666666664,5,3,15.0,12.0,34.0,45.0,25.0,65.0
260795,Jaqueira,PE,Pernambuco,NORDESTE,10440,7,7,6.704980842911877,1491.4285714285713,0.0,10483,6863.0,65.46790041018792,6,66.16666666666667,0,0,53.0,52.0,67.0,71.0,54.0,100.0
260800,Jataúba,PE,Pernambuco,NORDESTE,16328,9,9,5.512003919647232,1814.2222222222222,0.0,16323,12163.0,74.51448875819396,6,54.0,2,1,38.0,29.0,74.0,54.0,50.0,79.0
260805,Jatobá,PE,Pernambuco,NORDESTE,14477,7,7,4.835255923188506,2068.1428571428573,0.0,14463,8866.0,61.301251469266404,6,72.33333333333333,2,0,48.0,37.0,83.0,93.0,79.0,94.0
260820,Joaquim Nabuco,PE,Pernambuco,NORDESTE,13416,9,8,6.708407871198569,1490.6666666666667,0.0,13506,8618.0,63.80867762475937,6,56.666666666666664,3,1,20.0,35.0,47.0,87.0,55.0,96.0
260810,João Alfredo,PE,Pernambuco,NORDESTE,28842,15,15,5.20074890784273,1922.8,0.0,28903,18730.0,64.80296163028059,6,64.33333333333333,2,1,39.0,9.0,66.0,92.0,80.0,100.0
260825,Jucati,PE,Pernambuco,NORDESTE,12023,8,8,6.65391333277884,1502.875,0.0,11975,8697.0,72.62630480167014,6,80.16666666666667,0,0,50.0,69.0,85.0,94.0,83.0,100.0
260830,Jupi,PE,Pernambuco,NORDESTE,16022,10,10,6.241418050181001,1602.2,0.0,15943,12762.0,80.0476698237471,6,76.66666666666667,0,0,62.0,62.0,95.0,98.0,85.0,58.0
260840,Jurema,PE,Pernambuco,NORDESTE,14002,8,8,5.713469504356521,1750.25,0.0,14027,11121.0,79.2828117202538,6,57.166666666666664,2,1,34.0,10.0,59.0,85.0,74.0,81.0
260875,Lagoa Grande,PE,Pernambuco,NORDESTE,24951,11,11,4.408640936235021,2268.2727272727275,0.0,24952,15857.0,63.5500160307791,6,70.33333333333333,1,0,34.0,50.0,86.0,88.0,71.0,93.0
260850,Lagoa de Itaenga,PE,Pernambuco,NORDESTE,19863,10,10,5.034486230680159,1986.3,0.0,19915,12192.0,61.22018578960583,6,41.166666666666664,3,2,23.0,4.0,53.0,56.0,46.0,65.0
260845,Lagoa do Carro,PE,Pernambuco,NORDESTE,18804,11,10,5.8498191874069345,1709.4545454545455,0.0,18708,10969.0,58.63267051528758,6,62.333333333333336,2,2,27.0,17.0,81.0,96.0,70.0,83.0
260860,Lagoa do Ouro,PE,Pernambuco,NORDESTE,12367,6,6,4.851621250101076,2061.1666666666665,0.0,12364,9624.0,77.83888709155613,6,68.66666666666667,0,0,55.0,58.0,77.0,77.0,63.0,82.0
260870,Lagoa dos Gatos,PE,Pernambuco,NORDESTE,14333,7,7,4.883834507779251,2047.5714285714287,0.0,14386,9486.0,65.93910746559155,6,60.333333333333336,2,1,34.0,23.0,63.0,83.0,69.0,90.0
260880,Lajedo,PE,Pernambuco,NORDESTE,41960,17,17,4.051477597712107,2468.235294117647,0.0,41786,27766.0,66.44809266261427,6,71.33333333333333,1,0,35.0,59.0,68.0,96.0,76.0,94.0
260890,Limoeiro,PE,Pernambuco,NORDESTE,59236,21,21,3.5451414680262,2820.7619047619046,0.0,59125,37061.0,62.68245243128964,6,46.666666666666664,4,1,43.0,22.0,48.0,53.0,44.0,70.0
260900,Macaparana,PE,Pernambuco,NORDESTE,24642,14,14,5.681357032708384,1760.142857142857,0.0,24624,15254.0,61.94769330734243,6,57.166666666666664,2,1,32.0,11.0,68.0,71.0,65.0,96.0
260910,Machados,PE,Pernambuco,NORDESTE,11387,10,9,8.781944322472995,1138.7,0.0,11471,7734.0,67.4221951006887,6,63.0,2,1,35.0,22.0,62.0,96.0,87.0,76.0
260915,Manari,PE,Pernambuco,NORDESTE,27046,9,9,3.3276639798861196,3005.1111111111113,0.0,26773,13617.0,50.86094199379973,6,68.83333333333333,2,1,46.0,13.0,92.0,91.0,73.0,98.0
260920,Maraial,PE,Pernambuco,NORDESTE,9322,5,5,5.36365586783952,1864.4,0.0,9432,6387.0,67.71628498727735,6,55.5,4,0,41.0,94.0,36.0,46.0,36.0,80.0
260930,Mirandiba,PE,Pernambuco,NORDESTE,14605,8,8,5.47757617254365,1825.625,0.0,14599,11478.0,78.6218234125625,6,55.666666666666664,2,1,29.0,35.0,63.0,80.0,62.0,65.0
261430,Moreilândia,PE,Pernambuco,NORDESTE,10839,6,6,5.535566011624688,1806.5,0.0,10849,7863.0,72.47672596552678,6,62.0,2,1,39.0,4.0,72.0,87.0,79.0,91.0
260940,Moreno,PE,Pernambuco,NORDESTE,57654,17,16,2.9486245533701045,3391.4117647058824,0.0,57647,29944.0,51.943726473190274,6,49.666666666666664,3,2,24.0,28.0,50.0,72.0,47.0,77.0
260950,Nazaré da Mata,PE,Pernambuco,NORDESTE,32187,17,16,5.281635442880667,1893.3529411764705,0.0,32153,15041.0,46.77946070351134,6,41.666666666666664,4,3,26.0,22.0,19.0,71.0,44.0,68.0
260960,Olinda,PE,Pernambuco,NORDESTE,364717,54,46,1.4806000268701485,6754.018518518518,27.75075939678805,365402,130641.0,35.752677872589636,6,27.5,5,4,19.0,8.0,19.0,39.0,21.0,59.0
260970,Orobó,PE,Pernambuco,NORDESTE,22412,11,11,4.908084954488666,2037.4545454545455,0.0,22438,13163.0,58.663873785542386,6,61.5,2,1,34.0,3.0,72.0,84.0,77.0,99.0
260980,Orocó,PE,Pernambuco,NORDESTE,14129,10,10,7.077641729775639,1412.9,0.0,14100,10729.0,76.09219858156028,6,58.166666666666664,2,2,26.0,11.0,63.0,83.0,69.0,97.0
260990,Ouricuri,PE,Pernambuco,NORDESTE,68489,27,25,3.9422388996773203,2536.6296296296296,0.0,68329,43451.0,63.59086185953255,6,40.5,4,2,16.0,4.0,37.0,56.0,48.0,82.0
261000,Palmares,PE,Pernambuco,NORDESTE,56475,32,31,5.66622399291722,1764.84375,0.0,56615,35918.0,63.442550560805444,6,43.333333333333336,5,1,41.0,23.0,47.0,49.0,39.0,61.0
261010,Palmeirina,PE,Pernambuco,NORDESTE,7104,5,5,7.038288288288288,1420.8,0.0,7154,5226.0,73.05004193458205,6,56.833333333333336,3,1,38.0,18.0,62.0,83.0,48.0,92.0
261020,Panelas,PE,Pernambuco,NORDESTE,23337,16,16,6.85606547542529,1458.5625,0.0,23449,16930.0,72.19924090579556,6,64.5,2,1,42.0,13.0,70.0,88.0,78.0,96.0
261030,Paranatama,PE,Pernambuco,NORDESTE,12778,7,7,5.478165597120051,1825.4285714285713,0.0,12712,11416.0,89.80490874764003,6,53.0,2,1,39.0,13.0,58.0,71.0,59.0,78.0
261040,Parnamirim,PE,Pernambuco,NORDESTE,18960,15,15,7.911392405063291,1264.0,0.0,19028,13290.0,69.84443977296615,6,54.666666666666664,2,2,21.0,4.0,63.0,87.0,59.0,94.0
261050,Passira,PE,Pernambuco,NORDESTE,29744,20,20,6.7240451855836465,1487.2,0.0,29719,20339.0,68.4376997880144,6,62.333333333333336,2,0,48.0,40.0,68.0,70.0,67.0,81.0
261060,Paudalho,PE,Pernambuco,NORDESTE,59924,25,25,4.171951138108271,2396.96,0.0,59638,36958.0,61.97055568597203,6,48.666666666666664,2,2,29.0,12.0,52.0,69.0,51.0,79.0
261070,Paulista,PE,Pernambuco,NORDESTE,365144,62,61,1.697960256775409,5889.419354838709,19.846470795660128,362960,103975.0,28.646407317610755,6,24.666666666666668,5,4,8.0,6.0,11.0,34.0,18.0,71.0
261080,Pedra,PE,Pernambuco,NORDESTE,23671,12,12,5.0694943179417855,1972.5833333333333,0.0,23605,16141.0,68.37958059733107,6,70.0,2,1,35.0,26.0,89.0,89.0,82.0,99.0
261090,Pesqueira,PE,Pernambuco,NORDESTE,65481,20,20,3.054321100777325,3274.05,0.0,65408,35437.0,54.178387964774956,6,54.833333333333336,2,1,35.0,17.0,59.0,68.0,57.0,93.0
261110,Petrolina,PE,Pernambuco,NORDESTE,418444,62,61,1.481679746871744,6749.096774193548,31.793584519036887,414083,197569.0,47.71241514382382,6,38.333333333333336,3,2,16.0,8.0,50.0,51.0,43.0,62.0
261100,Petrolândia,PE,Pernambuco,NORDESTE,36104,13,13,3.600709062707733,2777.230769230769,0.0,35991,22318.0,62.00994693117724,6,57.833333333333336,1,0,52.0,32.0,64.0,70.0,54.0,75.0
261130,Pombos,PE,Pernambuco,NORDESTE,26942,15,15,5.567515403459283,1796.1333333333334,0.0,26847,16322.0,60.79636458449734,6,47.166666666666664,2,2,17.0,15.0,53.0,64.0,59.0,75.0
261120,Poção,PE,Pernambuco,NORDESTE,10792,6,6,5.559673832468495,1798.6666666666667,0.0,10805,8907.0,82.43405830633965,6,68.16666666666667,1,1,50.0,17.0,84.0,82.0,78.0,98.0
261140,Primavera,PE,Pernambuco,NORDESTE,14380,6,6,4.172461752433936,2396.6666666666665,0.0,14351,6996.0,48.74921608250296,6,62.666666666666664,2,2,29.0,18.0,74.0,88.0,79.0,88.0
261150,Quipapá,PE,Pernambuco,NORDESTE,17731,15,15,8.459759742823303,1182.0666666666666,0.0,17974,12483.0,69.45031712473573,6,65.5,2,2,25.0,14.0,87.0,89.0,79.0,99.0
261153,Quixaba,PE,Pernambuco,NORDESTE,6753,4,3,5.923293351103214,1688.25,0.0,6755,4577.0,67.75721687638786,6,73.83333333333333,2,0,46.0,32.0,88.0,96.0,84.0,97.0
261160,Recife,PE,Pernambuco,NORDESTE,1588376,181,179,1.1395286758299044,8775.558011049723,175.03205830173147,1587707,497410.0,31.328828303962887,6,39.666666666666664,4,2,23.0,19.0,38.0,52.0,35.0,71.0
261170,Riacho das Almas,PE,Pernambuco,NORDESTE,21490,9,9,4.187994416007445,2387.777777777778,0.0,21411,16464.0,76.89505394423428,6,56.5,2,2,29.0,6.0,72.0,86.0,75.0,71.0
261180,Ribeirão,PE,Pernambuco,NORDESTE,33843,12,12,3.545784948142895,2820.25,0.0,34255,20703.0,60.4378922784995,6,45.833333333333336,3,2,7.0,7.0,89.0,65.0,37.0,70.0
261190,Rio Formoso,PE,Pernambuco,NORDESTE,20388,12,12,5.885815185403178,1699.0,0.0,20460,12406.0,60.635386119257085,6,37.333333333333336,5,3,25.0,7.0,35.0,47.0,27.0,83.0
261200,Sairé,PE,Pernambuco,NORDESTE,11213,6,6,5.350931953981985,1868.8333333333333,0.0,11218,7776.0,69.3171688357996,6,57.5,2,1,31.0,18.0,58.0,73.0,70.0,95.0
261210,Salgadinho,PE,Pernambuco,NORDESTE,5478,8,8,14.603870025556773,684.75,0.0,5620,4026.0,71.63701067615659,6,75.5,2,0,32.0,43.0,100.0,94.0,89.0,95.0
261220,Salgueiro,PE,Pernambuco,NORDESTE,65946,22,21,3.3360628392927545,2997.5454545454545,0.0,65635,37906.0,57.752723394530356,6,50.5,2,1,32.0,23.0,63.0,60.0,55.0,70.0
261230,Saloá,PE,Pernambuco,NORDESTE,14125,9,9,6.371681415929204,1569.4444444444443,0.0,14173,11312.0,79.81373033232202,6,77.5,1,0,46.0,58.0,85.0,95.0,86.0,95.0
261240,Sanharó,PE,Pernambuco,NORDESTE,18812,11,11,5.847331490537955,1710.1818181818182,0.0,18933,14603.0,77.12987904716633,6,52.166666666666664,2,2,27.0,9.0,60.0,65.0,59.0,93.0
261245,Santa Cruz,PE,Pernambuco,NORDESTE,14342,7,7,4.880769767117557,2048.8571428571427,0.0,14320,10122.0,70.68435754189944,6,69.66666666666667,2,0,47.0,30.0,91.0,93.0,84.0,73.0
261247,Santa Cruz da Baixa Verde,PE,Pernambuco,NORDESTE,11934,6,6,5.027652086475616,1989.0,0.0,11933,8212.0,68.81756473644515,6,63.0,2,1,36.0,15.0,81.0,80.0,72.0,94.0
261250,Santa Cruz do Capibaribe,PE,Pernambuco,NORDESTE,104854,27,27,2.5750090602170634,3883.4814814814813,0.0,104277,53348.0,51.15989144298359,6,53.333333333333336,3,2,20.0,18.0,49.0,83.0,65.0,85.0
261255,Santa Filomena,PE,Pernambuco,NORDESTE,12360,8,8,6.472491909385114,1545.0,0.0,12402,8540.0,68.8598613126915,6,42.833333333333336,4,2,22.0,4.0,44.0,56.0,33.0,98.0
261260,Santa Maria da Boa Vista,PE,Pernambuco,NORDESTE,42782,17,17,3.973633771212192,2516.5882352941176,0.0,42682,31102.0,72.86912515814629,6,66.0,2,0,41.0,30.0,74.0,93.0,67.0,91.0
261270,Santa Maria do Cambucá,PE,Pernambuco,NORDESTE,14586,8,8,5.484711367064308,1823.25,0.0,14533,10856.0,74.6989609853437,6,72.66666666666667,1,0,54.0,47.0,94.0,91.0,78.0,72.0
261280,Santa Terezinha,PE,Pernambuco,NORDESTE,10487,6,6,5.721369314389244,1747.8333333333333,0.0,10513,7471.0,71.06439646152383,6,82.33333333333333,0,0,61.0,63.0,95.0,95.0,82.0,98.0
261390,Serra Talhada,PE,Pernambuco,NORDESTE,98816,26,24,2.631152849740933,3800.6153846153848,0.0,98143,51680.0,52.65785639322213,6,50.666666666666664,3,1,40.0,26.0,61.0,67.0,40.0,70.0
261400,Serrita,PE,Pernambuco,NORDESTE,18764,10,10,5.329354082285227,1876.4,0.0,18759,13538.0,72.16802601417986,6,80.5,0,0,50.0,52.0,94.0,99.0,90.0,98.0
261410,Sertânia,PE,Pernambuco,NORDESTE,34271,19,19,5.544045986402498,1803.7368421052631,0.0,34269,22599.0,65.94589862557997,6,65.33333333333333,2,1,38.0,19.0,83.0,85.0,73.0,94.0
261420,Sirinhaém,PE,Pernambuco,NORDESTE,39171,17,17,4.339945367746547,2304.176470588235,0.0,39233,19974.0,50.91122269518008,6,52.833333333333336,2,2,18.0,9.0,58.0,90.0,60.0,82.0
261440,Solidão,PE,Pernambuco,NORDESTE,5386,3,3,5.5699962866691415,1795.3333333333333,0.0,5403,4071.0,75.3470294280955,6,76.66666666666667,1,0,55.0,40.0,87.0,100.0,78.0,100.0
261450,Surubim,PE,Pernambuco,NORDESTE,67821,22,22,3.2438330310670733,3082.7727272727275,0.0,67515,41268.0,61.12419462341702,6,42.666666666666664,4,2,29.0,12.0,45.0,58.0,43.0,69.0
261290,São Benedito do Sul,PE,Pernambuco,NORDESTE,13456,3,3,2.2294887039239,4485.333333333333,0.016141881083634756,13479,6373.0,47.28095556050152,6,68.66666666666667,2,1,19.0,42.0,85.0,100.0,69.0,97.0
261300,São Bento do Una,PE,Pernambuco,NORDESTE,51165,15,14,2.931691586045148,3411.0,0.0,51264,30743.0,59.96995942571785,6,73.33333333333333,1,0,52.0,41.0,76.0,90.0,84.0,97.0
261310,São Caitano,PE,Pernambuco,NORDESTE,39243,15,15,3.8223377417628623,2616.2,0.0,39117,22680.0,57.97990643454253,6,63.5,2,2,23.0,21.0,77.0,93.0,71.0,96.0
261330,São Joaquim do Monte,PE,Pernambuco,NORDESTE,20438,12,12,5.8714159898228795,1703.1666666666667,0.0,20440,14846.0,72.63209393346379,6,71.16666666666667,1,1,56.0,16.0,86.0,94.0,82.0,93.0
261340,São José da Coroa Grande,PE,Pernambuco,NORDESTE,19511,11,11,5.637845318025729,1773.7272727272727,0.0,19468,11757.0,60.391411547154306,6,67.33333333333333,2,1,39.0,28.0,79.0,94.0,72.0,92.0
261350,São José do Belmonte,PE,Pernambuco,NORDESTE,36890,14,14,3.795066413662239,2635.0,0.0,36752,23848.0,64.88898563343491,6,78.0,1,0,53.0,37.0,94.0,96.0,90.0,98.0
261360,São José do Egito,PE,Pernambuco,NORDESTE,32508,18,18,5.537098560354374,1806.0,0.0,32491,21696.0,66.77541473023298,6,57.0,2,0,45.0,31.0,66.0,70.0,53.0,77.0
261320,São João,PE,Pernambuco,NORDESTE,24895,15,15,6.025306286402892,1659.6666666666667,0.0,24772,17267.0,69.70369772323592,6,77.33333333333333,2,0,44.0,48.0,88.0,98.0,86.0,100.0
261370,São Lourenço da Mata,PE,Pernambuco,NORDESTE,118258,40,39,3.382435014967275,2956.45,0.0,117759,56301.0,47.81035844394059,6,68.0,0,0,79.0,67.0,57.0,59.0,53.0,93.0
261380,São Vicente Férrer,PE,Pernambuco,NORDESTE,17177,10,10,5.821738371077603,1717.7,0.0,17176,11129.0,64.79389846297158,6,60.166666666666664,2,1,41.0,10.0,68.0,76.0,66.0,100.0
261460,Tabira,PE,Pernambuco,NORDESTE,29180,14,14,4.797806716929403,2084.285714285714,0.0,29093,20897.0,71.82827484274567,6,72.83333333333333,2,0,40.0,33.0,94.0,88.0,84.0,98.0
261470,Tacaimbó,PE,Pernambuco,NORDESTE,14330,9,9,6.28053035589672,1592.2222222222222,0.0,14277,9167.0,64.20816698185894,6,59.5,2,1,36.0,10.0,55.0,88.0,76.0,92.0
261480,Tacaratu,PE,Pernambuco,NORDESTE,24898,8,8,3.2131094867057595,3112.25,0.0,24803,12751.0,51.40910373745111,6,70.5,2,0,34.0,40.0,82.0,93.0,79.0,95.0
261485,Tamandaré,PE,Pernambuco,NORDESTE,24670,12,12,4.864207539521686,2055.8333333333335,0.0,24534,13923.0,56.749816581071165,6,31.5,5,2,18.0,6.0,32.0,33.0,33.0,67.0
261500,Taquaritinga do Norte,PE,Pernambuco,NORDESTE,25511,11,11,4.311865469797342,2319.181818181818,0.0,25497,13996.0,54.892732478330785,6,56.833333333333336,2,2,22.0,8.0,60.0,92.0,68.0,91.0
261510,Terezinha,PE,Pernambuco,NORDESTE,6853,7,7,10.21450459652707,979.0,0.0,6857,5548.0,80.9100189587283,6,83.5,0,0,59.0,69.0,90.0,97.0,86.0,100.0
261520,Terra Nova,PE,Pernambuco,NORDESTE,9231,5,5,5.416531253385332,1846.2,0.0,9221,6069.0,65.81715649061924,6,69.16666666666667,1,1,51.0,16.0,85.0,90.0,77.0,96.0
261530,Timbaúba,PE,Pernambuco,NORDESTE,47312,33,31,6.974974636455867,1433.6969696969697,0.0,47575,32047.0,67.36100893326326,6,50.333333333333336,2,1,40.0,10.0,57.0,66.0,52.0,77.0
261540,Toritama,PE,Pernambuco,NORDESTE,43921,12,11,2.7321782290931442,3660.0833333333335,0.0,43636,22623.0,51.84480704005867,6,60.0,2,1,32.0,8.0,79.0,88.0,67.0,86.0
261550,Tracunhaém,PE,Pernambuco,NORDESTE,14439,9,9,6.233118637024725,1604.3333333333333,0.0,14393,7638.0,53.0674633502397,6,47.333333333333336,2,2,17.0,4.0,52.0,87.0,53.0,71.0
261560,Trindade,PE,Pernambuco,NORDESTE,32257,13,11,4.030132994388815,2481.3076923076924,0.0,32086,21981.0,68.50651374431216,6,58.333333333333336,2,1,32.0,13.0,63.0,82.0,68.0,92.0
261570,Triunfo,PE,Pernambuco,NORDESTE,15141,8,8,5.283666864804174,1892.625,0.0,15142,9455.0,62.44221371021001,6,73.16666666666667,2,0,45.0,44.0,90.0,92.0,72.0,96.0
261580,Tupanatinga,PE,Pernambuco,NORDESTE,28141,14,14,4.974947585373655,2010.0714285714287,0.0,27009,16413.0,60.76863267799622,6,66.5,2,1,43.0,28.0,75.0,81.0,74.0,98.0
261590,Tuparetama,PE,Pernambuco,NORDESTE,8261,5,5,6.052536012589274,1652.2,0.0,8252,6165.0,74.70916141541444,6,71.33333333333333,2,0,33.0,39.0,87.0,95.0,74.0,100.0
261600,Venturosa,PE,Pernambuco,NORDESTE,17563,9,9,5.12440926948699,1951.4444444444443,0.0,17609,12401.0,70.424214890113,6,71.16666666666667,2,1,35.0,26.0,95.0,96.0,80.0,95.0
261610,Verdejante,PE,Pernambuco,NORDESTE,9483,5,5,5.272593061267531,1896.6,0.0,9474,6215.0,65.60059109140806,6,69.16666666666667,2,1,49.0,26.0,78.0,92.0,70.0,100.0
261618,Vertente do Lério,PE,Pernambuco,NORDESTE,7776,5,5,6.4300411522633745,1555.2,0.0,7782,5571.0,71.58828064764842,6,75.83333333333333,2,0,48.0,41.0,90.0,93.0,83.0,100.0
261620,Vertentes,PE,Pernambuco,NORDESTE,23127,9,9,3.8915553249448696,2569.6666666666665,0.0,22955,13040.0,56.806795905031585,6,45.5,2,2,14.0,6.0,53.0,59.0,56.0,85.0
261630,Vicência,PE,Pernambuco,NORDESTE,27151,14,14,5.156347832492357,1939.357142857143,0.0,27297,14615.0,53.54068212624098,6,62.5,2,2,19.0,10.0,85.0,92.0,71.0,98.0
261640,Vitória de Santo Antão,PE,Pernambuco,NORDESTE,144243,47,45,3.258390355164549,3069.0,0.0,143799,70643.0,49.12621089159174,6,43.666666666666664,5,1,36.0,13.0,48.0,48.0,36.0,81.0
261650,Xexéu,PE,Pernambuco,NORDESTE,11699,8,7,6.838191298401573,1462.375,0.0,11791,8774.0,74.41268764311764,6,47.166666666666664,3,1,46.0,20.0,47.0,56.0,57.0,57.0
260040,Água Preta,PE,Pernambuco,NORDESTE,26981,18,17,6.671361328342166,1498.9444444444443,0.0,27221,15971.0,58.67161382755961,6,43.166666666666664,3,2,15.0,4.0,54.0,59.0,43.0,84.0
260050,Águas Belas,PE,Pernambuco,NORDESTE,43822,25,25,5.704897083656611,1752.88,0.0,43713,29672.0,67.87912062773088,6,57.666666666666664,3,1,41.0,23.0,47.0,77.0,61.0,97.0
220005,Acauã,PI,Piauí,NORDESTE,6323,3,3,4.744583267436344,2107.6666666666665,0.0,6515,4717.0,72.40214888718343,6,55.666666666666664,2,1,47.0,19.0,52.0,67.0,52.0,97.0
220010,Agricolândia,PI,Piauí,NORDESTE,5016,5,4,9.96810207336523,1003.2,0.0,5023,3947.0,78.57853872187935,6,79.83333333333333,0,0,89.0,70.0,62.0,81.0,81.0,96.0
220025,Alagoinha do Piauí,PI,Piauí,NORDESTE,6876,4,4,5.817335660267597,1719.0,0.0,6901,5062.0,73.35168816113607,6,59.5,1,1,55.0,17.0,62.0,81.0,67.0,75.0
220027,Alegrete do Piauí,PI,Piauí,NORDESTE,4707,3,3,6.373486297004461,1569.0,0.0,4713,3183.0,67.53660089115213,6,65.83333333333333,2,1,46.0,24.0,69.0,81.0,75.0,100.0
220030,Alto Longá,PI,Piauí,NORDESTE,13729,7,7,5.09869619054556,1961.2857142857142,0.0,13734,9548.0,69.52089704383282,6,64.83333333333333,1,1,60.0,10.0,81.0,67.0,74.0,97.0
220040,Altos,PI,Piauí,NORDESTE,50094,8,8,1.5969976444284744,6261.75,3.2284937121732757,49637,28141.0,56.69359550335435,6,62.166666666666664,2,1,24.0,31.0,62.0,93.0,69.0,94.0
220045,Alvorada do Gurguéia,PI,Piauí,NORDESTE,5474,3,3,5.480453050785532,1824.6666666666667,0.0,5459,4126.0,75.58160835317824,6,46.333333333333336,3,2,23.0,5.0,37.0,68.0,53.0,92.0
220050,Amarante,PI,Piauí,NORDESTE,17594,13,13,7.388882573604638,1353.3846153846155,0.0,17577,12897.0,73.37429595494112,6,51.166666666666664,2,1,46.0,22.0,66.0,67.0,52.0,54.0
220060,Angical do Piauí,PI,Piauí,NORDESTE,6991,9,9,12.873694750393362,776.7777777777778,0.0,6982,4975.0,71.25465482669722,6,64.83333333333333,2,1,41.0,18.0,83.0,92.0,58.0,97.0
220080,Antônio Almeida,PI,Piauí,NORDESTE,3234,2,2,6.184291898577613,1617.0,0.0,3228,2335.0,72.3358116480793,6,70.33333333333333,2,0,43.0,48.0,91.0,82.0,73.0,85.0
220070,Anísio de Abreu,PI,Piauí,NORDESTE,9649,2,2,2.0727536532283137,4824.5,0.16280863633888162,9631,6795.0,70.5534212438999,6,69.0,2,0,33.0,34.0,76.0,93.0,80.0,98.0
220090,Aroazes,PI,Piauí,NORDESTE,5413,5,5,9.237021984112323,1082.6,0.0,5433,4099.0,75.44634640161973,6,81.33333333333333,0,0,66.0,65.0,100.0,95.0,91.0,71.0
220095,Aroeiras do Itaim,PI,Piauí,NORDESTE,2777,1,1,3.6010082823190497,2777.0,0.0,2766,1945.0,70.31814895155459,6,66.5,2,1,72.0,0.0,36.0,100.0,91.0,100.0
220100,Arraial,PI,Piauí,NORDESTE,4517,4,4,8.855435023245517,1129.25,0.0,4593,3395.0,73.9168299586327,6,54.5,2,1,42.0,26.0,74.0,74.0,58.0,53.0
220105,Assunção do Piauí,PI,Piauí,NORDESTE,7596,2,2,2.632964718272775,3798.0,0.0,7597,5367.0,70.64630775306043,6,39.333333333333336,4,3,28.0,6.0,22.0,61.0,39.0,80.0
220110,Avelino Lopes,PI,Piauí,NORDESTE,11118,5,5,4.497211728728189,2223.6,0.0,11106,8870.0,79.86673869980191,6,49.5,2,2,17.0,7.0,62.0,76.0,62.0,73.0
220115,Baixa Grande do Ribeiro,PI,Piauí,NORDESTE,13983,8,8,5.721232925695488,1747.875,0.0,13838,8656.0,62.55239196415667,6,58.833333333333336,2,1,44.0,19.0,71.0,73.0,55.0,91.0
220117,Barra D'Alcântara,PI,Piauí,NORDESTE,4099,2,2,4.8792388387411565,2049.5,0.0,4091,3124.0,76.36274749450013,6,80.33333333333333,1,0,49.0,68.0,93.0,86.0,86.0,100.0
220120,Barras,PI,Piauí,NORDESTE,49703,23,22,4.6274872744099955,2161.0,0.0,49533,36047.0,72.7737064179436,6,69.0,1,1,53.0,24.0,86.0,89.0,67.0,95.0
220130,Barreiras do Piauí,PI,Piauí,NORDESTE,3336,2,2,5.995203836930456,1668.0,0.0,3334,2439.0,73.15536892621476,6,40.166666666666664,5,2,7.0,17.0,47.0,37.0,47.0,86.0
220140,Barro Duro,PI,Piauí,NORDESTE,6731,4,4,5.942653394740752,1682.75,0.0,6744,4336.0,64.29418742586003,6,45.666666666666664,3,2,25.0,17.0,31.0,81.0,53.0,67.0
220150,Batalha,PI,Piauí,NORDESTE,27129,2,2,0.7372184746949758,13564.5,4.080923981266196,27123,19036.0,70.18397669874277,6,66.0,2,1,41.0,22.0,87.0,76.0,77.0,93.0
220155,Bela Vista do Piauí,PI,Piauí,NORDESTE,4225,0,0,0.0,0.0,0.9470273073408408,4208,3211.0,76.30703422053232,6,70.33333333333333,2,1,44.0,12.0,100.0,90.0,80.0,96.0
220157,Belém do Piauí,PI,Piauí,NORDESTE,3515,2,2,5.689900426742533,1757.5,0.0,3508,2553.0,72.77651083238312,6,73.33333333333333,1,1,76.0,21.0,64.0,86.0,93.0,100.0
220160,Beneditinos,PI,Piauí,NORDESTE,10093,15,15,14.861785395818885,672.8666666666667,0.0,10104,7470.0,73.93111638954869,6,64.83333333333333,2,1,36.0,26.0,70.0,90.0,67.0,100.0
220170,Bertolínia,PI,Piauí,NORDESTE,5715,1,1,1.7497812773403323,5715.0,0.2810085352551258,5701,3640.0,63.84844764076478,6,57.5,2,0,51.0,36.0,63.0,47.0,53.0,95.0
220173,Betânia do Piauí,PI,Piauí,NORDESTE,6596,3,3,4.548211036992116,2198.6666666666665,0.0,6368,4941.0,77.59108040201005,6,63.166666666666664,2,1,39.0,20.0,62.0,97.0,66.0,95.0
220177,Boa Hora,PI,Piauí,NORDESTE,7140,4,4,5.602240896358543,1785.0,0.0,7108,4736.0,66.62915025323579,6,64.16666666666667,2,1,48.0,18.0,70.0,91.0,61.0,97.0
220180,Bocaina,PI,Piauí,NORDESTE,4118,4,4,9.713453132588635,1029.5,0.0,4131,2997.0,72.54901960784314,6,67.16666666666667,1,0,36.0,63.0,55.0,91.0,73.0,85.0
220190,Bom Jesus,PI,Piauí,NORDESTE,30658,12,12,3.9141496509883225,2554.8333333333335,0.0,30321,17274.0,56.97041654299001,6,64.16666666666667,2,1,34.0,23.0,77.0,85.0,68.0,98.0
220191,Bom Princípio do Piauí,PI,Piauí,NORDESTE,5805,1,1,1.722652885443583,5805.0,0.301181898015049,5786,4402.0,76.08019357068787,6,60.166666666666664,2,1,19.0,38.0,91.0,52.0,61.0,100.0
220192,Bonfim do Piauí,PI,Piauí,NORDESTE,6117,2,2,3.2695765898316167,3058.5,0.0,6089,4525.0,74.31433732961077,6,71.0,1,1,53.0,26.0,83.0,83.0,89.0,92.0
220194,Boqueirão do Piauí,PI,Piauí,NORDESTE,6751,3,3,4.4437861057621095,2250.3333333333335,0.0,6728,4616.0,68.6087990487515,6,70.83333333333333,1,1,52.0,9.0,82.0,86.0,100.0,96.0
220196,Brasileira,PI,Piauí,NORDESTE,8684,4,4,4.606172270842929,2171.0,0.0,8658,5565.0,64.27581427581428,6,71.0,2,0,44.0,32.0,91.0,91.0,68.0,100.0
220198,Brejo do Piauí,PI,Piauí,NORDESTE,3964,2,2,5.045408678102927,1982.0,0.0,3969,3075.0,77.47543461829176,6,71.83333333333333,2,1,42.0,19.0,94.0,89.0,94.0,93.0
220200,Buriti dos Lopes,PI,Piauí,NORDESTE,20130,11,10,5.46448087431694,1830.0,0.0,20096,15289.0,76.07981687898089,6,72.33333333333333,1,0,45.0,51.0,95.0,94.0,74.0,75.0
220202,Buriti dos Montes,PI,Piauí,NORDESTE,7517,2,2,2.660635891978183,3758.5,0.0,7538,5664.0,75.13929424250463,6,74.66666666666667,2,0,44.0,38.0,97.0,97.0,72.0,100.0
220205,Cabeceiras do Piauí,PI,Piauí,NORDESTE,10466,4,4,3.8218994840435694,2616.5,0.0,10449,7006.0,67.04947841898746,6,57.833333333333336,2,2,27.0,13.0,74.0,80.0,63.0,90.0
220207,Cajazeiras do Piauí,PI,Piauí,NORDESTE,3135,3,3,9.569377990430622,1045.0,0.0,3146,2170.0,68.97647806738716,6,57.5,3,1,23.0,31.0,33.0,100.0,83.0,75.0
220208,Cajueiro da Praia,PI,Piauí,NORDESTE,8246,2,2,2.4254183846713557,4123.0,0.0,8203,4859.0,59.23442642935511,6,44.833333333333336,4,1,31.0,11.0,38.0,69.0,41.0,79.0
220209,Caldeirão Grande do Piauí,PI,Piauí,NORDESTE,5602,5,4,8.925383791503036,1120.4,0.0,5605,4401.0,78.51917930419269,6,69.5,2,1,49.0,8.0,85.0,90.0,85.0,100.0
220210,Campinas do Piauí,PI,Piauí,NORDESTE,4964,5,5,10.07252215954875,992.8,0.0,4988,3876.0,77.70649558941459,6,45.0,4,1,39.0,38.0,40.0,73.0,53.0,27.0
220211,Campo Alegre do Fidalgo,PI,Piauí,NORDESTE,4698,3,3,6.385696040868455,1566.0,0.0,4701,3748.0,79.72771750691342,6,68.33333333333333,2,1,45.0,9.0,84.0,96.0,76.0,100.0
220213,Campo Grande do Piauí,PI,Piauí,NORDESTE,6211,3,3,4.830140074062148,2070.3333333333335,0.0,6188,4109.0,66.4027149321267,6,56.5,3,1,52.0,11.0,80.0,48.0,48.0,100.0
220217,Campo Largo do Piauí,PI,Piauí,NORDESTE,7669,4,4,5.215803885773894,1917.25,0.0,7636,5255.0,68.81875327396543,6,71.33333333333333,2,1,48.0,21.0,91.0,100.0,78.0,90.0
220220,Campo Maior,PI,Piauí,NORDESTE,47119,4,4,0.848914450646236,11779.75,6.561651998720257,47074,30784.0,65.39491014147937,6,49.5,3,0,39.0,32.0,52.0,55.0,42.0,77.0
220225,Canavieira,PI,Piauí,NORDESTE,3404,2,2,5.875440658049354,1702.0,0.0,3429,2166.0,63.167104111986006,6,57.666666666666664,2,1,62.0,22.0,53.0,95.0,37.0,77.0
220230,Canto do Buriti,PI,Piauí,NORDESTE,19639,9,9,4.582718061001069,2182.1111111111113,0.0,19669,13499.0,68.63084040876505,6,56.5,2,1,35.0,11.0,56.0,83.0,63.0,91.0
220245,Capitão Gervásio Oliveira,PI,Piauí,NORDESTE,4071,2,2,4.912797838368951,2035.5,0.0,4065,2961.0,72.84132841328413,6,62.833333333333336,2,1,33.0,15.0,79.0,86.0,64.0,100.0
220240,Capitão de Campos,PI,Piauí,NORDESTE,11362,5,4,4.4006336912515405,2272.4,0.0,11347,8972.0,79.06935753943773,6,55.666666666666664,2,0,37.0,34.0,69.0,69.0,58.0,67.0
220250,Caracol,PI,Piauí,NORDESTE,10546,3,3,2.844680447563057,3515.3333333333335,0.0,10538,7751.0,73.55285632947428,6,59.0,2,0,32.0,30.0,65.0,74.0,58.0,95.0
220253,Caraúbas do Piauí,PI,Piauí,NORDESTE,5581,1,1,1.7917935853789644,5581.0,0.2509726395903511,5755,4363.0,75.8123370981755,6,83.83333333333333,0,0,91.0,63.0,96.0,91.0,70.0,92.0
220255,Caridade do Piauí,PI,Piauí,NORDESTE,5176,3,3,5.79598145285935,1725.3333333333333,0.0,5162,3976.0,77.02440914374273,6,77.0,1,1,59.0,25.0,94.0,100.0,84.0,100.0
220260,Castelo do Piauí,PI,Piauí,NORDESTE,19669,8,8,4.067314047485891,2458.625,0.0,19663,12414.0,63.13380460763871,6,56.0,1,0,52.0,39.0,64.0,63.0,51.0,67.0
220265,Caxingó,PI,Piauí,NORDESTE,5682,3,3,5.279831045406547,1894.0,0.0,5657,4269.0,75.46402686936538,6,51.666666666666664,3,1,39.0,10.0,64.0,57.0,43.0,97.0
220270,Cocal,PI,Piauí,NORDESTE,29302,8,8,2.7301890655927923,3662.75,0.0,29209,19533.0,66.87322400629942,6,54.666666666666664,2,1,35.0,6.0,55.0,82.0,60.0,90.0
220271,Cocal de Telha,PI,Piauí,NORDESTE,5046,4,4,7.927070947284979,1261.5,0.0,5034,3311.0,65.77274533174415,6,64.83333333333333,2,0,45.0,33.0,65.0,100.0,59.0,87.0
220272,Cocal dos Alves,PI,Piauí,NORDESTE,6596,3,3,4.548211036992116,2198.6666666666665,0.0,6569,4850.0,73.83163342974578,6,64.0,1,1,69.0,7.0,58.0,96.0,63.0,91.0
220273,Coivaras,PI,Piauí,NORDESTE,4249,1,1,2.353494939985879,4249.0,0.0,4233,3284.0,77.58091188282542,6,63.5,1,1,54.0,21.0,65.0,82.0,59.0,100.0
220275,Colônia do Gurguéia,PI,Piauí,NORDESTE,6294,6,6,9.532888465204957,1049.0,0.0,6287,4575.0,72.76920629871164,6,70.33333333333333,1,0,57.0,33.0,86.0,82.0,68.0,96.0
220277,Colônia do Piauí,PI,Piauí,NORDESTE,7067,3,3,4.245082779114193,2355.6666666666665,0.0,7088,4729.0,66.71839729119638,6,79.66666666666667,1,0,72.0,43.0,88.0,96.0,83.0,96.0
220280,Conceição do Canindé,PI,Piauí,NORDESTE,5078,1,1,1.9692792437967703,5078.0,0.13822595660989126,5063,3796.0,74.97531108038712,6,45.333333333333336,4,2,29.0,12.0,44.0,44.0,56.0,87.0
220285,Coronel José Dias,PI,Piauí,NORDESTE,4291,2,2,4.6609182008855745,2145.5,0.0,4305,3007.0,69.84901277584204,6,28.666666666666668,5,4,41.0,1.0,18.0,18.0,9.0,85.0
220290,Corrente,PI,Piauí,NORDESTE,28381,13,13,4.580529227299954,2183.153846153846,0.0,28275,17234.0,60.95137046861184,6,46.0,3,2,21.0,14.0,53.0,63.0,48.0,77.0
220300,Cristalândia do Piauí,PI,Piauí,NORDESTE,7431,4,4,5.382855604898399,1857.75,0.0,7454,5297.0,71.06251676951972,6,48.166666666666664,3,1,44.0,3.0,43.0,57.0,61.0,81.0
220310,Cristino Castro,PI,Piauí,NORDESTE,10801,9,9,8.332561799833348,1200.111111111111,0.0,10772,7043.0,65.38247307835128,6,69.83333333333333,2,0,30.0,32.0,90.0,93.0,78.0,96.0
220320,Curimatá,PI,Piauí,NORDESTE,11581,5,5,4.317416457991538,2316.2,0.0,11552,8960.0,77.5623268698061,6,58.166666666666664,2,1,30.0,11.0,73.0,76.0,62.0,97.0
220323,Currais,PI,Piauí,NORDESTE,4977,2,2,4.01848503114326,2488.5,0.0,4968,3465.0,69.7463768115942,6,76.66666666666667,2,0,38.0,43.0,89.0,95.0,95.0,100.0
220327,Curral Novo do Piauí,PI,Piauí,NORDESTE,5191,5,5,9.632055480639568,1038.2,0.0,5185,4119.0,79.44069431051109,6,79.66666666666667,1,0,61.0,32.0,100.0,100.0,87.0,98.0
220325,Curralinhos,PI,Piauí,NORDESTE,4555,3,3,6.586169045005489,1518.3333333333333,0.0,4527,3586.0,79.2136072454164,6,76.83333333333333,0,0,65.0,60.0,89.0,94.0,83.0,70.0
220330,Demerval Lobão,PI,Piauí,NORDESTE,17139,9,9,5.251181515841065,1904.3333333333333,0.0,16998,11390.0,67.00788328038593,6,70.66666666666667,0,0,57.0,52.0,72.0,78.0,68.0,97.0
220335,Dirceu Arcoverde,PI,Piauí,NORDESTE,7259,4,4,5.5104008816641405,1814.75,0.0,7238,4634.0,64.02321083172147,6,56.666666666666664,2,0,38.0,41.0,67.0,71.0,63.0,60.0
220340,Dom Expedito Lopes,PI,Piauí,NORDESTE,6410,4,4,6.240249609984399,1602.5,0.0,6421,4655.0,72.496495872917,6,67.66666666666667,2,0,31.0,37.0,97.0,72.0,72.0,97.0
220345,Dom Inocêncio,PI,Piauí,NORDESTE,9332,6,6,6.4294899271324475,1555.3333333333333,0.0,9335,6764.0,72.45848955543653,6,60.666666666666664,1,1,70.0,4.0,67.0,79.0,54.0,90.0
220342,Domingos Mourão,PI,Piauí,NORDESTE,4129,1,1,2.4218939210462582,4129.0,0.0,4138,3162.0,76.4137264378927,6,36.5,5,3,16.0,1.0,43.0,36.0,29.0,94.0
220350,Elesbão Veloso,PI,Piauí,NORDESTE,13743,7,7,5.093502146547333,1963.2857142857142,0.0,13786,8674.0,62.91890323516611,6,66.16666666666667,2,0,43.0,48.0,70.0,68.0,68.0,100.0
220360,Eliseu Martins,PI,Piauí,NORDESTE,4421,4,4,9.047726758651889,1105.25,0.0,4435,3228.0,72.78466741826381,6,42.333333333333336,4,2,32.0,1.0,59.0,26.0,48.0,88.0
220370,Esperantina,PI,Piauí,NORDESTE,42710,23,23,5.385155701240928,1856.9565217391305,0.0,42510,27384.0,64.41778405081158,6,73.66666666666667,1,0,48.0,55.0,87.0,85.0,70.0,97.0
220375,Fartura do Piauí,PI,Piauí,NORDESTE,5426,2,2,3.6859565057132326,2713.0,0.0,5414,3912.0,72.2571111932028,6,67.33333333333333,2,0,88.0,43.0,48.0,56.0,72.0,97.0
220380,Flores do Piauí,PI,Piauí,NORDESTE,4512,3,3,6.648936170212766,1504.0,0.0,4508,3137.0,69.58740017746229,6,55.833333333333336,2,1,36.0,25.0,60.0,60.0,60.0,94.0
220385,Floresta do Piauí,PI,Piauí,NORDESTE,2354,5,5,21.240441801189466,470.8,0.0,2364,1823.0,77.11505922165821,6,67.66666666666667,1,0,78.0,48.0,60.0,60.0,60.0,100.0
220390,Floriano,PI,Piauí,NORDESTE,64393,27,27,4.193002344975386,2384.925925925926,0.0,64150,30411.0,47.40607950116914,6,58.5,2,1,31.0,20.0,74.0,89.0,60.0,77.0
220400,Francinópolis,PI,Piauí,NORDESTE,4481,4,4,8.926578888640929,1120.25,0.0,4517,3415.0,75.60327651095861,6,74.0,0,0,62.0,54.0,88.0,100.0,75.0,65.0
220410,Francisco Ayres,PI,Piauí,NORDESTE,4548,2,2,4.397537379067722,2274.0,0.0,4494,3134.0,69.73742768135291,6,68.83333333333333,2,0,36.0,45.0,92.0,85.0,62.0,93.0
220415,Francisco Macedo,PI,Piauí,NORDESTE,2985,2,2,6.700167504187605,1492.5,0.0,2986,2094.0,70.12726054922975,6,62.833333333333336,2,2,27.0,13.0,57.0,100.0,86.0,94.0
220420,Francisco Santos,PI,Piauí,NORDESTE,8349,5,5,5.98874116660678,1669.8,0.0,8366,5045.0,60.30360984939039,6,73.83333333333333,2,0,49.0,33.0,90.0,90.0,81.0,100.0
220430,Fronteiras,PI,Piauí,NORDESTE,10344,11,11,10.634184068058778,940.3636363636364,0.0,10382,7161.0,68.97514929685995,6,48.0,3,1,49.0,1.0,31.0,71.0,71.0,65.0
220435,Geminiano,PI,Piauí,NORDESTE,5604,3,3,5.353319057815846,1868.0,0.0,5587,4645.0,83.13943082155004,6,40.666666666666664,4,2,20.0,25.0,43.0,50.0,32.0,74.0
220440,Gilbués,PI,Piauí,NORDESTE,11193,3,3,2.6802465826856072,3731.0,0.0,11166,7575.0,67.83987103707683,6,59.166666666666664,2,2,19.0,12.0,78.0,98.0,69.0,79.0
220450,Guadalupe,PI,Piauí,NORDESTE,10480,5,5,4.770992366412213,2096.0,0.0,10478,6126.0,58.465355983966404,6,66.83333333333333,0,0,59.0,61.0,66.0,62.0,55.0,98.0
220455,Guaribas,PI,Piauí,NORDESTE,4344,1,1,2.3020257826887662,4344.0,0.0,4350,3758.0,86.39080459770115,6,62.333333333333336,2,1,34.0,8.0,74.0,79.0,79.0,100.0
220460,Hugo Napoleão,PI,Piauí,NORDESTE,3550,3,3,8.450704225352114,1183.3333333333333,0.0,3562,2692.0,75.5755193711398,6,63.166666666666664,2,1,48.0,10.0,76.0,71.0,82.0,92.0
220465,Ilha Grande,PI,Piauí,NORDESTE,9522,6,6,6.30119722747322,1587.0,0.0,9501,6431.0,67.68761183033365,6,54.5,3,2,26.0,17.0,72.0,76.0,43.0,93.0
220470,Inhuma,PI,Piauí,NORDESTE,15268,9,9,5.894681687188893,1696.4444444444443,0.0,15259,10106.0,66.22976603971426,6,62.833333333333336,2,1,47.0,20.0,75.0,79.0,67.0,89.0
220480,Ipiranga do Piauí,PI,Piauí,NORDESTE,9627,5,5,5.193725979017347,1925.4,0.0,9620,6293.0,65.41580041580042,6,71.66666666666667,1,0,51.0,43.0,68.0,88.0,84.0,96.0
220490,Isaías Coelho,PI,Piauí,NORDESTE,7867,5,4,6.355662895640015,1573.4,0.0,7886,5635.0,71.45574435708852,6,67.16666666666667,2,1,48.0,26.0,64.0,100.0,93.0,72.0
220500,Itainópolis,PI,Piauí,NORDESTE,10969,1,1,0.9116601331023795,10969.0,1.4586846234844222,10980,7770.0,70.76502732240438,6,67.33333333333333,1,1,50.0,13.0,86.0,94.0,91.0,70.0
220510,Itaueira,PI,Piauí,NORDESTE,10477,7,7,6.681301899398683,1496.7142857142858,0.0,10493,7434.0,70.84723148765843,6,67.5,2,1,44.0,22.0,74.0,97.0,68.0,100.0
220515,Jacobina do Piauí,PI,Piauí,NORDESTE,5711,3,3,5.253020486779898,1903.6666666666667,0.0,5715,4292.0,75.10061242344706,6,75.0,1,1,70.0,14.0,88.0,94.0,100.0,84.0
220520,Jaicós,PI,Piauí,NORDESTE,17789,11,11,6.183596604643318,1617.1818181818182,0.0,17811,12231.0,68.6710459828196,6,55.5,2,1,36.0,9.0,64.0,79.0,74.0,71.0
220525,Jardim do Mulato,PI,Piauí,NORDESTE,4235,3,3,7.083825265643448,1411.6666666666667,0.0,4251,3032.0,71.32439426017407,6,75.5,2,1,43.0,29.0,100.0,100.0,89.0,92.0
220527,Jatobá do Piauí,PI,Piauí,NORDESTE,4560,6,6,13.157894736842104,760.0,0.0,4568,4203.0,92.00963222416813,6,72.0,2,0,45.0,42.0,100.0,81.0,69.0,95.0
220530,Jerumenha,PI,Piauí,NORDESTE,4606,2,2,4.342162396873643,2303.0,0.0,4600,3036.0,66.0,6,50.666666666666664,2,1,39.0,9.0,50.0,56.0,72.0,78.0
220540,Joaquim Pires,PI,Piauí,NORDESTE,14265,8,8,5.608131791097091,1783.125,0.0,14175,9800.0,69.1358024691358,6,59.666666666666664,2,0,41.0,35.0,51.0,78.0,64.0,89.0
220545,Joca Marques,PI,Piauí,NORDESTE,5552,3,3,5.403458213256485,1850.6666666666667,0.0,5535,4587.0,82.87262872628727,6,70.5,1,1,58.0,4.0,89.0,97.0,89.0,86.0
220550,José de Freitas,PI,Piauí,NORDESTE,44689,23,23,5.146680391147711,1943.0,0.0,44391,27588.0,62.14773264850984,6,52.0,3,1,49.0,18.0,50.0,51.0,48.0,96.0
220535,João Costa,PI,Piauí,NORDESTE,3033,2,2,6.594131223211342,1516.5,0.0,3031,2202.0,72.64929066314748,6,63.166666666666664,1,0,51.0,37.0,67.0,83.0,58.0,83.0
220551,Juazeiro do Piauí,PI,Piauí,NORDESTE,5308,2,2,3.7678975131876413,2654.0,0.0,5311,3728.0,70.19393711165506,6,52.666666666666664,3,0,42.0,33.0,57.0,50.0,43.0,91.0
220553,Jurema,PI,Piauí,NORDESTE,4501,1,1,2.221728504776716,4501.0,0.008892286471272302,4505,4177.0,92.71920088790233,6,75.0,2,0,44.0,33.0,96.0,96.0,81.0,100.0
220552,Júlio Borges,PI,Piauí,NORDESTE,5501,1,1,1.817851299763679,5501.0,0.23304076158153056,5499,4138.0,75.25004546281141,6,36.333333333333336,5,2,13.0,13.0,41.0,44.0,33.0,74.0
220555,Lagoa Alegre,PI,Piauí,NORDESTE,8464,2,2,2.3629489603024574,4232.0,0.0,8449,6201.0,73.39330098236478,6,53.333333333333336,3,2,26.0,11.0,58.0,84.0,49.0,92.0
220557,Lagoa de São Francisco,PI,Piauí,NORDESTE,6446,3,3,4.654049022649705,2148.6666666666665,0.0,6449,4907.0,76.08931617305008,6,59.0,2,1,33.0,8.0,71.0,67.0,75.0,100.0
220556,Lagoa do Barro do Piauí,PI,Piauí,NORDESTE,5171,2,2,3.867723844517501,2585.5,0.0,5146,3775.0,73.35794792071512,6,80.66666666666667,0,0,60.0,68.0,80.0,100.0,76.0,100.0
220558,Lagoa do Piauí,PI,Piauí,NORDESTE,5017,2,2,3.9864460833167232,2508.5,0.0,5009,3462.0,69.11559193451787,6,46.666666666666664,4,1,35.0,3.0,47.0,53.0,47.0,95.0
220559,Lagoa do Sítio,PI,Piauí,NORDESTE,4559,4,4,8.77385391533231,1139.75,0.0,4575,3383.0,73.94535519125684,6,69.5,1,0,52.0,46.0,87.0,67.0,80.0,85.0
220554,Lagoinha do Piauí,PI,Piauí,NORDESTE,3044,1,1,3.2851511169513796,3044.0,0.0,3029,2142.0,70.71640805546386,6,66.33333333333333,2,1,70.0,12.0,100.0,33.0,83.0,100.0
220560,Landri Sales,PI,Piauí,NORDESTE,5309,3,3,5.65078169146732,1769.6666666666667,0.0,5311,4023.0,75.74844662022218,6,83.0,1,0,43.0,70.0,95.0,100.0,90.0,100.0
220580,Luzilândia,PI,Piauí,NORDESTE,26143,15,14,5.73767356462533,1742.8666666666666,0.0,26204,17336.0,66.15783849793925,6,57.666666666666664,2,2,28.0,18.0,66.0,73.0,67.0,94.0
220570,Luís Correia,PI,Piauí,NORDESTE,31901,15,15,4.702046957775618,2126.733333333333,0.0,31775,20787.0,65.41935483870968,6,58.666666666666664,2,1,38.0,18.0,68.0,87.0,50.0,91.0
220585,Madeiro,PI,Piauí,NORDESTE,8231,5,5,6.0745960393633815,1646.2,0.0,8218,6008.0,73.10781211973716,6,56.833333333333336,3,1,33.0,6.0,92.0,72.0,44.0,94.0
220590,Manoel Emídio,PI,Piauí,NORDESTE,5315,4,4,7.525870178739416,1328.75,0.0,5314,3494.0,65.75084681972149,6,48.166666666666664,3,2,24.0,7.0,47.0,58.0,53.0,100.0
220595,Marcolândia,PI,Piauí,NORDESTE,8822,3,3,3.4005894355021535,2940.6666666666665,0.0,8783,9519.0,108.37982466127747,6,72.33333333333333,2,0,45.0,30.0,88.0,100.0,88.0,83.0
220600,Marcos Parente,PI,Piauí,NORDESTE,4863,2,2,4.112687641373637,2431.5,0.0,4848,3351.0,69.12128712871286,6,48.0,3,2,32.0,21.0,22.0,67.0,67.0,79.0
220605,Massapê do Piauí,PI,Piauí,NORDESTE,5165,4,4,7.744433688286544,1291.25,0.0,5215,4433.0,85.00479386385426,6,55.0,2,1,59.0,14.0,50.0,63.0,44.0,100.0
220610,Matias Olímpio,PI,Piauí,NORDESTE,10886,1,1,0.9186110600771634,10886.0,1.4400803000502707,10875,7902.0,72.66206896551725,6,73.33333333333333,2,1,46.0,29.0,85.0,100.0,84.0,96.0
220620,Miguel Alves,PI,Piauí,NORDESTE,33074,11,11,3.3258753099111087,3006.7272727272725,0.0,33071,23099.0,69.84669347766925,6,64.83333333333333,1,0,53.0,33.0,71.0,71.0,65.0,96.0
220630,Miguel Leão,PI,Piauí,NORDESTE,1355,5,5,36.90036900369004,271.0,0.0,1352,932.0,68.93491124260355,6,60.833333333333336,0,0,57.0,58.0,50.0,50.0,50.0,100.0
220635,Milton Brandão,PI,Piauí,NORDESTE,6681,4,4,5.98712767549768,1670.25,0.0,6678,5322.0,79.69451931716083,6,62.333333333333336,2,1,30.0,9.0,92.0,89.0,74.0,80.0
220640,Monsenhor Gil,PI,Piauí,NORDESTE,10513,5,5,4.756016360696281,2102.6,0.0,10455,6920.0,66.18842659014825,6,65.5,2,1,47.0,27.0,84.0,81.0,69.0,85.0
220650,Monsenhor Hipólito,PI,Piauí,NORDESTE,7762,8,8,10.30662200463798,970.25,0.0,7751,6025.0,77.73190556057284,6,79.0,1,0,51.0,49.0,89.0,89.0,96.0,100.0
220660,Monte Alegre do Piauí,PI,Piauí,NORDESTE,10928,4,4,3.6603221083455346,2732.0,0.0,10910,7316.0,67.057745187901,6,40.166666666666664,4,3,25.0,1.0,25.0,73.0,47.0,70.0
220665,Morro Cabeça no Tempo,PI,Piauí,NORDESTE,4456,1,1,2.244165170556553,4456.0,0.0,4458,3581.0,80.32750112157917,6,61.5,2,1,43.0,6.0,77.0,86.0,68.0,89.0
220667,Morro do Chapéu do Piauí,PI,Piauí,NORDESTE,6548,6,6,9.16310323762981,1091.3333333333333,0.0,6547,4933.0,75.34748739880861,6,63.666666666666664,2,1,37.0,17.0,68.0,92.0,80.0,88.0
220669,Murici dos Portelas,PI,Piauí,NORDESTE,10210,3,2,2.9382957884427032,3403.3333333333335,0.0,10139,4465.0,44.03787355755006,6,49.166666666666664,3,1,30.0,10.0,64.0,73.0,45.0,73.0
220670,Nazaré do Piauí,PI,Piauí,NORDESTE,6697,8,8,11.945647304763327,837.125,0.0,6729,4851.0,72.09094962104324,6,49.5,4,2,41.0,12.0,79.0,24.0,45.0,96.0
220672,Nazária,PI,Piauí,NORDESTE,10821,5,5,4.62064504204787,2164.2,0.0,10706,7716.0,72.07173547543434,6,35.666666666666664,4,2,23.0,16.0,56.0,33.0,31.0,55.0
220675,Nossa Senhora de Nazaré,PI,Piauí,NORDESTE,5442,3,3,5.512679162072767,1814.0,0.0,5406,3705.0,68.53496115427303,6,71.33333333333333,1,0,57.0,33.0,80.0,93.0,73.0,92.0
220680,Nossa Senhora dos Remédios,PI,Piauí,NORDESTE,8751,5,5,5.713632727688264,1750.2,0.0,8732,7335.0,84.00137425561154,6,70.5,0,0,88.0,62.0,73.0,60.0,60.0,80.0
220795,Nova Santa Rita,PI,Piauí,NORDESTE,4142,2,2,4.8285852245292125,2071.0,0.0,4147,3308.0,79.76850735471425,6,50.166666666666664,3,2,29.0,6.0,77.0,38.0,69.0,82.0
220690,Novo Oriente do Piauí,PI,Piauí,NORDESTE,6158,3,3,4.871711594673595,2052.6666666666665,0.0,6178,4133.0,66.89867270961476,6,67.83333333333333,2,1,46.0,14.0,89.0,89.0,74.0,95.0
220695,Novo Santo Antônio,PI,Piauí,NORDESTE,2888,4,4,13.850415512465373,722.0,0.0,2886,2466.0,85.44698544698545,6,54.833333333333336,3,2,40.0,8.0,92.0,100.0,62.0,27.0
220700,Oeiras,PI,Piauí,NORDESTE,39687,21,21,5.291405246050345,1889.857142857143,0.0,39545,26305.0,66.51915539259072,6,72.33333333333333,1,1,50.0,19.0,93.0,96.0,81.0,95.0
220710,Olho D'Água do Piauí,PI,Piauí,NORDESTE,2730,6,6,21.978021978021978,455.0,0.0,2725,1967.0,72.18348623853211,6,84.66666666666667,0,0,54.0,54.0,100.0,100.0,100.0,100.0
220720,Padre Marcos,PI,Piauí,NORDESTE,6468,6,6,9.27643784786642,1078.0,0.0,6481,5033.0,77.65776886282981,6,62.5,1,0,53.0,39.0,66.0,66.0,55.0,96.0
220730,Paes Landim,PI,Piauí,NORDESTE,4176,1,1,2.3946360153256703,4176.0,0.0,4174,3175.0,76.06612362242453,6,57.333333333333336,2,1,35.0,6.0,67.0,80.0,73.0,83.0
220735,Pajeú do Piauí,PI,Piauí,NORDESTE,3032,4,4,13.192612137203167,758.0,0.0,3041,2161.0,71.06215060835251,6,62.833333333333336,1,1,51.0,10.0,82.0,73.0,82.0,79.0
220740,Palmeira do Piauí,PI,Piauí,NORDESTE,5047,4,4,7.925500297206261,1261.75,0.0,5048,3194.0,63.27258320126783,6,52.333333333333336,2,2,15.0,26.0,71.0,71.0,59.0,72.0
220750,Palmeirais,PI,Piauí,NORDESTE,13458,9,9,6.687472135532769,1495.3333333333333,0.0,13480,9059.0,67.2032640949555,6,53.666666666666664,1,1,64.0,22.0,59.0,54.0,55.0,68.0
220755,Paquetá,PI,Piauí,NORDESTE,3873,1,1,2.581977794990963,3873.0,0.0,3878,2780.0,71.68643630737493,6,55.333333333333336,2,0,52.0,43.0,55.0,55.0,45.0,82.0
220760,Parnaguá,PI,Piauí,NORDESTE,10282,7,7,6.808014005057381,1468.857142857143,0.0,10289,7368.0,71.61045777043444,6,53.166666666666664,2,1,32.0,8.0,52.0,77.0,52.0,98.0
220770,Parnaíba,PI,Piauí,NORDESTE,170491,38,37,2.22885665519001,4486.605263157895,0.21529767002303074,169552,77784.0,45.87619137491743,6,41.166666666666664,4,2,17.0,21.0,40.0,61.0,37.0,71.0
220775,Passagem Franca do Piauí,PI,Piauí,NORDESTE,4222,3,3,7.105637138796779,1407.3333333333333,0.0,4220,2728.0,64.64454976303318,6,52.333333333333336,3,2,28.0,5.0,57.0,95.0,48.0,81.0
220777,Patos do Piauí,PI,Piauí,NORDESTE,5427,7,7,12.898470609913396,775.2857142857143,0.0,5461,3988.0,73.02691814685956,6,78.16666666666667,1,0,40.0,60.0,100.0,77.0,92.0,100.0
220779,Pau D'Arco do Piauí,PI,Piauí,NORDESTE,3979,4,4,10.052777079668257,994.75,0.0,3972,2870.0,72.25579053373615,6,57.666666666666664,2,2,13.0,24.0,62.0,85.0,62.0,100.0
220780,Paulistana,PI,Piauí,NORDESTE,21633,12,12,5.54708084870337,1802.75,0.0,21601,14930.0,69.11717050136568,6,51.666666666666664,3,1,52.0,8.0,49.0,58.0,48.0,95.0
220785,Pavussu,PI,Piauí,NORDESTE,3697,2,2,5.409791723018664,1848.5,0.0,3698,3235.0,87.47971876690103,6,70.16666666666667,2,1,45.0,14.0,81.0,100.0,81.0,100.0
220790,Pedro II,PI,Piauí,NORDESTE,39072,15,15,3.839066339066339,2604.8,0.0,39039,30665.0,78.5496554727324,6,62.666666666666664,1,1,54.0,18.0,76.0,87.0,66.0,75.0
220793,Pedro Laurentino,PI,Piauí,NORDESTE,2517,2,2,7.945967421533572,1258.5,0.0,2514,1892.0,75.25855210819411,6,71.83333333333333,1,1,67.0,4.0,80.0,80.0,100.0,100.0
220800,Picos,PI,Piauí,NORDESTE,86701,37,34,4.267540166780083,2343.2702702702704,0.0,86228,44239.0,51.30468061418565,6,48.166666666666664,2,1,32.0,20.0,53.0,66.0,52.0,66.0
220810,Pimenteiras,PI,Piauí,NORDESTE,11487,1,1,0.8705493166187865,11487.0,1.5747935335915362,11528,7381.0,64.02671755725191,6,66.5,2,0,44.0,41.0,76.0,73.0,68.0,97.0
220820,Pio IX,PI,Piauí,NORDESTE,17948,9,8,5.014486293737464,1994.2222222222222,0.0,17947,13689.0,76.27458628182984,6,64.83333333333333,1,1,61.0,9.0,66.0,82.0,77.0,94.0
220830,Piracuruca,PI,Piauí,NORDESTE,29721,14,14,4.710474075569462,2122.9285714285716,0.0,29849,20089.0,67.30208717209956,6,62.5,1,1,52.0,13.0,85.0,85.0,76.0,64.0
220840,Piripiri,PI,Piauí,NORDESTE,67887,31,31,4.566411831425752,2189.9032258064517,0.0,67676,38496.0,56.882794491400205,6,57.833333333333336,2,1,30.0,20.0,72.0,81.0,66.0,78.0
220850,Porto,PI,Piauí,NORDESTE,12323,7,7,5.680434959019719,1760.4285714285713,0.0,12312,9058.0,73.5705003248863,6,53.333333333333336,2,2,14.0,8.0,80.0,62.0,65.0,91.0
220855,Porto Alegre do Piauí,PI,Piauí,NORDESTE,2382,2,1,8.39630562552477,1191.0,0.0,2391,1689.0,70.63989962358845,6,67.0,3,0,45.0,34.0,94.0,47.0,82.0,100.0
220860,Prata do Piauí,PI,Piauí,NORDESTE,3096,2,2,6.459948320413437,1548.0,0.0,3098,2657.0,85.76500968366688,6,71.66666666666667,1,0,55.0,47.0,73.0,55.0,100.0,100.0
220865,Queimada Nova,PI,Piauí,NORDESTE,8948,5,5,5.587840858292355,1789.6,0.0,8936,6189.0,69.2591763652641,6,75.33333333333333,1,1,54.0,23.0,93.0,95.0,90.0,97.0
220870,Redenção do Gurguéia,PI,Piauí,NORDESTE,8565,3,3,3.502626970227671,2855.0,0.0,8563,5885.0,68.72591381525166,6,56.5,2,2,22.0,6.0,73.0,86.0,59.0,93.0
220880,Regeneração,PI,Piauí,NORDESTE,17400,9,9,5.172413793103448,1933.3333333333333,0.0,17418,12247.0,70.31232058789757,6,60.666666666666664,1,1,50.0,27.0,72.0,85.0,63.0,67.0
220885,Riacho Frio,PI,Piauí,NORDESTE,4238,2,2,4.719207173194904,2119.0,0.0,4241,3565.0,84.06036312190521,6,39.833333333333336,4,3,12.0,1.0,17.0,42.0,67.0,100.0
220887,Ribeira do Piauí,PI,Piauí,NORDESTE,4105,1,1,2.43605359317905,4105.0,0.0,4114,3051.0,74.16140009722896,6,72.0,1,0,54.0,32.0,93.0,80.0,73.0,100.0
220890,Ribeiro Gonçalves,PI,Piauí,NORDESTE,6182,0,0,0.0,0.0,1.3856858731316162,6215,3802.0,61.17457763475463,6,55.166666666666664,3,2,28.0,15.0,75.0,67.0,46.0,100.0
220900,Rio Grande do Piauí,PI,Piauí,NORDESTE,5845,4,4,6.843455945252353,1461.25,0.0,5868,4724.0,80.50443081117928,6,65.16666666666667,1,1,58.0,19.0,75.0,65.0,85.0,89.0
220910,Santa Cruz do Piauí,PI,Piauí,NORDESTE,5872,2,0,3.4059945504087192,2936.0,0.0,5928,4379.0,73.8697705802969,6,65.83333333333333,2,1,65.0,15.0,40.0,95.0,80.0,100.0
220915,Santa Cruz dos Milagres,PI,Piauí,NORDESTE,3448,3,3,8.700696055684455,1149.3333333333333,0.0,3466,2374.0,68.4939411425274,6,70.83333333333333,0,0,60.0,52.0,70.0,100.0,80.0,63.0
220920,Santa Filomena,PI,Piauí,NORDESTE,6210,3,3,4.830917874396135,2070.0,0.0,6209,3891.0,62.66709615074891,6,54.833333333333336,2,2,24.0,9.0,67.0,70.0,67.0,92.0
220930,Santa Luz,PI,Piauí,NORDESTE,5418,1,1,1.8456995201181248,5418.0,0.21443643814737903,5425,4088.0,75.35483870967742,6,62.5,2,1,40.0,17.0,76.0,92.0,76.0,74.0
220937,Santa Rosa do Piauí,PI,Piauí,NORDESTE,4666,3,3,6.4294899271324475,1555.3333333333333,0.0,4690,3547.0,75.62899786780383,6,58.5,2,1,39.0,16.0,64.0,100.0,57.0,75.0
220935,Santana do Piauí,PI,Piauí,NORDESTE,4159,2,2,4.80884828083674,2079.5,0.0,4174,2818.0,67.51317680881648,6,60.833333333333336,3,1,31.0,16.0,82.0,91.0,45.0,100.0
220940,Santo Antônio de Lisboa,PI,Piauí,NORDESTE,5930,4,4,6.745362563237774,1482.5,0.0,5938,4269.0,71.89289323004378,6,59.666666666666664,2,0,31.0,35.0,65.0,78.0,61.0,88.0
220945,Santo Antônio dos Milagres,PI,Piauí,NORDESTE,2169,4,4,18.441678192715536,542.25,0.0,2189,1441.0,65.82914572864321,6,63.5,2,0,48.0,34.0,71.0,71.0,57.0,100.0
220950,Santo Inácio do Piauí,PI,Piauí,NORDESTE,3682,3,3,8.147745790331342,1227.3333333333333,0.0,3719,2692.0,72.38504974455499,6,78.33333333333333,1,0,53.0,41.0,82.0,100.0,100.0,94.0
221062,Sebastião Barros,PI,Piauí,NORDESTE,3210,2,2,6.230529595015577,1605.0,0.0,3228,3291.0,101.95167286245352,6,49.5,3,3,13.0,11.0,80.0,73.0,27.0,93.0
221063,Sebastião Leal,PI,Piauí,NORDESTE,4590,5,5,10.893246187363836,918.0,0.0,4572,2858.0,62.510936132983375,6,83.0,0,0,64.0,65.0,94.0,94.0,81.0,100.0
221065,Sigefredo Pacheco,PI,Piauí,NORDESTE,9623,4,4,4.156707887353216,2405.75,0.0,9631,6845.0,71.07257813311183,6,66.16666666666667,2,2,24.0,28.0,62.0,97.0,86.0,100.0
221080,Simplício Mendes,PI,Piauí,NORDESTE,14437,4,4,2.770658724111658,3609.25,0.0,14342,9201.0,64.15423232464092,6,50.0,2,1,44.0,16.0,63.0,50.0,60.0,67.0
221070,Simões,PI,Piauí,NORDESTE,14664,8,8,5.455537370430987,1833.0,0.0,14650,10235.0,69.86348122866895,6,74.83333333333333,2,0,46.0,35.0,86.0,96.0,88.0,98.0
221090,Socorro do Piauí,PI,Piauí,NORDESTE,4165,4,4,9.603841536614647,1041.25,0.0,4184,3051.0,72.9206500956023,6,60.0,1,1,52.0,6.0,67.0,60.0,80.0,95.0
221093,Sussuapara,PI,Piauí,NORDESTE,6346,3,3,4.727387330601954,2115.3333333333335,0.0,6345,4699.0,74.05831363278172,6,69.0,1,0,44.0,51.0,73.0,83.0,77.0,86.0
220955,São Braz do Piauí,PI,Piauí,NORDESTE,4454,3,3,6.73551863493489,1484.6666666666667,0.0,4451,3594.0,80.74589979779824,6,50.5,3,1,39.0,6.0,38.0,63.0,63.0,94.0
220965,São Francisco de Assis do Piauí,PI,Piauí,NORDESTE,5713,3,3,5.251181515841065,1904.3333333333333,0.0,5703,4678.0,82.02700333157988,6,72.0,1,1,57.0,28.0,88.0,94.0,65.0,100.0
220970,São Francisco do Piauí,PI,Piauí,NORDESTE,5358,3,3,5.599104143337066,1786.0,0.0,5404,4236.0,78.38638045891932,6,61.0,2,1,34.0,16.0,86.0,71.0,64.0,95.0
220960,São Félix do Piauí,PI,Piauí,NORDESTE,2879,4,2,13.89371309482459,719.75,0.0,2885,1956.0,67.79896013864818,6,75.33333333333333,2,0,47.0,38.0,100.0,100.0,67.0,100.0
220975,São Gonçalo do Gurguéia,PI,Piauí,NORDESTE,3026,2,2,6.609385327164573,1513.0,0.0,3019,2193.0,72.63994700231865,6,47.0,3,2,29.0,5.0,46.0,54.0,62.0,86.0
220980,São Gonçalo do Piauí,PI,Piauí,NORDESTE,4985,3,2,6.018054162487463,1661.6666666666667,0.0,4944,3086.0,62.419093851132686,6,49.166666666666664,2,2,15.0,5.0,55.0,68.0,64.0,88.0
221005,São José do Divino,PI,Piauí,NORDESTE,5317,6,6,11.284558961820576,886.1666666666666,0.0,4906,3971.0,80.94170403587444,6,69.0,2,1,39.0,29.0,85.0,85.0,81.0,95.0
221010,São José do Peixe,PI,Piauí,NORDESTE,3300,2,2,6.0606060606060606,1650.0,0.0,3320,2277.0,68.5843373493976,6,68.83333333333333,2,1,46.0,29.0,73.0,82.0,91.0,92.0
221020,São José do Piauí,PI,Piauí,NORDESTE,6733,7,7,10.396554284865587,961.8571428571429,0.0,6732,4599.0,68.31550802139037,6,67.83333333333333,1,1,58.0,17.0,79.0,79.0,74.0,100.0
220985,São João da Canabrava,PI,Piauí,NORDESTE,4359,4,4,9.176416609314062,1089.75,0.0,4306,3072.0,71.34231305155598,6,46.5,5,2,46.0,26.0,20.0,47.0,40.0,100.0
220987,São João da Fronteira,PI,Piauí,NORDESTE,5608,3,3,5.349500713266762,1869.3333333333333,0.0,5615,3986.0,70.98842386464827,6,65.0,2,2,15.0,17.0,76.0,97.0,85.0,100.0
220990,São João da Serra,PI,Piauí,NORDESTE,6232,1,1,1.6046213093709882,6232.0,0.3968932968871293,6233,4769.0,76.51211294721642,6,71.0,1,1,72.0,20.0,81.0,90.0,67.0,96.0
220995,São João da Varjota,PI,Piauí,NORDESTE,4430,2,2,4.514672686230248,2215.0,0.0,4443,3334.0,75.03938780103535,6,67.16666666666667,1,0,53.0,44.0,65.0,65.0,76.0,100.0
220997,São João do Arraial,PI,Piauí,NORDESTE,8494,4,4,4.709206498704968,2123.5,0.0,8443,7061.0,83.63141063602984,6,68.0,2,0,45.0,36.0,82.0,92.0,61.0,92.0
221000,São João do Piauí,PI,Piauí,NORDESTE,22137,6,6,2.710394362379726,3689.5,0.0,22036,14662.0,66.53657651116355,6,56.833333333333336,1,1,53.0,23.0,54.0,61.0,57.0,93.0
221030,São Julião,PI,Piauí,NORDESTE,6131,3,3,4.893165878323274,2043.6666666666667,0.0,6135,3869.0,63.064384678076614,6,52.0,3,2,64.0,2.0,29.0,76.0,41.0,100.0
221035,São Lourenço do Piauí,PI,Piauí,NORDESTE,4497,7,7,15.5659328441183,642.4285714285714,0.0,4497,3522.0,78.31887925283523,6,40.5,4,1,40.0,8.0,45.0,64.0,36.0,50.0
221037,São Luis do Piauí,PI,Piauí,NORDESTE,2277,1,1,4.391743522178305,2277.0,0.0,2329,1639.0,70.3735508802061,6,80.66666666666667,0,0,50.0,59.0,100.0,100.0,75.0,100.0
221038,São Miguel da Baixa Grande,PI,Piauí,NORDESTE,2299,2,2,8.699434536755112,1149.5,0.0,2304,1598.0,69.35763888888889,6,67.33333333333333,2,1,41.0,18.0,78.0,100.0,67.0,100.0
221039,São Miguel do Fidalgo,PI,Piauí,NORDESTE,2864,1,1,3.4916201117318435,2864.0,0.0,2870,2104.0,73.31010452961672,6,56.166666666666664,3,0,61.0,50.0,45.0,36.0,45.0,100.0
221040,São Miguel do Tapuio,PI,Piauí,NORDESTE,17911,11,11,6.141477304449779,1628.2727272727273,0.0,17902,12602.0,70.39436934420735,6,50.833333333333336,3,1,41.0,19.0,55.0,66.0,45.0,79.0
221050,São Pedro do Piauí,PI,Piauí,NORDESTE,14055,8,8,5.691924581999289,1756.875,0.0,14046,10900.0,77.60216431724334,6,58.333333333333336,1,0,64.0,58.0,58.0,49.0,52.0,69.0
221060,São Raimundo Nonato,PI,Piauí,NORDESTE,41139,15,14,3.646175162254795,2742.6,0.0,40784,26680.0,65.41781090623773,6,52.833333333333336,2,1,34.0,12.0,56.0,68.0,51.0,96.0
221095,Tamboril do Piauí,PI,Piauí,NORDESTE,3040,1,1,3.289473684210526,3040.0,0.0,3029,1990.0,65.69825024760647,6,63.833333333333336,2,2,26.0,14.0,90.0,80.0,80.0,93.0
221097,Tanque do Piauí,PI,Piauí,NORDESTE,2319,4,4,17.248814144027598,579.75,0.0,2330,2060.0,88.41201716738198,6,62.333333333333336,1,0,34.0,57.0,75.0,75.0,75.0,58.0
221100,Teresina,PI,Piauí,NORDESTE,905692,98,95,1.0820455519094792,9241.755102040815,105.00948071955999,902644,386274.0,42.793615201563405,6,35.333333333333336,5,2,19.0,21.0,35.0,43.0,30.0,64.0
221110,União,PI,Piauí,NORDESTE,47896,18,18,3.7581426423918494,2660.8888888888887,0.0,47707,31010.0,65.00094325780283,6,68.5,2,0,49.0,31.0,86.0,86.0,65.0,94.0
221120,Uruçuí,PI,Piauí,NORDESTE,26779,10,10,3.7342693901938087,2677.9,0.0,26501,15645.0,59.035508094034185,6,57.666666666666664,2,2,23.0,18.0,74.0,78.0,63.0,90.0
221130,Valença do Piauí,PI,Piauí,NORDESTE,23025,10,10,4.3431053203040175,2302.5,0.0,22920,13990.0,61.038394415357764,6,66.0,2,0,46.0,31.0,86.0,78.0,73.0,82.0
221150,Vera Mendes,PI,Piauí,NORDESTE,3282,3,3,9.140767824497258,1094.0,0.0,3271,2789.0,85.26444512381535,6,52.5,4,0,55.0,38.0,36.0,43.0,43.0,100.0
221160,Vila Nova do Piauí,PI,Piauí,NORDESTE,2972,1,1,3.3647375504710633,2972.0,0.0,2979,1985.0,66.63309835515273,6,90.33333333333333,0,0,77.0,75.0,100.0,100.0,90.0,100.0
221135,Várzea Branca,PI,Piauí,NORDESTE,5181,3,3,5.790387955993051,1727.0,0.0,5173,4373.0,84.535086023584,6,66.16666666666667,2,0,43.0,34.0,60.0,80.0,85.0,95.0
221140,Várzea Grande,PI,Piauí,NORDESTE,4520,6,6,13.274336283185841,753.3333333333334,0.0,4515,3133.0,69.39091915836102,6,74.66666666666667,0,0,55.0,52.0,86.0,93.0,71.0,91.0
221170,Wall Ferraz,PI,Piauí,NORDESTE,4195,2,2,4.767580452920143,2097.5,0.0,4117,3083.0,74.88462472674277,6,68.33333333333333,2,1,48.0,27.0,94.0,88.0,53.0,100.0
220020,Água Branca,PI,Piauí,NORDESTE,18095,8,8,4.421110804089527,2261.875,0.0,18033,12110.0,67.15466089946209,6,63.0,0,0,56.0,57.0,68.0,75.0,64.0,58.0
410010,Abatiá,PR,Paraná,SUL,7233,3,3,4.147656574035669,2411.0,0.0,7271,3236.0,44.50557007289231,6,31.166666666666668,5,1,30.0,0.0,37.0,40.0,30.0,50.0
410020,Adrianópolis,PR,Paraná,SUL,6319,2,1,3.1650577623041625,3159.5,0.0,6327,3222.0,50.924608819345664,6,48.5,3,1,34.0,12.0,50.0,43.0,64.0,88.0
410030,Agudos do Sul,PR,Paraná,SUL,10770,4,4,3.7140204271123487,2692.5,0.0,10646,4820.0,45.27522074018411,6,53.5,3,2,21.0,17.0,83.0,48.0,69.0,83.0
410040,Almirante Tamandaré,PR,Paraná,SUL,125861,14,14,1.112338214379355,8990.07142857143,14.21155122585221,124788,29873.0,23.93900054492419,6,59.166666666666664,2,1,27.0,31.0,65.0,76.0,62.0,94.0
410045,Altamira do Paraná,PR,Paraná,SUL,3496,1,1,2.860411899313501,3496.0,0.0,3543,1618.0,45.66751340671747,6,39.333333333333336,3,3,24.0,7.0,0.0,67.0,56.0,82.0
410060,Alto Paraná,PR,Paraná,SUL,14183,5,5,3.5253472467038,2836.6,0.0,14138,5821.0,41.1727259867025,6,59.5,2,2,16.0,13.0,82.0,74.0,72.0,100.0
412862,Alto Paraíso,PR,Paraná,SUL,3067,2,2,6.521030322791001,1533.5,0.0,3077,1619.0,52.61618459538512,6,49.166666666666664,3,2,38.0,5.0,71.0,21.0,79.0,81.0
410070,Alto Piquiri,PR,Paraná,SUL,9771,4,4,4.093746801760311,2442.75,0.0,9802,4300.0,43.86859824525607,6,69.0,1,0,54.0,46.0,74.0,77.0,66.0,97.0
410050,Altônia,PR,Paraná,SUL,18634,1,1,0.5366534292154127,18634.0,3.176782685204551,18750,7421.0,39.57866666666667,6,61.833333333333336,2,2,22.0,4.0,81.0,98.0,79.0,87.0
410080,Alvorada do Sul,PR,Paraná,SUL,10481,4,4,3.8164297299875964,2620.25,0.0,10478,4524.0,43.17617866004963,6,57.333333333333336,2,1,24.0,35.0,72.0,75.0,59.0,79.0
410090,Amaporã,PR,Paraná,SUL,4688,3,3,6.399317406143345,1562.6666666666667,0.0,4736,2374.0,50.126689189189186,6,77.83333333333333,0,0,51.0,59.0,85.0,95.0,90.0,87.0
410100,Ampére,PR,Paraná,SUL,20337,7,6,3.442002261887201,2905.285714285714,0.0,20199,6128.0,30.338135551264916,6,73.33333333333333,2,0,46.0,33.0,86.0,86.0,91.0,98.0
410105,Anahy,PR,Paraná,SUL,2971,2,2,6.731740154830024,1485.5,0.0,2965,1410.0,47.5548060708263,6,84.5,0,0,55.0,64.0,88.0,100.0,100.0,100.0
410110,Andirá,PR,Paraná,SUL,19989,8,8,4.002201210665866,2498.625,0.0,20044,7975.0,39.78746757134304,6,38.5,4,3,20.0,23.0,33.0,59.0,7.0,89.0
410120,Antonina,PR,Paraná,SUL,18140,5,5,2.7563395810363835,3628.0,0.0,18223,8615.0,47.275421171047576,6,40.5,3,2,17.0,17.0,57.0,50.0,44.0,58.0
410130,Antônio Olinto,PR,Paraná,SUL,7048,0,0,0.0,0.0,1.5797984525770998,7071,4128.0,58.37929571489181,6,60.166666666666664,3,0,32.0,30.0,78.0,87.0,39.0,95.0
410140,Apucarana,PR,Paraná,SUL,134910,35,33,2.5943221406863834,3854.5714285714284,0.0,134306,46214.0,34.40948282280762,6,48.166666666666664,4,1,24.0,35.0,47.0,62.0,47.0,74.0
410150,Arapongas,PR,Paraná,SUL,124838,31,31,2.4832182508531053,4027.032258064516,0.0,123863,37350.0,30.154283361455803,6,50.666666666666664,3,2,22.0,23.0,54.0,70.0,45.0,90.0
410160,Arapoti,PR,Paraná,SUL,26325,13,8,4.938271604938271,2025.0,0.0,26310,9638.0,36.63245914101102,6,66.66666666666667,2,0,35.0,48.0,73.0,80.0,66.0,98.0
410165,Arapuã,PR,Paraná,SUL,3573,2,1,5.5975370836831795,1786.5,0.0,3573,1807.0,50.57374755107753,6,47.166666666666664,4,1,37.0,32.0,13.0,63.0,38.0,100.0
410170,Araruna,PR,Paraná,SUL,14894,1,1,0.6714113065664025,14894.0,2.338467388292186,14824,5638.0,38.032919589854295,6,52.833333333333336,1,0,30.0,55.0,55.0,61.0,50.0,66.0
410180,Araucária,PR,Paraná,SUL,162247,19,19,1.1710540102436409,8539.315789473685,17.367417641214065,160038,48119.0,30.067234031917415,6,52.333333333333336,3,1,35.0,24.0,61.0,55.0,49.0,90.0
410185,Ariranha do Ivaí,PR,Paraná,SUL,2351,1,1,4.253509145044662,2351.0,0.0,2351,1327.0,56.44406635474266,6,46.5,4,1,49.0,20.0,30.0,50.0,30.0,100.0
410190,Assaí,PR,Paraná,SUL,13477,3,3,2.226014691696965,4492.333333333333,0.020848999060949985,13643,5007.0,36.70013926555743,6,59.833333333333336,2,1,30.0,9.0,50.0,93.0,77.0,100.0
410200,Assis Chateaubriand,PR,Paraná,SUL,38357,13,13,3.389211877884089,2950.5384615384614,0.0,38105,12745.0,33.447054192363204,6,51.833333333333336,3,1,34.0,19.0,42.0,73.0,51.0,92.0
410210,Astorga,PR,Paraná,SUL,26203,8,8,3.0530855245582567,3275.375,0.0,26145,9278.0,35.48670873972079,6,53.666666666666664,2,1,39.0,16.0,50.0,69.0,53.0,95.0
410220,Atalaia,PR,Paraná,SUL,4046,2,2,4.9431537320810675,2023.0,0.0,4045,1623.0,40.12360939431397,6,48.666666666666664,3,1,26.0,59.0,56.0,69.0,44.0,38.0
410230,Balsa Nova,PR,Paraná,SUL,13867,7,7,5.047955577990914,1981.0,0.0,13871,4905.0,35.36154567082402,6,50.0,2,2,27.0,16.0,53.0,53.0,59.0,92.0
410240,Bandeirantes,PR,Paraná,SUL,31747,11,11,3.464894320723218,2886.090909090909,0.0,31807,13331.0,41.91215770113497,6,37.833333333333336,4,3,18.0,20.0,23.0,54.0,40.0,72.0
410250,Barbosa Ferraz,PR,Paraná,SUL,10580,7,7,6.616257088846881,1511.4285714285713,0.0,10692,5158.0,48.2416760194538,6,62.333333333333336,2,0,47.0,44.0,53.0,62.0,68.0,100.0
410270,Barra do Jacaré,PR,Paraná,SUL,2872,2,2,6.963788300835654,1436.0,0.0,2866,1331.0,46.441032798325196,6,44.666666666666664,3,3,65.0,58.0,14.0,14.0,29.0,88.0
410260,Barracão,PR,Paraná,SUL,9903,4,4,4.0391800464505705,2475.75,0.0,9900,4463.0,45.08080808080808,6,69.5,2,0,30.0,36.0,98.0,98.0,88.0,67.0
410275,Bela Vista da Caroba,PR,Paraná,SUL,4122,1,1,2.42600679281902,4122.0,0.0,4100,1692.0,41.26829268292683,6,80.0,1,0,44.0,61.0,100.0,100.0,75.0,100.0
410280,Bela Vista do Paraíso,PR,Paraná,SUL,14982,5,5,3.337338139100254,2996.4,0.0,14998,6147.0,40.98546472863048,6,42.0,5,2,16.0,27.0,47.0,47.0,47.0,68.0
410290,Bituruna,PR,Paraná,SUL,15650,5,5,3.194888178913738,3130.0,0.0,15689,7945.0,50.64057619988527,6,58.833333333333336,2,0,48.0,43.0,65.0,64.0,60.0,73.0
410300,Boa Esperança,PR,Paraná,SUL,4595,1,1,2.176278563656148,4595.0,0.029962243131636535,4622,1938.0,41.929900475984425,6,93.66666666666667,0,0,78.0,90.0,100.0,100.0,100.0,94.0
410302,Boa Esperança do Iguaçu,PR,Paraná,SUL,2421,2,2,8.261049153242462,1210.5,0.0,2448,869.0,35.498366013071895,6,68.33333333333333,2,1,33.0,10.0,67.0,100.0,100.0,100.0
410304,Boa Ventura de São Roque,PR,Paraná,SUL,6241,3,3,4.806921967633392,2080.3333333333335,0.0,6244,3254.0,52.11402946828956,6,60.833333333333336,2,2,28.0,25.0,73.0,82.0,64.0,93.0
410305,Boa Vista da Aparecida,PR,Paraná,SUL,8023,6,6,7.478499314470896,1337.1666666666667,0.0,8034,4475.0,55.70077172018919,6,80.66666666666667,1,0,56.0,43.0,97.0,97.0,94.0,97.0
410310,Bocaiúva do Sul,PR,Paraná,SUL,13405,4,3,2.9839612085042893,3351.25,0.0,13804,5249.0,38.02521008403361,6,61.666666666666664,3,1,28.0,32.0,77.0,98.0,45.0,90.0
410315,Bom Jesus do Sul,PR,Paraná,SUL,4072,1,1,2.455795677799607,4072.0,0.0,4061,1902.0,46.83575474021177,6,87.66666666666667,0,0,63.0,71.0,100.0,100.0,92.0,100.0
410320,Bom Sucesso,PR,Paraná,SUL,6674,4,4,5.9934072520227755,1668.5,0.0,6677,2422.0,36.27377564774599,6,49.0,5,0,30.0,37.0,44.0,44.0,39.0,100.0
410322,Bom Sucesso do Sul,PR,Paraná,SUL,3244,3,3,9.247842170160297,1081.3333333333333,0.0,3234,1327.0,41.032776747062464,6,87.16666666666667,0,0,63.0,75.0,100.0,100.0,85.0,100.0
410330,Borrazópolis,PR,Paraná,SUL,7818,4,4,5.116398055768739,1954.5,0.0,7824,3560.0,45.50102249488753,6,71.16666666666667,1,0,52.0,47.0,75.0,81.0,75.0,97.0
410335,Braganey,PR,Paraná,SUL,4745,1,1,2.107481559536354,4745.0,0.06358451439817522,4802,2287.0,47.625989171178674,6,61.0,1,1,29.0,55.0,56.0,67.0,67.0,92.0
410337,Brasilândia do Sul,PR,Paraná,SUL,3861,2,2,5.18000518000518,1930.5,0.0,3828,1739.0,45.42842215256008,6,73.66666666666667,1,0,41.0,73.0,89.0,56.0,83.0,100.0
410340,Cafeara,PR,Paraná,SUL,2648,1,1,3.7764350453172204,2648.0,0.0,2655,1256.0,47.30696798493408,6,62.333333333333336,2,0,32.0,41.0,80.0,70.0,60.0,91.0
410345,Cafelândia,PR,Paraná,SUL,20145,5,4,2.482005460412013,4029.0,0.0,19844,6372.0,32.110461600483774,6,50.0,2,1,31.0,18.0,57.0,69.0,61.0,64.0
410347,Cafezal do Sul,PR,Paraná,SUL,4580,3,3,6.550218340611353,1526.6666666666667,0.0,4561,2046.0,44.858583643937735,6,67.5,2,0,34.0,36.0,94.0,100.0,69.0,72.0
410350,Califórnia,PR,Paraná,SUL,8963,3,3,3.3470936070512103,2987.6666666666665,0.0,8921,4123.0,46.21679183947988,6,61.0,2,1,33.0,10.0,74.0,83.0,66.0,100.0
410360,Cambará,PR,Paraná,SUL,23393,0,0,0.0,0.0,5.24350527825427,23430,9816.0,41.89500640204866,6,43.5,3,2,27.0,11.0,58.0,57.0,43.0,65.0
410380,Cambira,PR,Paraná,SUL,10045,2,2,1.991040318566451,5022.5,0.2515714324825438,9899,3580.0,36.16526921911304,6,62.5,2,2,24.0,20.0,73.0,96.0,85.0,77.0
410370,Cambé,PR,Paraná,SUL,110923,13,13,1.171984169198453,8532.538461538461,11.863221304655173,111009,33875.0,30.515543784738174,6,52.0,2,2,29.0,22.0,50.0,66.0,53.0,92.0
410400,Campina Grande do Sul,PR,Paraná,SUL,50600,8,8,1.5810276679841897,6325.0,3.341912840579066,49971,14797.0,29.611174481199093,6,39.0,4,2,22.0,23.0,50.0,43.0,44.0,52.0
410390,Campina da Lagoa,PR,Paraná,SUL,16014,9,7,5.620082427875609,1779.3333333333333,0.0,15979,7088.0,44.35822016396521,6,70.16666666666667,2,0,42.0,33.0,86.0,94.0,88.0,78.0
410395,Campina do Simão,PR,Paraná,SUL,3954,3,3,7.587253414264037,1318.0,0.0,3973,2400.0,60.40775232821546,6,60.833333333333336,2,1,39.0,4.0,91.0,78.0,61.0,92.0
410405,Campo Bonito,PR,Paraná,SUL,3997,3,3,7.505629221916438,1332.3333333333333,0.0,4032,1991.0,49.379960317460316,6,62.5,2,1,31.0,18.0,85.0,77.0,69.0,95.0
410420,Campo Largo,PR,Paraná,SUL,144504,20,20,1.3840447323257488,7225.2,12.390351247332752,142695,38201.0,26.771085181681208,6,53.166666666666664,2,2,21.0,27.0,55.0,70.0,52.0,94.0
410425,Campo Magro,PR,Paraná,SUL,31888,7,7,2.195183140993477,4555.428571428572,0.14764657431591455,31555,9347.0,29.6212961495801,6,47.666666666666664,2,1,25.0,36.0,53.0,58.0,54.0,60.0
410430,Campo Mourão,PR,Paraná,SUL,104122,27,19,2.593111926394038,3856.3703703703704,0.0,103340,34205.0,33.09947745306754,6,49.833333333333336,2,2,27.0,1.0,59.0,66.0,53.0,93.0
410410,Campo do Tenente,PR,Paraná,SUL,7693,4,4,5.19953204211621,1923.25,0.0,7666,3940.0,51.3957735455257,6,60.166666666666664,2,0,30.0,34.0,85.0,68.0,83.0,61.0
410442,Candói,PR,Paraná,SUL,15174,2,2,1.3180440226703571,7587.0,1.4012289613230584,15174,6810.0,44.87939897192566,6,67.33333333333333,2,0,48.0,38.0,78.0,78.0,63.0,99.0
410445,Cantagalo,PR,Paraná,SUL,10672,4,4,3.7481259370314843,2668.0,0.0,10799,4927.0,45.62459486989536,6,47.5,3,2,11.0,11.0,41.0,65.0,59.0,98.0
410450,Capanema,PR,Paraná,SUL,21088,2,2,0.9484066767830046,10544.0,2.726843043125125,21022,6939.0,33.008277043097706,6,57.833333333333336,3,2,27.0,12.0,94.0,46.0,70.0,98.0
410460,Capitão Leônidas Marques,PR,Paraná,SUL,14776,2,2,1.353546291283162,7388.0,1.3120178682291752,14796,6522.0,44.07948094079481,6,53.0,2,1,46.0,18.0,66.0,60.0,52.0,76.0
410465,Carambeí,PR,Paraná,SUL,24469,1,1,0.4086803710817769,24469.0,4.484689037472909,24159,7282.0,30.141976075168674,6,74.5,2,0,37.0,41.0,91.0,100.0,81.0,97.0
410470,Carlópolis,PR,Paraná,SUL,17788,4,3,2.24870699347875,4447.0,0.0,17567,6255.0,35.606534980360905,6,61.166666666666664,2,1,35.0,10.0,53.0,96.0,73.0,100.0
410480,Cascavel,PR,Paraná,SUL,368195,51,51,1.3851355939108352,7219.509803921569,31.530347793221527,364104,102121.0,28.04720629270758,6,51.0,4,1,35.0,24.0,44.0,61.0,48.0,94.0
410490,Castro,PR,Paraná,SUL,75644,24,22,3.1727565966897573,3151.8333333333335,0.0,75291,29499.0,39.17998167111607,6,52.333333333333336,2,0,36.0,32.0,62.0,64.0,50.0,70.0
410500,Catanduvas,PR,Paraná,SUL,10621,6,5,5.649185575746164,1770.1666666666667,0.0,10627,3688.0,34.704055707161004,6,69.5,2,0,37.0,31.0,92.0,90.0,79.0,88.0
410510,Centenário do Sul,PR,Paraná,SUL,10903,5,5,4.585893790699807,2180.6,0.0,10936,4174.0,38.167520117044624,6,62.833333333333336,2,2,27.0,27.0,81.0,64.0,83.0,95.0
410520,Cerro Azul,PR,Paraná,SUL,16287,16,16,9.823785841468656,1017.9375,0.0,16240,8645.0,53.23275862068966,6,30.666666666666668,5,5,28.0,7.0,24.0,28.0,24.0,73.0
410540,Chopinzinho,PR,Paraná,SUL,21604,3,3,1.3886317348639141,7201.333333333333,1.8425036562820183,21559,7983.0,37.028619138178954,6,58.333333333333336,3,0,44.0,60.0,49.0,53.0,45.0,99.0
410550,Cianorte,PR,Paraná,SUL,82988,17,16,2.0484889381597338,4881.64705882353,1.6016336524501102,82359,25235.0,30.640245753348143,6,53.166666666666664,2,0,30.0,37.0,61.0,62.0,51.0,78.0
410560,Cidade Gaúcha,PR,Paraná,SUL,11705,5,4,4.271678769756514,2341.0,0.0,11684,4156.0,35.57001027045532,6,71.16666666666667,1,0,36.0,66.0,78.0,91.0,63.0,93.0
410570,Clevelândia,PR,Paraná,SUL,14833,2,1,1.3483449066271151,7416.5,1.3247943313104602,14975,6687.0,44.65442404006678,6,62.5,0,0,56.0,55.0,67.0,76.0,59.0,62.0
410580,Colombo,PR,Paraná,SUL,241672,25,25,1.0344599291601841,9666.88,29.17041027684632,240720,80202.0,33.317547357926216,6,43.666666666666664,4,1,30.0,29.0,45.0,51.0,42.0,65.0
410590,Colorado,PR,Paraná,SUL,23313,6,6,2.573671342169605,3885.5,0.0,23278,7106.0,30.526677549617666,6,50.666666666666664,2,2,23.0,9.0,52.0,56.0,70.0,94.0
410600,Congonhinhas,PR,Paraná,SUL,8445,1,1,1.1841326228537596,8445.0,0.8929338723061306,8442,4408.0,52.21511490168207,6,37.166666666666664,5,2,36.0,1.0,40.0,43.0,23.0,80.0
410610,Conselheiro Mairinck,PR,Paraná,SUL,3474,2,1,5.757052389176742,1737.0,0.0,3486,1687.0,48.393574297188756,6,72.5,2,1,39.0,19.0,100.0,100.0,77.0,100.0
410620,Contenda,PR,Paraná,SUL,20006,5,5,2.49925022493252,4001.2,0.0,19827,7140.0,36.011499470419125,6,59.333333333333336,3,0,36.0,34.0,37.0,84.0,71.0,94.0
410630,Corbélia,PR,Paraná,SUL,17933,6,6,3.345787096414431,2988.8333333333335,0.0,17862,6680.0,37.39782779084089,6,55.666666666666664,2,1,31.0,23.0,64.0,61.0,55.0,100.0
410640,Cornélio Procópio,PR,Paraná,SUL,45720,13,13,2.84339457567804,3516.923076923077,0.0,45830,12575.0,27.438359153392973,6,30.333333333333332,5,5,19.0,4.0,25.0,25.0,15.0,94.0
410645,Coronel Domingos Soares,PR,Paraná,SUL,5427,6,6,11.055831951354339,904.5,0.0,5516,3595.0,65.17403915881074,6,56.166666666666664,3,1,42.0,17.0,63.0,69.0,49.0,97.0
410650,Coronel Vivida,PR,Paraná,SUL,24010,10,10,4.164931278633903,2401.0,0.0,23859,8986.0,37.66293641812314,6,69.83333333333333,1,0,54.0,47.0,66.0,83.0,69.0,100.0
410655,Corumbataí do Sul,PR,Paraná,SUL,3770,1,1,2.652519893899204,3770.0,0.0,3780,2097.0,55.47619047619048,6,65.0,1,1,54.0,20.0,62.0,69.0,85.0,100.0
410680,Cruz Machado,PR,Paraná,SUL,15759,6,4,3.807348181991243,2626.5,0.0,15910,6872.0,43.19296040226273,6,62.166666666666664,2,2,29.0,24.0,72.0,86.0,66.0,96.0
410657,Cruzeiro do Iguaçu,PR,Paraná,SUL,4129,1,1,2.4218939210462582,4129.0,0.0,4171,1834.0,43.97027091824503,6,46.833333333333336,4,1,37.0,21.0,54.0,31.0,38.0,100.0
410660,Cruzeiro do Oeste,PR,Paraná,SUL,24859,4,4,1.609075184037974,6214.75,1.5721069427659096,24622,8703.0,35.346438144748596,6,62.0,2,1,41.0,6.0,86.0,97.0,72.0,70.0
410670,Cruzeiro do Sul,PR,Paraná,SUL,4543,1,1,2.201188641866608,4543.0,0.018306522425903058,4547,1846.0,40.59819661315153,6,52.0,2,2,13.0,26.0,50.0,81.0,69.0,73.0
410685,Cruzmaltina,PR,Paraná,SUL,2870,1,1,3.484320557491289,2870.0,0.0,2896,1583.0,54.661602209944746,6,59.0,2,1,42.0,25.0,73.0,80.0,67.0,67.0
410690,Curitiba,PR,Paraná,SUL,1830795,134,122,0.7319224708391711,13662.649253731342,276.3699074894852,1829225,439046.0,24.0017493747352,6,49.5,3,0,32.0,39.0,54.0,62.0,45.0,65.0
410700,Curiúva,PR,Paraná,SUL,13784,1,1,0.7254788160185722,13784.0,2.0896625809197995,13802,6174.0,44.73264744239965,6,74.16666666666667,1,0,39.0,63.0,89.0,97.0,85.0,72.0
410440,Cândido de Abreu,PR,Paraná,SUL,15081,5,5,3.315430011272462,3016.2,0.0,15255,7648.0,50.1343821697804,6,74.83333333333333,1,0,50.0,47.0,84.0,92.0,80.0,96.0
410530,Céu Azul,PR,Paraná,SUL,11255,4,4,3.5539760106619283,2813.75,0.0,11251,3593.0,31.934939116522976,6,71.66666666666667,1,0,49.0,66.0,81.0,74.0,63.0,97.0
410715,Diamante D'Oeste,PR,Paraná,SUL,4513,1,1,2.215820961666297,4513.0,0.01158206817259542,4557,1921.0,42.154926486723724,6,59.166666666666664,2,0,52.0,30.0,71.0,82.0,41.0,79.0
410710,Diamante do Norte,PR,Paraná,SUL,5139,2,2,3.891807744697412,2569.5,0.0,5164,2100.0,40.66615027110767,6,28.666666666666668,5,4,18.0,4.0,17.0,33.0,17.0,83.0
410712,Diamante do Sul,PR,Paraná,SUL,3147,2,2,6.355258976803305,1573.5,0.0,3170,1792.0,56.52996845425867,6,53.5,4,0,49.0,55.0,43.0,43.0,36.0,95.0
410720,Dois Vizinhos,PR,Paraná,SUL,47589,17,17,3.5722540923322614,2799.3529411764707,0.0,47014,13598.0,28.92329944271919,6,53.0,3,1,36.0,21.0,47.0,65.0,54.0,95.0
410725,Douradina,PR,Paraná,SUL,9631,4,4,4.153255113695359,2407.75,0.0,9525,3388.0,35.56955380577428,6,70.16666666666667,0,0,52.0,73.0,74.0,74.0,67.0,81.0
410730,Doutor Camargo,PR,Paraná,SUL,6517,5,4,7.672241829062452,1303.4,0.0,6484,2409.0,37.152991980259095,6,40.5,4,3,25.0,15.0,33.0,50.0,28.0,92.0
412863,Doutor Ulysses,PR,Paraná,SUL,5744,3,3,5.222841225626741,1914.6666666666667,0.0,5773,3004.0,52.0353369132167,6,56.166666666666664,2,2,28.0,6.0,95.0,89.0,63.0,56.0
410750,Engenheiro Beltrão,PR,Paraná,SUL,12347,6,6,4.859480035636187,2057.8333333333335,0.0,12431,5432.0,43.69720859142466,6,63.833333333333336,2,2,26.0,18.0,68.0,97.0,81.0,93.0
410753,Entre Rios do Oeste,PR,Paraná,SUL,4770,1,1,2.0964360587002093,4770.0,0.06918822627593184,4729,1361.0,28.77986889405794,6,70.33333333333333,2,0,41.0,48.0,67.0,89.0,83.0,94.0
410740,Enéas Marques,PR,Paraná,SUL,6146,1,1,1.6270745200130166,6146.0,0.377616528027647,6070,2580.0,42.50411861614498,6,60.5,2,0,44.0,45.0,65.0,52.0,57.0,100.0
410752,Esperança Nova,PR,Paraná,SUL,1852,1,1,5.399568034557236,1852.0,0.0,1858,1030.0,55.43595263724435,6,56.0,3,0,43.0,37.0,71.0,71.0,71.0,43.0
410754,Espigão Alto do Iguaçu,PR,Paraná,SUL,4880,3,3,6.147540983606558,1626.6666666666667,0.0,4881,2760.0,56.54578979717271,6,65.0,1,0,43.0,60.0,69.0,69.0,56.0,93.0
410755,Farol,PR,Paraná,SUL,2994,3,3,10.020040080160319,998.0,0.0,3023,1386.0,45.84849487264307,6,81.33333333333333,1,0,47.0,66.0,100.0,100.0,75.0,100.0
410760,Faxinal,PR,Paraná,SUL,16596,7,7,4.217883827428296,2370.8571428571427,0.0,16618,7562.0,45.504874232759654,6,55.5,2,2,22.0,17.0,77.0,55.0,70.0,92.0
410765,Fazenda Rio Grande,PR,Paraná,SUL,165943,14,14,0.8436631855516654,11853.07142857143,23.19587040522158,161506,36828.0,22.802868004903843,6,54.0,3,1,36.0,24.0,41.0,86.0,55.0,82.0
410773,Fernandes Pinheiro,PR,Paraná,SUL,6400,1,1,1.5625,6400.0,0.43455024070565257,6387,3494.0,54.70486926569594,6,66.33333333333333,0,0,52.0,64.0,72.0,72.0,72.0,66.0
410775,Figueira,PR,Paraná,SUL,8129,4,3,4.920654447041456,2032.25,0.0,8144,3958.0,48.60019646365422,6,69.5,2,1,41.0,15.0,89.0,86.0,86.0,100.0
410785,Flor da Serra do Sul,PR,Paraná,SUL,4342,2,2,4.606172270842929,2171.0,0.0,4367,2314.0,52.98832150217541,6,72.66666666666667,2,0,48.0,62.0,44.0,94.0,88.0,100.0
410780,Floraí,PR,Paraná,SUL,4805,3,3,6.243496357960457,1601.6666666666667,0.0,4825,2064.0,42.77720207253886,6,24.166666666666668,6,4,36.0,14.0,6.0,24.0,18.0,47.0
410790,Floresta,PR,Paraná,SUL,11522,4,4,3.471619510501649,2880.5,0.0,11226,3947.0,35.159451273828616,6,60.5,2,2,21.0,13.0,75.0,93.0,77.0,84.0
410800,Florestópolis,PR,Paraná,SUL,11653,4,4,3.4325924654595386,2913.25,0.0,11639,5808.0,49.90119426067531,6,62.666666666666664,2,2,29.0,10.0,78.0,89.0,76.0,94.0
410810,Flórida,PR,Paraná,SUL,2711,1,1,3.6886757654002214,2711.0,0.0,2704,1183.0,43.75,6,46.5,4,2,29.0,62.0,33.0,44.0,11.0,100.0
410820,Formosa do Oeste,PR,Paraná,SUL,7763,1,1,1.288161793121216,7763.0,0.7400646122809346,7756,2768.0,35.68849922640536,6,36.166666666666664,5,2,31.0,17.0,43.0,9.0,39.0,78.0
410830,Foz do Iguaçu,PR,Paraná,SUL,297352,42,34,1.4124673787295865,7079.809523809524,24.6509973709855,295500,96284.0,32.583417935702194,6,42.833333333333336,4,2,28.0,22.0,36.0,63.0,40.0,68.0
410845,Foz do Jordão,PR,Paraná,SUL,4893,2,2,4.087471898630697,2446.5,0.0,4925,2584.0,52.46700507614214,6,65.33333333333333,2,1,48.0,1.0,85.0,100.0,82.0,76.0
410832,Francisco Alves,PR,Paraná,SUL,8573,4,4,4.665811267934212,2143.25,0.0,8464,3523.0,41.62334593572779,6,64.0,2,0,38.0,38.0,71.0,87.0,71.0,79.0
410840,Francisco Beltrão,PR,Paraná,SUL,102312,21,21,2.052545155993432,4872.0,1.9330787854807394,101302,27240.0,26.88989358551657,6,65.0,2,1,44.0,29.0,73.0,77.0,73.0,94.0
410770,Fênix,PR,Paraná,SUL,4488,1,1,2.228163992869875,4488.0,0.00597835629483893,4512,2229.0,49.40159574468085,6,36.666666666666664,4,2,23.0,3.0,31.0,75.0,38.0,50.0
410850,General Carneiro,PR,Paraná,SUL,10691,5,5,4.676830979328407,2138.2,0.0,10861,4936.0,45.44701224564957,6,65.83333333333333,2,0,31.0,34.0,74.0,94.0,70.0,92.0
410855,Godoy Moreira,PR,Paraná,SUL,2911,2,2,6.870491240123669,1455.5,0.0,2970,1544.0,51.98653198653199,6,57.833333333333336,2,1,47.0,80.0,0.0,60.0,60.0,100.0
410860,Goioerê,PR,Paraná,SUL,28931,8,7,2.7651999585220004,3616.375,0.0,28970,12836.0,44.30790472903003,6,50.666666666666664,2,1,29.0,32.0,59.0,63.0,54.0,67.0
410865,Goioxim,PR,Paraná,SUL,6469,1,1,1.5458339774308238,6469.0,0.4500164854882604,6531,3735.0,57.18879191548002,6,57.5,2,1,47.0,1.0,76.0,73.0,73.0,75.0
410870,Grandes Rios,PR,Paraná,SUL,5527,3,2,5.427899402931065,1842.3333333333333,0.0,5586,3153.0,56.44468313641246,6,60.333333333333336,2,0,33.0,33.0,60.0,80.0,60.0,96.0
410890,Guairaçá,PR,Paraná,SUL,6762,1,1,1.478852410529429,6762.0,0.5156919886955662,6733,3057.0,45.40323778404872,6,83.0,0,0,74.0,88.0,93.0,80.0,63.0,100.0
410895,Guamiranga,PR,Paraná,SUL,7916,0,0,0.0,0.0,1.774359328972804,7961,3478.0,43.68797889712347,6,70.66666666666667,1,0,41.0,54.0,71.0,91.0,77.0,90.0
410900,Guapirama,PR,Paraná,SUL,4857,1,1,2.0588840848260244,4857.0,0.08868914361052413,4792,2187.0,45.63856427378965,6,49.5,2,1,48.0,12.0,71.0,57.0,57.0,52.0
410910,Guaporema,PR,Paraná,SUL,2210,0,0,0.0,0.0,0.49536812999367064,2217,949.0,42.80559314388814,6,70.83333333333333,1,0,31.0,66.0,100.0,67.0,78.0,83.0
410920,Guaraci,PR,Paraná,SUL,4743,3,3,6.325110689437065,1581.0,0.0,4762,2330.0,48.92902141957161,6,26.666666666666668,5,5,4.0,18.0,29.0,6.0,24.0,79.0
410930,Guaraniaçu,PR,Paraná,SUL,13770,7,7,5.083514887436456,1967.142857142857,0.0,13814,5166.0,37.39684378167077,6,38.5,4,2,21.0,4.0,43.0,57.0,46.0,60.0
410940,Guarapuava,PR,Paraná,SUL,189630,48,45,2.5312450561619997,3950.625,0.0,188710,68513.0,36.305972126543374,6,45.0,3,2,28.0,15.0,54.0,57.0,48.0,68.0
410950,Guaraqueçaba,PR,Paraná,SUL,7446,1,1,1.3430029546065,7446.0,0.6690095456709827,7474,4554.0,60.93122825796093,6,51.0,3,2,16.0,9.0,67.0,70.0,48.0,96.0
410960,Guaratuba,PR,Paraná,SUL,44913,7,7,1.5585687885467459,6416.142857142857,3.067180462627028,44323,17459.0,39.390384224894525,6,52.166666666666664,2,1,33.0,3.0,53.0,80.0,61.0,83.0
410880,Guaíra,PR,Paraná,SUL,33058,15,15,4.537479581341884,2203.866666666667,0.0,32966,10642.0,32.28174482800461,6,48.833333333333336,4,1,33.0,21.0,49.0,71.0,41.0,78.0
410965,Honório Serpa,PR,Paraná,SUL,4803,4,4,8.3281282531751,1200.75,0.0,4872,2313.0,47.47536945812808,6,68.0,0,0,51.0,53.0,50.0,82.0,77.0,95.0
410970,Ibaiti,PR,Paraná,SUL,29464,9,9,3.0545750746673908,3273.777777777778,0.0,29440,10945.0,37.177309782608695,6,48.5,3,1,20.0,35.0,43.0,61.0,55.0,77.0
410975,Ibema,PR,Paraná,SUL,6343,2,2,3.1530821377896894,3171.5,0.0,6327,2818.0,44.53927611822348,6,65.0,2,1,37.0,27.0,60.0,100.0,72.0,94.0
410980,Ibiporã,PR,Paraná,SUL,53276,9,9,1.6893160147158195,5919.555555555556,2.941734159974117,53054,18839.0,35.50910393184303,6,41.5,4,2,27.0,14.0,45.0,52.0,43.0,68.0
410990,Icaraíma,PR,Paraná,SUL,9149,4,3,4.372062520494043,2287.25,0.0,9139,4322.0,47.29182623919466,6,65.33333333333333,2,1,41.0,19.0,83.0,89.0,72.0,88.0
411000,Iguaraçu,PR,Paraná,SUL,5693,3,3,5.269629369401018,1897.6666666666667,0.0,5599,1859.0,33.20235756385069,6,74.0,2,0,40.0,35.0,100.0,94.0,75.0,100.0
411005,Iguatu,PR,Paraná,SUL,2156,3,3,13.91465677179963,718.6666666666666,0.0,2162,966.0,44.680851063829785,6,70.5,1,0,59.0,31.0,67.0,83.0,83.0,100.0
411007,Imbaú,PR,Paraná,SUL,15068,6,6,3.9819485001327313,2511.3333333333335,0.0,14815,4568.0,30.833614579817752,6,50.833333333333336,3,1,26.0,32.0,30.0,70.0,50.0,97.0
411010,Imbituva,PR,Paraná,SUL,30849,10,10,3.2415961619501443,3084.9,0.0,30757,11709.0,38.06938257957538,6,72.16666666666667,0,0,50.0,61.0,83.0,91.0,75.0,73.0
411030,Inajá,PR,Paraná,SUL,2481,1,1,4.030632809351069,2481.0,0.0,2510,1340.0,53.38645418326693,6,55.166666666666664,2,2,18.0,0.0,100.0,100.0,63.0,50.0
411040,Indianópolis,PR,Paraná,SUL,4544,3,3,6.602112676056338,1514.6666666666667,0.0,4531,1791.0,39.527698079894066,6,75.0,1,0,34.0,58.0,82.0,94.0,82.0,100.0
411020,Inácio Martins,PR,Paraná,SUL,9555,14,14,14.652014652014651,682.5,0.0,9633,5279.0,54.80120419391674,6,61.166666666666664,1,0,57.0,39.0,62.0,73.0,58.0,78.0
411050,Ipiranga,PR,Paraná,SUL,14317,4,4,2.7938813997345813,3579.25,0.0,14338,5433.0,37.89231413028316,6,57.833333333333336,2,1,37.0,20.0,74.0,82.0,62.0,72.0
411060,Iporã,PR,Paraná,SUL,16102,3,3,1.8631225934666502,5367.333333333333,0.6092387462253775,16062,6483.0,40.3623459096003,6,65.33333333333333,2,1,43.0,20.0,73.0,94.0,89.0,73.0
411065,Iracema do Oeste,PR,Paraná,SUL,2328,2,1,8.59106529209622,1164.0,0.0,2344,1047.0,44.66723549488055,6,67.83333333333333,2,2,25.0,9.0,91.0,100.0,82.0,100.0
411070,Irati,PR,Paraná,SUL,61004,15,15,2.4588551570388826,4066.9333333333334,0.0,60796,17889.0,29.424633199552602,6,55.833333333333336,2,2,26.0,0.0,51.0,82.0,77.0,99.0
411080,Iretama,PR,Paraná,SUL,10832,2,2,1.8463810930576072,5416.0,0.4279762823943169,10843,4625.0,42.654246979618186,6,69.83333333333333,2,0,35.0,38.0,68.0,94.0,87.0,97.0
411090,Itaguajé,PR,Paraná,SUL,4530,3,3,6.622516556291391,1510.0,0.0,4532,1636.0,36.09885260370697,6,59.666666666666664,2,2,24.0,8.0,63.0,94.0,69.0,100.0
411095,Itaipulândia,PR,Paraná,SUL,12116,0,0,0.0,0.0,2.7157829244358886,11984,3916.0,32.676902536715616,6,77.33333333333333,0,0,50.0,55.0,88.0,92.0,83.0,96.0
411100,Itambaracá,PR,Paraná,SUL,5819,1,1,1.7185083347654238,5819.0,0.3043199766665925,5874,2750.0,46.81647940074906,6,53.833333333333336,1,1,25.0,55.0,58.0,74.0,58.0,53.0
411110,Itambé,PR,Paraná,SUL,6228,1,1,1.6056518946692355,6228.0,0.3959967029866883,6215,1831.0,29.46098149637973,6,36.833333333333336,5,3,25.0,21.0,10.0,35.0,30.0,100.0
411120,Itapejara d'Oeste,PR,Paraná,SUL,12869,6,6,4.6623669282772555,2144.8333333333335,0.0,12766,5007.0,39.22136926210246,6,64.66666666666667,1,0,49.0,52.0,74.0,79.0,66.0,68.0
411125,Itaperuçu,PR,Paraná,SUL,33310,5,5,1.5010507355148603,6662.0,2.4663857059227015,32890,12682.0,38.558832471875945,6,47.833333333333336,3,3,28.0,22.0,28.0,56.0,61.0,92.0
411130,Itaúna do Sul,PR,Paraná,SUL,3607,4,4,11.089548100914888,901.75,0.0,3620,1836.0,50.7182320441989,6,37.0,5,1,16.0,31.0,40.0,40.0,40.0,55.0
411150,Ivaiporã,PR,Paraná,SUL,33566,10,10,2.979205148066496,3356.6,0.0,33529,11423.0,34.06901488263891,6,65.66666666666667,1,0,47.0,64.0,65.0,69.0,52.0,97.0
411160,Ivatuba,PR,Paraná,SUL,2685,2,2,7.4487895716946,1342.5,0.0,2705,1167.0,43.14232902033272,6,50.5,3,1,18.0,32.0,80.0,50.0,40.0,83.0
411155,Ivaté,PR,Paraná,SUL,6788,4,4,5.892751915144372,1697.0,0.0,6833,2877.0,42.10449290209278,6,53.5,4,1,43.0,74.0,27.0,41.0,41.0,95.0
411140,Ivaí,PR,Paraná,SUL,13476,2,2,1.4841199168892847,6738.0,1.0206248505858397,13473,3915.0,29.058116232464933,6,55.166666666666664,3,1,40.0,19.0,40.0,96.0,69.0,67.0
411170,Jaboti,PR,Paraná,SUL,5655,2,2,3.5366931918656057,2827.5,0.0,5576,2535.0,45.46269727403157,6,69.66666666666667,1,0,48.0,64.0,75.0,75.0,56.0,100.0
411180,Jacarezinho,PR,Paraná,SUL,41493,11,11,2.6510495746270455,3772.090909090909,0.0,41400,16875.0,40.76086956521739,6,55.666666666666664,2,0,38.0,35.0,60.0,70.0,57.0,74.0
411190,Jaguapitã,PR,Paraná,SUL,15908,5,5,3.14307266784008,3181.6,0.0,15719,3351.0,21.31815000954259,6,48.166666666666664,3,2,21.0,18.0,35.0,91.0,53.0,71.0
411200,Jaguariaíva,PR,Paraná,SUL,36384,5,4,1.3742304309586633,7276.8,3.1554181184116343,36231,12313.0,33.98470922690514,6,56.833333333333336,3,0,37.0,31.0,48.0,75.0,55.0,95.0
411210,Jandaia do Sul,PR,Paraná,SUL,21930,6,6,2.7359781121751023,3655.0,0.0,21851,8016.0,36.68481991670862,6,37.833333333333336,5,2,23.0,8.0,41.0,45.0,39.0,71.0
411220,Janiópolis,PR,Paraná,SUL,5807,2,2,3.4441191665231616,2903.5,0.0,5835,2851.0,48.86032562125107,6,74.0,2,1,40.0,24.0,96.0,100.0,92.0,92.0
411230,Japira,PR,Paraná,SUL,5054,3,3,5.93589236248516,1684.6666666666667,0.0,5060,2260.0,44.66403162055336,6,60.5,2,1,44.0,24.0,53.0,74.0,68.0,100.0
411240,Japurá,PR,Paraná,SUL,9393,1,1,1.0646225912913871,9393.0,1.1054266267106556,9354,3647.0,38.9886679495403,6,66.83333333333333,1,1,29.0,68.0,76.0,72.0,56.0,100.0
411250,Jardim Alegre,PR,Paraná,SUL,12138,2,2,1.6477179106936892,6069.0,0.7207141908883142,12130,5365.0,44.22918384171476,6,50.333333333333336,3,0,42.0,30.0,44.0,64.0,58.0,64.0
411260,Jardim Olinda,PR,Paraná,SUL,1349,1,1,7.4128984432913265,1349.0,0.0,1353,646.0,47.74575018477458,6,96.83333333333333,0,0,88.0,93.0,100.0,100.0,100.0,100.0
411270,Jataizinho,PR,Paraná,SUL,11996,3,3,2.500833611203735,3998.6666666666665,0.0,11971,4964.0,41.4668782891989,6,54.5,3,2,25.0,28.0,35.0,67.0,74.0,98.0
411275,Jesuítas,PR,Paraná,SUL,10954,1,1,0.9129085265656381,10954.0,1.4553223963577686,10860,4358.0,40.12891344383057,6,35.5,4,4,25.0,4.0,20.0,4.0,60.0,100.0
411280,Joaquim Távora,PR,Paraná,SUL,12341,1,1,0.810307106393323,12341.0,1.7662163313356967,12280,5002.0,40.732899022801305,6,46.5,3,1,32.0,17.0,32.0,60.0,51.0,87.0
411290,Jundiaí do Sul,PR,Paraná,SUL,3372,2,2,5.931198102016608,1686.0,0.0,3366,1949.0,57.90255496137849,6,55.833333333333336,2,1,42.0,25.0,56.0,56.0,56.0,100.0
411295,Juranda,PR,Paraná,SUL,7899,3,3,3.79794910748196,2633.0,0.0,7898,3504.0,44.365662192960244,6,77.66666666666667,1,0,37.0,62.0,87.0,100.0,80.0,100.0
411300,Jussara,PR,Paraná,SUL,6786,4,4,5.894488653109343,1696.5,0.0,6795,2399.0,35.30537159676233,6,72.83333333333333,2,0,33.0,48.0,72.0,97.0,93.0,94.0
411310,Kaloré,PR,Paraná,SUL,4666,1,1,2.1431633090441493,4666.0,0.04587678486446477,4657,2235.0,47.992269701524584,6,67.16666666666667,2,0,34.0,34.0,88.0,76.0,71.0,100.0
411320,Lapa,PR,Paraná,SUL,45878,13,13,2.833602162256419,3529.076923076923,0.0,45857,13448.0,29.32594805591295,6,36.0,4,2,28.0,16.0,52.0,32.0,52.0,36.0
411325,Laranjal,PR,Paraná,SUL,5525,1,1,1.8099547511312217,5525.0,0.23842032498417665,5575,3439.0,61.68609865470852,6,64.16666666666667,2,1,30.0,5.0,83.0,97.0,78.0,92.0
411330,Laranjeiras do Sul,PR,Paraná,SUL,33179,9,9,2.7125591488592184,3686.5555555555557,0.0,33103,12792.0,38.6430232909404,6,68.0,2,1,39.0,26.0,69.0,99.0,77.0,98.0
411340,Leópolis,PR,Paraná,SUL,3725,4,4,10.738255033557046,931.25,0.0,3751,1867.0,49.773393761663556,6,78.66666666666667,1,0,37.0,59.0,92.0,92.0,92.0,100.0
411342,Lidianópolis,PR,Paraná,SUL,3987,1,1,2.508151492350138,3987.0,0.0,3989,2077.0,52.068187515668086,6,81.5,0,0,50.0,57.0,88.0,100.0,94.0,100.0
411345,Lindoeste,PR,Paraná,SUL,5217,2,2,3.8336208548974504,2608.5,0.0,5226,2965.0,56.73555300420971,6,84.16666666666667,0,0,59.0,61.0,90.0,100.0,95.0,100.0
411350,Loanda,PR,Paraná,SUL,23966,7,7,2.9208044730034217,3423.714285714286,0.0,23813,7403.0,31.08806114307311,6,72.0,1,0,51.0,47.0,74.0,93.0,72.0,95.0
411360,Lobato,PR,Paraná,SUL,4707,1,1,2.1244954323348204,4707.0,0.05506687234398546,4693,1728.0,36.820796931600256,6,43.5,5,1,39.0,14.0,33.0,47.0,40.0,88.0
411370,Londrina,PR,Paraná,SUL,581382,57,57,0.9804225105008411,10199.684210526315,73.31588875655214,577318,155690.0,26.967806304324483,6,45.5,5,2,27.0,23.0,41.0,47.0,49.0,86.0
411373,Luiziana,PR,Paraná,SUL,6659,1,1,1.501726986033939,6659.0,0.4926046957592094,6696,3220.0,48.0884109916368,6,37.833333333333336,4,3,23.0,16.0,56.0,11.0,78.0,43.0
411375,Lunardelli,PR,Paraná,SUL,4864,2,2,4.1118421052631575,2432.0,0.0,4902,2402.0,49.00040799673603,6,57.166666666666664,3,2,31.0,23.0,100.0,0.0,89.0,100.0
411380,Lupionópolis,PR,Paraná,SUL,4929,2,2,4.057618178129438,2464.5,0.0,4911,2169.0,44.16615760537569,6,66.33333333333333,2,0,37.0,44.0,57.0,100.0,71.0,89.0
411390,Mallet,PR,Paraná,SUL,13681,8,8,5.8475257656604045,1710.125,0.0,13655,4624.0,33.8630538264372,6,66.66666666666667,2,1,36.0,23.0,82.0,90.0,69.0,100.0
411400,Mamborê,PR,Paraná,SUL,13551,3,3,2.2138587558113794,4517.0,0.03743598621910891,13572,5676.0,41.82139699381079,6,49.666666666666664,4,0,42.0,48.0,30.0,52.0,44.0,82.0
411420,Mandaguari,PR,Paraná,SUL,38313,8,8,2.0880641035679797,4789.125,0.5878005268993225,38050,11201.0,29.437582128777922,6,47.666666666666664,3,2,17.0,56.0,25.0,55.0,37.0,96.0
411410,Mandaguaçu,PR,Paraná,SUL,34521,6,6,1.7380724776223169,5753.5,1.7378295092812237,33752,7868.0,23.31121118748519,6,59.333333333333336,2,2,28.0,15.0,60.0,95.0,63.0,95.0
411430,Mandirituba,PR,Paraná,SUL,29104,5,5,1.7179769103903242,5820.8,1.5236172196089555,28761,9181.0,31.921699523660514,6,48.666666666666664,4,3,26.0,29.0,29.0,91.0,44.0,73.0
411435,Manfrinópolis,PR,Paraná,SUL,2790,4,4,14.336917562724015,697.5,0.0,2761,1065.0,38.5729808040565,6,58.666666666666664,3,1,44.0,8.0,67.0,33.0,100.0,100.0
411440,Mangueirinha,PR,Paraná,SUL,16737,7,7,4.182350480970305,2391.0,0.0,16764,6774.0,40.40801717967072,6,68.0,0,0,50.0,55.0,69.0,73.0,64.0,97.0
411450,Manoel Ribas,PR,Paraná,SUL,14675,1,1,0.6814310051107325,14675.0,2.2893788722430393,14576,5933.0,40.70389681668496,6,55.166666666666664,2,0,30.0,33.0,55.0,65.0,53.0,95.0
411460,Marechal Cândido Rondon,PR,Paraná,SUL,58734,20,19,3.4051826880512137,2936.7,0.0,58140,15915.0,27.37358101135191,6,49.5,3,1,35.0,24.0,55.0,59.0,44.0,80.0
411470,Maria Helena,PR,Paraná,SUL,5926,2,2,3.374957813027337,2963.0,0.0,5935,2549.0,42.9486099410278,6,71.33333333333333,2,0,33.0,41.0,93.0,93.0,73.0,95.0
411480,Marialva,PR,Paraná,SUL,44749,9,9,2.011218127779392,4972.111111111111,1.030420112708944,44098,15724.0,35.65694589323779,6,51.166666666666664,3,2,29.0,18.0,43.0,63.0,59.0,95.0
411500,Marilena,PR,Paraná,SUL,7450,1,1,1.3422818791946307,7450.0,0.6699061395714239,7409,3009.0,40.61276825482521,6,49.5,3,1,31.0,4.0,35.0,61.0,78.0,88.0
411510,Mariluz,PR,Paraná,SUL,9910,2,2,2.0181634712411705,4955.0,0.22131138834265898,9934,4527.0,45.57076706261325,6,66.33333333333333,1,0,47.0,60.0,57.0,67.0,67.0,100.0
411490,Marilândia do Sul,PR,Paraná,SUL,8761,1,1,1.1414222120762472,8761.0,0.9637647904409722,8774,4068.0,46.36425803510372,6,32.833333333333336,5,4,47.0,5.0,24.0,24.0,28.0,69.0
411520,Maringá,PR,Paraná,SUL,429660,42,42,0.9775171065493646,10230.0,54.307633815873544,425983,104963.0,24.64018517170873,6,34.0,5,2,20.0,11.0,33.0,37.0,30.0,73.0
411535,Maripá,PR,Paraná,SUL,6824,2,2,2.9308323563892142,3412.0,0.0,6767,2165.0,31.99349785724841,6,69.33333333333333,2,1,43.0,28.0,75.0,88.0,92.0,90.0
411530,Mariópolis,PR,Paraná,SUL,6506,2,2,3.074085459575776,3253.0,0.0,6475,2578.0,39.81467181467181,6,57.166666666666664,2,0,37.0,37.0,59.0,59.0,55.0,96.0
411540,Marmeleiro,PR,Paraná,SUL,16605,3,3,1.806684733514002,5535.0,0.7219854292058375,16386,6412.0,39.13096545831808,6,77.33333333333333,2,0,49.0,45.0,92.0,97.0,84.0,97.0
411545,Marquinho,PR,Paraná,SUL,4491,2,2,4.45335114673792,2245.5,0.0,4521,2624.0,58.04025658040256,6,65.5,2,0,42.0,40.0,79.0,84.0,74.0,74.0
411550,Marumbi,PR,Paraná,SUL,4780,2,2,4.184100418410042,2390.0,0.0,4778,1910.0,39.97488488907492,6,51.666666666666664,2,2,15.0,1.0,67.0,73.0,73.0,81.0
411560,Matelândia,PR,Paraná,SUL,19223,7,7,3.641471154346356,2746.1428571428573,0.0,19022,6245.0,32.83040689727684,6,57.833333333333336,1,0,50.0,31.0,55.0,61.0,50.0,100.0
411570,Matinhos,PR,Paraná,SUL,42063,7,7,1.6641704110500917,6009.0,2.428357308562791,41416,18081.0,43.65704075719529,6,54.0,2,2,19.0,27.0,51.0,88.0,56.0,83.0
411573,Mato Rico,PR,Paraná,SUL,3249,3,3,9.233610341643582,1083.0,0.0,3237,1939.0,59.90114303367315,6,70.16666666666667,2,1,34.0,3.0,100.0,100.0,92.0,92.0
411575,Mauá da Serra,PR,Paraná,SUL,9689,5,5,5.160491278769738,1937.8,0.0,9628,4535.0,47.10220191109264,6,40.833333333333336,4,2,29.0,31.0,24.0,44.0,50.0,67.0
411580,Medianeira,PR,Paraná,SUL,57910,12,12,2.072180970471421,4825.833333333333,0.9804381936350548,57120,14730.0,25.787815126050422,6,62.833333333333336,2,1,32.0,15.0,70.0,97.0,73.0,90.0
411585,Mercedes,PR,Paraná,SUL,6194,1,1,1.6144656118824667,6194.0,0.3883756548329395,6136,1686.0,27.477183833116037,6,65.0,2,0,45.0,45.0,50.0,75.0,75.0,100.0
411590,Mirador,PR,Paraná,SUL,2248,2,2,8.896797153024911,1124.0,0.0,2258,1021.0,45.217006200177146,6,43.833333333333336,4,1,31.0,36.0,67.0,67.0,33.0,29.0
411600,Miraselva,PR,Paraná,SUL,2017,1,1,4.957858205255329,2017.0,0.0,2008,923.0,45.96613545816733,6,40.166666666666664,5,1,32.0,11.0,40.0,40.0,40.0,78.0
411605,Missal,PR,Paraná,SUL,11423,6,6,5.252560623303861,1903.8333333333333,0.0,11301,4481.0,39.65135828687727,6,61.666666666666664,1,0,55.0,69.0,52.0,57.0,41.0,96.0
411610,Moreira Sales,PR,Paraná,SUL,11043,5,5,4.527755139002083,2208.6,0.0,11137,5055.0,45.38924306366167,6,60.666666666666664,2,0,40.0,38.0,74.0,72.0,67.0,73.0
411620,Morretes,PR,Paraná,SUL,19089,3,3,1.5715857300015716,6363.0,1.2787702413797188,18908,6942.0,36.714618151047176,6,60.166666666666664,2,1,26.0,41.0,90.0,75.0,67.0,62.0
411630,Munhoz de Melo,PR,Paraná,SUL,4057,3,3,7.394626571358146,1352.3333333333333,0.0,4045,1907.0,47.14462299134734,6,76.66666666666667,1,0,56.0,31.0,93.0,93.0,87.0,100.0
411640,Nossa Senhora das Graças,PR,Paraná,SUL,3669,2,2,5.451076587626057,1834.5,0.0,3685,1341.0,36.39077340569878,6,68.16666666666667,2,1,35.0,26.0,100.0,89.0,89.0,70.0
411650,Nova Aliança do Ivaí,PR,Paraná,SUL,1322,1,1,7.564296520423601,1322.0,0.0,1327,545.0,41.070082893745294,6,57.166666666666664,2,1,41.0,19.0,67.0,83.0,83.0,50.0
411660,Nova América da Colina,PR,Paraná,SUL,3286,1,1,3.0432136335970785,3286.0,0.0,3299,1717.0,52.046074568050926,6,67.0,2,1,27.0,42.0,83.0,67.0,83.0,100.0
411670,Nova Aurora,PR,Paraná,SUL,14331,3,3,2.0933640360058616,4777.0,0.2122717968051102,14219,5060.0,35.58618749560447,6,61.833333333333336,2,1,30.0,24.0,66.0,91.0,73.0,87.0
411680,Nova Cantu,PR,Paraná,SUL,6739,1,1,1.4838996883810656,6739.0,0.5105365737680301,6799,3480.0,51.183997646712754,6,66.0,3,0,38.0,35.0,38.0,100.0,88.0,97.0
411690,Nova Esperança,PR,Paraná,SUL,27142,9,8,3.3158941861321938,3015.777777777778,0.0,27142,10519.0,38.75543438213838,6,53.166666666666664,2,2,23.0,13.0,55.0,69.0,60.0,99.0
411695,Nova Esperança do Sudoeste,PR,Paraná,SUL,5783,1,1,1.7292062943109114,5783.0,0.29625063156262316,5744,2229.0,38.80571030640669,6,80.0,0,0,64.0,57.0,93.0,96.0,75.0,95.0
411700,Nova Fátima,PR,Paraná,SUL,7140,1,1,1.4005602240896358,7140.0,0.6004201122872438,7201,2617.0,36.34217469795862,6,40.0,5,3,23.0,6.0,29.0,47.0,35.0,100.0
411705,Nova Laranjeiras,PR,Paraná,SUL,12298,4,4,3.252561392096276,3074.5,0.0,12287,5011.0,40.78294132009441,6,58.5,2,1,28.0,38.0,58.0,69.0,58.0,100.0
411710,Nova Londrina,PR,Paraná,SUL,13074,6,6,4.5892611289582375,2179.0,0.0,13085,5166.0,39.48032097821933,6,48.333333333333336,2,1,31.0,7.0,53.0,51.0,60.0,88.0
411720,Nova Olímpia,PR,Paraná,SUL,5982,1,1,1.6716817118020728,5982.0,0.3408561781095647,5960,2486.0,41.711409395973156,6,75.5,2,0,37.0,45.0,82.0,100.0,89.0,100.0
411725,Nova Prata do Iguaçu,PR,Paraná,SUL,13340,4,4,2.998500749625187,3335.0,0.0,13196,3802.0,28.811761139739318,6,49.666666666666664,2,2,23.0,6.0,55.0,53.0,61.0,100.0
411721,Nova Santa Bárbara,PR,Paraná,SUL,4308,2,2,4.642525533890437,2154.0,0.0,4280,2174.0,50.794392523364486,6,88.83333333333333,0,0,64.0,69.0,100.0,100.0,100.0,100.0
411722,Nova Santa Rosa,PR,Paraná,SUL,8581,1,1,1.1653653420347279,8581.0,0.9234180649211258,8535,2874.0,33.67311072056239,6,53.5,2,1,35.0,17.0,61.0,68.0,58.0,82.0
411727,Nova Tebas,PR,Paraná,SUL,6852,8,8,11.675423234092236,856.5,0.0,6870,3656.0,53.21688500727802,6,67.83333333333333,1,1,78.0,16.0,89.0,89.0,68.0,67.0
411729,Novo Itacolomi,PR,Paraná,SUL,3227,2,2,6.197706848466068,1613.5,0.0,3210,1540.0,47.97507788161994,6,68.66666666666667,2,1,45.0,17.0,90.0,80.0,80.0,100.0
411730,Ortigueira,PR,Paraná,SUL,24706,13,13,5.261879705334737,1900.4615384615386,0.0,24627,11320.0,45.96580988346124,6,44.0,4,2,22.0,14.0,34.0,48.0,56.0,90.0
411740,Ourizona,PR,Paraná,SUL,3193,3,3,9.395552771688068,1064.3333333333333,0.0,3206,1250.0,38.98939488459139,6,35.0,4,4,26.0,16.0,50.0,20.0,20.0,78.0
411745,Ouro Verde do Oeste,PR,Paraná,SUL,7102,2,1,2.8161081385525204,3551.0,0.0,7031,1950.0,27.73431944246906,6,64.33333333333333,2,2,27.0,18.0,82.0,95.0,77.0,87.0
411750,Paiçandu,PR,Paraná,SUL,48695,7,6,1.4375192524899887,6956.428571428572,3.914909995494024,48207,13622.0,28.257307030099366,6,45.333333333333336,3,2,19.0,18.0,30.0,67.0,52.0,86.0
411760,Palmas,PR,Paraná,SUL,50238,9,9,1.7914725904693656,5582.0,2.2607710925891533,49891,15970.0,32.009781323284756,6,68.66666666666667,2,0,35.0,35.0,84.0,96.0,72.0,90.0
411770,Palmeira,PR,Paraná,SUL,34948,15,15,4.292091106787227,2329.866666666667,0.0,34806,9825.0,28.227891742802964,6,42.0,5,1,34.0,20.0,39.0,48.0,34.0,77.0
411780,Palmital,PR,Paraná,SUL,12879,5,5,3.8822889975929806,2575.8,0.0,12967,6817.0,52.57191331842369,6,61.833333333333336,2,2,25.0,6.0,72.0,88.0,83.0,97.0
411790,Palotina,PR,Paraná,SUL,37039,10,9,2.6998569075838983,3703.9,0.0,36623,11718.0,31.996286486634084,6,54.333333333333336,2,1,34.0,25.0,64.0,72.0,64.0,67.0
411810,Paranacity,PR,Paraná,SUL,9549,4,4,4.188920305791183,2387.25,0.0,9597,3571.0,37.2095446493696,6,59.166666666666664,2,2,22.0,24.0,92.0,62.0,58.0,97.0
411820,Paranaguá,PR,Paraná,SUL,150104,13,13,0.8660661941054203,11546.461538461539,20.6455827079502,149819,52661.0,35.149747361816594,6,32.833333333333336,5,3,22.0,25.0,37.0,40.0,17.0,56.0
411830,Paranapoema,PR,Paraná,SUL,2352,1,1,4.2517006802721085,2352.0,0.0,2378,999.0,42.01009251471825,6,78.0,1,0,30.0,60.0,100.0,89.0,89.0,100.0
411840,Paranavaí,PR,Paraná,SUL,96209,23,23,2.390628735357399,4183.0,0.0,95525,33446.0,35.01282386809736,6,45.0,4,1,35.0,17.0,45.0,54.0,48.0,71.0
411800,Paraíso do Norte,PR,Paraná,SUL,13728,5,4,3.6421911421911424,2745.6,0.0,13634,4201.0,30.81267419686079,6,48.666666666666664,3,1,36.0,14.0,40.0,60.0,50.0,92.0
411845,Pato Bragado,PR,Paraná,SUL,6004,3,3,4.996668887408394,2001.3333333333333,0.0,5939,1926.0,32.429701970028624,6,66.66666666666667,1,0,40.0,80.0,64.0,55.0,64.0,97.0
411850,Pato Branco,PR,Paraná,SUL,97821,19,19,1.9423232230298197,5148.473684210527,2.9264279837605693,96602,26566.0,27.50046582886483,6,59.666666666666664,2,0,42.0,44.0,58.0,64.0,52.0,98.0
411860,Paula Freitas,PR,Paraná,SUL,5706,3,3,5.257623554153523,1902.0,0.0,5778,2300.0,39.8061613014884,6,74.0,2,0,42.0,38.0,80.0,97.0,87.0,100.0
411870,Paulo Frontin,PR,Paraná,SUL,6414,2,2,3.1181789834736513,3207.0,0.0,6369,2300.0,36.11241953210865,6,64.66666666666667,2,0,45.0,45.0,63.0,75.0,63.0,97.0
411880,Peabiru,PR,Paraná,SUL,13494,4,4,2.9642804209278197,3373.5,0.0,13496,5236.0,38.796680497925315,6,41.333333333333336,5,1,20.0,33.0,32.0,37.0,32.0,94.0
411885,Perobal,PR,Paraná,SUL,7599,3,3,3.9478878799842083,2533.0,0.0,7496,2661.0,35.498932764140875,6,75.66666666666667,2,0,49.0,39.0,84.0,97.0,87.0,98.0
411915,Pinhais,PR,Paraná,SUL,131255,14,13,1.0666260332939697,9375.357142857143,15.420608100596944,131199,46646.0,35.55362464652932,6,54.833333333333336,2,0,31.0,57.0,58.0,62.0,49.0,72.0
411925,Pinhal de São Bento,PR,Paraná,SUL,2805,1,1,3.5650623885918002,2805.0,0.0,2819,1335.0,47.357218871940404,6,68.83333333333333,2,1,44.0,23.0,100.0,100.0,63.0,83.0
411920,Pinhalão,PR,Paraná,SUL,6676,2,2,2.995805871779509,3338.0,0.0,6707,3498.0,52.154465483822875,6,64.16666666666667,2,1,48.0,21.0,82.0,87.0,71.0,76.0
411930,Pinhão,PR,Paraná,SUL,30451,11,11,3.6123608420084725,2768.2727272727275,0.0,30472,14948.0,49.05487004463114,6,69.0,2,0,46.0,34.0,80.0,90.0,84.0,80.0
411950,Piraquara,PR,Paraná,SUL,127433,21,20,1.6479247918514044,6068.238095238095,7.563912628725533,124934,37563.0,30.06627499319641,6,43.166666666666664,3,2,18.0,1.0,66.0,46.0,57.0,71.0
411940,Piraí do Sul,PR,Paraná,SUL,23977,8,8,3.336530842056971,2997.125,0.0,24000,8958.0,37.325,6,73.5,1,0,71.0,46.0,88.0,81.0,82.0,73.0
411960,Pitanga,PR,Paraná,SUL,34527,2,2,0.5792568135082689,17263.5,5.739174400131886,34513,11954.0,34.63622403152436,6,54.833333333333336,2,1,41.0,15.0,52.0,79.0,64.0,78.0
411965,Pitangueiras,PR,Paraná,SUL,3141,1,1,3.183699458771092,3141.0,0.0,3121,1354.0,43.383530919577055,6,83.16666666666667,0,0,56.0,68.0,100.0,100.0,75.0,100.0
411910,Piên,PR,Paraná,SUL,14409,8,8,5.552085502116733,1801.125,0.0,14179,4367.0,30.799069045771915,6,76.66666666666667,0,0,58.0,54.0,81.0,98.0,73.0,96.0
411970,Planaltina do Paraná,PR,Paraná,SUL,4125,1,1,2.4242424242424243,4125.0,0.0,4123,2124.0,51.5158864904196,6,44.0,2,1,35.0,4.0,55.0,55.0,60.0,55.0
411980,Planalto,PR,Paraná,SUL,14722,4,4,2.717022143730471,3680.5,0.0,14663,5488.0,37.42753870285753,6,73.83333333333333,2,0,46.0,34.0,86.0,95.0,84.0,98.0
411990,Ponta Grossa,PR,Paraná,SUL,375632,68,65,1.8102824040550325,5524.0,16.197340002616517,372562,102826.0,27.59970152618893,6,47.333333333333336,2,2,19.0,14.0,53.0,70.0,58.0,70.0
411995,Pontal do Paraná,PR,Paraná,SUL,33131,5,5,1.5091606048715704,6626.2,2.426263128877965,32426,10405.0,32.08844754209585,6,57.0,3,1,20.0,44.0,74.0,95.0,44.0,65.0
412000,Porecatu,PR,Paraná,SUL,11271,4,4,3.5489308845710226,2817.75,0.0,11438,4998.0,43.696450428396574,6,59.666666666666664,2,2,24.0,14.0,55.0,87.0,81.0,97.0
412010,Porto Amazonas,PR,Paraná,SUL,4072,2,2,4.911591355599214,2036.0,0.0,4099,1695.0,41.3515491583313,6,76.66666666666667,1,1,76.0,27.0,71.0,100.0,86.0,100.0
412015,Porto Barreiro,PR,Paraná,SUL,3057,2,2,6.542361792607132,1528.5,0.0,3078,1569.0,50.97465886939572,6,68.5,1,1,51.0,2.0,100.0,100.0,58.0,100.0
412020,Porto Rico,PR,Paraná,SUL,3370,1,1,2.9673590504451037,3370.0,0.0,3316,994.0,29.97587454764777,6,52.833333333333336,2,1,32.0,20.0,69.0,50.0,63.0,83.0
412030,Porto Vitória,PR,Paraná,SUL,3515,3,3,8.534850640113799,1171.6666666666667,0.0,3549,1801.0,50.74668920822767,6,68.83333333333333,2,1,39.0,15.0,92.0,100.0,67.0,100.0
412033,Prado Ferreira,PR,Paraná,SUL,3816,1,1,2.620545073375262,3816.0,0.0,3799,1766.0,46.48591734667018,6,55.666666666666664,2,1,32.0,1.0,50.0,88.0,69.0,94.0
412035,Pranchita,PR,Paraná,SUL,5831,1,1,1.7149717029669012,5831.0,0.3070097583679156,5833,2272.0,38.95079718841077,6,81.0,0,0,75.0,64.0,100.0,96.0,84.0,67.0
412040,Presidente Castelo Branco,PR,Paraná,SUL,4304,3,3,6.970260223048327,1434.6666666666667,0.0,4336,1783.0,41.12084870848708,6,63.666666666666664,2,2,28.0,10.0,67.0,100.0,83.0,94.0
412050,Primeiro de Maio,PR,Paraná,SUL,10064,4,4,3.9745627980922102,2516.0,0.0,10121,3809.0,37.63462108487304,6,29.5,5,5,15.0,12.0,23.0,14.0,18.0,95.0
412060,Prudentópolis,PR,Paraná,SUL,50946,17,17,3.336866486083304,2996.823529411765,0.0,50428,20794.0,41.23502815895931,6,73.5,2,0,43.0,34.0,84.0,96.0,87.0,97.0
411890,Pérola,PR,Paraná,SUL,12389,3,3,2.4215029461619175,4129.666666666667,0.0,12275,4177.0,34.02851323828921,6,74.66666666666667,0,0,57.0,63.0,100.0,89.0,61.0,78.0
411900,Pérola d'Oeste,PR,Paraná,SUL,6218,1,1,1.608234158893535,6218.0,0.39375521823558557,6235,2433.0,39.02165196471532,6,67.0,3,0,41.0,34.0,91.0,91.0,45.0,100.0
412065,Quarto Centenário,PR,Paraná,SUL,4127,3,3,7.26920281075842,1375.6666666666667,0.0,4170,1678.0,40.23980815347722,6,76.16666666666667,2,0,46.0,42.0,81.0,100.0,88.0,100.0
412070,Quatiguá,PR,Paraná,SUL,8426,1,1,1.186802753382388,8426.0,0.8886750512790357,8357,3345.0,40.02632523632882,6,68.66666666666667,0,0,53.0,59.0,73.0,73.0,54.0,100.0
412080,Quatro Barras,PR,Paraná,SUL,25397,9,9,3.543725636886246,2821.8888888888887,0.0,25109,7740.0,30.82560038233303,6,43.166666666666664,3,2,16.0,22.0,45.0,54.0,50.0,72.0
412085,Quatro Pontes,PR,Paraná,SUL,4672,1,1,2.1404109589041096,4672.0,0.047221675715126386,4636,1444.0,31.147540983606557,6,43.333333333333336,5,1,35.0,13.0,44.0,44.0,33.0,91.0
412090,Quedas do Iguaçu,PR,Paraná,SUL,31423,12,11,3.8188587976959547,2618.5833333333335,0.0,31405,14025.0,44.65849387040281,6,56.0,2,1,30.0,28.0,52.0,71.0,59.0,96.0
412100,Querência do Norte,PR,Paraná,SUL,10625,5,5,4.705882352941177,2125.0,0.0,10693,4735.0,44.28130552698027,6,64.83333333333333,2,1,35.0,13.0,88.0,80.0,73.0,100.0
412110,Quinta do Sol,PR,Paraná,SUL,5052,1,1,1.979414093428345,5052.0,0.1323980962570246,5060,2277.0,45.0,6,62.166666666666664,2,2,20.0,12.0,88.0,71.0,82.0,100.0
412120,Quitandinha,PR,Paraná,SUL,18882,0,0,0.0,0.0,4.232371507031895,18823,6867.0,36.481963555224986,6,72.16666666666667,0,0,53.0,50.0,86.0,85.0,63.0,96.0
412125,Ramilândia,PR,Paraná,SUL,4279,0,0,0.0,0.0,0.9591313249967949,4293,1754.0,40.85720941066853,6,39.666666666666664,4,2,41.0,11.0,41.0,27.0,68.0,50.0
412130,Rancho Alegre,PR,Paraná,SUL,3472,1,1,2.880184331797235,3472.0,0.0,3501,1662.0,47.47215081405313,6,45.333333333333336,4,2,37.0,2.0,100.0,33.0,0.0,100.0
412135,Rancho Alegre D'Oeste,PR,Paraná,SUL,2623,3,2,11.43728555089592,874.3333333333334,0.0,2638,1213.0,45.98180439727066,6,73.33333333333333,1,0,41.0,72.0,89.0,100.0,67.0,71.0
412140,Realeza,PR,Paraná,SUL,20097,7,7,3.483106931382794,2871.0,0.0,19903,6037.0,30.332110737074814,6,81.33333333333333,1,0,48.0,73.0,92.0,92.0,84.0,99.0
412150,Rebouças,PR,Paraná,SUL,14825,5,5,3.372681281618887,2965.0,0.0,14754,7050.0,47.78365189101261,6,60.0,2,0,36.0,42.0,62.0,59.0,62.0,99.0
412160,Renascença,PR,Paraná,SUL,6945,1,1,1.4398848092152627,6945.0,0.5567111596407434,6946,2285.0,32.89663115462137,6,72.83333333333333,2,0,43.0,48.0,93.0,96.0,74.0,83.0
412170,Reserva,PR,Paraná,SUL,24878,4,4,1.6078462898946861,6219.5,1.5763657637930037,24851,11992.0,48.2556033962416,6,63.666666666666664,2,1,26.0,36.0,61.0,96.0,78.0,85.0
412175,Reserva do Iguaçu,PR,Paraná,SUL,6493,0,0,0.0,0.0,1.4553960488909066,6543,3108.0,47.50114626318202,6,69.33333333333333,2,1,34.0,12.0,88.0,100.0,82.0,100.0
412180,Ribeirão Claro,PR,Paraná,SUL,12856,3,3,2.3335407591785935,4285.333333333333,0.0,12770,5151.0,40.33672670321065,6,45.5,4,2,29.0,21.0,44.0,53.0,31.0,95.0
412190,Ribeirão do Pinhal,PR,Paraná,SUL,13158,2,2,1.519987840097279,6579.0,0.9493456355007778,13180,5997.0,45.50075872534143,6,47.0,4,2,35.0,29.0,16.0,81.0,78.0,43.0
412200,Rio Azul,PR,Paraná,SUL,14174,5,5,3.527585720333004,2834.8,0.0,14214,5036.0,35.42985788659069,6,81.33333333333333,0,0,53.0,50.0,100.0,100.0,89.0,96.0
412210,Rio Bom,PR,Paraná,SUL,3214,2,2,6.222775357809583,1607.0,0.0,3223,1680.0,52.12534905367669,6,74.83333333333333,1,1,50.0,21.0,100.0,100.0,88.0,90.0
412215,Rio Bonito do Iguaçu,PR,Paraná,SUL,14297,4,4,2.7977897461005807,3574.25,0.0,14234,7706.0,54.13797948573838,6,65.66666666666667,2,1,26.0,42.0,72.0,89.0,67.0,98.0
412217,Rio Branco do Ivaí,PR,Paraná,SUL,3841,3,3,7.8104660244727935,1280.3333333333333,0.0,3850,2463.0,63.97402597402597,6,66.0,2,1,34.0,12.0,95.0,75.0,80.0,100.0
412220,Rio Branco do Sul,PR,Paraná,SUL,40308,10,10,2.480897092388608,4030.8,0.0,39307,13287.0,33.80313938993055,6,30.333333333333332,5,4,21.0,0.0,24.0,29.0,47.0,61.0
412230,Rio Negro,PR,Paraná,SUL,31951,11,11,3.442771744233357,2904.6363636363635,0.0,31992,9595.0,29.991872968242063,6,45.833333333333336,4,1,38.0,17.0,49.0,52.0,47.0,72.0
412240,Rolândia,PR,Paraná,SUL,75818,10,10,1.3189480070695614,7581.8,6.9944890859095565,74935,23714.0,31.646093280843395,6,52.5,3,1,32.0,22.0,44.0,72.0,62.0,83.0
412250,Roncador,PR,Paraná,SUL,11339,3,3,2.645735955551636,3779.6666666666665,0.0,11371,4975.0,43.75164893149239,6,40.0,5,1,32.0,49.0,13.0,31.0,40.0,75.0
412260,Rondon,PR,Paraná,SUL,9255,3,3,3.2414910858995136,3085.0,0.0,9240,3147.0,34.05844155844156,6,68.66666666666667,2,1,36.0,8.0,90.0,95.0,83.0,100.0
412265,Rosário do Ivaí,PR,Paraná,SUL,5484,3,3,5.470459518599562,1828.0,0.0,5491,3013.0,54.87160808595885,6,69.83333333333333,2,1,46.0,10.0,94.0,100.0,94.0,75.0
412270,Sabáudia,PR,Paraná,SUL,9511,2,2,2.102828304068973,4755.5,0.13187614677366585,9320,3192.0,34.24892703862661,6,68.0,1,1,55.0,23.0,62.0,92.0,85.0,91.0
412280,Salgado Filho,PR,Paraná,SUL,4090,1,0,2.4449877750611244,4090.0,0.0,4097,1526.0,37.24676592628753,6,65.66666666666667,1,0,39.0,60.0,60.0,75.0,60.0,100.0
412290,Salto do Itararé,PR,Paraná,SUL,5214,2,2,3.835826620636747,2607.0,0.0,5267,2384.0,45.26295804063034,6,57.333333333333336,3,2,36.0,7.0,24.0,94.0,88.0,95.0
412300,Salto do Lontra,PR,Paraná,SUL,15706,7,7,4.456895453966637,2243.714285714286,0.0,15636,4987.0,31.894346380148374,6,71.83333333333333,1,1,52.0,20.0,92.0,92.0,75.0,100.0
412310,Santa Amélia,PR,Paraná,SUL,3358,1,1,2.9779630732578917,3358.0,0.0,3386,1444.0,42.64619019492026,6,43.833333333333336,3,2,22.0,6.0,55.0,64.0,45.0,71.0
412320,Santa Cecília do Pavão,PR,Paraná,SUL,3357,3,3,8.936550491510276,1119.0,0.0,3375,1641.0,48.62222222222222,6,58.833333333333336,2,1,36.0,7.0,73.0,73.0,64.0,100.0
412330,Santa Cruz de Monte Castelo,PR,Paraná,SUL,8840,6,6,6.787330316742081,1473.3333333333333,0.0,8806,3973.0,45.116965705201004,6,66.33333333333333,2,1,39.0,28.0,95.0,90.0,78.0,68.0
412340,Santa Fé,PR,Paraná,SUL,11730,3,2,2.5575447570332477,3910.0,0.0,11669,3663.0,31.390864684206015,6,62.666666666666664,2,1,33.0,25.0,72.0,92.0,72.0,82.0
412350,Santa Helena,PR,Paraná,SUL,26461,1,1,0.3779146668682211,26461.0,4.931192799892543,26341,10235.0,38.85577616643256,6,64.83333333333333,2,0,49.0,30.0,74.0,78.0,62.0,96.0
412360,Santa Inês,PR,Paraná,SUL,1745,2,1,11.46131805157593,872.5,0.0,1760,748.0,42.5,6,65.66666666666667,2,2,22.0,1.0,100.0,100.0,71.0,100.0
412370,Santa Isabel do Ivaí,PR,Paraná,SUL,9043,2,2,2.2116554240849275,4521.5,0.026974660422065068,9059,3546.0,39.143393310519926,6,68.16666666666667,2,1,33.0,22.0,91.0,88.0,75.0,100.0
412380,Santa Izabel do Oeste,PR,Paraná,SUL,14462,6,6,4.148803761582077,2410.3333333333335,0.0,14385,4270.0,29.683698296836987,6,76.16666666666667,0,0,53.0,55.0,85.0,91.0,75.0,98.0
412382,Santa Lúcia,PR,Paraná,SUL,3638,2,2,5.497526113249038,1819.0,0.0,3657,1599.0,43.724364232977855,6,72.5,2,1,32.0,20.0,83.0,100.0,100.0,100.0
412385,Santa Maria do Oeste,PR,Paraná,SUL,9869,2,2,2.026547775863816,4934.5,0.21212130086313813,9985,4956.0,49.634451677516275,6,62.833333333333336,2,2,23.0,13.0,83.0,89.0,71.0,98.0
412390,Santa Mariana,PR,Paraná,SUL,10941,0,0,0.0,0.0,2.452408466181335,11034,5610.0,50.84284937466014,6,65.33333333333333,2,0,36.0,47.0,71.0,97.0,71.0,70.0
412395,Santa Mônica,PR,Paraná,SUL,3361,2,2,5.950609937518595,1680.5,0.0,3373,1681.0,49.83694040913134,6,53.833333333333336,3,1,34.0,15.0,73.0,91.0,64.0,46.0
412402,Santa Tereza do Oeste,PR,Paraná,SUL,13938,6,6,4.304778303917348,2323.0,0.0,13749,5133.0,37.333624263582806,6,63.0,2,1,38.0,23.0,70.0,87.0,62.0,98.0
412405,Santa Terezinha de Itaipu,PR,Paraná,SUL,25300,3,3,1.1857707509881423,8433.333333333334,2.6709564202895324,25055,8486.0,33.8694871283177,6,67.83333333333333,2,0,44.0,39.0,92.0,80.0,78.0,74.0
412400,Santana do Itararé,PR,Paraná,SUL,5646,3,3,5.313496280552603,1882.0,0.0,5628,2509.0,44.58066808813078,6,79.83333333333333,1,0,44.0,57.0,100.0,100.0,86.0,92.0
412410,Santo Antônio da Platina,PR,Paraná,SUL,45628,11,11,2.410800385728062,4148.0,0.0,45534,17968.0,39.460622831290905,6,55.833333333333336,4,0,49.0,34.0,49.0,59.0,49.0,95.0
412420,Santo Antônio do Caiuá,PR,Paraná,SUL,2474,1,1,4.042037186742117,2474.0,0.0,2496,986.0,39.503205128205124,6,22.666666666666668,5,4,35.0,0.0,0.0,17.0,17.0,67.0
412430,Santo Antônio do Paraíso,PR,Paraná,SUL,2088,1,1,4.7892720306513406,2088.0,0.0,2116,908.0,42.911153119092624,6,77.66666666666667,1,0,44.0,73.0,83.0,83.0,83.0,100.0
412440,Santo Antônio do Sudoeste,PR,Paraná,SUL,24980,2,2,0.800640512409928,12490.0,3.5992289082542506,24644,8435.0,34.22739814965103,6,60.166666666666664,2,1,34.0,26.0,68.0,74.0,62.0,97.0
412450,Santo Inácio,PR,Paraná,SUL,6463,3,3,4.641807210273867,2154.3333333333335,0.0,6397,1936.0,30.264186337345635,6,60.5,1,0,38.0,56.0,52.0,60.0,60.0,97.0
412620,Sapopema,PR,Paraná,SUL,6778,1,1,1.475361463558572,6778.0,0.5192783642973302,6784,3179.0,46.86025943396226,6,73.66666666666667,0,0,79.0,73.0,67.0,63.0,63.0,97.0
412625,Sarandi,PR,Paraná,SUL,128106,13,12,1.014784631477058,9854.307692307691,15.714764552474739,125785,27734.0,22.048733950789046,6,47.333333333333336,3,2,18.0,13.0,42.0,82.0,59.0,70.0
412627,Saudade do Iguaçu,PR,Paraná,SUL,6413,0,0,0.0,0.0,1.437464170882086,6342,2426.0,38.252917060864085,6,57.666666666666664,2,1,30.0,8.0,56.0,92.0,60.0,100.0
412630,Sengés,PR,Paraná,SUL,17256,3,3,1.7385257301808066,5752.0,0.867906086502616,17344,5021.0,28.949492619926197,6,78.83333333333333,0,0,52.0,54.0,89.0,93.0,85.0,100.0
412635,Serranópolis do Iguaçu,PR,Paraná,SUL,5161,2,2,3.875217981011432,2580.5,0.0,5138,1852.0,36.04515375632542,6,55.0,3,2,29.0,22.0,73.0,82.0,45.0,79.0
412640,Sertaneja,PR,Paraná,SUL,5654,4,4,7.074637424831978,1413.5,0.0,5667,2615.0,46.14434445032645,6,55.833333333333336,2,0,34.0,45.0,56.0,50.0,50.0,100.0
412650,Sertanópolis,PR,Paraná,SUL,16210,3,3,1.850709438618137,5403.333333333333,0.6334467815372855,16183,6407.0,39.59092875239449,6,54.166666666666664,4,0,32.0,78.0,44.0,41.0,41.0,89.0
412660,Siqueira Campos,PR,Paraná,SUL,24031,11,10,4.577420831426075,2184.6363636363635,0.0,23712,6932.0,29.234143049932527,6,56.666666666666664,2,2,27.0,29.0,63.0,57.0,65.0,99.0
412665,Sulina,PR,Paraná,SUL,3498,2,2,5.717552887364208,1749.0,0.0,3495,1403.0,40.14306151645207,6,74.83333333333333,0,0,59.0,79.0,78.0,61.0,72.0,100.0
412460,São Carlos do Ivaí,PR,Paraná,SUL,6727,2,2,2.973093503790694,3363.5,0.0,6712,2686.0,40.01787842669845,6,61.666666666666664,2,2,24.0,4.0,69.0,100.0,73.0,100.0
412470,São Jerônimo da Serra,PR,Paraná,SUL,10884,2,2,1.8375597206909227,5442.0,0.43963200310005024,10913,4721.0,43.26033171446898,6,55.333333333333336,2,1,33.0,22.0,50.0,81.0,61.0,85.0
412520,São Jorge d'Oeste,PR,Paraná,SUL,9587,4,4,4.172316678835924,2396.75,0.0,9550,3251.0,34.04188481675393,6,59.833333333333336,2,1,32.0,13.0,79.0,82.0,76.0,77.0
412530,São Jorge do Ivaí,PR,Paraná,SUL,5170,2,2,3.8684719535783363,2585.0,0.0,5193,2140.0,41.20932023878298,6,42.833333333333336,3,3,29.0,1.0,58.0,25.0,50.0,94.0
412535,São Jorge do Patrocínio,PR,Paraná,SUL,6690,2,2,2.9895366218236177,3345.0,0.0,6659,2365.0,35.51584321970266,6,67.5,2,1,36.0,26.0,79.0,100.0,79.0,85.0
412540,São José da Boa Vista,PR,Paraná,SUL,6023,3,3,4.980906524987548,2007.6666666666667,0.0,6060,2802.0,46.23762376237624,6,71.33333333333333,0,0,51.0,65.0,76.0,65.0,71.0,100.0
412545,São José das Palmeiras,PR,Paraná,SUL,4031,1,1,2.4807740014884643,4031.0,0.0,4030,1611.0,39.975186104218366,6,36.5,4,4,23.0,5.0,9.0,27.0,55.0,100.0
412550,São José dos Pinhais,PR,Paraná,SUL,349880,31,30,0.886018063336001,11286.451612903225,47.42506847157715,345644,96559.0,27.935968800268483,6,52.666666666666664,2,1,23.0,30.0,65.0,51.0,55.0,92.0
412480,São João,PR,Paraná,SUL,12297,3,3,2.4396194193705782,4099.0,0.0,12230,4454.0,36.41864268192968,6,58.0,3,0,43.0,47.0,50.0,63.0,45.0,100.0
412490,São João do Caiuá,PR,Paraná,SUL,5607,2,2,3.5669698591046908,2803.5,0.0,5620,2933.0,52.188612099644125,6,61.333333333333336,2,1,36.0,8.0,78.0,89.0,67.0,90.0
412500,São João do Ivaí,PR,Paraná,SUL,10639,4,3,3.759751856377479,2659.75,0.0,10700,4838.0,45.21495327102804,6,44.0,4,2,29.0,12.0,44.0,50.0,38.0,91.0
412510,São João do Triunfo,PR,Paraná,SUL,13899,3,3,2.158428663932657,4633.0,0.11543965555747886,13923,4787.0,34.381957911369675,6,56.5,2,1,60.0,20.0,58.0,84.0,44.0,73.0
412555,São Manoel do Paraná,PR,Paraná,SUL,2176,1,1,4.595588235294118,2176.0,0.0,2173,747.0,34.37643810400368,6,82.83333333333333,1,0,45.0,52.0,100.0,100.0,100.0,100.0
412560,São Mateus do Sul,PR,Paraná,SUL,43490,23,23,5.288572085536905,1890.8695652173913,0.0,43413,13416.0,30.903185681708244,6,68.66666666666667,2,1,40.0,15.0,83.0,98.0,77.0,99.0
412570,São Miguel do Iguaçu,PR,Paraná,SUL,30416,1,1,0.3287743293003682,30416.0,5.817700018953614,30198,10506.0,34.790383469103915,6,60.833333333333336,2,1,41.0,29.0,69.0,74.0,63.0,89.0
412575,São Pedro do Iguaçu,PR,Paraná,SUL,5730,6,5,10.471204188481677,955.0,0.0,5769,2607.0,45.189807592303694,6,59.0,2,2,16.0,18.0,82.0,65.0,76.0,97.0
412580,São Pedro do Ivaí,PR,Paraná,SUL,8514,1,1,1.1745360582569886,8514.0,0.9084001170887385,8611,4283.0,49.73870630588782,6,46.5,4,2,19.0,24.0,44.0,50.0,42.0,100.0
412590,São Pedro do Paraná,PR,Paraná,SUL,2726,3,3,11.005135730007337,908.6666666666666,0.0,2722,919.0,33.761939750183686,6,65.0,1,0,62.0,50.0,67.0,67.0,44.0,100.0
412600,São Sebastião da Amoreira,PR,Paraná,SUL,8063,2,2,2.4804663276696015,4031.5,0.0,8100,4008.0,49.48148148148148,6,58.166666666666664,2,1,36.0,27.0,76.0,72.0,59.0,79.0
412610,São Tomé,PR,Paraná,SUL,5282,2,2,3.786444528587656,2641.0,0.0,5290,1963.0,37.10775047258979,6,58.0,1,0,41.0,50.0,57.0,50.0,50.0,100.0
412667,Tamarana,PR,Paraná,SUL,10540,4,4,3.795066413662239,2635.0,0.0,10645,5017.0,47.130108031939876,6,48.333333333333336,3,2,29.0,24.0,44.0,65.0,56.0,72.0
412670,Tamboara,PR,Paraná,SUL,4986,2,2,4.011231448054552,2493.0,0.0,4979,2061.0,41.39385418758787,6,56.666666666666664,2,1,60.0,20.0,35.0,65.0,60.0,100.0
412680,Tapejara,PR,Paraná,SUL,16326,4,4,2.450079627587897,4081.5,0.0,16255,5484.0,33.737311596431866,6,60.0,1,0,48.0,62.0,58.0,58.0,56.0,78.0
412690,Tapira,PR,Paraná,SUL,5807,3,3,5.166178749784742,1935.6666666666667,0.0,5813,2487.0,42.78341648030277,6,68.66666666666667,2,0,41.0,30.0,100.0,74.0,84.0,83.0
412700,Teixeira Soares,PR,Paraná,SUL,9540,3,3,3.144654088050314,3180.0,0.0,9581,4277.0,44.640434192673,6,80.0,1,0,45.0,69.0,92.0,95.0,85.0,94.0
412710,Telêmaco Borba,PR,Paraná,SUL,77479,22,22,2.839479084655197,3521.7727272727275,0.0,77182,22312.0,28.90829468010676,6,49.333333333333336,2,0,32.0,32.0,54.0,64.0,51.0,63.0
412720,Terra Boa,PR,Paraná,SUL,18168,4,4,2.2016732716864817,4542.0,0.07232949580317123,18048,6110.0,33.85416666666667,6,64.16666666666667,2,0,35.0,35.0,77.0,81.0,60.0,97.0
412730,Terra Rica,PR,Paraná,SUL,14961,7,7,4.678831628901811,2137.285714285714,0.0,14989,6945.0,46.333978250717195,6,69.0,2,0,46.0,43.0,60.0,97.0,86.0,82.0
412740,Terra Roxa,PR,Paraná,SUL,18636,5,5,2.6829791800815626,3727.2,0.0,18548,6084.0,32.801380202717276,6,64.0,2,1,45.0,28.0,75.0,77.0,70.0,89.0
412750,Tibagi,PR,Paraná,SUL,20374,7,7,3.4357514479238245,2910.5714285714284,0.0,20304,8498.0,41.8538219070134,6,58.333333333333336,2,2,29.0,20.0,75.0,72.0,56.0,98.0
412760,Tijucas do Sul,PR,Paraná,SUL,18458,0,0,0.0,0.0,4.1373325535851455,18279,8538.0,46.709338585261776,6,81.66666666666667,0,0,58.0,55.0,96.0,98.0,84.0,99.0
412770,Toledo,PR,Paraná,SUL,160701,29,28,1.8045936241840437,5541.413793103448,7.020884098693605,158620,41217.0,25.98474341192788,6,48.5,4,1,32.0,17.0,49.0,57.0,42.0,94.0
412780,Tomazina,PR,Paraná,SUL,8523,1,1,1.1732957878681216,8523.0,0.9104174533647307,8495,3497.0,41.16539140670983,6,76.16666666666667,1,0,48.0,80.0,82.0,82.0,68.0,97.0
412785,Três Barras do Paraná,PR,Paraná,SUL,11157,1,1,0.8962982880702698,11157.0,1.500824536805151,11197,5200.0,46.44101098508529,6,58.166666666666664,2,1,42.0,19.0,52.0,71.0,67.0,98.0
412788,Tunas do Paraná,PR,Paraná,SUL,6304,3,3,4.758883248730965,2101.3333333333335,0.0,6302,3391.0,53.80831482069185,6,44.5,3,2,26.0,12.0,54.0,58.0,40.0,77.0
412790,Tuneiras do Oeste,PR,Paraná,SUL,8067,4,4,4.958472790380563,2016.75,0.0,8095,3308.0,40.864731315626926,6,70.5,2,1,40.0,27.0,88.0,88.0,80.0,100.0
412795,Tupãssi,PR,Paraná,SUL,8208,2,2,2.4366471734892787,4104.0,0.0,8204,2813.0,34.28815212091663,6,63.333333333333336,2,1,31.0,27.0,53.0,100.0,74.0,95.0
412796,Turvo,PR,Paraná,SUL,14101,6,6,4.25501737465428,2350.1666666666665,0.0,14443,6343.0,43.917468669943915,6,74.0,2,1,45.0,18.0,96.0,96.0,91.0,98.0
412800,Ubiratã,PR,Paraná,SUL,25732,11,11,4.274832892896005,2339.2727272727275,0.0,25517,10715.0,41.99161343418113,6,63.5,2,0,41.0,43.0,73.0,75.0,59.0,90.0
412810,Umuarama,PR,Paraná,SUL,123059,24,22,1.950284010108972,5127.458333333333,3.5834871985932675,121972,37670.0,30.884137342996752,6,68.0,2,1,46.0,26.0,80.0,89.0,75.0,92.0
412830,Uniflor,PR,Paraná,SUL,2106,2,2,9.49667616334283,1053.0,0.0,2121,868.0,40.92409240924093,6,68.83333333333333,2,2,27.0,8.0,100.0,100.0,78.0,100.0
412820,União da Vitória,PR,Paraná,SUL,56560,14,13,2.4752475247524752,4040.0,0.0,56397,18551.0,32.89359363086689,6,63.833333333333336,1,0,52.0,42.0,73.0,77.0,64.0,75.0
412840,Uraí,PR,Paraná,SUL,10308,2,2,1.9402405898331392,5154.0,0.3105224814365418,10407,4846.0,46.56481214567118,6,60.0,2,1,33.0,10.0,77.0,91.0,73.0,76.0
412853,Ventania,PR,Paraná,SUL,9760,2,2,2.0491803278688523,4880.0,0.18768911707612035,9779,3868.0,39.55414664076081,6,62.166666666666664,2,1,31.0,16.0,57.0,89.0,82.0,98.0
412855,Vera Cruz do Oeste,PR,Paraná,SUL,8178,1,1,1.2227928588897041,8178.0,0.8330862294516918,8227,3234.0,39.30959037316154,6,68.83333333333333,1,0,35.0,62.0,84.0,78.0,69.0,85.0
412860,Verê,PR,Paraná,SUL,8077,1,1,1.238083446824316,8077.0,0.8104472334655556,8051,3069.0,38.119488262327664,6,70.0,2,1,34.0,23.0,78.0,97.0,88.0,100.0
412865,Virmond,PR,Paraná,SUL,3828,2,2,5.2246603970741905,1914.0,0.0,3842,1543.0,40.161374284226966,6,60.333333333333336,2,1,37.0,21.0,95.0,90.0,67.0,52.0
412870,Vitorino,PR,Paraná,SUL,10549,2,2,1.8959143046734286,5274.5,0.3645422639381141,10280,3392.0,32.99610894941634,6,71.66666666666667,2,0,41.0,35.0,84.0,92.0,78.0,100.0
412850,Wenceslau Braz,PR,Paraná,SUL,19398,12,12,6.186204763377668,1616.5,0.0,19430,7960.0,40.96757591353577,6,62.333333333333336,2,1,36.0,15.0,75.0,91.0,71.0,86.0
412880,Xambrê,PR,Paraná,SUL,5835,2,2,3.427592116538132,2917.5,0.0,5851,2955.0,50.50418731840711,6,78.16666666666667,1,0,63.0,44.0,84.0,89.0,89.0,100.0
410115,Ângulo,PR,Paraná,SUL,3357,1,1,2.978850163836759,3357.0,0.0,3332,1314.0,39.43577430972389,6,53.666666666666664,3,2,37.0,29.0,100.0,100.0,56.0,0.0
330010,Angra dos Reis,RJ,Rio de Janeiro,SUDESTE,179142,55,50,3.070190128501412,3257.1272727272726,0.0,179120,67336.0,37.59267530147387,6,48.0,4,1,33.0,20.0,48.0,63.0,46.0,78.0
330015,Aperibé,RJ,Rio de Janeiro,SUDESTE,11426,8,8,7.0015753544547525,1428.25,0.0,11420,4831.0,42.3029772329247,6,30.166666666666668,4,3,17.0,8.0,53.0,66.0,6.0,31.0
330020,Araruama,RJ,Rio de Janeiro,SUDESTE,137906,0,0,0.0,0.0,30.911419608555267,137773,47605.0,34.55321434533617,6,40.333333333333336,4,3,25.0,21.0,18.0,72.0,31.0,75.0
330022,Areal,RJ,Rio de Janeiro,SUDESTE,12239,6,6,4.902361304028107,2039.8333333333333,0.0,12236,5598.0,45.7502451781628,6,35.5,5,1,32.0,12.0,30.0,48.0,30.0,61.0
330023,Armação dos Búzios,RJ,Rio de Janeiro,SUDESTE,42527,22,20,5.173184094810356,1933.0454545454545,0.0,42442,18991.0,44.745770698836054,6,38.5,4,2,38.0,11.0,29.0,54.0,36.0,63.0
330025,Arraial do Cabo,RJ,Rio de Janeiro,SUDESTE,32822,9,9,2.7420632502589726,3646.8888888888887,0.0,32794,15007.0,45.761419771909495,6,38.333333333333336,4,2,28.0,14.0,38.0,66.0,30.0,54.0
330040,Barra Mansa,RJ,Rio de Janeiro,SUDESTE,181679,52,50,2.862191007216024,3493.826923076923,0.0,181688,63577.0,34.99240456166615,6,55.0,3,0,33.0,45.0,55.0,67.0,42.0,88.0
330030,Barra do Piraí,RJ,Rio de Janeiro,SUDESTE,98506,28,27,2.8424664487442386,3518.0714285714284,0.0,98501,24683.0,25.05862884640765,6,49.833333333333336,3,1,21.0,30.0,56.0,65.0,40.0,87.0
330045,Belford Roxo,RJ,Rio de Janeiro,SUDESTE,518384,57,52,1.0995709744127904,9094.456140350878,59.1949831215561,518263,132096.0,25.488217372260802,6,22.166666666666668,5,5,25.0,9.0,10.0,19.0,9.0,61.0
330050,Bom Jardim,RJ,Rio de Janeiro,SUDESTE,29758,9,8,3.024396800860273,3306.4444444444443,0.0,29736,11936.0,40.139897767016414,6,36.333333333333336,4,3,11.0,12.0,3.0,64.0,47.0,81.0
330060,Bom Jesus do Itabapoana,RJ,Rio de Janeiro,SUDESTE,37176,38,29,10.22164837529589,978.3157894736842,0.0,37172,15100.0,40.621973528462284,6,38.0,4,2,14.0,3.0,45.0,59.0,45.0,62.0
330070,Cabo Frio,RJ,Rio de Janeiro,SUDESTE,238438,3,3,0.125818871153088,79479.33333333333,50.44551410833975,238166,63214.0,26.5419917200608,6,48.666666666666664,2,2,28.0,7.0,63.0,74.0,51.0,69.0
330080,Cachoeiras de Macacu,RJ,Rio de Janeiro,SUDESTE,59861,29,22,4.844556556021449,2064.1724137931033,0.0,59837,22842.0,38.17370523254842,6,34.833333333333336,5,3,22.0,3.0,39.0,49.0,21.0,75.0
330090,Cambuci,RJ,Rio de Janeiro,SUDESTE,15069,7,5,4.645298294511912,2152.714285714286,0.0,15070,4885.0,32.41539482415395,6,21.0,5,4,10.0,33.0,10.0,3.0,20.0,50.0
330100,Campos dos Goytacazes,RJ,Rio de Janeiro,SUDESTE,519259,91,84,1.7524973086648474,5706.142857142857,25.39111303727757,519011,133562.0,25.73394398191946,6,24.166666666666668,6,4,15.0,4.0,21.0,41.0,17.0,47.0
330110,Cantagalo,RJ,Rio de Janeiro,SUDESTE,19995,0,0,0.0,0.0,4.481848759829613,19996,9080.0,45.40908181636327,6,64.0,2,0,40.0,31.0,73.0,78.0,67.0,95.0
330093,Carapebus,RJ,Rio de Janeiro,SUDESTE,14329,5,5,3.489427036080676,2865.8,0.0,14325,7313.0,51.05061082024432,6,36.166666666666664,5,1,36.0,28.0,30.0,53.0,32.0,38.0
330115,Cardoso Moreira,RJ,Rio de Janeiro,SUDESTE,13407,11,10,8.204669202655328,1218.8181818181818,0.0,13403,6301.0,47.01186301574275,6,58.5,2,1,32.0,5.0,77.0,81.0,65.0,91.0
330120,Carmo,RJ,Rio de Janeiro,SUDESTE,17741,7,7,3.945662589481991,2534.4285714285716,0.0,17740,8513.0,47.98759864712514,6,32.833333333333336,5,4,28.0,26.0,12.0,33.0,23.0,75.0
330130,Casimiro de Abreu,RJ,Rio de Janeiro,SUDESTE,48636,13,13,2.6729171806892014,3741.230769230769,0.0,48563,21151.0,43.553734324485724,6,12.166666666666666,6,5,27.0,0.0,2.0,8.0,3.0,33.0
330095,Comendador Levy Gasparian,RJ,Rio de Janeiro,SUDESTE,9048,4,4,4.420866489832007,2262.0,0.0,9044,4511.0,49.878372401592216,6,66.16666666666667,2,1,31.0,26.0,92.0,97.0,75.0,76.0
330140,Conceição de Macabu,RJ,Rio de Janeiro,SUDESTE,21770,3,3,1.3780431786862655,7256.666666666667,1.8797123031503216,21769,10688.0,49.09734025449033,6,27.666666666666668,5,4,47.0,9.0,20.0,23.0,4.0,63.0
330150,Cordeiro,RJ,Rio de Janeiro,SUDESTE,21448,7,7,3.2637075718015667,3064.0,0.0,21444,8293.0,38.67282223465771,6,39.666666666666664,4,3,16.0,14.0,26.0,50.0,40.0,92.0
330160,Duas Barras,RJ,Rio de Janeiro,SUDESTE,11355,7,7,6.164685160722149,1622.142857142857,0.0,11354,4720.0,41.5712524220539,6,33.0,3,3,21.0,5.0,8.0,61.0,50.0,53.0
330170,Duque de Caxias,RJ,Rio de Janeiro,SUDESTE,866225,84,73,0.9697249559871858,10312.202380952382,110.16301285238343,866347,139182.0,16.065387194738367,6,23.5,6,3,15.0,11.0,30.0,30.0,18.0,37.0
330180,Engenheiro Paulo de Frontin,RJ,Rio de Janeiro,SUDESTE,12644,6,6,4.745333755140778,2107.3333333333335,0.0,12648,6248.0,49.39911448450348,6,42.833333333333336,4,1,21.0,35.0,52.0,38.0,36.0,75.0
330185,Guapimirim,RJ,Rio de Janeiro,SUDESTE,54311,0,0,0.0,0.0,12.173727831713235,54300,18395.0,33.87661141804788,6,33.833333333333336,6,3,25.0,34.0,26.0,44.0,26.0,48.0
330187,Iguaba Grande,RJ,Rio de Janeiro,SUDESTE,29616,13,12,4.389519178822258,2278.153846153846,0.0,29577,18529.0,62.64665111404132,6,38.5,4,1,37.0,9.0,34.0,62.0,37.0,52.0
330190,Itaboraí,RJ,Rio de Janeiro,SUDESTE,240127,42,41,1.7490744481045448,5717.309523809524,11.824100882800971,240040,97551.0,40.639476753874355,6,44.333333333333336,4,2,21.0,9.0,37.0,71.0,46.0,82.0
330200,Itaguaí,RJ,Rio de Janeiro,SUDESTE,124021,40,28,3.2252602381854687,3100.525,0.0,123980,36448.0,29.39829004678174,6,39.5,5,2,21.0,5.0,42.0,48.0,35.0,86.0
330205,Italva,RJ,Rio de Janeiro,SUDESTE,14518,8,8,5.5104008816641405,1814.75,0.0,14517,6588.0,45.3812771233726,6,46.666666666666664,4,1,21.0,56.0,30.0,49.0,43.0,81.0
330210,Itaocara,RJ,Rio de Janeiro,SUDESTE,23645,4,4,1.6916895749629943,5911.25,1.2999906939820554,23643,9878.0,41.77980797699107,6,43.166666666666664,3,3,21.0,4.0,29.0,63.0,55.0,87.0
330220,Itaperuna,RJ,Rio de Janeiro,SUDESTE,107297,29,29,2.702778269662712,3699.896551724138,0.0,107246,40818.0,38.06016075191616,6,43.833333333333336,3,2,18.0,2.0,53.0,55.0,49.0,86.0
330225,Itatiaia,RJ,Rio de Janeiro,SUDESTE,32713,8,8,2.445510958945985,4089.125,0.0,32694,11116.0,34.00012234660794,6,45.5,3,2,52.0,10.0,44.0,65.0,27.0,75.0
330227,Japeri,RJ,Rio de Janeiro,SUDESTE,102171,16,14,1.5660020945278015,6385.6875,6.901473850490192,102149,44836.0,43.89274491184446,6,34.0,4,3,18.0,5.0,58.0,24.0,30.0,69.0
330230,Laje do Muriaé,RJ,Rio de Janeiro,SUDESTE,7584,6,6,7.911392405063291,1264.0,0.0,7584,3076.0,40.55907172995781,6,42.5,3,2,21.0,2.0,50.0,78.0,61.0,43.0
330240,Macaé,RJ,Rio de Janeiro,SUDESTE,264439,63,60,2.382401990629219,4197.444444444444,0.0,264138,58163.0,22.01992897651985,6,33.166666666666664,5,3,27.0,15.0,17.0,47.0,31.0,62.0
330245,Macuco,RJ,Rio de Janeiro,SUDESTE,5602,4,4,7.140307033202428,1400.5,0.0,5601,2969.0,53.00839135868595,6,23.5,6,4,17.0,4.0,49.0,11.0,34.0,26.0
330250,Magé,RJ,Rio de Janeiro,SUDESTE,244142,78,56,3.1948620065371793,3130.025641025641,0.0,244092,119003.0,48.75333890500303,6,28.166666666666668,4,4,20.0,8.0,16.0,50.0,25.0,50.0
330260,Mangaratiba,RJ,Rio de Janeiro,SUDESTE,43660,18,18,4.122766834631242,2425.5555555555557,0.0,43624,16430.0,37.66275444709334,6,35.333333333333336,5,3,21.0,8.0,29.0,73.0,43.0,38.0
330270,Maricá,RJ,Rio de Janeiro,SUDESTE,212470,32,31,1.5060949781145574,6639.6875,15.624826506676563,211986,86689.0,40.893738265734534,6,44.0,3,3,23.0,22.0,25.0,62.0,52.0,80.0
330280,Mendes,RJ,Rio de Janeiro,SUDESTE,18048,13,13,7.203014184397163,1388.3076923076924,0.0,18049,8068.0,44.70053742589617,6,23.5,6,5,28.0,1.0,25.0,25.0,20.0,42.0
330285,Mesquita,RJ,Rio de Janeiro,SUDESTE,178830,27,25,1.509813789632612,6623.333333333333,13.084471803967476,178803,82440.0,46.106608949514275,6,44.166666666666664,4,1,29.0,41.0,47.0,51.0,31.0,66.0
330290,Miguel Pereira,RJ,Rio de Janeiro,SUDESTE,28142,13,13,4.619430033402033,2164.769230769231,0.0,28123,14985.0,53.28378906944494,6,51.0,2,0,52.0,41.0,54.0,52.0,43.0,64.0
330300,Miracema,RJ,Rio de Janeiro,SUDESTE,28416,13,11,4.574887387387387,2185.846153846154,0.0,28411,12676.0,44.61652176973707,6,31.666666666666668,5,4,26.0,1.0,21.0,48.0,26.0,68.0
330310,Natividade,RJ,Rio de Janeiro,SUDESTE,15551,7,7,4.501318243199794,2221.5714285714284,0.0,15550,7559.0,48.61093247588425,6,39.166666666666664,5,3,19.0,6.0,44.0,44.0,27.0,95.0
330320,Nilópolis,RJ,Rio de Janeiro,SUDESTE,155500,17,16,1.0932475884244373,9147.058823529413,17.85508787964515,155544,33547.0,21.567530730854294,6,39.0,4,2,31.0,22.0,47.0,50.0,10.0,74.0
330330,Niterói,RJ,Rio de Janeiro,SUDESTE,516787,75,65,1.4512748966208515,6890.493333333333,40.83701800680502,516720,122497.0,23.70664963616659,6,43.0,4,2,17.0,18.0,41.0,55.0,42.0,85.0
330340,Nova Friburgo,RJ,Rio de Janeiro,SUDESTE,203417,29,28,1.4256428912037833,7014.379310344828,16.595610361503397,203328,42115.0,20.712838369531003,6,36.333333333333336,5,2,15.0,12.0,37.0,39.0,45.0,70.0
330350,Nova Iguaçu,RJ,Rio de Janeiro,SUDESTE,843220,64,64,0.7589952799981026,13175.3125,125.00647718247194,843046,203905.0,24.18669918367444,6,40.666666666666664,4,2,23.0,15.0,35.0,77.0,31.0,63.0
330360,Paracambi,RJ,Rio de Janeiro,SUDESTE,43627,13,12,2.979806083388727,3355.923076923077,0.0,43656,16624.0,38.07953087777167,6,29.0,5,4,14.0,11.0,11.0,38.0,29.0,71.0
330380,Paraty,RJ,Rio de Janeiro,SUDESTE,47668,21,13,4.405471175631451,2269.904761904762,0.0,47614,15117.0,31.749065400932498,6,37.5,3,3,29.0,9.0,3.0,63.0,51.0,70.0
330370,Paraíba do Sul,RJ,Rio de Janeiro,SUDESTE,44479,24,22,5.395804761797702,1853.2916666666667,0.0,44467,18633.0,41.90298423550048,6,37.333333333333336,5,2,29.0,8.0,40.0,47.0,34.0,66.0
330385,Paty do Alferes,RJ,Rio de Janeiro,SUDESTE,31370,9,9,2.868983104877271,3485.5555555555557,0.0,31345,13786.0,43.981496251395754,6,49.333333333333336,4,2,29.0,5.0,41.0,88.0,44.0,89.0
330390,Petrópolis,RJ,Rio de Janeiro,SUDESTE,294926,55,53,1.8648745787078793,5362.290909090909,11.107213170368013,294983,90835.0,30.793299952878638,6,25.833333333333332,5,5,27.0,17.0,19.0,26.0,16.0,50.0
330395,Pinheiral,RJ,Rio de Janeiro,SUDESTE,25096,13,13,5.180108383806185,1930.4615384615386,0.0,25085,11771.0,46.92445684672115,6,40.5,5,1,34.0,15.0,40.0,35.0,37.0,82.0
330400,Piraí,RJ,Rio de Janeiro,SUDESTE,29066,15,15,5.160668822679419,1937.7333333333333,0.0,29054,13725.0,47.239622771391204,6,43.166666666666664,5,1,41.0,22.0,41.0,46.0,36.0,73.0
330410,Porciúncula,RJ,Rio de Janeiro,SUDESTE,17832,12,9,6.7294751009421265,1486.0,0.0,17832,9523.0,53.40399282189322,6,45.666666666666664,3,2,20.0,29.0,58.0,60.0,49.0,58.0
330411,Porto Real,RJ,Rio de Janeiro,SUDESTE,21089,8,8,3.7934468206173837,2636.125,0.0,21064,8063.0,38.2785795670338,6,46.333333333333336,3,1,40.0,13.0,51.0,57.0,42.0,75.0
330412,Quatis,RJ,Rio de Janeiro,SUDESTE,14165,4,4,2.8238616307800917,3541.25,0.0,14158,5279.0,37.286339878513914,6,32.166666666666664,4,3,17.0,13.0,33.0,50.0,21.0,59.0
330414,Queimados,RJ,Rio de Janeiro,SUDESTE,149135,23,21,1.5422268414523754,6484.130434782609,10.428382835568359,149093,30490.0,20.450322952787857,6,26.833333333333332,5,3,16.0,3.0,2.0,46.0,38.0,56.0
330415,Quissamã,RJ,Rio de Janeiro,SUDESTE,23142,9,9,3.88903292714545,2571.3333333333335,0.0,23126,12010.0,51.932889388566984,6,46.333333333333336,4,1,43.0,11.0,39.0,60.0,47.0,78.0
330420,Resende,RJ,Rio de Janeiro,SUDESTE,137697,36,32,2.614436044358265,3824.9166666666665,0.0,137612,45632.0,33.15989884603087,6,34.166666666666664,4,1,31.0,9.0,30.0,51.0,33.0,51.0
330430,Rio Bonito,RJ,Rio de Janeiro,SUDESTE,59126,21,21,3.5517369685079325,2815.5238095238096,0.0,59113,23621.0,39.95906145856242,6,25.833333333333332,6,4,24.0,5.0,28.0,32.0,21.0,45.0
330440,Rio Claro,RJ,Rio de Janeiro,SUDESTE,17951,12,9,6.6848643529608385,1495.9166666666667,0.0,17950,8978.0,50.01671309192201,6,75.0,0,0,53.0,62.0,73.0,88.0,76.0,98.0
330450,Rio das Flores,RJ,Rio de Janeiro,SUDESTE,9267,5,5,5.395489370885939,1853.4,0.0,9264,3849.0,41.54792746113989,6,44.5,3,3,18.0,3.0,70.0,74.0,26.0,76.0
330452,Rio das Ostras,RJ,Rio de Janeiro,SUDESTE,168455,14,14,0.8310824849366301,12032.5,23.758931374698545,168099,38645.0,22.989428848476194,6,35.333333333333336,4,3,23.0,4.0,27.0,65.0,34.0,59.0
330455,Rio de Janeiro,RJ,Rio de Janeiro,SUDESTE,6730729,392,351,0.5824034811088071,17170.227040816328,1116.682641730393,6729894,2304669.0,34.24524962800305,6,49.5,3,1,30.0,29.0,52.0,64.0,49.0,73.0
330460,Santa Maria Madalena,RJ,Rio de Janeiro,SUDESTE,10580,1,1,0.945179584120983,10580.0,1.3714908666665317,10579,4564.0,43.14207392003025,6,67.16666666666667,2,1,31.0,19.0,85.0,100.0,79.0,89.0
330470,Santo Antônio de Pádua,RJ,Rio de Janeiro,SUDESTE,43697,24,12,5.492367897109641,1820.7083333333333,0.0,43686,18577.0,42.52392070686261,6,33.833333333333336,5,3,11.0,12.0,30.0,43.0,24.0,83.0
330540,Sapucaia,RJ,Rio de Janeiro,SUDESTE,18291,9,9,4.920452681646712,2032.3333333333333,0.0,18289,8477.0,46.35026518672426,6,23.0,5,5,15.0,3.0,12.0,16.0,19.0,73.0
330550,Saquarema,RJ,Rio de Janeiro,SUDESTE,95315,25,23,2.622882022766616,3812.6,0.0,95201,41958.0,44.07306645938593,6,42.666666666666664,3,1,43.0,19.0,53.0,55.0,30.0,56.0
330555,Seropédica,RJ,Rio de Janeiro,SUDESTE,84794,22,19,2.5945231973960423,3854.2727272727275,0.0,84737,33099.0,39.06085889280952,6,49.666666666666664,2,2,21.0,5.0,65.0,70.0,52.0,85.0
330560,Silva Jardim,RJ,Rio de Janeiro,SUDESTE,22028,13,13,5.901579807517705,1694.4615384615386,0.0,22026,10296.0,46.74475619722146,6,43.666666666666664,4,2,34.0,5.0,47.0,68.0,20.0,88.0
330570,Sumidouro,RJ,Rio de Janeiro,SUDESTE,15693,6,6,3.823360734085261,2615.5,0.0,15690,8500.0,54.17463352453792,6,20.333333333333332,5,5,18.0,6.0,10.0,18.0,5.0,65.0
330480,São Fidélis,RJ,Rio de Janeiro,SUDESTE,41212,9,8,2.1838299524410365,4579.111111111111,0.237606956243962,41197,18004.0,43.70221132606743,6,33.166666666666664,4,3,16.0,2.0,30.0,50.0,18.0,83.0
330475,São Francisco de Itabapoana,RJ,Rio de Janeiro,SUDESTE,47397,20,20,4.2196763508238915,2369.85,0.0,47368,24636.0,52.009795642627935,6,43.0,4,2,33.0,18.0,45.0,57.0,27.0,78.0
330490,São Gonçalo,RJ,Rio de Janeiro,SUDESTE,960196,131,126,1.3643047877724963,7329.740458015267,84.22646920696951,960652,297099.0,30.926808042870885,6,18.166666666666668,6,4,14.0,8.0,12.0,31.0,14.0,30.0
330513,São José de Ubá,RJ,Rio de Janeiro,SUDESTE,7318,5,5,6.83246788740093,1463.6,0.0,7315,4018.0,54.92822966507177,6,36.666666666666664,4,3,29.0,4.0,35.0,55.0,29.0,68.0
330515,São José do Vale do Rio Preto,RJ,Rio de Janeiro,SUDESTE,22813,0,0,0.0,0.0,5.113499162690321,22799,8794.0,38.57186718715733,6,51.666666666666664,3,1,31.0,21.0,57.0,60.0,43.0,98.0
330500,São João da Barra,RJ,Rio de Janeiro,SUDESTE,38740,15,15,3.871966959215281,2582.6666666666665,0.0,38708,26363.0,68.10736798594606,6,35.333333333333336,5,3,31.0,19.0,28.0,40.0,19.0,75.0
330510,São João de Meriti,RJ,Rio de Janeiro,SUDESTE,466503,22,22,0.4715939661695637,21204.68181818182,82.56593608436079,466536,119394.0,25.59159421780956,6,27.833333333333332,6,4,26.0,7.0,24.0,40.0,22.0,48.0
330520,São Pedro da Aldeia,RJ,Rio de Janeiro,SUDESTE,110677,30,28,2.710590276209149,3689.233333333333,0.0,110556,35069.0,31.72057599768443,6,38.166666666666664,4,2,24.0,7.0,48.0,51.0,36.0,63.0
330530,São Sebastião do Alto,RJ,Rio de Janeiro,SUDESTE,7993,5,5,6.255473539346928,1598.6,0.0,7999,3865.0,48.31853981747719,6,27.833333333333332,5,5,15.0,24.0,15.0,15.0,26.0,72.0
330575,Tanguá,RJ,Rio de Janeiro,SUDESTE,32865,13,12,3.955575840559866,2528.076923076923,0.0,32858,17143.0,52.17298679164891,6,33.0,5,3,30.0,9.0,28.0,42.0,28.0,61.0
330580,Teresópolis,RJ,Rio de Janeiro,SUDESTE,176735,33,30,1.867202308541036,5355.606060606061,6.614880748611485,176692,59056.0,33.42313177733004,6,39.666666666666664,4,2,23.0,14.0,36.0,52.0,33.0,80.0
330590,Trajano de Moraes,RJ,Rio de Janeiro,SUDESTE,10654,6,6,5.631687629059508,1775.6666666666667,0.0,10652,3764.0,35.33608711978971,6,9.333333333333334,6,6,7.0,7.0,8.0,13.0,0.0,21.0
330600,Três Rios,RJ,Rio de Janeiro,SUDESTE,82319,30,30,3.6443591394453287,2743.9666666666667,0.0,82300,36916.0,44.85540704738761,6,31.0,5,4,22.0,14.0,34.0,29.0,29.0,58.0
330610,Valença,RJ,Rio de Janeiro,SUDESTE,71449,30,28,4.198799143444975,2381.633333333333,0.0,71462,31753.0,44.43340516638214,6,39.0,5,2,28.0,15.0,49.0,44.0,31.0,67.0
330615,Varre-Sai,RJ,Rio de Janeiro,SUDESTE,10563,7,6,6.626905235255136,1509.0,0.0,10559,6086.0,57.63803390472583,6,60.666666666666664,2,2,22.0,9.0,74.0,92.0,69.0,98.0
330620,Vassouras,RJ,Rio de Janeiro,SUDESTE,35907,14,14,3.898961205336007,2564.785714285714,0.0,35904,15821.0,44.064728163992875,6,46.5,4,0,35.0,31.0,43.0,55.0,41.0,74.0
330630,Volta Redonda,RJ,Rio de Janeiro,SUDESTE,279971,52,52,1.8573352240053433,5384.057692307692,10.755072725094106,279898,104166.0,37.21570000500182,6,35.0,4,3,32.0,20.0,12.0,50.0,19.0,77.0
240010,Acari,RN,Rio Grande do Norte,NORDESTE,10855,6,6,5.527406725011516,1809.1666666666667,0.0,10865,5938.0,54.65255407271054,6,58.666666666666664,2,1,34.0,26.0,54.0,75.0,71.0,92.0
240030,Afonso Bezerra,RN,Rio Grande do Norte,NORDESTE,11158,6,4,5.377307761247536,1859.6666666666667,0.0,11149,6960.0,62.42712350883487,6,24.5,5,4,21.0,2.0,38.0,21.0,12.0,53.0
240050,Alexandria,RN,Rio Grande do Norte,NORDESTE,14058,7,7,4.979371176554276,2008.2857142857142,0.0,14042,9180.0,65.37530266343826,6,47.0,2,2,23.0,5.0,54.0,52.0,56.0,92.0
240060,Almino Afonso,RN,Rio Grande do Norte,NORDESTE,4802,3,3,6.247396917950854,1600.6666666666667,0.0,4806,3608.0,75.07282563462338,6,90.66666666666667,0,0,84.0,89.0,100.0,92.0,85.0,94.0
240070,Alto do Rodrigues,RN,Rio Grande do Norte,NORDESTE,12874,7,7,5.437315519652012,1839.142857142857,0.0,12857,7854.0,61.087345414949056,6,66.0,2,1,37.0,29.0,70.0,85.0,83.0,92.0
240080,Angicos,RN,Rio Grande do Norte,NORDESTE,11985,6,6,5.006257822277847,1997.5,0.0,11973,7398.0,61.789025306940616,6,69.83333333333333,2,0,43.0,43.0,81.0,98.0,79.0,75.0
240090,Antônio Martins,RN,Rio Grande do Norte,NORDESTE,6730,3,3,4.457652303120357,2243.3333333333335,0.0,6738,4936.0,73.2561590976551,6,58.666666666666664,2,2,28.0,5.0,84.0,89.0,79.0,67.0
240100,Apodi,RN,Rio Grande do Norte,NORDESTE,37486,9,9,2.4008963346315957,4165.111111111111,0.0,37390,22760.0,60.87189087991442,6,55.333333333333336,3,0,35.0,30.0,54.0,71.0,48.0,94.0
240110,Areia Branca,RN,Rio Grande do Norte,NORDESTE,24607,9,9,3.657495834518633,2734.1111111111113,0.0,24643,13754.0,55.813009779653456,6,34.0,5,2,12.0,5.0,32.0,48.0,36.0,71.0
240120,Arês,RN,Rio Grande do Norte,NORDESTE,13681,7,7,5.116585044952854,1954.4285714285713,0.0,13657,8707.0,63.75485099216519,6,73.5,0,0,50.0,50.0,93.0,83.0,70.0,95.0
240020,Açu,RN,Rio Grande do Norte,NORDESTE,59099,18,18,3.0457368144977073,3283.277777777778,0.0,58906,33208.0,56.37456286286626,6,63.833333333333336,2,1,30.0,18.0,79.0,93.0,71.0,92.0
240145,Baraúna,RN,Rio Grande do Norte,NORDESTE,28415,11,11,3.8711947914833718,2583.181818181818,0.0,28268,18040.0,63.8177444460167,6,63.166666666666664,2,2,21.0,27.0,75.0,93.0,65.0,98.0
240150,Barcelona,RN,Rio Grande do Norte,NORDESTE,4108,1,1,2.4342745861733204,4108.0,0.0,4103,2774.0,67.60906653668047,6,66.0,1,0,48.0,56.0,73.0,73.0,73.0,73.0
240140,Baía Formosa,RN,Rio Grande do Norte,NORDESTE,9115,6,6,6.582556226001096,1519.1666666666667,0.0,9098,5235.0,57.54011870740822,6,54.333333333333336,3,2,29.0,25.0,67.0,69.0,47.0,89.0
240160,Bento Fernandes,RN,Rio Grande do Norte,NORDESTE,4911,2,2,4.072490327835471,2455.5,0.0,4920,3454.0,70.20325203252033,6,43.833333333333336,4,2,19.0,13.0,44.0,61.0,39.0,87.0
240165,Bodó,RN,Rio Grande do Norte,NORDESTE,2360,1,1,4.237288135593221,2360.0,0.0,2363,2237.0,94.6677951756242,6,35.5,4,2,14.0,5.0,42.0,33.0,50.0,69.0
240170,Bom Jesus,RN,Rio Grande do Norte,NORDESTE,10308,6,6,5.820721769499418,1718.0,0.0,10279,7126.0,69.32580990368713,6,72.16666666666667,2,0,41.0,39.0,84.0,100.0,69.0,100.0
240180,Brejinho,RN,Rio Grande do Norte,NORDESTE,12638,6,6,4.747586643456243,2106.3333333333335,0.0,12603,8510.0,67.52360549075617,6,48.166666666666664,2,2,28.0,22.0,59.0,64.0,55.0,61.0
240200,Caicó,RN,Rio Grande do Norte,NORDESTE,63338,26,25,4.1049606871072655,2436.076923076923,0.0,63339,30985.0,48.919307219880324,6,50.333333333333336,3,1,31.0,15.0,48.0,61.0,52.0,95.0
240185,Caiçara do Norte,RN,Rio Grande do Norte,NORDESTE,6479,2,2,3.086896125945362,3239.5,0.0,6474,4316.0,66.66666666666666,6,72.16666666666667,2,0,38.0,45.0,85.0,92.0,73.0,100.0
240190,Caiçara do Rio do Vento,RN,Rio Grande do Norte,NORDESTE,3360,5,5,14.88095238095238,672.0,0.0,3359,2837.0,84.45966061327776,6,67.66666666666667,1,0,35.0,50.0,63.0,84.0,74.0,100.0
240130,Campo Grande,RN,Rio Grande do Norte,NORDESTE,10071,3,3,2.978850163836759,3357.0,0.0,10045,6126.0,60.9855649576904,6,80.66666666666667,1,0,38.0,77.0,96.0,96.0,81.0,96.0
240210,Campo Redondo,RN,Rio Grande do Norte,NORDESTE,10510,8,7,7.611798287345385,1313.75,0.0,10504,6586.0,62.6999238385377,6,69.33333333333333,2,1,33.0,27.0,89.0,97.0,72.0,98.0
240220,Canguaretama,RN,Rio Grande do Norte,NORDESTE,30789,15,15,4.8718698236383124,2052.6,0.0,30806,20767.0,67.41219243004609,6,74.5,2,0,40.0,41.0,89.0,99.0,81.0,97.0
240230,Caraúbas,RN,Rio Grande do Norte,NORDESTE,20182,9,9,4.45941928451095,2242.4444444444443,0.0,20161,14764.0,73.23049451912107,6,57.0,1,0,65.0,44.0,50.0,58.0,55.0,70.0
240250,Carnaubais,RN,Rio Grande do Norte,NORDESTE,10026,4,4,3.9896269698783167,2506.5,0.0,10010,6085.0,60.78921078921079,6,54.166666666666664,2,2,29.0,4.0,64.0,81.0,53.0,94.0
240240,Carnaúba dos Dantas,RN,Rio Grande do Norte,NORDESTE,8296,3,3,3.616200578592093,2765.3333333333335,0.0,8267,4089.0,49.461715253417196,6,61.5,2,1,30.0,13.0,67.0,100.0,71.0,88.0
240260,Ceará-Mirim,RN,Rio Grande do Norte,NORDESTE,83543,36,36,4.309158158074285,2320.6388888888887,0.0,83009,42094.0,50.71016395812502,6,50.666666666666664,2,2,17.0,11.0,57.0,82.0,52.0,85.0
240270,Cerro Corá,RN,Rio Grande do Norte,NORDESTE,11334,5,5,4.411505205576143,2266.8,0.0,11322,6856.0,60.5546723193782,6,58.5,2,2,19.0,7.0,80.0,71.0,80.0,94.0
240280,Coronel Ezequiel,RN,Rio Grande do Norte,NORDESTE,5233,1,1,1.9109497420217847,5233.0,0.17296897025198132,5241,3736.0,71.28410608662469,6,66.0,2,1,36.0,16.0,61.0,96.0,87.0,100.0
240290,Coronel João Pessoa,RN,Rio Grande do Norte,NORDESTE,4297,1,1,2.327205026762858,4297.0,0.0,4315,3213.0,74.46118192352259,6,52.833333333333336,3,2,21.0,2.0,65.0,82.0,47.0,100.0
240300,Cruzeta,RN,Rio Grande do Norte,NORDESTE,8245,3,3,3.638568829593693,2748.3333333333335,0.0,8238,4703.0,57.08909929594562,6,63.333333333333336,2,0,33.0,30.0,63.0,84.0,74.0,96.0
240310,Currais Novos,RN,Rio Grande do Norte,NORDESTE,42922,19,19,4.426634360001864,2259.0526315789475,0.0,42930,21440.0,49.9417656650361,6,48.0,2,1,31.0,10.0,56.0,67.0,55.0,69.0
240320,Doutor Severiano,RN,Rio Grande do Norte,NORDESTE,7262,3,3,4.131093362709997,2420.6666666666665,0.0,7253,5090.0,70.17785743830139,6,58.166666666666664,2,0,47.0,39.0,70.0,73.0,57.0,63.0
240330,Encanto,RN,Rio Grande do Norte,NORDESTE,6289,3,3,4.770233741453331,2096.3333333333335,0.0,6252,3563.0,56.989763275751756,6,37.333333333333336,5,2,39.0,1.0,46.0,38.0,29.0,71.0
240340,Equador,RN,Rio Grande do Norte,NORDESTE,5461,4,3,7.324665812122322,1365.25,0.0,5476,4059.0,74.12344777209641,6,80.0,1,0,53.0,42.0,100.0,95.0,90.0,100.0
240350,Espírito Santo,RN,Rio Grande do Norte,NORDESTE,10951,7,6,6.392110309560771,1564.4285714285713,0.0,10936,6403.0,58.549743964886616,6,57.5,2,2,14.0,17.0,64.0,89.0,68.0,93.0
240360,Extremoz,RN,Rio Grande do Norte,NORDESTE,68584,10,10,1.4580660212294412,6858.4,5.37299901696195,66993,27270.0,40.70574537638261,6,47.666666666666664,4,2,21.0,19.0,49.0,81.0,39.0,77.0
240370,Felipe Guerra,RN,Rio Grande do Norte,NORDESTE,6472,2,2,3.0902348578491963,3236.0,0.0,6458,4868.0,75.37937441932488,6,56.666666666666664,2,1,30.0,11.0,71.0,71.0,57.0,100.0
240375,Fernando Pedroza,RN,Rio Grande do Norte,NORDESTE,3035,2,2,6.5897858319604605,1517.5,0.0,3029,2173.0,71.73984813469792,6,75.83333333333333,1,0,54.0,44.0,71.0,100.0,86.0,100.0
240380,Florânia,RN,Rio Grande do Norte,NORDESTE,10556,1,1,0.9473285335354301,10556.0,1.3661113032638856,10528,5577.0,52.97302431610942,6,60.333333333333336,2,2,24.0,5.0,82.0,97.0,70.0,84.0
240390,Francisco Dantas,RN,Rio Grande do Norte,NORDESTE,2758,1,1,3.625815808556925,2758.0,0.0,2763,1932.0,69.92399565689468,6,44.666666666666664,5,1,41.0,10.0,36.0,45.0,36.0,100.0
240400,Frutuoso Gomes,RN,Rio Grande do Norte,NORDESTE,4230,3,3,7.092198581560284,1410.0,0.0,4231,3061.0,72.3469628929331,6,49.166666666666664,3,1,40.0,16.0,53.0,53.0,33.0,100.0
240410,Galinhos,RN,Rio Grande do Norte,NORDESTE,2159,3,3,13.895321908290875,719.6666666666666,0.0,2160,1421.0,65.78703703703704,6,61.666666666666664,2,1,31.0,29.0,73.0,73.0,64.0,100.0
240420,Goianinha,RN,Rio Grande do Norte,NORDESTE,28422,16,15,5.629441981563578,1776.375,0.0,28212,17277.0,61.23989791578052,6,53.833333333333336,1,0,33.0,50.0,59.0,60.0,51.0,70.0
240430,Governador Dix-Sept Rosado,RN,Rio Grande do Norte,NORDESTE,12231,5,5,4.0879731828959205,2446.2,0.0,12239,7413.0,60.568673911267254,6,38.333333333333336,5,2,26.0,27.0,30.0,43.0,30.0,74.0
240440,Grossos,RN,Rio Grande do Norte,NORDESTE,10281,5,5,4.863340142009532,2056.2,0.0,10251,5649.0,55.10681884694176,6,43.666666666666664,2,2,17.0,6.0,50.0,53.0,50.0,86.0
240450,Guamaré,RN,Rio Grande do Norte,NORDESTE,16076,9,7,5.598407564070665,1786.2222222222222,0.0,15947,9438.0,59.183545494450364,6,50.166666666666664,2,1,44.0,18.0,51.0,63.0,52.0,73.0
240460,Ielmo Marinho,RN,Rio Grande do Norte,NORDESTE,11889,7,7,5.887795441164101,1698.4285714285713,0.0,11903,8260.0,69.3942703520121,6,78.33333333333333,1,0,42.0,50.0,95.0,95.0,88.0,100.0
240470,Ipanguaçu,RN,Rio Grande do Norte,NORDESTE,14560,9,9,6.181318681318681,1617.7777777777778,0.0,14539,9237.0,63.532567576862235,6,52.166666666666664,2,2,19.0,9.0,80.0,76.0,54.0,75.0
240480,Ipueira,RN,Rio Grande do Norte,NORDESTE,2090,2,2,9.569377990430622,1045.0,0.0,2090,1235.0,59.09090909090909,6,71.83333333333333,1,1,51.0,4.0,88.0,100.0,88.0,100.0
240485,Itajá,RN,Rio Grande do Norte,NORDESTE,7551,5,5,6.621639517944644,1510.2,0.0,7531,4722.0,62.70083654229186,6,59.666666666666664,2,2,26.0,20.0,89.0,80.0,71.0,72.0
240490,Itaú,RN,Rio Grande do Norte,NORDESTE,5447,3,3,5.507618872774004,1815.6666666666667,0.0,5452,3872.0,71.01980924431402,6,75.83333333333333,2,0,44.0,39.0,94.0,100.0,78.0,100.0
240510,Jandaíra,RN,Rio Grande do Norte,NORDESTE,6752,3,3,4.443127962085308,2250.6666666666665,0.0,6748,4265.0,63.20391227030231,6,74.0,1,0,45.0,62.0,88.0,91.0,66.0,92.0
240520,Janduís,RN,Rio Grande do Norte,NORDESTE,4813,2,2,4.15541242468315,2406.5,0.0,4834,3768.0,77.9478692594125,6,76.33333333333333,0,0,59.0,60.0,100.0,83.0,89.0,67.0
240530,Januário Cicco,RN,Rio Grande do Norte,NORDESTE,8843,9,9,10.177541558294696,982.5555555555555,0.0,8836,6269.0,70.94839293798098,6,57.833333333333336,3,0,33.0,37.0,59.0,74.0,46.0,98.0
240540,Japi,RN,Rio Grande do Norte,NORDESTE,5219,3,3,5.74822762981414,1739.6666666666667,0.0,5231,5170.0,98.833874976104,6,40.833333333333336,5,1,37.0,2.0,46.0,46.0,46.0,68.0
240550,Jardim de Angicos,RN,Rio Grande do Norte,NORDESTE,2488,3,3,12.057877813504824,829.3333333333334,0.0,2493,1875.0,75.21058965102286,6,67.66666666666667,1,1,17.0,58.0,77.0,100.0,54.0,100.0
240560,Jardim de Piranhas,RN,Rio Grande do Norte,NORDESTE,14446,7,7,4.845632008860584,2063.714285714286,0.0,14416,9559.0,66.30826859045506,6,73.66666666666667,2,0,43.0,34.0,91.0,98.0,76.0,100.0
240570,Jardim do Seridó,RN,Rio Grande do Norte,NORDESTE,11942,6,6,5.0242840395243675,1990.3333333333333,0.0,11952,5999.0,50.192436412315935,6,58.833333333333336,2,2,16.0,6.0,59.0,91.0,81.0,100.0
240500,Jaçanã,RN,Rio Grande do Norte,NORDESTE,8053,4,4,4.96709300881659,2013.25,0.0,8051,5880.0,73.03440566389268,6,77.66666666666667,1,0,53.0,49.0,75.0,100.0,89.0,100.0
240600,José da Penha,RN,Rio Grande do Norte,NORDESTE,5966,5,5,8.380824673147837,1193.2,0.0,5964,4385.0,73.52448021462106,6,55.666666666666664,2,1,57.0,15.0,48.0,61.0,57.0,96.0
240580,João Câmara,RN,Rio Grande do Norte,NORDESTE,34849,20,20,5.739045596717266,1742.45,0.0,34768,23319.0,67.07029452369996,6,58.833333333333336,2,1,39.0,5.0,78.0,87.0,56.0,88.0
240590,João Dias,RN,Rio Grande do Norte,NORDESTE,2073,1,1,4.82392667631452,2073.0,0.0,2093,1825.0,87.1954132823698,6,18.5,6,5,22.0,9.0,20.0,20.0,10.0,30.0
240610,Jucurutu,RN,Rio Grande do Norte,NORDESTE,18304,9,9,4.9169580419580425,2033.7777777777778,0.0,18286,11750.0,64.2568084873674,6,68.5,2,1,42.0,23.0,89.0,98.0,91.0,68.0
240615,Jundiá,RN,Rio Grande do Norte,NORDESTE,3868,3,3,7.755946225439503,1289.3333333333333,0.0,3859,2696.0,69.86265871987561,6,70.16666666666667,2,1,44.0,16.0,95.0,95.0,71.0,100.0
240650,Lagoa Nova,RN,Rio Grande do Norte,NORDESTE,16203,5,5,3.085848299697587,3240.6,0.0,16126,10964.0,67.98958204142379,6,52.0,2,2,26.0,10.0,55.0,68.0,58.0,95.0
240660,Lagoa Salgada,RN,Rio Grande do Norte,NORDESTE,8657,4,4,4.6205382927111005,2164.25,0.0,8619,7574.0,87.87562362222997,6,44.833333333333336,4,1,31.0,24.0,47.0,53.0,36.0,78.0
240620,Lagoa d'Anta,RN,Rio Grande do Norte,NORDESTE,6756,3,3,4.440497335701599,2252.0,0.0,6733,4674.0,69.41927818208822,6,67.5,2,1,37.0,16.0,88.0,92.0,72.0,100.0
240630,Lagoa de Pedras,RN,Rio Grande do Norte,NORDESTE,7597,4,4,5.2652362774779515,1899.25,0.0,7577,5791.0,76.4286656988254,6,70.0,2,1,46.0,19.0,91.0,97.0,67.0,100.0
240640,Lagoa de Velhos,RN,Rio Grande do Norte,NORDESTE,2631,1,1,3.800836183960471,2631.0,0.0,2633,1954.0,74.21192556019749,6,35.833333333333336,4,3,20.0,5.0,20.0,50.0,40.0,80.0
240670,Lajes,RN,Rio Grande do Norte,NORDESTE,10094,7,7,6.934812760055479,1442.0,0.0,10108,5729.0,56.67787890779581,6,53.5,3,2,29.0,11.0,81.0,84.0,45.0,71.0
240680,Lajes Pintadas,RN,Rio Grande do Norte,NORDESTE,4950,4,3,8.080808080808081,1237.5,0.0,4939,3533.0,71.53269892690828,6,59.166666666666664,3,2,42.0,8.0,25.0,90.0,90.0,100.0
240690,Lucrécia,RN,Rio Grande do Norte,NORDESTE,3576,3,3,8.389261744966444,1192.0,0.0,3579,2870.0,80.18999720592345,6,79.66666666666667,0,0,56.0,55.0,87.0,100.0,80.0,100.0
240700,Luís Gomes,RN,Rio Grande do Norte,NORDESTE,9271,3,3,3.2358968827526695,3090.3333333333335,0.0,9286,6277.0,67.59638164979539,6,63.166666666666664,2,1,31.0,18.0,73.0,88.0,69.0,100.0
240720,Macau,RN,Rio Grande do Norte,NORDESTE,28350,11,11,3.880070546737213,2577.2727272727275,0.0,28384,13710.0,48.30186020293123,6,40.666666666666664,4,1,32.0,9.0,39.0,61.0,41.0,62.0
240710,Macaíba,RN,Rio Grande do Norte,NORDESTE,87056,31,30,3.5609263003124427,2808.2580645161293,0.0,86433,45469.0,52.60606481320792,6,57.0,2,2,22.0,16.0,79.0,83.0,57.0,85.0
240725,Major Sales,RN,Rio Grande do Norte,NORDESTE,4086,4,4,9.789525208027412,1021.5,0.0,4067,2796.0,68.74846324071797,6,76.66666666666667,1,0,44.0,58.0,83.0,100.0,92.0,83.0
240730,Marcelino Vieira,RN,Rio Grande do Norte,NORDESTE,8083,3,3,3.711493257453916,2694.3333333333335,0.0,8092,5741.0,70.94661393969352,6,52.166666666666664,3,1,36.0,9.0,61.0,82.0,39.0,86.0
240740,Martins,RN,Rio Grande do Norte,NORDESTE,8415,3,3,3.5650623885918002,2805.0,0.0,8411,5673.0,67.44739032219712,6,51.666666666666664,2,1,50.0,5.0,59.0,56.0,44.0,96.0
240750,Maxaranguape,RN,Rio Grande do Norte,NORDESTE,10534,6,6,5.69584203531422,1755.6666666666667,0.0,10534,6495.0,61.65749003227644,6,72.5,2,0,33.0,42.0,88.0,93.0,81.0,98.0
240760,Messias Targino,RN,Rio Grande do Norte,NORDESTE,4410,3,3,6.802721088435374,1470.0,0.0,4404,3386.0,76.88465031789282,6,57.333333333333336,3,0,34.0,44.0,47.0,67.0,67.0,85.0
240770,Montanhas,RN,Rio Grande do Norte,NORDESTE,11785,8,8,6.788290199406025,1473.125,0.0,11774,8641.0,73.39052148802446,6,71.83333333333333,1,0,50.0,43.0,90.0,88.0,64.0,96.0
240780,Monte Alegre,RN,Rio Grande do Norte,NORDESTE,23953,10,10,4.174842399699411,2395.3,0.0,23843,13742.0,57.635364677263766,6,73.66666666666667,1,0,37.0,54.0,85.0,89.0,79.0,98.0
240790,Monte das Gameleiras,RN,Rio Grande do Norte,NORDESTE,2345,1,1,4.264392324093817,2345.0,0.0,2343,1802.0,76.90994451557832,6,61.833333333333336,3,0,49.0,37.0,46.0,77.0,62.0,100.0
240800,Mossoró,RN,Rio Grande do Norte,NORDESTE,278587,53,53,1.9024577600534125,5256.358490566037,9.444851235541503,278034,114641.0,41.2327269326773,6,41.833333333333336,4,2,17.0,11.0,44.0,55.0,39.0,85.0
240810,Natal,RN,Rio Grande do Norte,NORDESTE,784249,83,66,1.0583373392889248,9448.783132530121,92.78821745674489,785368,255168.0,32.490246610506155,6,45.833333333333336,3,2,18.0,12.0,37.0,74.0,54.0,80.0
240830,Nova Cruz,RN,Rio Grande do Norte,NORDESTE,35523,16,16,4.504124088618641,2220.1875,0.0,35534,23618.0,66.46591996397817,6,49.333333333333336,3,2,21.0,17.0,52.0,64.0,45.0,97.0
240820,Nísia Floresta,RN,Rio Grande do Norte,NORDESTE,34325,13,13,3.787327021121632,2640.3846153846152,0.0,33949,19807.0,58.34339744911485,6,63.166666666666664,2,0,39.0,41.0,70.0,75.0,57.0,97.0
240840,Olho d'Água do Borges,RN,Rio Grande do Norte,NORDESTE,3736,4,4,10.706638115631693,934.0,0.0,3748,3036.0,81.00320170757738,6,69.0,2,1,41.0,2.0,100.0,100.0,100.0,71.0
240850,Ouro Branco,RN,Rio Grande do Norte,NORDESTE,5084,2,2,3.933910306845004,2542.0,0.0,5071,3281.0,64.70124235850918,6,67.16666666666667,2,1,31.0,23.0,100.0,93.0,87.0,69.0
240860,Paraná,RN,Rio Grande do Norte,NORDESTE,4048,2,2,4.940711462450593,2024.0,0.0,4046,3391.0,83.8111715274345,6,73.16666666666667,2,1,35.0,27.0,94.0,100.0,89.0,94.0
240880,Parazinho,RN,Rio Grande do Norte,NORDESTE,4945,3,3,6.066734074823054,1648.3333333333333,0.0,4940,4053.0,82.04453441295546,6,70.5,2,0,35.0,38.0,91.0,97.0,65.0,97.0
240870,Paraú,RN,Rio Grande do Norte,NORDESTE,3650,1,1,2.73972602739726,3650.0,0.0,3659,2450.0,66.95818529652911,6,38.0,4,3,20.0,1.0,14.0,93.0,57.0,43.0
240890,Parelhas,RN,Rio Grande do Norte,NORDESTE,22242,8,8,3.5967988490243683,2780.25,0.0,22179,12224.0,55.11519906217593,6,56.0,2,1,37.0,27.0,57.0,65.0,56.0,94.0
240325,Parnamirim,RN,Rio Grande do Norte,NORDESTE,271713,32,30,1.1777132489060147,8491.03125,28.904054617633594,269298,85236.0,31.651181961990062,6,31.5,5,4,12.0,8.0,27.0,48.0,28.0,66.0
240910,Passa e Fica,RN,Rio Grande do Norte,NORDESTE,11407,8,8,7.013237485754361,1425.875,0.0,11406,8860.0,77.678414869367,6,67.66666666666667,2,2,20.0,13.0,91.0,98.0,84.0,100.0
240920,Passagem,RN,Rio Grande do Norte,NORDESTE,3233,2,2,6.186204763377668,1616.5,0.0,3222,2226.0,69.08752327746741,6,66.66666666666667,2,2,29.0,7.0,100.0,91.0,73.0,100.0
240930,Patu,RN,Rio Grande do Norte,NORDESTE,11215,6,6,5.349977708426215,1869.1666666666667,0.0,11245,7677.0,68.27034237438862,6,62.5,2,1,33.0,11.0,100.0,94.0,76.0,61.0
240940,Pau dos Ferros,RN,Rio Grande do Norte,NORDESTE,32123,14,14,4.3582479843103075,2294.5,0.0,31975,16308.0,51.00234558248632,6,55.333333333333336,2,1,35.0,17.0,63.0,76.0,53.0,88.0
240950,Pedra Grande,RN,Rio Grande do Norte,NORDESTE,3736,6,5,16.059957173447536,622.6666666666666,0.0,3729,2981.0,79.9410029498525,6,67.16666666666667,1,0,43.0,73.0,53.0,95.0,68.0,71.0
240960,Pedra Preta,RN,Rio Grande do Norte,NORDESTE,2495,0,0,0.0,0.0,0.5592504454000942,2499,1842.0,73.7094837935174,6,64.16666666666667,2,0,48.0,55.0,88.0,88.0,63.0,43.0
240970,Pedro Avelino,RN,Rio Grande do Norte,NORDESTE,6312,6,5,9.505703422053232,1052.0,0.0,6345,4270.0,67.29708431836092,6,68.66666666666667,2,1,40.0,19.0,93.0,100.0,71.0,89.0
240980,Pedro Velho,RN,Rio Grande do Norte,NORDESTE,14197,7,7,4.930619144889765,2028.142857142857,0.0,14197,10265.0,72.30400788899063,6,44.666666666666664,4,2,26.0,18.0,39.0,59.0,43.0,83.0
240990,Pendências,RN,Rio Grande do Norte,NORDESTE,12499,6,6,4.800384030722458,2083.1666666666665,0.0,12536,7765.0,61.941608168474794,6,42.5,4,1,32.0,7.0,49.0,57.0,49.0,61.0
241000,Pilões,RN,Rio Grande do Norte,NORDESTE,2992,2,2,6.684491978609625,1496.0,0.0,3010,2498.0,82.99003322259136,6,41.0,5,3,24.0,45.0,22.0,44.0,22.0,89.0
241020,Portalegre,RN,Rio Grande do Norte,NORDESTE,7859,5,5,6.36213258684311,1571.8,0.0,7842,5589.0,71.27008416220352,6,49.5,3,1,35.0,11.0,58.0,73.0,35.0,85.0
241025,Porto do Mangue,RN,Rio Grande do Norte,NORDESTE,5351,2,2,3.7376191366099794,2675.5,0.0,5357,3370.0,62.9083442225126,6,31.5,5,3,9.0,4.0,45.0,27.0,36.0,68.0
241010,Poço Branco,RN,Rio Grande do Norte,NORDESTE,12565,8,8,6.366892160764027,1570.625,0.0,12619,9190.0,72.8266899120374,6,62.0,2,1,26.0,30.0,76.0,82.0,64.0,94.0
241040,Pureza,RN,Rio Grande do Norte,NORDESTE,9752,6,6,6.152584085315833,1625.3333333333333,0.0,9707,6645.0,68.4557535798908,6,66.83333333333333,2,1,38.0,25.0,72.0,93.0,77.0,96.0
241050,Rafael Fernandes,RN,Rio Grande do Norte,NORDESTE,5682,3,3,5.279831045406547,1894.0,0.0,5647,3744.0,66.30069063219408,6,61.333333333333336,2,1,30.0,11.0,93.0,87.0,53.0,94.0
241060,Rafael Godeiro,RN,Rio Grande do Norte,NORDESTE,3005,2,2,6.655574043261232,1502.5,0.0,3008,2050.0,68.15159574468085,6,68.33333333333333,2,0,31.0,38.0,86.0,86.0,86.0,83.0
241070,Riacho da Cruz,RN,Rio Grande do Norte,NORDESTE,2724,2,2,7.342143906020557,1362.0,0.0,2741,2101.0,76.65085735133164,6,39.333333333333336,5,3,33.0,16.0,43.0,29.0,29.0,86.0
241080,Riacho de Santana,RN,Rio Grande do Norte,NORDESTE,4245,2,2,4.7114252061248525,2122.5,0.0,4243,3159.0,74.45203865189724,6,58.0,3,1,36.0,12.0,100.0,67.0,33.0,100.0
241090,Riachuelo,RN,Rio Grande do Norte,NORDESTE,7646,3,3,3.923620193565263,2548.6666666666665,0.0,7627,5230.0,68.57217778943227,6,66.5,2,1,45.0,25.0,70.0,89.0,74.0,96.0
240895,Rio do Fogo,RN,Rio Grande do Norte,NORDESTE,10692,6,5,5.611672278338945,1782.0,0.0,10672,8291.0,77.68928035982009,6,54.333333333333336,2,2,19.0,18.0,71.0,74.0,66.0,78.0
241100,Rodolfo Fernandes,RN,Rio Grande do Norte,NORDESTE,4345,2,2,4.602991944764097,2172.5,0.0,4349,3065.0,70.47597148769832,6,51.833333333333336,2,1,31.0,16.0,74.0,58.0,58.0,74.0
241110,Ruy Barbosa,RN,Rio Grande do Norte,NORDESTE,3253,4,4,12.296341838303103,813.25,0.0,3266,2282.0,69.87140232700551,6,54.666666666666664,2,1,30.0,9.0,58.0,100.0,67.0,64.0
241120,Santa Cruz,RN,Rio Grande do Norte,NORDESTE,39101,8,8,2.0459834786834095,4887.625,0.7644295252862072,38996,21728.0,55.71853523438301,6,45.833333333333336,4,2,16.0,8.0,45.0,68.0,46.0,92.0
240933,Santa Maria,RN,Rio Grande do Norte,NORDESTE,5000,2,2,4.0,2500.0,0.0,4992,3822.0,76.5625,6,58.666666666666664,2,0,42.0,34.0,50.0,94.0,56.0,76.0
241140,Santana do Matos,RN,Rio Grande do Norte,NORDESTE,12722,7,7,5.502279515799403,1817.4285714285713,0.0,12746,7977.0,62.58434018515613,6,49.166666666666664,2,2,19.0,4.0,81.0,52.0,58.0,81.0
241142,Santana do Seridó,RN,Rio Grande do Norte,NORDESTE,2796,1,1,3.57653791130186,2796.0,0.0,2787,1542.0,55.328310010764255,6,78.33333333333333,1,1,51.0,28.0,100.0,100.0,100.0,91.0
241150,Santo Antônio,RN,Rio Grande do Norte,NORDESTE,22793,16,16,7.019699030404072,1424.5625,0.0,22779,16180.0,71.03033495763643,6,57.5,2,1,33.0,4.0,80.0,91.0,71.0,66.0
241310,Senador Elói de Souza,RN,Rio Grande do Norte,NORDESTE,6027,3,3,4.9776007964161275,2009.0,0.0,6007,4289.0,71.40003329448976,6,46.5,3,1,31.0,1.0,30.0,74.0,70.0,73.0
241320,Senador Georgino Avelino,RN,Rio Grande do Norte,NORDESTE,4202,2,2,4.75963826749167,2101.0,0.0,4193,2569.0,61.26878130217028,6,50.166666666666664,3,0,51.0,50.0,37.0,37.0,32.0,94.0
241030,Serra Caiada,RN,Rio Grande do Norte,NORDESTE,11203,5,5,4.463090243684727,2240.6,0.0,11146,7424.0,66.6068544769424,6,73.16666666666667,2,0,38.0,45.0,94.0,96.0,86.0,80.0
241340,Serra Negra do Norte,RN,Rio Grande do Norte,NORDESTE,7800,3,3,3.8461538461538463,2600.0,0.0,7801,4004.0,51.32675298038713,6,50.5,3,2,22.0,6.0,43.0,86.0,52.0,94.0
241330,Serra de São Bento,RN,Rio Grande do Norte,NORDESTE,5866,3,3,5.114217524718717,1955.3333333333333,0.0,5864,4304.0,73.39699863574351,6,63.666666666666664,2,2,25.0,7.0,79.0,92.0,79.0,100.0
241335,Serra do Mel,RN,Rio Grande do Norte,NORDESTE,13819,6,6,4.341848180041971,2303.1666666666665,0.0,13694,10075.0,73.57236746020155,6,56.0,2,1,32.0,18.0,66.0,75.0,58.0,87.0
241350,Serrinha,RN,Rio Grande do Norte,NORDESTE,6608,4,4,6.053268765133172,1652.0,0.0,6609,5377.0,81.35875321531245,6,65.16666666666667,2,0,45.0,31.0,68.0,84.0,72.0,91.0
241355,Serrinha dos Pintos,RN,Rio Grande do Norte,NORDESTE,4810,3,3,6.237006237006238,1603.3333333333333,0.0,4802,3357.0,69.90837151187004,6,64.33333333333333,2,2,22.0,18.0,77.0,92.0,77.0,100.0
241360,Severiano Melo,RN,Rio Grande do Norte,NORDESTE,5616,4,4,7.122507122507123,1404.0,0.0,5623,4855.0,86.34181042148319,6,58.833333333333336,1,0,51.0,30.0,60.0,67.0,60.0,85.0
241160,São Bento do Norte,RN,Rio Grande do Norte,NORDESTE,3442,1,1,2.905287623474724,3442.0,0.0,3426,2239.0,65.35318155283129,6,59.333333333333336,2,2,18.0,18.0,71.0,95.0,81.0,73.0
241170,São Bento do Trairí,RN,Rio Grande do Norte,NORDESTE,3890,2,2,5.141388174807197,1945.0,0.0,3892,2908.0,74.71736896197328,6,58.0,3,2,27.0,8.0,93.0,73.0,47.0,100.0
241180,São Fernando,RN,Rio Grande do Norte,NORDESTE,3606,3,3,8.319467554076539,1202.0,0.0,3600,2309.0,64.13888888888889,6,58.666666666666664,2,0,37.0,56.0,67.0,67.0,33.0,92.0
241190,São Francisco do Oeste,RN,Rio Grande do Norte,NORDESTE,4319,1,1,2.31535077564251,4319.0,0.0,4304,2807.0,65.21840148698885,6,61.833333333333336,2,0,47.0,37.0,60.0,67.0,60.0,100.0
241200,São Gonçalo do Amarante,RN,Rio Grande do Norte,NORDESTE,124495,35,33,2.81135788585887,3557.0,0.0,123207,53482.0,43.40824790799224,6,47.333333333333336,3,2,18.0,17.0,49.0,69.0,52.0,79.0
241220,São José de Mipibu,RN,Rio Grande do Norte,NORDESTE,50053,22,18,4.395340938605078,2275.1363636363635,0.0,49693,26791.0,53.91302597951422,6,51.333333333333336,3,1,35.0,14.0,49.0,73.0,50.0,87.0
241230,São José do Campestre,RN,Rio Grande do Norte,NORDESTE,11298,5,5,4.42556204637989,2259.6,0.0,11340,7718.0,68.05996472663139,6,55.0,2,1,23.0,52.0,48.0,59.0,50.0,98.0
241240,São José do Seridó,RN,Rio Grande do Norte,NORDESTE,4733,2,2,4.225649693640397,2366.5,0.0,4716,2240.0,47.49787955894826,6,46.333333333333336,3,3,28.0,15.0,64.0,71.0,71.0,29.0
241210,São João do Sabugi,RN,Rio Grande do Norte,NORDESTE,6136,3,3,4.889178617992178,2045.3333333333333,0.0,6130,3822.0,62.34910277324634,6,47.333333333333336,3,2,19.0,9.0,57.0,64.0,43.0,92.0
241250,São Miguel,RN,Rio Grande do Norte,NORDESTE,24422,12,11,4.913602489558595,2035.1666666666667,0.0,24329,14359.0,59.020099469768596,6,54.166666666666664,2,2,21.0,9.0,62.0,90.0,56.0,87.0
241255,São Miguel do Gostoso,RN,Rio Grande do Norte,NORDESTE,10636,5,5,4.7010154193305755,2127.2,0.0,10590,7331.0,69.22568460812086,6,70.5,2,0,41.0,41.0,84.0,95.0,68.0,94.0
241260,São Paulo do Potengi,RN,Rio Grande do Norte,NORDESTE,17371,9,9,5.181048874561051,1930.111111111111,0.0,17320,11964.0,69.07621247113164,6,78.33333333333333,2,0,46.0,46.0,97.0,93.0,88.0,100.0
241270,São Pedro,RN,Rio Grande do Norte,NORDESTE,5890,1,1,1.697792869269949,5890.0,0.32023451839942085,5905,3918.0,66.35055038103303,6,47.0,4,1,57.0,1.0,47.0,47.0,35.0,95.0
241280,São Rafael,RN,Rio Grande do Norte,NORDESTE,7889,3,3,3.802763341361389,2629.6666666666665,0.0,7899,5611.0,71.03430814027092,6,73.0,2,1,41.0,14.0,100.0,100.0,83.0,100.0
241290,São Tomé,RN,Rio Grande do Norte,NORDESTE,10161,5,5,4.920775514221041,2032.2,0.0,10188,7265.0,71.30938358853554,6,62.0,2,0,32.0,41.0,72.0,91.0,56.0,80.0
241300,São Vicente,RN,Rio Grande do Norte,NORDESTE,6530,3,3,4.594180704441041,2176.6666666666665,0.0,6514,3880.0,59.564015965612526,6,69.16666666666667,2,1,34.0,15.0,94.0,94.0,78.0,100.0
241370,Sítio Novo,RN,Rio Grande do Norte,NORDESTE,4746,3,3,6.321112515802782,1582.0,0.0,4758,3334.0,70.07145859604876,6,63.666666666666664,2,1,35.0,8.0,77.0,85.0,77.0,100.0
241380,Taboleiro Grande,RN,Rio Grande do Norte,NORDESTE,2409,2,2,8.302200083022,1204.5,0.0,2406,1681.0,69.8669991687448,6,35.5,6,1,47.0,16.0,40.0,40.0,30.0,40.0
241390,Taipu,RN,Rio Grande do Norte,NORDESTE,11708,6,6,5.124701059104886,1951.3333333333333,0.0,11716,7643.0,65.2355752816661,6,58.666666666666664,1,1,60.0,12.0,65.0,78.0,73.0,64.0
241400,Tangará,RN,Rio Grande do Norte,NORDESTE,13583,8,8,5.889715085032761,1697.875,0.0,13602,9443.0,69.42361417438612,6,59.333333333333336,2,0,32.0,39.0,62.0,68.0,57.0,98.0
241410,Tenente Ananias,RN,Rio Grande do Norte,NORDESTE,10610,3,3,2.827521206409048,3536.6666666666665,0.0,10587,7034.0,66.43997355247001,6,66.5,2,1,41.0,15.0,68.0,90.0,85.0,100.0
241415,Tenente Laurentino Cruz,RN,Rio Grande do Norte,NORDESTE,6152,2,2,3.2509752925877766,3076.0,0.0,6118,4346.0,71.03628636809415,6,45.166666666666664,4,2,29.0,10.0,41.0,67.0,33.0,91.0
241105,Tibau,RN,Rio Grande do Norte,NORDESTE,5748,4,4,6.958942240779402,1437.0,0.0,5674,3689.0,65.0158618258724,6,60.5,2,2,27.0,5.0,71.0,89.0,71.0,100.0
241420,Tibau do Sul,RN,Rio Grande do Norte,NORDESTE,18080,9,9,4.977876106194691,2008.888888888889,0.0,17840,9549.0,53.525784753363226,6,55.833333333333336,2,0,35.0,45.0,65.0,63.0,55.0,72.0
241430,Timbaúba dos Batistas,RN,Rio Grande do Norte,NORDESTE,2424,2,2,8.250825082508252,1212.0,0.0,2420,1490.0,61.57024793388429,6,79.33333333333333,1,0,47.0,54.0,75.0,100.0,100.0,100.0
241440,Touros,RN,Rio Grande do Norte,NORDESTE,34767,18,18,5.177323323841574,1931.5,0.0,34624,24504.0,70.77171903881701,6,64.16666666666667,2,2,27.0,22.0,86.0,85.0,70.0,95.0
241445,Triunfo Potiguar,RN,Rio Grande do Norte,NORDESTE,3477,3,3,8.628127696289905,1159.0,0.0,3474,3181.0,91.56591824985607,6,54.833333333333336,3,1,49.0,48.0,63.0,19.0,50.0,100.0
241450,Umarizal,RN,Rio Grande do Norte,NORDESTE,10655,10,10,9.385265133740027,1065.5,0.0,10671,7327.0,68.66273076562646,6,54.5,2,1,33.0,12.0,64.0,61.0,67.0,90.0
241460,Upanema,RN,Rio Grande do Norte,NORDESTE,14048,11,11,7.830296127562642,1277.090909090909,0.0,14013,8349.0,59.58038963819311,6,60.0,3,0,44.0,64.0,49.0,49.0,54.0,100.0
241475,Venha-Ver,RN,Rio Grande do Norte,NORDESTE,3005,4,4,13.311148086522463,751.25,0.0,3035,2678.0,88.23723228995057,6,41.833333333333336,4,2,26.0,2.0,50.0,43.0,36.0,94.0
241480,Vera Cruz,RN,Rio Grande do Norte,NORDESTE,11053,6,6,5.428390482222021,1842.1666666666667,0.0,11044,8783.0,79.52734516479536,6,47.166666666666664,4,0,40.0,56.0,42.0,46.0,35.0,64.0
241500,Vila Flor,RN,Rio Grande do Norte,NORDESTE,3304,2,2,6.053268765133172,1652.0,0.0,3289,2193.0,66.67680145941016,6,75.33333333333333,1,0,38.0,73.0,70.0,100.0,80.0,91.0
241490,Viçosa,RN,Rio Grande do Norte,NORDESTE,1900,2,2,10.526315789473683,950.0,0.0,1890,1276.0,67.51322751322752,6,70.83333333333333,1,0,74.0,36.0,80.0,80.0,80.0,75.0
241470,Várzea,RN,Rio Grande do Norte,NORDESTE,5387,2,2,3.7126415444588825,2693.5,0.0,5383,3790.0,70.40683633661527,6,60.833333333333336,2,1,35.0,24.0,69.0,100.0,77.0,60.0
240040,Água Nova,RN,Rio Grande do Norte,NORDESTE,3029,2,2,6.602839220864972,1514.5,0.0,3028,2172.0,71.73051519154558,6,67.83333333333333,2,1,36.0,14.0,93.0,93.0,71.0,100.0
110001,Alta Floresta D'Oeste,RO,Rondônia,NORTE,22787,5,5,2.1942335542195113,4557.4,0.10767130233745363,22853,8704.0,38.08690325121428,6,48.666666666666664,4,2,23.0,22.0,46.0,64.0,46.0,91.0
110037,Alto Alegre dos Parecis,RO,Rondônia,NORTE,12237,6,6,4.9031625398381955,2039.5,0.0,12263,4936.0,40.251162032129166,6,58.0,2,2,26.0,13.0,55.0,94.0,65.0,95.0
110040,Alto Paraíso,RO,Rondônia,NORTE,17467,5,5,2.862540791206275,3493.4,0.0,17463,6612.0,37.86291015289469,6,50.833333333333336,2,2,27.0,24.0,55.0,76.0,66.0,57.0
110034,Alvorada D'Oeste,RO,Rondônia,NORTE,13720,6,6,4.373177842565598,2286.6666666666665,0.0,13837,6156.0,44.48941244489412,6,39.833333333333336,3,2,8.0,2.0,54.0,46.0,63.0,66.0
110002,Ariquemes,RO,Rondônia,NORTE,109170,16,16,1.4656041036914904,6823.125,8.470289027786889,108573,35344.0,32.55321304560066,6,50.5,3,1,27.0,32.0,51.0,68.0,46.0,79.0
110045,Buritis,RO,Rondônia,NORTE,30649,6,6,1.957649515481745,5108.166666666667,0.8699266136543038,30729,13231.0,43.05704708906896,6,58.833333333333336,1,1,22.0,64.0,65.0,75.0,60.0,67.0
110003,Cabixi,RO,Rondônia,NORTE,5664,3,3,5.296610169491525,1888.0,0.0,5690,2266.0,39.82425307557118,6,38.5,5,2,14.0,9.0,39.0,48.0,35.0,86.0
110060,Cacaulândia,RO,Rondônia,NORTE,4292,3,3,6.989748369058714,1430.6666666666667,0.0,4345,2236.0,51.4614499424626,6,49.5,3,2,14.0,21.0,43.0,62.0,62.0,95.0
110004,Cacoal,RO,Rondônia,NORTE,98280,15,15,1.5262515262515262,6552.0,7.029312133836179,97637,30791.0,31.536200415825967,6,43.5,3,3,9.0,17.0,27.0,72.0,57.0,79.0
110070,Campo Novo de Rondônia,RO,Rondônia,NORTE,9095,5,5,5.497526113249038,1819.0,0.0,9225,3935.0,42.65582655826558,6,37.0,4,3,11.0,29.0,5.0,63.0,46.0,68.0
110080,Candeias do Jamari,RO,Rondônia,NORTE,24313,4,4,1.645210381277506,6078.25,1.4497218753557075,24163,12246.0,50.68079294789555,6,41.833333333333336,4,3,9.0,13.0,24.0,68.0,43.0,94.0
110090,Castanheiras,RO,Rondônia,NORTE,3450,2,2,5.797101449275362,1725.0,0.0,3456,1547.0,44.76273148148148,6,54.166666666666664,2,1,35.0,18.0,64.0,79.0,57.0,72.0
110005,Cerejeiras,RO,Rondônia,NORTE,16966,6,5,3.536484734174231,2827.6666666666665,0.0,16975,7108.0,41.87334315169367,6,64.16666666666667,2,2,12.0,17.0,87.0,99.0,78.0,92.0
110092,Chupinguaia,RO,Rondônia,NORTE,10191,7,7,6.868805809047199,1455.857142857143,0.0,10129,3652.0,36.05489189456018,6,50.833333333333336,2,2,17.0,21.0,58.0,75.0,52.0,82.0
110006,Colorado do Oeste,RO,Rondônia,NORTE,16508,5,5,3.028834504482675,3301.6,0.0,16588,5499.0,33.15047021943573,6,43.333333333333336,3,2,14.0,15.0,45.0,62.0,55.0,69.0
110007,Corumbiara,RO,Rondônia,NORTE,7968,4,4,5.02008032128514,1992.0,0.0,8001,2680.0,33.49581302337208,6,63.333333333333336,2,2,20.0,28.0,87.0,98.0,73.0,74.0
110008,Costa Marques,RO,Rondônia,NORTE,13510,3,3,2.2205773501110286,4503.333333333333,0.028245898739588812,13522,5929.0,43.847064043780506,6,44.0,3,3,14.0,6.0,29.0,78.0,59.0,78.0
110094,Cujubim,RO,Rondônia,NORTE,15877,5,3,3.1492095484033507,3175.4,0.0,15883,6184.0,38.934710067367625,6,59.0,2,2,17.0,22.0,63.0,93.0,66.0,93.0
110009,Espigão D'Oeste,RO,Rondônia,NORTE,32842,6,6,1.8269289324645273,5473.666666666667,1.3614842195710999,32717,9983.0,30.513188862059483,6,48.333333333333336,3,3,18.0,10.0,29.0,78.0,63.0,92.0
110100,Governador Jorge Teixeira,RO,Rondônia,NORTE,8340,4,4,4.796163069544365,2085.0,0.0,8420,3742.0,44.441805225653205,6,45.5,3,3,8.0,17.0,7.0,89.0,56.0,96.0
110010,Guajará-Mirim,RO,Rondônia,NORTE,43594,10,9,2.29389365509015,4359.4,0.0,43553,19567.0,44.9268707092508,6,24.166666666666668,5,4,13.0,7.0,6.0,44.0,19.0,56.0
110110,Itapuã do Oeste,RO,Rondônia,NORTE,9228,2,2,2.167316861725184,4614.0,0.06844212831746291,9209,4086.0,44.369638397220115,6,66.16666666666667,2,1,23.0,47.0,90.0,90.0,56.0,91.0
110011,Jaru,RO,Rondônia,NORTE,55682,12,12,2.1550950037714163,4640.166666666667,0.48103539108939797,55583,20862.0,37.53305866901751,6,55.5,2,2,24.0,26.0,56.0,72.0,59.0,96.0
110012,Ji-Paraná,RO,Rondônia,NORTE,140101,17,17,1.2134103254080983,8241.235294117647,14.403425511422288,139359,40716.0,29.216627559038166,6,50.666666666666664,3,2,21.0,17.0,41.0,77.0,55.0,93.0
110013,Machadinho D'Oeste,RO,Rondônia,NORTE,34149,10,10,2.928343436118188,3414.9,0.0,34063,13133.0,38.55503038487508,6,50.0,3,3,12.0,26.0,22.0,83.0,67.0,90.0
110120,Ministro Andreazza,RO,Rondônia,NORTE,6519,2,2,3.067955207853965,3259.5,0.0,6657,3679.0,55.265134444945176,6,53.5,2,2,5.0,11.0,58.0,90.0,74.0,83.0
110130,Mirante da Serra,RO,Rondônia,NORTE,9657,2,2,2.0710365537951745,4828.5,0.1646018241397636,9740,4457.0,45.75975359342916,6,39.5,4,3,25.0,19.0,24.0,58.0,38.0,73.0
110140,Monte Negro,RO,Rondônia,NORTE,12168,9,8,7.396449704142012,1352.0,0.0,12241,7184.0,58.688015684993054,6,50.833333333333336,3,0,31.0,59.0,49.0,56.0,45.0,65.0
110014,Nova Brasilândia D'Oeste,RO,Rondônia,NORTE,16374,5,5,3.0536215952119217,3274.8,0.0,16504,8519.0,51.61778962675715,6,67.33333333333333,2,1,34.0,28.0,90.0,78.0,77.0,97.0
110033,Nova Mamoré,RO,Rondônia,NORTE,28701,5,5,1.742099578411902,5740.2,1.4332853841395212,28496,11045.0,38.75982594048287,6,40.5,4,2,10.0,6.0,40.0,60.0,48.0,79.0
110143,Nova União,RO,Rondônia,NORTE,6541,1,1,1.5288182235132244,6541.0,0.46615517569619896,6577,2915.0,44.321119051239165,6,39.166666666666664,4,3,20.0,27.0,15.0,59.0,44.0,70.0
110050,Novo Horizonte do Oeste,RO,Rondônia,NORTE,7972,2,2,2.5087807325639737,3986.0,0.0,8056,2547.0,31.616186693147963,6,46.333333333333336,3,3,23.0,10.0,11.0,81.0,59.0,94.0
110015,Ouro Preto do Oeste,RO,Rondônia,NORTE,38684,7,7,1.8095336573260263,5526.285714285715,1.6709596111652285,38681,14544.0,37.59985522607999,6,52.5,2,2,27.0,18.0,62.0,80.0,62.0,66.0
110145,Parecis,RO,Rondônia,NORTE,4372,3,3,6.861848124428179,1457.3333333333333,0.0,4390,1707.0,38.88382687927107,6,58.166666666666664,2,2,16.0,13.0,65.0,75.0,80.0,100.0
110018,Pimenta Bueno,RO,Rondônia,NORTE,39220,8,8,2.039775624681285,4902.5,0.7911031938243274,39053,11971.0,30.653214861854405,6,54.666666666666664,3,1,37.0,28.0,48.0,66.0,55.0,94.0
110146,Pimenteiras do Oeste,RO,Rondônia,NORTE,2309,2,1,8.661758336942398,1154.5,0.0,2311,1171.0,50.67070532237127,6,64.33333333333333,2,1,38.0,11.0,88.0,94.0,75.0,80.0
110020,Porto Velho,RO,Rondônia,NORTE,517709,61,58,1.1782681004193476,8487.032786885246,55.043682900856666,514873,151439.0,29.412884342352385,6,30.833333333333332,5,4,15.0,7.0,26.0,43.0,28.0,66.0
110025,Presidente Médici,RO,Rondônia,NORTE,20443,11,11,5.380814948882258,1858.4545454545455,0.0,20518,9088.0,44.29281606394385,6,41.5,3,2,14.0,10.0,37.0,61.0,55.0,72.0
110147,Primavera de Rondônia,RO,Rondônia,NORTE,3268,3,3,9.179926560587516,1089.3333333333333,0.0,3279,1568.0,47.819457151570596,6,40.833333333333336,4,2,16.0,4.0,33.0,50.0,42.0,100.0
110026,Rio Crespo,RO,Rondônia,NORTE,3767,1,1,2.654632333421821,3767.0,0.0,3753,1631.0,43.458566480149216,6,68.33333333333333,2,1,34.0,21.0,90.0,100.0,70.0,95.0
110028,Rolim de Moura,RO,Rondônia,NORTE,62959,15,11,2.38250289871186,4197.266666666666,0.0,62559,19238.0,30.751770328809602,6,63.5,2,0,39.0,45.0,63.0,75.0,64.0,95.0
110029,Santa Luzia D'Oeste,RO,Rondônia,NORTE,7837,2,2,2.5519969376036746,3918.5,0.0,7877,3807.0,48.330582709153234,6,58.5,2,1,27.0,31.0,51.0,94.0,80.0,68.0
110150,Seringueiras,RO,Rondônia,NORTE,12965,3,3,2.3139220979560355,4321.666666666667,0.0,12954,5682.0,43.862899490504866,6,54.833333333333336,3,2,24.0,15.0,40.0,96.0,76.0,78.0
110148,São Felipe D'Oeste,RO,Rondônia,NORTE,5588,3,3,5.368647100930565,1862.6666666666667,0.0,5605,2154.0,38.429973238180196,6,37.666666666666664,3,3,25.0,5.0,50.0,56.0,19.0,71.0
110149,São Francisco do Guaporé,RO,Rondônia,NORTE,17557,6,6,3.4174403371874464,2926.1666666666665,0.0,17511,7975.0,45.54280166752327,6,58.5,2,2,18.0,18.0,64.0,91.0,77.0,83.0
110032,São Miguel do Guaporé,RO,Rondônia,NORTE,22305,4,4,1.7933198834342077,5576.25,0.9996317373343092,22267,7940.0,35.658148830107336,6,57.0,2,2,19.0,15.0,80.0,96.0,72.0,60.0
110155,Teixeirópolis,RO,Rondônia,NORTE,4521,1,1,2.2119000221190004,4521.0,0.01337525597347732,4536,2085.0,45.96560846560847,6,48.0,4,2,33.0,23.0,5.0,95.0,45.0,87.0
110160,Theobroma,RO,Rondônia,NORTE,8459,5,5,5.910864168341412,1691.8,0.0,8540,3816.0,44.68384074941452,6,44.5,3,3,11.0,6.0,23.0,77.0,61.0,89.0
110170,Urupá,RO,Rondônia,NORTE,11314,3,3,2.6515821106593602,3771.3333333333335,0.0,11377,5437.0,47.789399665992796,6,60.666666666666664,2,2,22.0,25.0,73.0,85.0,63.0,96.0
110175,Vale do Anari,RO,Rondônia,NORTE,8220,3,3,3.6496350364963503,2740.0,0.0,8265,3953.0,47.828191167574104,6,60.333333333333336,2,2,10.0,19.0,52.0,100.0,81.0,100.0
110180,Vale do Paraíso,RO,Rondônia,NORTE,6790,3,2,4.418262150220913,2263.3333333333335,0.0,6843,3106.0,45.38944907204442,6,53.833333333333336,3,1,38.0,25.0,41.0,68.0,55.0,96.0
110030,Vilhena,RO,Rondônia,NORTE,109651,10,9,0.9119843868272975,10965.1,14.578104444314924,108528,33350.0,30.72939702196668,6,61.833333333333336,1,1,25.0,52.0,69.0,77.0,60.0,88.0
140005,Alto Alegre,RR,Roraima,NORTE,23589,8,8,3.3914112510068253,2948.625,0.0,23049,8615.0,37.37689270684194,6,33.833333333333336,5,3,63.0,21.0,31.0,25.0,17.0,46.0
140002,Amajari,RR,Roraima,NORTE,16112,10,9,6.206554121151936,1611.2,0.0,15583,5465.0,35.07026888275685,6,22.0,6,4,8.0,10.0,24.0,44.0,14.0,32.0
140010,Boa Vista,RR,Roraima,NORTE,485477,56,49,1.1535046974418974,8669.232142857143,52.81892925110282,470169,150950.0,32.10547696679279,6,44.0,4,2,17.0,9.0,38.0,86.0,43.0,71.0
140015,Bonfim,RR,Roraima,NORTE,15570,11,11,7.064868336544637,1415.4545454545455,0.0,15222,8885.0,58.369465247667854,6,62.666666666666664,1,0,70.0,64.0,61.0,67.0,39.0,75.0
140017,Cantá,RR,Roraima,NORTE,21102,5,5,2.369443654629893,4220.4,0.0,20552,10581.0,51.48404048267808,6,52.166666666666664,2,1,26.0,40.0,54.0,68.0,55.0,70.0
140020,Caracaraí,RR,Roraima,NORTE,22750,10,9,4.395604395604396,2275.0,0.0,22443,12558.0,55.95508621842,6,62.166666666666664,2,0,53.0,43.0,83.0,82.0,39.0,73.0
140023,Caroebe,RR,Roraima,NORTE,12004,3,3,2.4991669443518827,4001.3333333333335,0.0,11708,7409.0,63.28151691151349,6,60.5,1,1,50.0,17.0,57.0,84.0,68.0,87.0
140028,Iracema,RR,Roraima,NORTE,10937,5,5,4.571637560574198,2187.4,0.0,10778,4951.0,45.9361662646131,6,40.166666666666664,4,3,19.0,3.0,24.0,88.0,48.0,59.0
140030,Mucajaí,RR,Roraima,NORTE,20006,8,8,3.9988003598920323,2500.75,0.0,19619,12215.0,62.2610734492074,6,67.33333333333333,1,1,54.0,25.0,86.0,91.0,59.0,89.0
140040,Normandia,RR,Roraima,NORTE,16323,11,8,6.738957299516021,1483.909090909091,0.0,15744,7767.0,49.333079268292686,6,28.333333333333332,5,4,65.0,14.0,22.0,25.0,13.0,31.0
140045,Pacaraima,RR,Roraima,NORTE,23112,12,12,5.192107995846314,1926.0,0.0,22104,14022.0,63.436482084690546,6,22.333333333333332,6,5,14.0,29.0,27.0,23.0,11.0,30.0
140047,Rorainópolis,RR,Roraima,NORTE,37787,14,14,3.704977902453225,2699.0714285714284,0.0,36747,17283.0,47.032410809045636,6,64.5,1,0,54.0,34.0,69.0,82.0,60.0,88.0
140050,São João da Baliza,RR,Roraima,NORTE,9969,2,2,2.0062192797672784,4984.5,0.2345361483741643,9727,4573.0,47.01346766731778,6,73.16666666666667,2,0,49.0,49.0,84.0,96.0,69.0,92.0
140060,São Luiz,RR,Roraima,NORTE,7848,5,5,6.371049949031601,1569.6,0.0,7777,3706.0,47.653336762247655,6,57.333333333333336,3,1,33.0,21.0,36.0,97.0,69.0,88.0
140070,Uiramutã,RR,Roraima,NORTE,16186,8,7,4.942542938341776,2023.25,0.0,15571,7998.0,51.36471646008606,6,13.166666666666666,6,6,6.0,1.0,12.0,28.0,6.0,26.0
430003,Aceguá,RS,Rio Grande do Sul,SUL,4251,2,2,4.704775346977182,2125.5,0.0,4253,2273.0,53.44462732189042,6,67.66666666666667,2,0,34.0,44.0,72.0,100.0,61.0,95.0
430010,Agudo,RS,Rio Grande do Sul,SUL,16341,2,2,1.2239153050608897,8170.5,1.6628102317767295,16346,5425.0,33.18854765691913,6,52.0,3,2,23.0,11.0,82.0,32.0,66.0,98.0
430020,Ajuricaba,RS,Rio Grande do Sul,SUL,6843,3,3,4.384042086804033,2281.0,0.0,6848,2482.0,36.24415887850467,6,52.5,3,0,42.0,55.0,47.0,59.0,47.0,65.0
430030,Alecrim,RS,Rio Grande do Sul,SUL,6219,2,2,3.215951117543013,3109.5,0.0,6228,3370.0,54.11046885035324,6,50.666666666666664,3,1,42.0,4.0,58.0,42.0,58.0,100.0
430040,Alegrete,RS,Rio Grande do Sul,SUL,74285,26,23,3.5000336541697514,2857.1153846153848,0.0,74329,24593.0,33.08668218326629,6,48.0,4,1,36.0,11.0,49.0,61.0,48.0,83.0
430045,Alegria,RS,Rio Grande do Sul,SUL,3705,1,1,2.6990553306342777,3705.0,0.0,3711,1978.0,53.300997035839394,6,54.833333333333336,3,1,46.0,33.0,20.0,80.0,50.0,100.0
430047,Almirante Tamandaré do Sul,RS,Rio Grande do Sul,SUL,2007,0,0,0.0,0.0,0.44986598954628826,2008,845.0,42.08167330677291,6,64.66666666666667,2,1,47.0,27.0,100.0,67.0,67.0,80.0
430050,Alpestre,RS,Rio Grande do Sul,SUL,7235,4,4,5.528680027643401,1808.75,0.0,7243,3119.0,43.06226701642966,6,83.0,1,0,62.0,44.0,100.0,96.0,96.0,100.0
430055,Alto Alegre,RS,Rio Grande do Sul,SUL,1837,1,1,5.443658138268917,1837.0,0.0,1837,786.0,42.787152966793684,6,37.5,4,2,39.0,3.0,100.0,33.0,0.0,50.0
430057,Alto Feliz,RS,Rio Grande do Sul,SUL,3145,0,0,0.0,0.0,0.7049469542217621,3143,879.0,27.966910594972955,6,64.0,2,1,49.0,15.0,80.0,100.0,80.0,60.0
430060,Alvorada,RS,Rio Grande do Sul,SUL,194062,20,20,1.0305984685306757,9703.1,23.49870137684693,194116,62423.0,32.157575882462034,6,42.333333333333336,4,2,21.0,17.0,47.0,63.0,39.0,67.0
430063,Amaral Ferrador,RS,Rio Grande do Sul,SUL,5384,0,0,0.0,0.0,1.2068153899936302,5394,2217.0,41.10122358175751,6,62.833333333333336,2,2,13.0,5.0,100.0,91.0,73.0,95.0
430064,Ametista do Sul,RS,Rio Grande do Sul,SUL,7826,4,4,5.111167901865576,1956.5,0.0,7822,3372.0,43.109179238046536,6,69.16666666666667,2,0,35.0,39.0,68.0,100.0,87.0,86.0
430066,André da Rocha,RS,Rio Grande do Sul,SUL,1156,0,0,0.0,0.0,0.2591156372274585,1157,620.0,53.586862575626625,6,49.166666666666664,3,3,26.0,9.0,0.0,100.0,100.0,60.0
430070,Anta Gorda,RS,Rio Grande do Sul,SUL,6080,1,1,1.644736842105263,6080.0,0.36282272867037,6080,2227.0,36.62828947368421,6,66.5,1,0,60.0,49.0,60.0,67.0,67.0,96.0
430080,Antônio Prado,RS,Rio Grande do Sul,SUL,13332,2,2,1.5001500150015004,6666.0,0.9883474701699623,13328,4463.0,33.48589435774309,6,44.0,5,1,37.0,43.0,32.0,41.0,29.0,82.0
430085,Arambaré,RS,Rio Grande do Sul,SUL,4215,1,1,2.372479240806643,4215.0,0.0,4211,2598.0,61.69555924958442,6,25.666666666666668,6,4,16.0,16.0,27.0,13.0,40.0,42.0
430087,Araricá,RS,Rio Grande do Sul,SUL,8831,3,3,3.397123768542634,2943.6666666666665,0.0,8794,2385.0,27.120764157380034,6,41.0,4,2,25.0,7.0,68.0,48.0,40.0,58.0
430090,Aratiba,RS,Rio Grande do Sul,SUL,6618,1,1,1.5110305228165608,6618.0,0.48341460827968896,6618,2228.0,33.66576004835298,6,21.5,5,5,21.0,1.0,7.0,29.0,7.0,64.0
430130,Arroio Grande,RS,Rio Grande do Sul,SUL,17879,4,4,2.2372615918116225,4469.75,0.007550586496306707,17887,7498.0,41.918711913680326,6,51.5,2,2,27.0,8.0,67.0,84.0,63.0,60.0
430100,Arroio do Meio,RS,Rio Grande do Sul,SUL,22523,0,0,0.0,0.0,5.048496104908346,22490,6707.0,29.82214317474433,6,60.5,2,1,46.0,13.0,62.0,95.0,55.0,92.0
430107,Arroio do Padre,RS,Rio Grande do Sul,SUL,2650,1,1,3.773584905660377,2650.0,0.0,2651,922.0,34.77932855526217,6,73.0,2,1,36.0,2.0,100.0,100.0,100.0,100.0
430105,Arroio do Sal,RS,Rio Grande do Sul,SUL,11418,6,6,5.254860746190226,1903.0,0.0,11384,6260.0,54.989458889669706,6,64.66666666666667,2,1,41.0,27.0,82.0,89.0,58.0,91.0
430120,Arroio do Tigre,RS,Rio Grande do Sul,SUL,12291,4,4,3.2544137987145065,3072.75,0.0,12296,4654.0,37.84970722186077,6,65.0,2,1,39.0,8.0,74.0,100.0,83.0,86.0
430110,Arroio dos Ratos,RS,Rio Grande do Sul,SUL,14934,4,4,2.6784518548279097,3733.5,0.0,14923,5916.0,39.64350331702741,6,36.666666666666664,5,2,33.0,11.0,27.0,61.0,39.0,49.0
430140,Arvorezinha,RS,Rio Grande do Sul,SUL,10547,4,4,3.7925476438797765,2636.75,0.0,10545,4216.0,39.98103366524419,6,58.333333333333336,3,0,36.0,40.0,62.0,70.0,49.0,93.0
430150,Augusto Pestana,RS,Rio Grande do Sul,SUL,7303,1,1,1.3693002875530602,7303.0,0.6369563137302159,7302,2781.0,38.085456039441254,6,43.333333333333336,5,2,31.0,12.0,47.0,47.0,29.0,94.0
430160,Bagé,RS,Rio Grande do Sul,SUL,121928,19,16,1.5582966996916214,6417.263157894737,8.329975273243562,121900,40820.0,33.486464315012306,6,39.166666666666664,4,2,25.0,6.0,30.0,62.0,47.0,65.0
430163,Balneário Pinhal,RS,Rio Grande do Sul,SUL,15413,0,0,0.0,0.0,3.4548004468744096,15371,7024.0,45.69644135059528,6,27.5,5,4,20.0,2.0,28.0,33.0,11.0,71.0
430195,Barra Funda,RS,Rio Grande do Sul,SUL,2557,1,1,3.9108330074305826,2557.0,0.0,2555,1020.0,39.92172211350293,6,47.333333333333336,5,0,45.0,68.0,45.0,45.0,45.0,36.0
430185,Barra do Guarita,RS,Rio Grande do Sul,SUL,3231,3,3,9.285051067780874,1077.0,0.0,3230,1371.0,42.44582043343653,6,23.5,5,5,15.0,13.0,0.0,0.0,27.0,86.0
430187,Barra do Quaraí,RS,Rio Grande do Sul,SUL,4340,4,4,9.216589861751151,1085.0,0.0,4337,1713.0,39.4973483975098,6,40.666666666666664,4,2,18.0,10.0,42.0,58.0,33.0,83.0
430190,Barra do Ribeiro,RS,Rio Grande do Sul,SUL,12473,3,3,2.4051952216788264,4157.666666666667,0.0,12475,4698.0,37.659318637274545,6,51.333333333333336,3,2,26.0,23.0,37.0,74.0,56.0,92.0
430192,Barra do Rio Azul,RS,Rio Grande do Sul,SUL,1721,1,1,5.810575246949448,1721.0,0.0,1724,649.0,37.64501160092807,6,77.0,2,1,35.0,27.0,100.0,100.0,100.0,100.0
430180,Barracão,RS,Rio Grande do Sul,SUL,4915,1,1,2.0345879959308237,4915.0,0.10168975516691926,4920,2200.0,44.71544715447154,6,63.0,3,1,49.0,29.0,38.0,85.0,77.0,100.0
430200,Barros Cassal,RS,Rio Grande do Sul,SUL,9425,6,6,6.36604774535809,1570.8333333333333,0.0,9442,3757.0,39.79029866553696,6,49.0,3,2,26.0,7.0,54.0,42.0,65.0,100.0
430165,Barão,RS,Rio Grande do Sul,SUL,6496,4,4,6.157635467980295,1624.0,0.0,6489,1679.0,25.874556942518108,6,61.5,2,1,41.0,9.0,64.0,91.0,64.0,100.0
430170,Barão de Cotegipe,RS,Rio Grande do Sul,SUL,7320,2,1,2.73224043715847,3660.0,0.0,7313,2639.0,36.086421441268975,6,60.5,2,2,29.0,17.0,57.0,95.0,76.0,89.0
430175,Barão do Triunfo,RS,Rio Grande do Sul,SUL,5972,2,2,3.348961821835231,2986.0,0.0,5983,1728.0,28.881831856927963,6,49.166666666666664,3,2,49.0,16.0,15.0,65.0,60.0,90.0
430205,Benjamin Constant do Sul,RS,Rio Grande do Sul,SUL,2118,1,1,4.721435316336167,2118.0,0.0,2120,869.0,40.990566037735846,6,21.333333333333332,5,5,16.0,3.0,0.0,17.0,17.0,75.0
430210,Bento Gonçalves,RS,Rio Grande do Sul,SUL,127977,21,20,1.6409198527860474,6094.142857142857,7.685849399185519,127775,26494.0,20.73488554099002,6,51.333333333333336,3,0,38.0,38.0,54.0,63.0,42.0,73.0
430215,Boa Vista das Missões,RS,Rio Grande do Sul,SUL,1968,1,1,5.081300813008131,1968.0,0.0,1969,1039.0,52.76790248857288,6,57.0,2,2,20.0,12.0,50.0,80.0,80.0,100.0
430220,Boa Vista do Buricá,RS,Rio Grande do Sul,SUL,7129,5,3,7.013606396409033,1425.8,0.0,7125,2490.0,34.94736842105263,6,71.16666666666667,2,1,39.0,27.0,94.0,77.0,90.0,100.0
430222,Boa Vista do Cadeado,RS,Rio Grande do Sul,SUL,2269,1,1,4.407227853680036,2269.0,0.0,2271,996.0,43.85733157199472,6,73.66666666666667,1,0,42.0,50.0,50.0,100.0,100.0,100.0
430223,Boa Vista do Incra,RS,Rio Grande do Sul,SUL,2314,1,1,4.32152117545376,2314.0,0.0,2315,1163.0,50.23758099352052,6,59.0,3,1,40.0,28.0,57.0,86.0,43.0,100.0
430225,Boa Vista do Sul,RS,Rio Grande do Sul,SUL,2815,1,1,3.5523978685612785,2815.0,0.0,2815,910.0,32.326820603907635,6,60.833333333333336,2,1,39.0,6.0,80.0,60.0,80.0,100.0
430230,Bom Jesus,RS,Rio Grande do Sul,SUL,11429,4,4,3.4998687549216903,2857.25,0.0,11431,5808.0,50.80920304435308,6,56.166666666666664,2,2,22.0,6.0,60.0,85.0,70.0,94.0
430235,Bom Princípio,RS,Rio Grande do Sul,SUL,13665,4,4,2.9271862422246615,3416.25,0.0,13650,3488.0,25.553113553113555,6,41.833333333333336,5,3,37.0,46.0,26.0,24.0,22.0,96.0
430237,Bom Progresso,RS,Rio Grande do Sul,SUL,2132,1,1,4.690431519699812,2132.0,0.0,2134,1263.0,59.1846298031865,6,63.0,1,0,31.0,59.0,73.0,82.0,73.0,60.0
430240,Bom Retiro do Sul,RS,Rio Grande do Sul,SUL,12587,5,5,3.972352427107333,2517.4,0.0,12578,4054.0,32.23087931308634,6,60.833333333333336,3,0,31.0,36.0,37.0,95.0,84.0,82.0
430245,Boqueirão do Leão,RS,Rio Grande do Sul,SUL,6202,1,1,1.6123831022250885,6202.0,0.39016884263382157,6215,2690.0,43.28238133547868,6,60.5,2,1,31.0,2.0,84.0,89.0,68.0,89.0
430250,Bossoroca,RS,Rio Grande do Sul,SUL,5978,3,3,5.018400802944129,1992.6666666666667,0.0,5988,2872.0,47.9625918503674,6,63.833333333333336,2,0,65.0,31.0,67.0,73.0,47.0,100.0
430258,Bozano,RS,Rio Grande do Sul,SUL,2195,1,1,4.555808656036446,2195.0,0.0,2195,957.0,43.59908883826879,6,29.5,5,4,45.0,3.0,29.0,29.0,14.0,57.0
430260,Braga,RS,Rio Grande do Sul,SUL,3322,1,1,3.0102347983142685,3322.0,0.0,3326,1810.0,54.41972339146122,6,64.16666666666667,2,1,35.0,20.0,90.0,90.0,50.0,100.0
430265,Brochier,RS,Rio Grande do Sul,SUL,5083,1,1,1.967342120794806,5083.0,0.13934669898544258,5079,1831.0,36.050403622760385,6,57.166666666666664,3,2,26.0,9.0,36.0,86.0,86.0,100.0
430270,Butiá,RS,Rio Grande do Sul,SUL,19421,10,8,5.149065444621801,1942.1,0.0,19433,8068.0,41.517007152781346,6,35.5,5,2,23.0,28.0,37.0,31.0,33.0,61.0
430290,Cacequi,RS,Rio Grande do Sul,SUL,11300,6,6,5.3097345132743365,1883.3333333333333,0.0,11324,6358.0,56.14623807841752,6,60.166666666666664,2,2,29.0,23.0,84.0,90.0,65.0,70.0
430300,Cachoeira do Sul,RS,Rio Grande do Sul,SUL,82222,31,26,3.7702804602174598,2652.3225806451615,0.0,82250,31068.0,37.77264437689969,6,46.666666666666664,4,2,28.0,13.0,36.0,70.0,45.0,88.0
430310,Cachoeirinha,RS,Rio Grande do Sul,SUL,141503,4,1,0.2826795191621379,35375.75,27.71768167352687,141303,33307.0,23.571332526556407,6,53.333333333333336,3,1,34.0,20.0,44.0,81.0,51.0,90.0
430320,Cacique Doble,RS,Rio Grande do Sul,SUL,4692,0,0,0.0,0.0,1.0517046452173315,4694,2010.0,42.82062207072859,6,41.666666666666664,4,3,28.0,8.0,46.0,15.0,62.0,91.0
430330,Caibaté,RS,Rio Grande do Sul,SUL,4795,3,3,6.256517205422315,1598.3333333333333,0.0,4797,2087.0,43.50635814050448,6,50.833333333333336,2,1,39.0,19.0,62.0,62.0,54.0,69.0
430340,Caiçara,RS,Rio Grande do Sul,SUL,4931,1,1,2.027986209693774,4931.0,0.10527613076868322,4933,2185.0,44.29353334684776,6,55.5,3,2,28.0,5.0,70.0,90.0,40.0,100.0
430350,Camaquã,RS,Rio Grande do Sul,SUL,63961,15,15,2.345179093510108,4264.066666666667,0.0,63959,23578.0,36.8642411544896,6,51.166666666666664,3,1,28.0,37.0,46.0,77.0,54.0,65.0
430355,Camargo,RS,Rio Grande do Sul,SUL,3060,1,1,3.2679738562091503,3060.0,0.0,3056,1096.0,35.86387434554974,6,31.333333333333332,4,4,55.0,0.0,8.0,23.0,15.0,87.0
430360,Cambará do Sul,RS,Rio Grande do Sul,SUL,6490,4,3,6.163328197226503,1622.5,0.0,6492,2380.0,36.660505237215034,6,58.333333333333336,2,1,38.0,28.0,83.0,65.0,52.0,84.0
430367,Campestre da Serra,RS,Rio Grande do Sul,SUL,3311,2,1,6.040471156750226,1655.5,0.0,3311,1319.0,39.83690727876774,6,63.0,2,1,68.0,15.0,88.0,75.0,38.0,94.0
430370,Campina das Missões,RS,Rio Grande do Sul,SUL,5999,0,0,0.0,0.0,1.3446667021864391,6001,2167.0,36.11064822529578,6,63.833333333333336,2,2,27.0,16.0,85.0,92.0,69.0,94.0
430380,Campinas do Sul,RS,Rio Grande do Sul,SUL,5388,1,1,1.855976243504083,5388.0,0.20771198389407136,5390,2152.0,39.92578849721707,6,51.333333333333336,3,1,34.0,0.0,43.0,86.0,64.0,81.0
430390,Campo Bom,RS,Rio Grande do Sul,SUL,64719,18,18,2.781254345709915,3595.5,0.0,64704,14641.0,22.627658259149356,6,38.166666666666664,5,2,44.0,11.0,35.0,42.0,25.0,72.0
430400,Campo Novo,RS,Rio Grande do Sul,SUL,5063,1,1,1.9751135690302193,5063.0,0.13486372948323733,5068,2388.0,47.119179163378064,6,36.833333333333336,5,2,26.0,5.0,33.0,38.0,43.0,76.0
430410,Campos Borges,RS,Rio Grande do Sul,SUL,3695,1,1,2.7063599458728014,3695.0,0.0,3693,1796.0,48.632548063904686,6,65.33333333333333,2,1,37.0,16.0,63.0,88.0,88.0,100.0
430420,Candelária,RS,Rio Grande do Sul,SUL,29775,8,8,2.686817800167926,3721.875,0.0,29783,11020.0,37.00097370983447,6,61.5,2,2,29.0,12.0,61.0,96.0,83.0,88.0
430435,Candiota,RS,Rio Grande do Sul,SUL,11012,2,2,1.8162005085361426,5506.0,0.46832300791416326,10992,3517.0,31.99599708879185,6,51.166666666666664,3,2,21.0,4.0,47.0,92.0,61.0,82.0
430440,Canela,RS,Rio Grande do Sul,SUL,50715,8,7,1.577442571231391,6339.375,3.3676899152167454,50613,13397.0,26.469484124632007,6,39.0,5,2,17.0,1.0,35.0,47.0,41.0,93.0
430450,Canguçu,RS,Rio Grande do Sul,SUL,50968,9,9,1.7658138439805369,5663.111111111111,2.4243994794196406,50998,14388.0,28.212871092984038,6,49.333333333333336,3,2,21.0,5.0,57.0,87.0,30.0,96.0
430460,Canoas,RS,Rio Grande do Sul,SUL,359840,46,43,1.2783459315251222,7822.608695652174,34.65758728367532,359554,106415.0,29.59638885953153,6,37.833333333333336,5,3,27.0,23.0,39.0,48.0,25.0,65.0
430461,Canudos do Vale,RS,Rio Grande do Sul,SUL,1686,1,1,5.931198102016608,1686.0,0.0,1687,734.0,43.50918790752816,6,49.333333333333336,2,2,28.0,18.0,50.0,100.0,50.0,50.0
430468,Capela de Santana,RS,Rio Grande do Sul,SUL,11424,1,1,0.8753501400560224,11424.0,1.56067217965959,11416,4612.0,40.399439383321656,6,41.166666666666664,3,3,28.0,6.0,5.0,67.0,56.0,85.0
430469,Capitão,RS,Rio Grande do Sul,SUL,2994,0,0,0.0,0.0,0.6711005344801131,2991,1212.0,40.521564694082244,6,72.5,1,0,48.0,57.0,90.0,100.0,80.0,60.0
430467,Capivari do Sul,RS,Rio Grande do Sul,SUL,4080,2,2,4.901960784313726,2040.0,0.0,4079,1810.0,44.37362098553567,6,28.0,6,5,29.0,21.0,29.0,41.0,24.0,24.0
430462,Capão Bonito do Sul,RS,Rio Grande do Sul,SUL,1769,1,1,5.6529112492933855,1769.0,0.0,1769,925.0,52.28942905596382,6,64.66666666666667,1,1,60.0,27.0,67.0,67.0,67.0,100.0
430463,Capão da Canoa,RS,Rio Grande do Sul,SUL,66234,17,15,2.5666576078751095,3896.1176470588234,0.0,66012,20782.0,31.482154759740656,6,65.0,2,1,38.0,29.0,77.0,89.0,71.0,86.0
430465,Capão do Cipó,RS,Rio Grande do Sul,SUL,3187,3,3,9.413241292751804,1062.3333333333333,0.0,3186,1529.0,47.991211550533585,6,60.0,3,1,46.0,14.0,33.0,100.0,67.0,100.0
430466,Capão do Leão,RS,Rio Grande do Sul,SUL,27416,6,6,2.1885030639042897,4569.333333333333,0.14525459362283855,27389,12051.0,43.9994158238709,6,35.166666666666664,4,2,20.0,8.0,31.0,53.0,44.0,55.0
430470,Carazinho,RS,Rio Grande do Sul,SUL,63670,1,1,0.15705983979896343,63670.0,13.27153341027014,63638,17906.0,28.13727647003363,6,44.0,3,1,31.0,13.0,51.0,60.0,38.0,71.0
430471,Caraá,RS,Rio Grande do Sul,SUL,7555,0,0,0.0,0.0,1.6934417294580009,7553,3787.0,50.13901760889713,6,60.166666666666664,2,1,33.0,26.0,72.0,78.0,67.0,85.0
430480,Carlos Barbosa,RS,Rio Grande do Sul,SUL,31585,4,4,1.2664239354123792,7896.25,3.079729586357506,31528,5912.0,18.75158589190561,6,46.166666666666664,5,1,35.0,9.0,40.0,48.0,48.0,97.0
430485,Carlos Gomes,RS,Rio Grande do Sul,SUL,1384,1,1,7.22543352601156,1384.0,0.0,1387,572.0,41.24008651766402,6,49.166666666666664,3,3,29.0,16.0,0.0,100.0,50.0,100.0
430490,Casca,RS,Rio Grande do Sul,SUL,9698,4,4,4.124561765312436,2424.5,0.0,9689,2690.0,27.763443079781197,6,37.333333333333336,5,3,24.0,5.0,12.0,41.0,47.0,95.0
430495,Caseiros,RS,Rio Grande do Sul,SUL,3064,2,2,6.527415143603133,1532.0,0.0,3064,1433.0,46.76892950391645,6,59.166666666666664,2,1,43.0,11.0,63.0,88.0,50.0,100.0
430500,Catuípe,RS,Rio Grande do Sul,SUL,8834,2,2,2.2639800769753227,4417.0,0.0,8840,3753.0,42.45475113122172,6,47.5,4,1,42.0,18.0,43.0,54.0,32.0,96.0
430510,Caxias do Sul,RS,Rio Grande do Sul,SUL,479599,52,52,1.0842391247688175,9223.057692307691,55.50138451440472,479256,100398.0,20.948720516801043,6,44.333333333333336,4,1,33.0,14.0,40.0,53.0,31.0,95.0
430280,Caçapava do Sul,RS,Rio Grande do Sul,SUL,33501,9,8,2.6864869705381933,3722.3333333333335,0.0,33508,8889.0,26.527993315029246,6,38.5,4,3,24.0,15.0,34.0,55.0,29.0,74.0
430511,Centenário,RS,Rio Grande do Sul,SUL,2777,1,1,3.6010082823190497,2777.0,0.0,2779,1041.0,37.459517812162645,6,44.166666666666664,4,2,29.0,56.0,40.0,40.0,20.0,80.0
430512,Cerrito,RS,Rio Grande do Sul,SUL,5910,1,1,1.6920473773265652,5910.0,0.3247174879016261,5915,3094.0,52.307692307692314,6,58.166666666666664,2,0,33.0,31.0,53.0,93.0,60.0,79.0
430513,Cerro Branco,RS,Rio Grande do Sul,SUL,3859,2,2,5.182689816014512,1929.5,0.0,3865,1968.0,50.918499353169466,6,69.16666666666667,2,1,35.0,22.0,75.0,100.0,100.0,83.0
430515,Cerro Grande,RS,Rio Grande do Sul,SUL,2428,2,2,8.237232289950576,1214.0,0.0,2429,1301.0,53.56113627006999,6,69.66666666666667,2,0,39.0,30.0,83.0,83.0,83.0,100.0
430517,Cerro Grande do Sul,RS,Rio Grande do Sul,SUL,9333,3,3,3.214400514304082,3111.0,0.0,9343,4448.0,47.60783474258803,6,74.5,2,0,42.0,39.0,90.0,98.0,78.0,100.0
430520,Cerro Largo,RS,Rio Grande do Sul,SUL,14014,6,6,4.281432852861425,2335.6666666666665,0.0,14009,4677.0,33.38568063387822,6,70.33333333333333,2,1,28.0,35.0,93.0,93.0,73.0,100.0
430530,Chapada,RS,Rio Grande do Sul,SUL,9751,0,0,0.0,0.0,2.185671780800128,9748,3455.0,35.44316782929832,6,80.16666666666667,1,0,44.0,74.0,90.0,90.0,86.0,97.0
430535,Charqueadas,RS,Rio Grande do Sul,SUL,36110,6,6,1.6615895873719193,6018.333333333333,2.0940014362314234,36109,11770.0,32.59575175164087,6,46.5,4,1,34.0,11.0,42.0,59.0,44.0,89.0
430537,Charrua,RS,Rio Grande do Sul,SUL,2800,1,1,3.5714285714285716,2800.0,0.0,2807,615.0,21.90951193444959,6,26.0,4,4,51.0,5.0,0.0,0.0,0.0,100.0
430540,Chiapetta,RS,Rio Grande do Sul,SUL,3991,1,1,2.5056376847907793,3991.0,0.0,3992,1675.0,41.95891783567134,6,54.0,2,2,22.0,9.0,67.0,73.0,67.0,86.0
430544,Chuvisca,RS,Rio Grande do Sul,SUL,4682,4,2,8.543357539513028,1170.5,0.0,4686,2128.0,45.41186513017499,6,65.33333333333333,2,1,21.0,47.0,88.0,82.0,76.0,78.0
430543,Chuí,RS,Rio Grande do Sul,SUL,6409,2,2,3.1206116398814165,3204.5,0.0,6405,1143.0,17.84543325526932,6,77.16666666666667,1,1,16.0,69.0,100.0,100.0,92.0,86.0
430545,Cidreira,RS,Rio Grande do Sul,SUL,17583,4,4,2.2749246431211967,4395.75,0.0,17538,7200.0,41.05371193978789,6,52.666666666666664,2,2,15.0,12.0,52.0,93.0,67.0,77.0
430550,Ciríaco,RS,Rio Grande do Sul,SUL,4208,1,1,2.376425855513308,4208.0,0.0,4215,1682.0,39.905100830367736,6,47.5,2,1,38.0,17.0,50.0,50.0,50.0,80.0
430558,Colinas,RS,Rio Grande do Sul,SUL,2474,1,1,4.042037186742117,2474.0,0.0,2474,969.0,39.16734033953112,6,66.83333333333333,0,0,52.0,81.0,67.0,67.0,67.0,67.0
430560,Colorado,RS,Rio Grande do Sul,SUL,3316,1,1,3.01568154402895,3316.0,0.0,3319,1227.0,36.968966556191624,6,84.16666666666667,0,0,53.0,52.0,100.0,100.0,100.0,100.0
430570,Condor,RS,Rio Grande do Sul,SUL,6538,1,1,1.5295197308045274,6538.0,0.4654827302708682,6539,2720.0,41.59657439975531,6,72.66666666666667,2,1,44.0,20.0,88.0,100.0,84.0,100.0
430580,Constantina,RS,Rio Grande do Sul,SUL,10631,3,3,2.821935847991722,3543.6666666666665,0.0,10623,3666.0,34.510025416549,6,77.5,0,0,51.0,64.0,86.0,96.0,75.0,93.0
430583,Coqueiro Baixo,RS,Rio Grande do Sul,SUL,1308,1,1,7.6452599388379205,1308.0,0.0,1311,644.0,49.122807017543856,6,30.0,5,3,47.0,33.0,0.0,0.0,0.0,100.0
430585,Coqueiros do Sul,RS,Rio Grande do Sul,SUL,2248,1,1,4.448398576512456,2248.0,0.0,2251,914.0,40.604175921812526,6,61.666666666666664,3,1,47.0,23.0,100.0,67.0,33.0,100.0
430587,Coronel Barros,RS,Rio Grande do Sul,SUL,2896,1,1,3.453038674033149,2896.0,0.0,2892,1109.0,38.34716459197787,6,42.333333333333336,5,2,23.0,28.0,40.0,40.0,40.0,83.0
430590,Coronel Bicaco,RS,Rio Grande do Sul,SUL,6214,3,3,4.82780817508851,2071.3333333333335,0.0,6230,3767.0,60.465489566613165,6,41.833333333333336,4,2,26.0,28.0,41.0,56.0,33.0,67.0
430593,Coronel Pilar,RS,Rio Grande do Sul,SUL,1637,1,1,6.108735491753207,1637.0,0.0,1638,567.0,34.61538461538461,6,57.666666666666664,3,2,44.0,2.0,100.0,0.0,100.0,100.0
430595,Cotiporã,RS,Rio Grande do Sul,SUL,3926,2,1,5.094243504839532,1963.0,0.0,3926,1451.0,36.9587366276108,6,59.833333333333336,2,1,44.0,73.0,75.0,50.0,17.0,100.0
430597,Coxilha,RS,Rio Grande do Sul,SUL,2718,1,1,3.679175864606328,2718.0,0.0,2719,1096.0,40.30893710923134,6,58.666666666666664,2,0,57.0,46.0,33.0,58.0,58.0,100.0
430600,Crissiumal,RS,Rio Grande do Sul,SUL,13116,1,0,0.7624275693809088,13116.0,1.9399313995461467,13127,5093.0,38.7978974632437,6,56.833333333333336,3,0,33.0,38.0,43.0,70.0,57.0,100.0
430605,Cristal,RS,Rio Grande do Sul,SUL,7455,3,3,4.0241448692152915,2485.0,0.0,7454,3832.0,51.40863965656024,6,60.5,2,1,41.0,7.0,88.0,75.0,71.0,81.0
430607,Cristal do Sul,RS,Rio Grande do Sul,SUL,2745,2,2,7.285974499089253,1372.5,0.0,2746,1603.0,58.37581937363437,6,67.33333333333333,2,1,44.0,4.0,56.0,100.0,100.0,100.0
430610,Cruz Alta,RS,Rio Grande do Sul,SUL,60454,24,24,3.9699606312237403,2518.9166666666665,0.0,60486,22527.0,37.243329034817975,6,55.333333333333336,2,0,32.0,31.0,68.0,73.0,60.0,68.0
430613,Cruzaltense,RS,Rio Grande do Sul,SUL,1650,2,1,12.121212121212121,825.0,0.0,1655,701.0,42.35649546827794,6,40.333333333333336,3,3,26.0,11.0,75.0,0.0,50.0,80.0
430620,Cruzeiro do Sul,RS,Rio Grande do Sul,SUL,12574,3,3,2.385875616351201,4191.333333333333,0.0,12571,3653.0,29.05894519131334,6,29.0,5,4,26.0,16.0,8.0,36.0,16.0,72.0
430430,Cândido Godói,RS,Rio Grande do Sul,SUL,6419,2,1,3.1157501168406294,3209.5,0.0,6421,2239.0,34.869957950475005,6,48.666666666666664,4,1,30.0,39.0,47.0,53.0,29.0,94.0
430630,David Canabarro,RS,Rio Grande do Sul,SUL,4400,1,1,2.272727272727273,4400.0,0.0,4403,1485.0,33.72700431523961,6,69.0,1,1,61.0,8.0,100.0,100.0,86.0,59.0
430632,Derrubadas,RS,Rio Grande do Sul,SUL,2793,2,2,7.160759040458289,1396.5,0.0,2797,1172.0,41.90203789774758,6,59.5,3,1,40.0,1.0,33.0,83.0,100.0,100.0
430635,Dezesseis de Novembro,RS,Rio Grande do Sul,SUL,2540,1,1,3.937007874015748,2540.0,0.0,2544,1509.0,59.31603773584906,6,24.0,5,4,33.0,11.0,0.0,0.0,0.0,100.0
430637,Dilermando de Aguiar,RS,Rio Grande do Sul,SUL,2856,1,1,3.5014005602240896,2856.0,0.0,2859,1714.0,59.95103182931095,6,37.666666666666664,5,2,33.0,5.0,40.0,20.0,40.0,88.0
430640,Dois Irmãos,RS,Rio Grande do Sul,SUL,31804,8,8,2.5154068670607472,3975.5,0.0,31769,7473.0,23.522931159306243,6,47.333333333333336,4,1,39.0,27.0,44.0,50.0,40.0,84.0
430642,Dois Irmãos das Missões,RS,Rio Grande do Sul,SUL,2132,1,1,4.690431519699812,2132.0,0.0,2133,1034.0,48.476324425691516,6,58.333333333333336,3,0,30.0,49.0,71.0,57.0,43.0,100.0
430645,Dois Lajeados,RS,Rio Grande do Sul,SUL,3156,1,1,3.168567807351077,3156.0,0.0,3158,1197.0,37.90373654211526,6,70.0,1,0,52.0,88.0,60.0,80.0,40.0,100.0
430650,Dom Feliciano,RS,Rio Grande do Sul,SUL,13280,7,7,5.271084337349397,1897.142857142857,0.0,13291,5686.0,42.780829132495676,6,57.666666666666664,2,2,26.0,10.0,74.0,81.0,55.0,100.0
430660,Dom Pedrito,RS,Rio Grande do Sul,SUL,38080,8,8,2.100840336134454,4760.0,0.5355739321986325,38094,11432.0,30.009975324198034,6,71.66666666666667,2,1,41.0,12.0,97.0,97.0,85.0,98.0
430655,Dom Pedro de Alcântara,RS,Rio Grande do Sul,SUL,2617,1,1,3.8211692777990063,2617.0,0.0,2617,1146.0,43.790599923576615,6,62.166666666666664,2,0,39.0,58.0,63.0,75.0,38.0,100.0
430670,Dona Francisca,RS,Rio Grande do Sul,SUL,3133,2,2,6.383657835939994,1566.5,0.0,3136,1379.0,43.973214285714285,6,38.333333333333336,4,3,21.0,9.0,45.0,73.0,55.0,27.0
430673,Doutor Maurício Cardoso,RS,Rio Grande do Sul,SUL,4534,1,1,2.205558006175562,4534.0,0.016289186149910855,4542,1754.0,38.61734918538089,6,57.0,2,1,88.0,2.0,50.0,100.0,40.0,62.0
430675,Doutor Ricardo,RS,Rio Grande do Sul,SUL,1924,1,1,5.197505197505198,1924.0,0.0,1925,882.0,45.81818181818182,6,71.5,1,1,56.0,23.0,100.0,75.0,75.0,100.0
430676,Eldorado do Sul,RS,Rio Grande do Sul,SUL,41012,9,9,2.1944796644884423,4556.888888888889,0.19277726122191025,40954,14301.0,34.91966596669434,6,40.5,4,1,33.0,25.0,49.0,53.0,32.0,51.0
430680,Encantado,RS,Rio Grande do Sul,SUL,23520,3,2,1.2755102040816328,7840.0,2.271972134593273,23494,6323.0,26.91325444794416,6,51.666666666666664,3,2,48.0,27.0,58.0,62.0,24.0,91.0
430690,Encruzilhada do Sul,RS,Rio Grande do Sul,SUL,24275,6,6,2.47167868177137,4045.8333333333335,0.0,24280,10273.0,42.31054365733114,6,58.833333333333336,2,0,36.0,34.0,77.0,76.0,59.0,71.0
430692,Engenho Velho,RS,Rio Grande do Sul,SUL,1315,2,1,15.20912547528517,657.5,0.0,1317,804.0,61.04783599088838,6,52.0,3,2,48.0,21.0,88.0,25.0,63.0,67.0
430695,Entre Rios do Sul,RS,Rio Grande do Sul,SUL,2727,1,1,3.667033370003667,2727.0,0.0,2731,1366.0,50.018308311973634,6,55.333333333333336,2,1,31.0,22.0,67.0,78.0,56.0,78.0
430693,Entre-Ijuís,RS,Rio Grande do Sul,SUL,9367,5,3,5.337888331376107,1873.4,0.0,9364,3586.0,38.29560017086715,6,50.666666666666664,2,1,28.0,64.0,50.0,54.0,46.0,62.0
430697,Erebango,RS,Rio Grande do Sul,SUL,3122,1,1,3.2030749519538757,3122.0,0.0,3121,1421.0,45.53027875680872,6,38.333333333333336,4,1,31.0,9.0,30.0,60.0,30.0,70.0
430700,Erechim,RS,Rio Grande do Sul,SUL,109609,13,13,1.186033993558923,8431.461538461539,11.568690208360294,109497,27501.0,25.115756596071126,6,53.833333333333336,2,1,30.0,19.0,58.0,76.0,50.0,90.0
430705,Ernestina,RS,Rio Grande do Sul,SUL,3097,0,0,0.0,0.0,0.6941878274164698,3097,1244.0,40.167904423635775,6,53.0,4,1,42.0,61.0,43.0,43.0,29.0,100.0
430720,Erval Grande,RS,Rio Grande do Sul,SUL,5027,1,1,1.9892580067634773,5027.0,0.12679438437926802,5029,2452.0,48.757208192483596,6,55.333333333333336,2,1,47.0,10.0,71.0,52.0,52.0,100.0
430730,Erval Seco,RS,Rio Grande do Sul,SUL,6892,3,3,4.352872896111434,2297.3333333333335,0.0,6902,3041.0,44.0596928426543,6,62.166666666666664,2,1,36.0,12.0,79.0,75.0,71.0,100.0
430740,Esmeralda,RS,Rio Grande do Sul,SUL,3264,1,1,3.063725490196078,3264.0,0.0,3264,1573.0,48.192401960784316,6,74.0,1,0,37.0,67.0,86.0,100.0,71.0,83.0
430745,Esperança do Sul,RS,Rio Grande do Sul,SUL,3293,1,1,3.0367446097783177,3293.0,0.0,3294,1672.0,50.75895567698846,6,55.833333333333336,3,2,27.0,2.0,33.0,100.0,73.0,100.0
430750,Espumoso,RS,Rio Grande do Sul,SUL,15478,4,4,2.584313218762114,3869.5,0.0,15478,5693.0,36.78123788603179,6,54.166666666666664,3,2,29.0,8.0,44.0,87.0,64.0,93.0
430755,Estação,RS,Rio Grande do Sul,SUL,5685,2,2,3.5180299032541775,2842.5,0.0,5688,2041.0,35.88255977496484,6,34.5,5,2,15.0,16.0,35.0,47.0,35.0,59.0
430770,Esteio,RS,Rio Grande do Sul,SUL,78144,16,15,2.047502047502048,4884.0,1.515858439016016,78181,29214.0,37.36713523746179,6,35.333333333333336,5,2,26.0,25.0,31.0,50.0,31.0,49.0
430780,Estrela,RS,Rio Grande do Sul,SUL,33263,8,8,2.405074707633106,4157.875,0.0,33243,9780.0,29.419727461420447,6,55.5,2,2,29.0,14.0,54.0,74.0,66.0,96.0
430781,Estrela Velha,RS,Rio Grande do Sul,SUL,3115,1,1,3.2102728731942216,3115.0,0.0,3120,1559.0,49.967948717948715,6,41.666666666666664,3,1,52.0,8.0,60.0,60.0,40.0,30.0
430760,Estância Velha,RS,Rio Grande do Sul,SUL,49499,10,10,2.0202428331885494,4949.9,1.095125369482671,49440,11982.0,24.235436893203882,6,51.166666666666664,4,1,41.0,26.0,46.0,54.0,45.0,95.0
430783,Eugênio de Castro,RS,Rio Grande do Sul,SUL,2683,1,1,3.727171077152441,2683.0,0.0,2685,1268.0,47.225325884543764,6,61.5,2,1,34.0,7.0,71.0,86.0,71.0,100.0
430786,Fagundes Varela,RS,Rio Grande do Sul,SUL,2620,1,1,3.816793893129771,2620.0,0.0,2620,937.0,35.76335877862596,6,86.5,0,0,65.0,54.0,100.0,100.0,100.0,100.0
430790,Farroupilha,RS,Rio Grande do Sul,SUL,72552,19,15,2.618811335318117,3818.5263157894738,0.0,72477,16523.0,22.797577162410143,6,45.833333333333336,4,1,37.0,13.0,39.0,55.0,34.0,97.0
430800,Faxinal do Soturno,RS,Rio Grande do Sul,SUL,6846,2,2,2.9214139643587496,3423.0,0.0,6846,3091.0,45.15045281916448,6,59.5,2,2,29.0,7.0,75.0,88.0,63.0,95.0
430805,Faxinalzinho,RS,Rio Grande do Sul,SUL,2572,1,1,3.8880248833592534,2572.0,0.0,2572,1286.0,50.0,6,51.166666666666664,2,2,15.0,12.0,50.0,70.0,60.0,100.0
430807,Fazenda Vilanova,RS,Rio Grande do Sul,SUL,4405,1,1,2.2701475595913734,4405.0,0.0,4399,1745.0,39.66810638781541,6,80.33333333333333,2,0,47.0,47.0,88.0,100.0,100.0,100.0
430810,Feliz,RS,Rio Grande do Sul,SUL,13994,5,5,3.5729598399313995,2798.8,0.0,13979,3892.0,27.84176264396595,6,43.333333333333336,4,2,54.0,23.0,40.0,40.0,21.0,82.0
430820,Flores da Cunha,RS,Rio Grande do Sul,SUL,32015,6,6,1.8741215055442761,5335.833333333333,1.1761134306549168,31973,8357.0,26.137678666374754,6,52.333333333333336,3,0,51.0,50.0,41.0,42.0,39.0,91.0
430825,Floriano Peixoto,RS,Rio Grande do Sul,SUL,1690,1,1,5.9171597633136095,1690.0,0.0,1694,810.0,47.81582054309327,6,53.333333333333336,3,1,35.0,5.0,40.0,80.0,60.0,100.0
430830,Fontoura Xavier,RS,Rio Grande do Sul,SUL,9710,5,5,5.1493305870236865,1942.0,0.0,9721,5549.0,57.08260467030141,6,52.0,2,2,19.0,10.0,67.0,52.0,67.0,97.0
430840,Formigueiro,RS,Rio Grande do Sul,SUL,6527,4,4,6.128389765589091,1631.75,0.0,6533,2657.0,40.67044236950865,6,49.5,3,1,39.0,46.0,17.0,61.0,56.0,78.0
430843,Forquetinha,RS,Rio Grande do Sul,SUL,2441,1,1,4.096681687832856,2441.0,0.0,2441,1020.0,41.786153215895126,6,66.16666666666667,2,1,36.0,11.0,100.0,100.0,67.0,83.0
430845,Fortaleza dos Valos,RS,Rio Grande do Sul,SUL,4569,2,2,4.377325454147516,2284.5,0.0,4569,1657.0,36.266141387612166,6,81.5,1,0,49.0,57.0,100.0,100.0,83.0,100.0
430850,Frederico Westphalen,RS,Rio Grande do Sul,SUL,33726,6,6,1.7790428749332858,5621.0,1.5596314715685689,33684,9695.0,28.78221113881962,6,53.5,2,1,28.0,36.0,65.0,70.0,52.0,70.0
430860,Garibaldi,RS,Rio Grande do Sul,SUL,35563,6,6,1.687146753648455,5927.166666666667,1.9713922203461123,35522,7660.0,21.564101120432408,6,54.0,2,2,28.0,15.0,56.0,71.0,57.0,97.0
430865,Garruchos,RS,Rio Grande do Sul,SUL,2724,2,2,7.342143906020557,1362.0,0.0,2729,1540.0,56.4309270795163,6,59.333333333333336,2,1,42.0,13.0,67.0,100.0,67.0,67.0
430870,Gaurama,RS,Rio Grande do Sul,SUL,5779,1,1,1.7304031839418583,5779.0,0.2953540376621823,5780,2069.0,35.79584775086505,6,33.5,5,5,19.0,1.0,27.0,27.0,27.0,100.0
430880,General Câmara,RS,Rio Grande do Sul,SUL,7743,3,3,3.8744672607516466,2581.0,0.0,7751,3772.0,48.6646884272997,6,41.666666666666664,4,2,25.0,6.0,40.0,60.0,30.0,89.0
430885,Gentil,RS,Rio Grande do Sul,SUL,1784,1,1,5.605381165919282,1784.0,0.0,1783,720.0,40.38137969713965,6,67.83333333333333,1,0,53.0,44.0,71.0,86.0,86.0,67.0
430890,Getúlio Vargas,RS,Rio Grande do Sul,SUL,16955,5,5,2.9489826010026543,3391.0,0.0,16950,5115.0,30.17699115044248,6,54.166666666666664,2,1,34.0,29.0,55.0,74.0,51.0,82.0
430900,Giruá,RS,Rio Grande do Sul,SUL,16273,6,6,3.6870890432003933,2712.1666666666665,0.0,16282,7309.0,44.8900626458666,6,51.666666666666664,2,2,27.0,13.0,55.0,60.0,57.0,98.0
430905,Glorinha,RS,Rio Grande do Sul,SUL,7851,2,2,2.547446185199338,3925.5,0.0,7842,3092.0,39.42871716398878,6,36.5,6,1,34.0,24.0,46.0,42.0,31.0,42.0
430910,Gramado,RS,Rio Grande do Sul,SUL,41705,9,9,2.15801462654358,4633.888888888889,0.34811215447331945,41621,10170.0,24.43478051944932,6,46.833333333333336,2,1,36.0,13.0,50.0,55.0,58.0,69.0
430915,Gramado Xavier,RS,Rio Grande do Sul,SUL,3350,1,1,2.985074626865672,3350.0,0.0,3356,1418.0,42.25268176400477,6,57.5,2,2,13.0,9.0,64.0,100.0,73.0,86.0
430912,Gramado dos Loureiros,RS,Rio Grande do Sul,SUL,2047,1,1,4.885197850512945,2047.0,0.0,2049,1124.0,54.85602733040508,6,48.166666666666664,3,2,16.0,10.0,55.0,100.0,64.0,44.0
430920,Gravataí,RS,Rio Grande do Sul,SUL,275430,31,30,1.1255128344769996,8884.838709677419,30.73721449961842,275294,88972.0,32.31890270038577,6,47.333333333333336,3,0,30.0,34.0,54.0,54.0,39.0,73.0
430925,Guabiju,RS,Rio Grande do Sul,SUL,1441,0,0,0.0,0.0,0.3229979526338821,1442,638.0,44.24410540915395,6,19.166666666666668,5,5,8.0,7.0,0.0,0.0,0.0,100.0
430940,Guaporé,RS,Rio Grande do Sul,SUL,26168,6,6,2.2928767960868233,4361.333333333333,0.0,26138,7229.0,27.657051036804653,6,47.333333333333336,4,2,27.0,25.0,48.0,63.0,45.0,76.0
430950,Guarani das Missões,RS,Rio Grande do Sul,SUL,7547,4,3,5.300119252683185,1886.75,0.0,7553,2998.0,39.69283728319873,6,37.0,5,2,36.0,4.0,41.0,47.0,29.0,65.0
430930,Guaíba,RS,Rio Grande do Sul,SUL,95946,6,6,0.6253517603652055,15991.0,15.506149592928836,95956,26410.0,27.523031389386805,6,50.833333333333336,3,2,29.0,19.0,33.0,76.0,58.0,90.0
430955,Harmonia,RS,Rio Grande do Sul,SUL,5535,1,1,1.806684733514002,5535.0,0.24066180973527918,5524,1581.0,28.620564808110068,6,62.5,2,0,44.0,48.0,58.0,75.0,50.0,100.0
430710,Herval,RS,Rio Grande do Sul,SUL,6302,3,3,4.760393525864805,2100.6666666666665,0.0,6307,3950.0,62.62882511495164,6,84.0,1,0,46.0,80.0,100.0,100.0,86.0,92.0
430957,Herveiras,RS,Rio Grande do Sul,SUL,2604,1,1,3.8402457757296466,2604.0,0.0,2608,1054.0,40.41411042944785,6,69.0,2,1,31.0,16.0,100.0,100.0,67.0,100.0
430960,Horizontina,RS,Rio Grande do Sul,SUL,19252,6,6,3.1165593185123623,3208.6666666666665,0.0,19246,6019.0,31.27403096747376,6,33.5,5,4,29.0,7.0,24.0,12.0,34.0,95.0
430965,Hulha Negra,RS,Rio Grande do Sul,SUL,6102,1,1,1.6388069485414618,6102.0,0.36775399512279566,6102,3188.0,52.2451655195018,6,37.5,4,3,33.0,2.0,18.0,86.0,23.0,63.0
430970,Humaitá,RS,Rio Grande do Sul,SUL,4772,3,3,6.286672254819782,1590.6666666666667,0.0,4774,1913.0,40.07121910347717,6,39.666666666666664,5,2,24.0,6.0,36.0,36.0,36.0,100.0
430975,Ibarama,RS,Rio Grande do Sul,SUL,3787,2,2,5.281225244256667,1893.5,0.0,3793,1765.0,46.53308726601635,6,57.333333333333336,2,1,46.0,15.0,55.0,64.0,64.0,100.0
430980,Ibiaçá,RS,Rio Grande do Sul,SUL,4617,1,1,2.1659085986571367,4617.0,0.03489350958406217,4618,1781.0,38.56647899523603,6,41.5,5,2,31.0,8.0,22.0,44.0,44.0,100.0
430990,Ibiraiaras,RS,Rio Grande do Sul,SUL,6827,0,0,0.0,0.0,1.5302616395777329,6830,2441.0,35.7393850658858,6,44.166666666666664,4,2,38.0,20.0,28.0,50.0,33.0,96.0
430995,Ibirapuitã,RS,Rio Grande do Sul,SUL,3789,1,1,2.639218791237794,3789.0,0.0,3793,1678.0,44.23938834695492,6,38.666666666666664,4,3,33.0,2.0,25.0,25.0,58.0,89.0
431000,Ibirubá,RS,Rio Grande do Sul,SUL,22106,7,7,3.1665611146295123,3158.0,0.0,22082,5900.0,26.71859433022371,6,54.333333333333336,3,1,29.0,31.0,50.0,70.0,49.0,97.0
431010,Igrejinha,RS,Rio Grande do Sul,SUL,34776,13,12,3.7382102599493905,2675.076923076923,0.0,34763,10891.0,31.32928688548169,6,61.333333333333336,2,0,40.0,37.0,72.0,81.0,66.0,72.0
431020,Ijuí,RS,Rio Grande do Sul,SUL,87848,25,22,2.845824606137875,3513.92,0.0,87775,28464.0,32.42836798632868,6,55.5,2,0,36.0,42.0,56.0,61.0,51.0,87.0
431030,Ilópolis,RS,Rio Grande do Sul,SUL,4245,1,1,2.3557126030624262,4245.0,0.0,4245,1499.0,35.312131919905774,6,24.5,5,5,12.0,2.0,8.0,25.0,17.0,83.0
431033,Imbé,RS,Rio Grande do Sul,SUL,28027,9,9,3.211189210404253,3114.1111111111113,0.0,27931,11027.0,39.479431456088214,6,48.833333333333336,3,1,32.0,10.0,76.0,74.0,36.0,65.0
431036,Imigrante,RS,Rio Grande do Sul,SUL,3149,1,1,3.1756113051762465,3149.0,0.0,3148,1145.0,36.3722998729352,6,61.0,1,1,54.0,12.0,80.0,80.0,60.0,80.0
431040,Independência,RS,Rio Grande do Sul,SUL,6557,2,2,3.0501753850846427,3278.5,0.0,6558,3001.0,45.76090271424215,6,73.0,1,1,29.0,63.0,81.0,100.0,71.0,94.0
431041,Inhacorá,RS,Rio Grande do Sul,SUL,2047,2,2,9.77039570102589,1023.5,0.0,2049,1049.0,51.19570522205954,6,30.166666666666668,5,4,26.0,5.0,17.0,17.0,33.0,83.0
431046,Ipiranga do Sul,RS,Rio Grande do Sul,SUL,1748,1,1,5.720823798627002,1748.0,0.0,1750,689.0,39.371428571428574,6,43.333333333333336,4,2,20.0,18.0,67.0,33.0,33.0,89.0
431043,Ipê,RS,Rio Grande do Sul,SUL,5490,2,2,3.6429872495446265,2745.0,0.0,5496,2382.0,43.340611353711786,6,34.5,5,5,23.0,8.0,18.0,29.0,29.0,100.0
431050,Iraí,RS,Rio Grande do Sul,SUL,7619,2,2,2.62501640635254,3809.5,0.0,7624,3519.0,46.15687303252886,6,65.83333333333333,2,1,38.0,22.0,71.0,92.0,75.0,97.0
431053,Itaara,RS,Rio Grande do Sul,SUL,5712,2,2,3.5014005602240896,2856.0,0.0,5706,2515.0,44.0764107956537,6,42.833333333333336,4,2,22.0,14.0,47.0,67.0,47.0,60.0
431055,Itacurubi,RS,Rio Grande do Sul,SUL,3038,1,1,3.291639236339697,3038.0,0.0,3042,1582.0,52.00525969756738,6,66.33333333333333,2,1,39.0,19.0,80.0,80.0,100.0,80.0
431057,Itapuca,RS,Rio Grande do Sul,SUL,1963,0,0,0.0,0.0,0.44000345664143686,1967,709.0,36.0447381799695,6,72.33333333333333,2,1,43.0,11.0,100.0,100.0,80.0,100.0
431060,Itaqui,RS,Rio Grande do Sul,SUL,36811,15,12,4.074868925049578,2454.0666666666666,0.0,36830,12016.0,32.62557697529188,6,44.833333333333336,4,1,39.0,24.0,47.0,50.0,35.0,74.0
431065,Itati,RS,Rio Grande do Sul,SUL,2696,1,1,3.7091988130563798,2696.0,0.0,2695,1657.0,61.48423005565863,6,59.833333333333336,1,1,86.0,6.0,50.0,75.0,50.0,92.0
431070,Itatiba do Sul,RS,Rio Grande do Sul,SUL,3240,1,1,3.0864197530864197,3240.0,0.0,3249,1463.0,45.02923976608187,6,56.333333333333336,3,1,35.0,3.0,60.0,100.0,40.0,100.0
431075,Ivorá,RS,Rio Grande do Sul,SUL,1962,1,1,5.096839959225281,1962.0,0.0,1964,1006.0,51.22199592668024,6,49.5,2,2,17.0,13.0,50.0,100.0,50.0,67.0
431080,Ivoti,RS,Rio Grande do Sul,SUL,23566,5,5,2.121700755325469,4713.2,0.2822829644483449,23533,4565.0,19.398291760506524,6,54.0,2,0,38.0,30.0,50.0,68.0,50.0,88.0
431085,Jaboticaba,RS,Rio Grande do Sul,SUL,3847,2,2,5.198856251624642,1923.5,0.0,3850,1950.0,50.649350649350644,6,38.166666666666664,4,2,42.0,5.0,36.0,64.0,27.0,55.0
431087,Jacuizinho,RS,Rio Grande do Sul,SUL,2066,1,1,4.84027105517909,2066.0,0.0,2070,1220.0,58.93719806763285,6,24.0,5,3,32.0,32.0,0.0,0.0,20.0,60.0
431090,Jacutinga,RS,Rio Grande do Sul,SUL,3398,1,1,2.942907592701589,3398.0,0.0,3401,1346.0,39.576595119082626,6,21.0,5,5,22.0,2.0,13.0,13.0,13.0,63.0
431110,Jaguari,RS,Rio Grande do Sul,SUL,10771,4,4,3.7136756104354283,2692.75,0.0,10779,4911.0,45.56081269134428,6,47.166666666666664,4,2,30.0,22.0,58.0,47.0,26.0,100.0
431100,Jaguarão,RS,Rio Grande do Sul,SUL,27396,10,10,3.6501679077237554,2739.6,0.0,27406,11369.0,41.48361672626432,6,49.166666666666664,3,1,38.0,11.0,53.0,65.0,45.0,83.0
431112,Jaquirana,RS,Rio Grande do Sul,SUL,3751,2,2,5.3319114902692615,1875.5,0.0,3755,2287.0,60.905459387483354,6,62.833333333333336,2,0,51.0,36.0,85.0,92.0,38.0,75.0
431113,Jari,RS,Rio Grande do Sul,SUL,3412,1,1,2.9308323563892142,3412.0,0.0,3414,1782.0,52.196836555360285,6,36.666666666666664,4,2,30.0,6.0,50.0,25.0,38.0,71.0
431115,Jóia,RS,Rio Grande do Sul,SUL,7294,3,3,4.112969564025226,2431.3333333333335,0.0,7305,3877.0,53.073237508555785,6,74.16666666666667,2,0,47.0,47.0,89.0,100.0,74.0,88.0
431120,Júlio de Castilhos,RS,Rio Grande do Sul,SUL,18545,7,7,3.7746023186842814,2649.285714285714,0.0,18557,8350.0,44.99649727865496,6,44.833333333333336,2,1,31.0,20.0,58.0,57.0,52.0,51.0
431123,Lagoa Bonita do Sul,RS,Rio Grande do Sul,SUL,2283,0,0,0.0,0.0,0.5117309686767195,2287,1009.0,44.11893310013117,6,65.33333333333333,2,0,40.0,47.0,100.0,75.0,50.0,80.0
431130,Lagoa Vermelha,RS,Rio Grande do Sul,SUL,28622,8,8,2.7950527566207812,3577.75,0.0,28617,11115.0,38.84054932382849,6,43.0,5,1,35.0,34.0,27.0,44.0,42.0,76.0
431127,Lagoa dos Três Cantos,RS,Rio Grande do Sul,SUL,1781,2,2,11.229646266142618,890.5,0.0,1779,656.0,36.874648679033164,6,84.66666666666667,1,0,40.0,68.0,100.0,100.0,100.0,100.0
431125,Lagoão,RS,Rio Grande do Sul,SUL,5421,1,1,1.8446781036709092,5421.0,0.21510888357270988,5429,3127.0,57.59808436176092,6,82.33333333333333,0,0,50.0,57.0,100.0,100.0,93.0,94.0
431140,Lajeado,RS,Rio Grande do Sul,SUL,96879,3,3,0.30966463320224197,32293.0,18.715280120206707,96651,24417.0,25.263059875221156,6,51.666666666666664,3,1,38.0,24.0,52.0,60.0,45.0,91.0
431142,Lajeado do Bugre,RS,Rio Grande do Sul,SUL,2661,1,1,3.757985719654265,2661.0,0.0,2660,1347.0,50.6390977443609,6,61.666666666666664,2,2,20.0,26.0,67.0,83.0,83.0,91.0
431150,Lavras do Sul,RS,Rio Grande do Sul,SUL,7290,0,0,0.0,0.0,1.6340423835537823,7294,2899.0,39.744995887030434,6,46.5,3,2,17.0,16.0,44.0,63.0,50.0,89.0
431160,Liberato Salzano,RS,Rio Grande do Sul,SUL,4845,3,3,6.191950464396285,1615.0,0.0,4854,2280.0,46.97156983930778,6,57.166666666666664,2,0,46.0,33.0,53.0,58.0,53.0,100.0
431162,Lindolfo Collor,RS,Rio Grande do Sul,SUL,6420,2,2,3.1152647975077885,3210.0,0.0,6409,1623.0,25.3237634576377,6,56.166666666666664,3,2,46.0,17.0,26.0,78.0,70.0,100.0
431164,Linha Nova,RS,Rio Grande do Sul,SUL,1721,1,1,5.810575246949448,1721.0,0.0,1720,530.0,30.813953488372093,6,79.33333333333333,2,1,48.0,28.0,100.0,100.0,100.0,100.0
431170,Machadinho,RS,Rio Grande do Sul,SUL,5867,4,2,6.817794443497529,1466.75,0.0,5864,2198.0,37.48294679399727,6,65.66666666666667,2,0,30.0,41.0,81.0,76.0,71.0,95.0
431173,Mampituba,RS,Rio Grande do Sul,SUL,3203,3,3,9.366219169528568,1067.6666666666667,0.0,3201,1483.0,46.329272102467975,6,69.0,1,1,57.0,15.0,85.0,92.0,77.0,88.0
431175,Manoel Viana,RS,Rio Grande do Sul,SUL,6915,3,3,4.3383947939262475,2305.0,0.0,6917,3169.0,45.81465953448027,6,63.833333333333336,2,1,39.0,14.0,73.0,93.0,80.0,84.0
431177,Maquiné,RS,Rio Grande do Sul,SUL,7593,4,4,5.268010009219018,1898.25,0.0,7588,3074.0,40.51133368476542,6,62.666666666666664,2,1,26.0,34.0,75.0,75.0,75.0,91.0
431179,Maratá,RS,Rio Grande do Sul,SUL,2521,1,1,3.9666798889329633,2521.0,0.0,2521,870.0,34.51011503371678,6,49.833333333333336,3,2,37.0,9.0,100.0,0.0,67.0,86.0
431180,Marau,RS,Rio Grande do Sul,SUL,46748,17,15,3.636519209377941,2749.8823529411766,0.0,46656,12694.0,27.20764746227709,6,46.0,4,1,32.0,17.0,38.0,63.0,32.0,94.0
431190,Marcelino Ramos,RS,Rio Grande do Sul,SUL,4382,1,1,2.2820629849383844,4382.0,0.0,4389,1764.0,40.19138755980861,6,48.833333333333336,3,2,27.0,2.0,36.0,73.0,55.0,100.0
431198,Mariana Pimentel,RS,Rio Grande do Sul,SUL,4005,2,2,4.9937578027465666,2002.5,0.0,4003,1929.0,48.18885835623283,6,49.166666666666664,3,1,33.0,10.0,62.0,46.0,54.0,90.0
431200,Mariano Moro,RS,Rio Grande do Sul,SUL,1884,1,1,5.307855626326964,1884.0,0.0,1888,791.0,41.896186440677965,6,49.333333333333336,3,1,33.0,3.0,60.0,40.0,60.0,100.0
431205,Marques de Souza,RS,Rio Grande do Sul,SUL,4050,1,1,2.4691358024691357,4050.0,0.0,4050,1673.0,41.30864197530864,6,71.0,1,1,50.0,14.0,85.0,100.0,77.0,100.0
431210,Mata,RS,Rio Grande do Sul,SUL,4782,1,1,2.0911752404851525,4782.0,0.07187800797725488,4786,2210.0,46.17634768073548,6,65.66666666666667,2,1,46.0,18.0,65.0,94.0,71.0,100.0
431213,Mato Castelhano,RS,Rio Grande do Sul,SUL,2611,1,1,3.8299502106472616,2611.0,0.0,2610,1333.0,51.072796934865906,6,67.16666666666667,2,0,36.0,37.0,71.0,100.0,71.0,88.0
431215,Mato Leitão,RS,Rio Grande do Sul,SUL,5001,1,1,1.999600079984003,5001.0,0.12096652402640143,4990,1882.0,37.71543086172345,6,64.16666666666667,2,1,43.0,7.0,76.0,88.0,71.0,100.0
431217,Mato Queimado,RS,Rio Grande do Sul,SUL,1833,1,1,5.455537370430987,1833.0,0.0,1833,745.0,40.64375340971086,6,83.33333333333333,0,0,53.0,76.0,100.0,100.0,71.0,100.0
431220,Maximiliano de Almeida,RS,Rio Grande do Sul,SUL,4251,1,1,2.352387673488591,4251.0,0.0,4258,1876.0,44.05824330671677,6,38.833333333333336,4,2,23.0,0.0,56.0,33.0,33.0,88.0
431171,Maçambará,RS,Rio Grande do Sul,SUL,4485,5,4,11.148272017837234,897.0,0.0,4487,2260.0,50.367728994874085,6,61.0,2,1,35.0,13.0,69.0,100.0,69.0,80.0
431225,Minas do Leão,RS,Rio Grande do Sul,SUL,7661,1,1,1.3053126223730585,7661.0,0.7172014678196882,7661,3731.0,48.70121394073881,6,29.166666666666668,6,3,20.0,17.0,32.0,29.0,32.0,45.0
431230,Miraguaí,RS,Rio Grande do Sul,SUL,4501,1,1,2.221728504776716,4501.0,0.008892286471272302,4506,2372.0,52.64092321349312,6,66.33333333333333,2,1,32.0,16.0,77.0,100.0,77.0,96.0
431235,Montauri,RS,Rio Grande do Sul,SUL,1530,1,1,6.5359477124183005,1530.0,0.0,1530,614.0,40.130718954248366,6,72.66666666666667,1,1,63.0,12.0,86.0,100.0,100.0,75.0
431237,Monte Alegre dos Campos,RS,Rio Grande do Sul,SUL,3251,2,2,6.151953245155338,1625.5,0.0,3250,1588.0,48.86153846153846,6,60.333333333333336,2,1,37.0,18.0,90.0,70.0,80.0,67.0
431238,Monte Belo do Sul,RS,Rio Grande do Sul,SUL,2608,1,1,3.834355828220859,2608.0,0.0,2609,1286.0,49.29091605979302,6,47.0,5,1,25.0,37.0,40.0,40.0,40.0,100.0
431240,Montenegro,RS,Rio Grande do Sul,SUL,66352,16,14,2.411381721726549,4147.0,0.0,66295,19280.0,29.08213289086658,6,42.833333333333336,4,2,35.0,16.0,23.0,54.0,45.0,84.0
431242,Mormaço,RS,Rio Grande do Sul,SUL,2815,1,1,3.5523978685612785,2815.0,0.0,2815,1220.0,43.3392539964476,6,55.666666666666664,2,2,82.0,5.0,13.0,88.0,63.0,83.0
431244,Morrinhos do Sul,RS,Rio Grande do Sul,SUL,3133,1,1,3.191828917969997,3133.0,0.0,3134,1223.0,39.02361199744735,6,77.66666666666667,2,0,39.0,44.0,100.0,100.0,83.0,100.0
431245,Morro Redondo,RS,Rio Grande do Sul,SUL,6168,2,2,3.2425421530479897,3084.0,0.0,6169,3416.0,55.37364240557628,6,56.333333333333336,2,1,31.0,13.0,69.0,94.0,56.0,75.0
431247,Morro Reuter,RS,Rio Grande do Sul,SUL,6167,1,1,1.6215339711366954,6167.0,0.3823236460049623,6163,1718.0,27.876034398831738,6,57.166666666666664,3,1,40.0,32.0,27.0,91.0,64.0,89.0
431250,Mostardas,RS,Rio Grande do Sul,SUL,12347,3,3,2.4297400178180935,4115.666666666667,0.0,12346,5149.0,41.705815648793134,6,62.5,2,1,33.0,23.0,77.0,81.0,61.0,100.0
431261,Muitos Capões,RS,Rio Grande do Sul,SUL,2937,2,2,6.809669731018045,1468.5,0.0,2938,1264.0,43.02246426140231,6,34.333333333333336,4,4,16.0,6.0,17.0,50.0,17.0,100.0
431262,Muliterno,RS,Rio Grande do Sul,SUL,1754,1,1,5.701254275940707,1754.0,0.0,1755,719.0,40.96866096866097,6,86.5,0,0,68.0,73.0,100.0,89.0,89.0,100.0
431260,Muçum,RS,Rio Grande do Sul,SUL,4692,2,2,4.262574595055414,2346.0,0.0,4694,1662.0,35.4069024286323,6,68.0,1,0,42.0,66.0,69.0,69.0,69.0,93.0
431267,Nicolau Vergueiro,RS,Rio Grande do Sul,SUL,1982,1,1,5.045408678102927,1982.0,0.0,1979,861.0,43.506821627084385,6,55.5,2,1,44.0,2.0,67.0,67.0,67.0,86.0
431270,Nonoai,RS,Rio Grande do Sul,SUL,14074,2,2,1.4210601108426886,7037.0,1.1546656387017742,14056,4387.0,31.21087080250427,6,48.5,4,1,40.0,21.0,38.0,62.0,46.0,84.0
431275,Nova Alvorada,RS,Rio Grande do Sul,SUL,3229,1,1,3.096934035305048,3229.0,0.0,3229,1100.0,34.06627438835553,6,74.33333333333333,1,1,67.0,6.0,82.0,100.0,91.0,100.0
431280,Nova Araçá,RS,Rio Grande do Sul,SUL,5098,1,1,1.9615535504119261,5098.0,0.14270892611209646,5086,1781.0,35.01769563507668,6,55.0,2,2,29.0,4.0,68.0,68.0,64.0,97.0
431290,Nova Bassano,RS,Rio Grande do Sul,SUL,9867,4,4,4.053917097395358,2466.75,0.0,9877,2836.0,28.71317201579427,6,45.0,4,1,33.0,30.0,25.0,40.0,50.0,92.0
431295,Nova Boa Vista,RS,Rio Grande do Sul,SUL,2089,1,1,4.786979415988511,2089.0,0.0,2088,808.0,38.69731800766284,6,77.5,2,0,47.0,48.0,90.0,100.0,80.0,100.0
431300,Nova Bréscia,RS,Rio Grande do Sul,SUL,3104,1,1,3.2216494845360826,3104.0,0.0,3105,1253.0,40.35426731078905,6,74.33333333333333,0,0,53.0,59.0,78.0,100.0,56.0,100.0
431301,Nova Candelária,RS,Rio Grande do Sul,SUL,3138,0,0,0.0,0.0,0.7033779148959903,3134,1033.0,32.96107211231653,6,72.16666666666667,2,0,45.0,38.0,77.0,92.0,92.0,89.0
431303,Nova Esperança do Sul,RS,Rio Grande do Sul,SUL,4976,2,2,4.019292604501608,2488.0,0.0,4974,2081.0,41.83755528749498,6,26.666666666666668,4,4,55.0,11.0,0.0,0.0,0.0,94.0
431306,Nova Hartz,RS,Rio Grande do Sul,SUL,20558,1,0,0.4864286409183773,20558.0,3.6080443513166878,20539,4794.0,23.340961098398168,6,44.833333333333336,4,2,28.0,12.0,34.0,71.0,33.0,91.0
431310,Nova Palma,RS,Rio Grande do Sul,SUL,5676,5,5,8.809020436927414,1135.2,0.0,5683,2308.0,40.61235263065283,6,45.333333333333336,3,1,32.0,10.0,50.0,36.0,50.0,94.0
431320,Nova Petrópolis,RS,Rio Grande do Sul,SUL,23934,8,8,3.3425252778474137,2991.75,0.0,23889,7150.0,29.93009334840303,6,48.833333333333336,2,1,50.0,23.0,52.0,55.0,47.0,66.0
431330,Nova Prata,RS,Rio Grande do Sul,SUL,26637,3,3,1.1262529564140107,8879.0,2.970642931511948,26587,7615.0,28.641817429570843,6,40.5,5,1,30.0,28.0,33.0,37.0,32.0,83.0
431308,Nova Pádua,RS,Rio Grande do Sul,SUL,2389,1,1,4.185851820845542,2389.0,0.0,2390,888.0,37.15481171548117,6,43.5,5,2,21.0,20.0,40.0,40.0,40.0,100.0
431333,Nova Ramada,RS,Rio Grande do Sul,SUL,2198,2,2,9.099181073703367,1099.0,0.0,2201,858.0,38.98228078146297,6,70.66666666666667,2,1,8.0,33.0,100.0,100.0,83.0,100.0
431335,Nova Roma do Sul,RS,Rio Grande do Sul,SUL,3545,1,1,2.8208744710860367,3545.0,0.0,3543,1258.0,35.50663279706463,6,36.166666666666664,3,3,17.0,0.0,0.0,50.0,50.0,100.0
431337,Nova Santa Rita,RS,Rio Grande do Sul,SUL,30189,7,7,2.3187253635430123,4312.714285714285,0.0,30121,10703.0,35.533348826400186,6,45.0,3,1,31.0,23.0,54.0,55.0,37.0,70.0
431349,Novo Barreiro,RS,Rio Grande do Sul,SUL,4375,2,2,4.571428571428571,2187.5,0.0,4371,2503.0,57.26378403111416,6,57.333333333333336,1,0,56.0,30.0,58.0,92.0,50.0,58.0
431339,Novo Cabrais,RS,Rio Grande do Sul,SUL,3633,2,2,5.505092210294523,1816.5,0.0,3636,1802.0,49.55995599559956,6,49.166666666666664,3,2,34.0,15.0,64.0,27.0,55.0,100.0
431340,Novo Hamburgo,RS,Rio Grande do Sul,SUL,235802,9,9,0.3816761520258522,26200.222222222223,43.85465872794911,235879,62496.0,26.494940202391902,6,42.0,4,0,31.0,32.0,40.0,57.0,34.0,58.0
431342,Novo Machado,RS,Rio Grande do Sul,SUL,3239,2,2,6.174745291756715,1619.5,0.0,3246,1492.0,45.96426370918053,6,33.333333333333336,5,3,36.0,4.0,0.0,40.0,20.0,100.0
431344,Novo Tiradentes,RS,Rio Grande do Sul,SUL,2187,2,2,9.144947416552354,1093.5,0.0,2188,1093.0,49.95429616087751,6,68.16666666666667,1,1,55.0,4.0,100.0,50.0,100.0,100.0
431346,Novo Xingu,RS,Rio Grande do Sul,SUL,1677,1,1,5.963029218843172,1677.0,0.0,1678,685.0,40.82240762812873,6,76.66666666666667,1,1,55.0,22.0,100.0,100.0,83.0,100.0
431265,Não-Me-Toque,RS,Rio Grande do Sul,SUL,18335,1,1,0.545404963185165,18335.0,3.1097622911465845,18314,5063.0,27.645517090750243,6,43.333333333333336,3,1,35.0,13.0,42.0,61.0,54.0,55.0
431350,Osório,RS,Rio Grande do Sul,SUL,48999,8,8,1.6326863813547214,6124.875,2.983051131927543,48929,16041.0,32.78423838623311,6,53.333333333333336,2,1,33.0,21.0,55.0,77.0,51.0,83.0
431360,Paim Filho,RS,Rio Grande do Sul,SUL,3685,1,1,2.7137042062415198,3685.0,0.0,3691,2017.0,54.64643727986995,6,46.333333333333336,3,3,15.0,1.0,25.0,75.0,75.0,87.0
431365,Palmares do Sul,RS,Rio Grande do Sul,SUL,13189,5,5,3.791037986200622,2637.8,0.0,13170,5155.0,39.1419893697798,6,47.833333333333336,3,2,24.0,14.0,47.0,60.0,60.0,82.0
431370,Palmeira das Missões,RS,Rio Grande do Sul,SUL,34227,14,13,4.090338037222076,2444.785714285714,0.0,34233,13752.0,40.1717640872842,6,56.666666666666664,3,0,37.0,62.0,44.0,63.0,42.0,92.0
431380,Palmitinho,RS,Rio Grande do Sul,SUL,8042,3,3,3.730415319572246,2680.6666666666665,0.0,8032,3530.0,43.949203187250994,6,66.33333333333333,2,1,44.0,13.0,81.0,90.0,81.0,89.0
431390,Panambi,RS,Rio Grande do Sul,SUL,45102,13,13,2.8823555496430315,3469.3846153846152,0.0,45042,12025.0,26.697304737800277,6,48.333333333333336,3,1,31.0,20.0,50.0,56.0,43.0,90.0
431395,Pantano Grande,RS,Rio Grande do Sul,SUL,10443,5,5,4.787896198410419,2088.6,0.0,10438,4773.0,45.72715079517149,6,60.833333333333336,2,2,21.0,28.0,88.0,96.0,63.0,69.0
431400,Paraí,RS,Rio Grande do Sul,SUL,7362,2,1,2.7166530834012494,3681.0,0.0,7357,2083.0,28.313171129536496,6,39.666666666666664,4,3,20.0,5.0,28.0,39.0,56.0,90.0
431402,Paraíso do Sul,RS,Rio Grande do Sul,SUL,6627,1,1,1.5089784216085709,6627.0,0.4854319445556813,6635,2856.0,43.04446119065561,6,35.333333333333336,5,3,41.0,12.0,41.0,29.0,24.0,65.0
431403,Pareci Novo,RS,Rio Grande do Sul,SUL,4441,1,1,2.251745102454402,4441.0,0.0,4433,1373.0,30.972253552898714,6,30.833333333333332,5,4,30.0,6.0,20.0,7.0,27.0,95.0
431405,Parobé,RS,Rio Grande do Sul,SUL,53569,14,14,2.6134518098153783,3826.3571428571427,0.0,53555,17925.0,33.47026421435907,6,55.333333333333336,2,1,38.0,15.0,56.0,77.0,58.0,88.0
431406,Passa Sete,RS,Rio Grande do Sul,SUL,4024,1,1,2.4850894632206755,4024.0,0.0,4036,1876.0,46.4816650148662,6,68.0,1,0,38.0,51.0,82.0,64.0,73.0,100.0
431410,Passo Fundo,RS,Rio Grande do Sul,SUL,214811,57,44,2.6534953982803486,3768.6140350877195,0.0,214564,60492.0,28.192986707928636,6,46.833333333333336,3,2,28.0,21.0,55.0,59.0,46.0,72.0
431407,Passo do Sobrado,RS,Rio Grande do Sul,SUL,6155,2,2,3.249390739236393,3077.5,0.0,6154,2217.0,36.02534936626584,6,44.0,4,3,25.0,28.0,17.0,42.0,58.0,94.0
431413,Paulo Bento,RS,Rio Grande do Sul,SUL,2188,1,1,4.570383912248629,2188.0,0.0,2188,842.0,38.482632541133455,6,65.0,2,1,40.0,11.0,50.0,100.0,100.0,89.0
431415,Paverama,RS,Rio Grande do Sul,SUL,8146,0,0,0.0,0.0,1.8259134782481632,8146,3013.0,36.987478517063586,6,66.66666666666667,2,1,40.0,26.0,74.0,89.0,74.0,97.0
431417,Pedras Altas,RS,Rio Grande do Sul,SUL,2099,1,1,4.764173415912339,2099.0,0.0,2100,1082.0,51.523809523809526,6,50.166666666666664,4,0,33.0,32.0,33.0,100.0,67.0,36.0
431420,Pedro Osório,RS,Rio Grande do Sul,SUL,7631,2,2,2.620888481195125,3815.5,0.0,7634,3604.0,47.20985066806392,6,36.666666666666664,4,4,25.0,5.0,25.0,88.0,63.0,14.0
431430,Pejuçara,RS,Rio Grande do Sul,SUL,3817,1,1,2.619858527639508,3817.0,0.0,3819,1505.0,39.40822204765645,6,67.33333333333333,1,0,40.0,53.0,75.0,67.0,75.0,94.0
431440,Pelotas,RS,Rio Grande do Sul,SUL,336150,54,53,1.606425702811245,6225.0,21.3475099083133,336131,106217.0,31.59988218878949,6,34.5,5,3,16.0,7.0,27.0,43.0,32.0,82.0
431442,Picada Café,RS,Rio Grande do Sul,SUL,5473,1,1,1.827151470856934,5473.0,0.22676460427844317,5470,1395.0,25.502742230347348,6,45.5,3,2,33.0,12.0,79.0,50.0,14.0,85.0
431445,Pinhal,RS,Rio Grande do Sul,SUL,3039,1,1,3.2905561039815727,3039.0,0.0,3034,1053.0,34.70665787738959,6,63.166666666666664,2,1,48.0,24.0,50.0,100.0,71.0,86.0
431447,Pinhal Grande,RS,Rio Grande do Sul,SUL,3861,3,2,7.77000777000777,1287.0,0.0,3867,1822.0,47.11662787690717,6,47.333333333333336,3,2,41.0,3.0,50.0,70.0,20.0,100.0
431446,Pinhal da Serra,RS,Rio Grande do Sul,SUL,2300,1,1,4.3478260869565215,2300.0,0.0,2299,1206.0,52.457590256633324,6,53.666666666666664,3,1,32.0,1.0,38.0,88.0,63.0,100.0
431449,Pinheirinho do Vale,RS,Rio Grande do Sul,SUL,4638,2,2,4.3122035360068995,2319.0,0.0,4637,2132.0,45.978003019193444,6,65.83333333333333,2,0,30.0,32.0,73.0,80.0,80.0,100.0
431450,Pinheiro Machado,RS,Rio Grande do Sul,SUL,11395,5,5,4.3878894251864855,2279.0,0.0,11409,5759.0,50.477693049347,6,61.333333333333336,2,2,27.0,28.0,71.0,97.0,52.0,93.0
431454,Pinto Bandeira,RS,Rio Grande do Sul,SUL,2785,1,1,3.590664272890485,2785.0,0.0,2784,1047.0,37.60775862068966,6,69.66666666666667,2,1,32.0,4.0,100.0,100.0,100.0,82.0
431455,Pirapó,RS,Rio Grande do Sul,SUL,2255,1,1,4.434589800443459,2255.0,0.0,2260,1182.0,52.30088495575222,6,46.5,3,1,44.0,1.0,67.0,67.0,33.0,67.0
431460,Piratini,RS,Rio Grande do Sul,SUL,17770,6,6,3.376477208778841,2961.6666666666665,0.0,17792,6729.0,37.820368705035975,6,57.0,2,1,36.0,10.0,91.0,97.0,52.0,56.0
431470,Planalto,RS,Rio Grande do Sul,SUL,10624,3,3,2.8237951807228914,3541.3333333333335,0.0,10624,3940.0,37.08584337349398,6,63.833333333333336,2,0,41.0,49.0,65.0,73.0,62.0,93.0
431478,Ponte Preta,RS,Rio Grande do Sul,SUL,1602,1,1,6.242197253433209,1602.0,0.0,1604,720.0,44.88778054862843,6,69.0,1,1,28.0,60.0,100.0,83.0,83.0,60.0
431477,Pontão,RS,Rio Grande do Sul,SUL,3345,1,1,2.9895366218236177,3345.0,0.0,3350,1432.0,42.74626865671642,6,45.333333333333336,3,2,13.0,16.0,38.0,62.0,54.0,89.0
431490,Porto Alegre,RS,Rio Grande do Sul,SUL,1388794,174,159,1.2528855971439967,7981.574712643678,137.296057342276,1389322,424588.0,30.56080591828244,6,47.333333333333336,3,0,31.0,31.0,53.0,58.0,41.0,70.0
431500,Porto Lucena,RS,Rio Grande do Sul,SUL,4414,3,3,6.796556411418215,1471.3333333333333,0.0,4424,1951.0,44.100361663652805,6,64.83333333333333,2,1,34.0,25.0,70.0,80.0,80.0,100.0
431505,Porto Mauá,RS,Rio Grande do Sul,SUL,2173,1,1,4.601932811780948,2173.0,0.0,2176,1045.0,48.02389705882353,6,49.333333333333336,3,3,26.0,12.0,100.0,50.0,25.0,83.0
431507,Porto Vera Cruz,RS,Rio Grande do Sul,SUL,1582,1,1,6.321112515802782,1582.0,0.0,1585,776.0,48.958990536277604,6,52.5,3,2,36.0,19.0,80.0,0.0,80.0,100.0
431510,Porto Xavier,RS,Rio Grande do Sul,SUL,10127,5,4,4.937296336526119,2025.4,0.0,10132,4599.0,45.390840900118434,6,62.5,1,1,51.0,24.0,68.0,76.0,60.0,96.0
431480,Portão,RS,Rio Grande do Sul,SUL,35273,1,1,0.28350296260595925,35273.0,6.906389162564138,35237,8959.0,25.42497942503618,6,36.166666666666664,5,3,25.0,12.0,9.0,49.0,33.0,89.0
431513,Pouso Novo,RS,Rio Grande do Sul,SUL,1771,1,1,5.64652738565782,1771.0,0.0,1773,797.0,44.95205865764241,6,79.5,1,0,48.0,62.0,100.0,100.0,67.0,100.0
431475,Poço das Antas,RS,Rio Grande do Sul,SUL,2224,1,1,4.496402877697842,2224.0,0.0,2222,738.0,33.21332133213321,6,53.333333333333336,3,0,71.0,50.0,33.0,33.0,33.0,100.0
431514,Presidente Lucena,RS,Rio Grande do Sul,SUL,3166,1,1,3.1585596967782688,3166.0,0.0,3159,969.0,30.67426400759734,6,56.0,4,1,46.0,21.0,44.0,100.0,33.0,92.0
431515,Progresso,RS,Rio Grande do Sul,SUL,5423,2,2,3.687995574405311,2711.5,0.0,5430,2200.0,40.515653775322285,6,70.5,2,1,49.0,10.0,81.0,100.0,88.0,95.0
431517,Protásio Alves,RS,Rio Grande do Sul,SUL,2070,1,1,4.830917874396135,2070.0,0.0,2069,717.0,34.654422426292896,6,74.5,2,0,36.0,40.0,100.0,100.0,71.0,100.0
431520,Putinga,RS,Rio Grande do Sul,SUL,3809,2,2,5.250721974271463,1904.5,0.0,3814,1466.0,38.43733613004719,6,78.66666666666667,1,0,45.0,88.0,100.0,85.0,54.0,100.0
431530,Quaraí,RS,Rio Grande do Sul,SUL,23995,8,8,3.3340279224838505,2999.375,0.0,23988,10822.0,45.114223778555946,6,44.833333333333336,4,1,30.0,19.0,44.0,59.0,42.0,75.0
431531,Quatro Irmãos,RS,Rio Grande do Sul,SUL,1577,1,1,6.341154090044388,1577.0,0.0,1579,656.0,41.5452818239392,6,74.0,1,0,41.0,53.0,100.0,100.0,67.0,83.0
431532,Quevedos,RS,Rio Grande do Sul,SUL,2553,2,1,7.833920877399138,1276.5,0.0,2555,1424.0,55.733855185909974,6,56.666666666666664,3,1,33.0,44.0,63.0,75.0,25.0,100.0
431535,Quinze de Novembro,RS,Rio Grande do Sul,SUL,4003,1,1,2.498126405196103,4003.0,0.0,4000,1480.0,37.0,6,43.166666666666664,5,1,39.0,8.0,33.0,42.0,42.0,95.0
431540,Redentora,RS,Rio Grande do Sul,SUL,9931,0,0,0.0,0.0,2.226018506319974,9934,3365.0,33.8735655325146,6,34.333333333333336,5,2,33.0,21.0,35.0,35.0,29.0,53.0
431545,Relvado,RS,Rio Grande do Sul,SUL,1826,1,1,5.47645125958379,1826.0,0.0,1828,1009.0,55.19693654266958,6,80.16666666666667,1,0,44.0,70.0,67.0,100.0,100.0,100.0
431550,Restinga Sêca,RS,Rio Grande do Sul,SUL,15205,8,8,5.261427162117725,1900.625,0.0,15213,6640.0,43.646880957076185,6,62.333333333333336,2,1,32.0,11.0,76.0,88.0,71.0,96.0
431560,Rio Grande,RS,Rio Grande do Sul,SUL,198935,18,18,0.9048181566843441,11051.944444444445,26.59097689605922,198958,62800.0,31.56445078860865,6,35.0,4,3,19.0,13.0,30.0,60.0,27.0,61.0
431570,Rio Pardo,RS,Rio Grande do Sul,SUL,35641,9,9,2.5251816727925704,3960.1111111111113,0.0,35666,11973.0,33.56978635114675,6,46.666666666666664,2,2,22.0,12.0,63.0,68.0,54.0,61.0
431555,Rio dos Índios,RS,Rio Grande do Sul,SUL,2866,1,1,3.489183531053733,2866.0,0.0,2874,1700.0,59.151009046624914,6,37.0,4,1,35.0,6.0,50.0,50.0,38.0,43.0
431575,Riozinho,RS,Rio Grande do Sul,SUL,4574,0,0,0.0,0.0,1.0252551251543212,4572,1342.0,29.352580927384075,6,25.5,5,3,32.0,6.0,46.0,0.0,15.0,54.0
431580,Roca Sales,RS,Rio Grande do Sul,SUL,10646,3,3,2.817959797106895,3548.6666666666665,0.0,10644,3529.0,33.15482901164975,6,68.16666666666667,1,0,57.0,45.0,71.0,82.0,61.0,93.0
431590,Rodeio Bonito,RS,Rio Grande do Sul,SUL,6831,1,1,1.4639145073927682,6831.0,0.5311582334781739,6821,2983.0,43.73259052924791,6,72.66666666666667,2,0,39.0,34.0,93.0,93.0,81.0,96.0
431595,Rolador,RS,Rio Grande do Sul,SUL,2330,1,1,4.291845493562231,2330.0,0.0,2332,1220.0,52.315608919382505,6,71.16666666666667,2,1,48.0,16.0,75.0,100.0,88.0,100.0
431600,Rolante,RS,Rio Grande do Sul,SUL,21752,6,5,2.7583670467083485,3625.3333333333335,0.0,21733,6084.0,27.994294391018265,6,33.166666666666664,5,2,31.0,1.0,47.0,59.0,17.0,44.0
431610,Ronda Alta,RS,Rio Grande do Sul,SUL,9969,3,3,3.009328919650918,3323.0,0.0,9972,3588.0,35.98074608904934,6,35.666666666666664,5,3,34.0,16.0,32.0,29.0,29.0,74.0
431620,Rondinha,RS,Rio Grande do Sul,SUL,5078,2,2,3.9385584875935407,2539.0,0.0,5083,2099.0,41.29451111548298,6,57.0,1,0,51.0,66.0,33.0,50.0,50.0,92.0
431630,Roque Gonzales,RS,Rio Grande do Sul,SUL,6693,3,2,4.482294935006724,2231.0,0.0,6698,3077.0,45.93908629441624,6,65.0,2,0,34.0,35.0,86.0,57.0,93.0,85.0
431640,Rosário do Sul,RS,Rio Grande do Sul,SUL,37674,11,11,2.9197855284811807,3424.909090909091,0.0,37700,13891.0,36.84615384615385,6,45.0,3,2,20.0,14.0,50.0,49.0,51.0,86.0
431642,Sagrada Família,RS,Rio Grande do Sul,SUL,2528,2,2,7.911392405063291,1264.0,0.0,2529,1330.0,52.58995650454725,6,71.0,2,1,39.0,10.0,86.0,100.0,100.0,91.0
431643,Saldanha Marinho,RS,Rio Grande do Sul,SUL,2619,1,1,3.8182512409316534,2619.0,0.0,2621,1040.0,39.67951163677986,6,43.833333333333336,5,2,40.0,47.0,29.0,43.0,14.0,90.0
431645,Salto do Jacuí,RS,Rio Grande do Sul,SUL,10357,4,4,3.862122236168775,2589.25,0.0,10373,4897.0,47.20910054950352,6,55.5,3,1,42.0,22.0,58.0,69.0,42.0,100.0
431647,Salvador das Missões,RS,Rio Grande do Sul,SUL,2955,1,1,3.3840947546531304,2955.0,0.0,2953,1045.0,35.38774128005418,6,65.5,2,1,40.0,3.0,75.0,100.0,75.0,100.0
431650,Salvador do Sul,RS,Rio Grande do Sul,SUL,7184,2,2,2.7839643652561246,3592.0,0.0,7182,1982.0,27.59676970203286,6,49.333333333333336,4,2,47.0,20.0,29.0,58.0,42.0,100.0
431660,Sananduva,RS,Rio Grande do Sul,SUL,16770,0,0,0.0,0.0,3.75896992759903,16759,4720.0,28.163971597350677,6,43.5,4,1,36.0,10.0,35.0,67.0,48.0,65.0
431710,Sant'Ana do Livramento,RS,Rio Grande do Sul,SUL,87329,15,13,1.717642478443587,5821.933333333333,4.574662182903738,87296,25518.0,29.23157991202346,6,58.166666666666664,2,2,29.0,19.0,64.0,92.0,62.0,83.0
431670,Santa Bárbara do Sul,RS,Rio Grande do Sul,SUL,8269,2,2,2.4186721489902046,4134.5,0.0,8275,3179.0,38.41691842900302,6,70.5,1,0,41.0,56.0,79.0,79.0,74.0,94.0
431673,Santa Cecília do Sul,RS,Rio Grande do Sul,SUL,1710,1,1,5.847953216374269,1710.0,0.0,1710,750.0,43.859649122807014,6,39.166666666666664,4,2,58.0,57.0,40.0,40.0,20.0,20.0
431675,Santa Clara do Sul,RS,Rio Grande do Sul,SUL,7079,2,2,2.8252578047746857,3539.5,0.0,7067,2034.0,28.781661242394225,6,67.0,1,0,48.0,54.0,70.0,70.0,60.0,100.0
431680,Santa Cruz do Sul,RS,Rio Grande do Sul,SUL,138270,43,43,3.1098575251319884,3215.5813953488373,0.0,138104,35227.0,25.507588484041012,6,52.166666666666664,2,1,34.0,29.0,59.0,67.0,50.0,74.0
431697,Santa Margarida do Sul,RS,Rio Grande do Sul,SUL,2661,2,2,7.51597143930853,1330.5,0.0,2658,1381.0,51.95635816403311,6,64.83333333333333,2,2,26.0,7.0,78.0,100.0,78.0,100.0
431690,Santa Maria,RS,Rio Grande do Sul,SUL,282395,43,43,1.5226898493245276,6567.325581395349,20.298408628761372,282244,67300.0,23.84461671461572,6,48.166666666666664,3,1,33.0,19.0,50.0,65.0,41.0,81.0
431695,Santa Maria do Herval,RS,Rio Grande do Sul,SUL,6486,0,0,0.0,0.0,1.4538270095651347,6482,1456.0,22.4622030237581,6,31.0,4,3,16.0,0.0,17.0,58.0,42.0,53.0
431720,Santa Rosa,RS,Rio Grande do Sul,SUL,79488,22,22,2.767713365539452,3613.090909090909,0.0,79395,23099.0,29.093771648088673,6,49.5,5,0,47.0,32.0,38.0,41.0,42.0,97.0
431725,Santa Tereza,RS,Rio Grande do Sul,SUL,1529,2,1,13.080444735120995,764.5,0.0,1531,612.0,39.97387328543436,6,24.833333333333332,5,4,45.0,4.0,0.0,0.0,0.0,100.0
431730,Santa Vitória do Palmar,RS,Rio Grande do Sul,SUL,31965,0,0,0.0,0.0,7.164906006899403,31961,13429.0,42.01683301523732,6,33.666666666666664,5,2,19.0,11.0,32.0,47.0,36.0,57.0
431700,Santana da Boa Vista,RS,Rio Grande do Sul,SUL,7128,2,2,2.8058361391694726,3564.0,0.0,7140,3481.0,48.753501400560225,6,28.166666666666668,5,4,19.0,6.0,33.0,7.0,27.0,77.0
431740,Santiago,RS,Rio Grande do Sul,SUL,50336,14,14,2.781309599491418,3595.4285714285716,0.0,50331,14532.0,28.87286165583835,6,26.166666666666668,6,4,27.0,14.0,20.0,34.0,13.0,49.0
431760,Santo Antônio da Patrulha,RS,Rio Grande do Sul,SUL,44431,9,8,2.0256127478562265,4936.777777777777,0.959140897623883,44393,15337.0,34.54823958732233,6,62.666666666666664,2,2,26.0,20.0,76.0,94.0,66.0,94.0
431770,Santo Antônio das Missões,RS,Rio Grande do Sul,SUL,10485,5,5,4.768717215069146,2097.0,0.0,10493,5417.0,51.62489278566663,6,62.5,2,1,33.0,25.0,72.0,83.0,62.0,100.0
431755,Santo Antônio do Palma,RS,Rio Grande do Sul,SUL,2134,1,1,4.686035613870666,2134.0,0.0,2134,787.0,36.87910028116214,6,49.666666666666664,3,2,49.0,3.0,75.0,100.0,0.0,71.0
431775,Santo Antônio do Planalto,RS,Rio Grande do Sul,SUL,2138,1,1,4.677268475210477,2138.0,0.0,2136,844.0,39.51310861423221,6,69.33333333333333,1,0,37.0,51.0,100.0,100.0,50.0,78.0
431780,Santo Augusto,RS,Rio Grande do Sul,SUL,14196,7,6,4.930966469428008,2028.0,0.0,14196,5756.0,40.54663285432516,6,47.666666666666664,5,0,41.0,32.0,47.0,49.0,37.0,80.0
431790,Santo Cristo,RS,Rio Grande do Sul,SUL,15667,2,2,1.2765685836471565,7833.5,1.5117341595524152,15656,5064.0,32.345426673479814,6,54.0,2,1,46.0,7.0,60.0,63.0,50.0,98.0
431795,Santo Expedito do Sul,RS,Rio Grande do Sul,SUL,2395,1,1,4.175365344467641,2395.0,0.0,2395,935.0,39.03966597077244,6,38.666666666666664,4,2,36.0,1.0,67.0,17.0,33.0,78.0
431750,Santo Ângelo,RS,Rio Grande do Sul,SUL,79146,20,20,2.5269754630682537,3957.3,0.0,79130,28531.0,36.05585744976621,6,48.333333333333336,3,1,31.0,4.0,55.0,60.0,47.0,93.0
431990,Sapiranga,RS,Rio Grande do Sul,SUL,77935,20,20,2.56624109835119,3896.75,0.0,77898,26743.0,34.33079154792164,6,40.0,4,2,32.0,22.0,25.0,56.0,42.0,63.0
432000,Sapucaia do Sul,RS,Rio Grande do Sul,SUL,136572,28,27,2.05020062677562,4877.571428571428,2.6124055427581867,136542,44398.0,32.51600240219127,6,41.666666666666664,4,3,26.0,20.0,41.0,55.0,22.0,86.0
432010,Sarandi,RS,Rio Grande do Sul,SUL,23374,6,6,2.566954736031488,3895.6666666666665,0.0,23356,6880.0,29.457098818290806,6,51.666666666666664,4,1,29.0,30.0,44.0,64.0,47.0,96.0
432020,Seberi,RS,Rio Grande do Sul,SUL,12325,5,5,4.056795131845842,2465.0,0.0,12313,5121.0,41.590189230894175,6,61.666666666666664,2,2,23.0,17.0,76.0,98.0,84.0,72.0
432023,Sede Nova,RS,Rio Grande do Sul,SUL,2750,1,1,3.6363636363636362,2750.0,0.0,2753,1166.0,42.35379585906284,6,54.666666666666664,3,1,49.0,12.0,67.0,78.0,78.0,44.0
432026,Segredo,RS,Rio Grande do Sul,SUL,6098,3,3,4.919645785503444,2032.6666666666667,0.0,6107,3156.0,51.67840183396103,6,34.666666666666664,5,2,36.0,5.0,24.0,38.0,38.0,67.0
432030,Selbach,RS,Rio Grande do Sul,SUL,5222,2,2,3.8299502106472616,2611.0,0.0,5220,1735.0,33.2375478927203,6,70.66666666666667,1,0,33.0,61.0,91.0,91.0,73.0,75.0
432032,Senador Salgado Filho,RS,Rio Grande do Sul,SUL,2725,1,1,3.669724770642202,2725.0,0.0,2726,1160.0,42.5531914893617,6,64.5,2,1,38.0,29.0,60.0,100.0,60.0,100.0
432035,Sentinela do Sul,RS,Rio Grande do Sul,SUL,5424,1,1,1.8436578171091444,5424.0,0.21578132899804064,5422,2390.0,44.07967539653265,6,67.33333333333333,2,1,35.0,8.0,92.0,77.0,92.0,100.0
432040,Serafina Corrêa,RS,Rio Grande do Sul,SUL,17407,5,5,2.8724076520939854,3481.4,0.0,17379,5159.0,29.685252316013578,6,48.666666666666664,3,1,43.0,12.0,30.0,63.0,50.0,94.0
432050,Sertão,RS,Rio Grande do Sul,SUL,5630,0,0,0.0,0.0,1.2619559148707538,5637,2273.0,40.32286677310626,6,44.833333333333336,4,1,43.0,7.0,31.0,69.0,44.0,75.0
432055,Sertão Santana,RS,Rio Grande do Sul,SUL,5989,3,3,5.009183503088996,1996.3333333333333,0.0,5988,2501.0,41.76686706746827,6,41.333333333333336,5,2,30.0,4.0,27.0,47.0,40.0,100.0
432057,Sete de Setembro,RS,Rio Grande do Sul,SUL,1881,1,1,5.31632110579479,1881.0,0.0,1884,821.0,43.57749469214438,6,56.833333333333336,1,0,41.0,60.0,60.0,60.0,60.0,60.0
432060,Severiano de Almeida,RS,Rio Grande do Sul,SUL,3463,3,1,8.663008951775916,1154.3333333333333,0.0,3467,1271.0,36.659936544563024,6,43.666666666666664,3,1,32.0,0.0,33.0,58.0,50.0,89.0
432065,Silveira Martins,RS,Rio Grande do Sul,SUL,2056,2,2,9.72762645914397,1028.0,0.0,2060,968.0,46.990291262135926,6,50.166666666666664,3,2,29.0,5.0,71.0,86.0,43.0,67.0
432067,Sinimbu,RS,Rio Grande do Sul,SUL,8685,2,2,2.302820955670697,4342.5,0.0,8698,3577.0,41.1243964129685,6,56.0,2,2,22.0,19.0,56.0,72.0,67.0,100.0
432070,Sobradinho,RS,Rio Grande do Sul,SUL,14512,6,6,4.134509371554576,2418.6666666666665,0.0,14512,5325.0,36.69377067254686,6,41.666666666666664,3,2,25.0,13.0,53.0,54.0,37.0,68.0
432080,Soledade,RS,Rio Grande do Sul,SUL,30939,16,16,5.171466433950677,1933.6875,0.0,30936,11500.0,37.17351952417895,6,51.666666666666664,2,2,21.0,23.0,61.0,66.0,58.0,81.0
431800,São Borja,RS,Rio Grande do Sul,SUL,61311,28,27,4.56688033142503,2189.6785714285716,0.0,61323,21302.0,34.737374231528136,6,51.666666666666664,3,1,32.0,18.0,51.0,69.0,46.0,94.0
431805,São Domingos do Sul,RS,Rio Grande do Sul,SUL,2806,2,2,7.127583749109053,1403.0,0.0,2808,990.0,35.256410256410255,6,88.16666666666667,0,0,50.0,79.0,100.0,100.0,100.0,100.0
431810,São Francisco de Assis,RS,Rio Grande do Sul,SUL,17934,7,7,3.9032006245121,2562.0,0.0,17949,7334.0,40.86021505376344,6,50.666666666666664,3,3,25.0,1.0,83.0,90.0,5.0,100.0
431820,São Francisco de Paula,RS,Rio Grande do Sul,SUL,22388,0,0,0.0,0.0,5.018236060768461,22373,6757.0,30.20158226433648,6,49.0,2,2,28.0,17.0,50.0,79.0,55.0,65.0
431830,São Gabriel,RS,Rio Grande do Sul,SUL,60090,12,12,1.9970044932601096,5007.5,1.4690818693754175,60102,21809.0,36.28664603507371,6,51.666666666666664,2,2,27.0,25.0,62.0,73.0,54.0,69.0
431840,São Jerônimo,RS,Rio Grande do Sul,SUL,21412,8,8,3.7362226788716604,2676.5,0.0,21421,8672.0,40.48363755193501,6,41.833333333333336,5,1,34.0,22.0,38.0,47.0,32.0,78.0
431844,São Jorge,RS,Rio Grande do Sul,SUL,2976,1,1,3.360215053763441,2976.0,0.0,2976,1041.0,34.979838709677416,6,52.333333333333336,3,3,28.0,8.0,75.0,25.0,100.0,78.0
431845,São José das Missões,RS,Rio Grande do Sul,SUL,2399,1,1,4.168403501458942,2399.0,0.0,2403,1397.0,58.13566375364129,6,79.33333333333333,1,0,46.0,55.0,100.0,100.0,75.0,100.0
431846,São José do Herval,RS,Rio Grande do Sul,SUL,1931,1,1,5.178663904712583,1931.0,0.0,1934,956.0,49.431230610134435,6,71.83333333333333,1,0,30.0,52.0,83.0,83.0,83.0,100.0
431848,São José do Hortêncio,RS,Rio Grande do Sul,SUL,4555,0,0,0.0,0.0,1.020996304127226,4551,1113.0,24.456163480553723,6,31.333333333333332,5,4,32.0,12.0,22.0,22.0,0.0,100.0
431849,São José do Inhacorá,RS,Rio Grande do Sul,SUL,2466,1,1,4.0551500405515,2466.0,0.0,2463,926.0,37.59642712139667,6,75.0,2,0,43.0,31.0,88.0,100.0,88.0,100.0
431850,São José do Norte,RS,Rio Grande do Sul,SUL,26248,10,10,3.809814081072844,2624.8,0.0,26245,10646.0,40.563916936559345,6,53.333333333333336,2,2,25.0,10.0,62.0,85.0,58.0,80.0
431860,São José do Ouro,RS,Rio Grande do Sul,SUL,6978,3,3,4.299226139294927,2326.0,0.0,6978,2500.0,35.826884494124386,6,41.333333333333336,4,2,28.0,12.0,33.0,56.0,33.0,86.0
431861,São José do Sul,RS,Rio Grande do Sul,SUL,2443,1,1,4.093327875562832,2443.0,0.0,2440,912.0,37.37704918032787,6,54.5,3,1,38.0,29.0,60.0,60.0,40.0,100.0
431862,São José dos Ausentes,RS,Rio Grande do Sul,SUL,4295,1,1,2.3282887077997674,4295.0,0.0,4286,2442.0,56.97620158656089,6,58.0,3,1,26.0,32.0,41.0,76.0,86.0,87.0
431842,São João da Urtiga,RS,Rio Grande do Sul,SUL,4547,1,1,2.1992522542335604,4547.0,0.01920311632634419,4549,1868.0,41.063970103319406,6,62.0,2,1,30.0,5.0,100.0,64.0,73.0,100.0
431843,São João do Polêsine,RS,Rio Grande do Sul,SUL,2708,2,2,7.385524372230429,1354.0,0.0,2707,1287.0,47.54340598448467,6,54.666666666666664,2,2,25.0,28.0,75.0,50.0,75.0,75.0
431870,São Leopoldo,RS,Rio Grande do Sul,SUL,225737,30,28,1.328980184905443,7524.566666666667,20.59860432596436,225669,55109.0,24.420279258560104,6,47.666666666666664,3,1,31.0,24.0,54.0,82.0,38.0,57.0
431880,São Lourenço do Sul,RS,Rio Grande do Sul,SUL,43278,15,14,3.4659642312491337,2885.2,0.0,43283,14925.0,34.48236028001756,6,52.666666666666664,2,1,39.0,15.0,53.0,64.0,52.0,93.0
431890,São Luiz Gonzaga,RS,Rio Grande do Sul,SUL,35865,13,13,3.6247037501742643,2758.846153846154,0.0,35858,13082.0,36.48279324000223,6,42.833333333333336,4,2,28.0,19.0,32.0,50.0,38.0,90.0
431900,São Marcos,RS,Rio Grande do Sul,SUL,21549,5,5,2.3202932850712332,4309.8,0.0,21537,5581.0,25.913544133351905,6,32.5,5,5,25.0,14.0,19.0,25.0,17.0,95.0
431910,São Martinho,RS,Rio Grande do Sul,SUL,5587,2,1,3.579738679076428,2793.5,0.0,5589,2354.0,42.118446949364824,6,47.5,3,2,44.0,7.0,21.0,58.0,63.0,92.0
431912,São Martinho da Serra,RS,Rio Grande do Sul,SUL,2908,1,1,3.43878954607978,2908.0,0.0,2911,2014.0,69.18584678804535,6,59.666666666666664,1,0,31.0,56.0,57.0,57.0,57.0,100.0
431915,São Miguel das Missões,RS,Rio Grande do Sul,SUL,7193,4,4,5.5609620464340335,1798.25,0.0,7196,3243.0,45.06670372429127,6,62.666666666666664,2,1,31.0,22.0,76.0,71.0,76.0,100.0
431920,São Nicolau,RS,Rio Grande do Sul,SUL,5243,3,3,5.7219149341979785,1747.6666666666667,0.0,5248,2990.0,56.974085365853654,6,46.5,4,2,23.0,2.0,38.0,85.0,31.0,100.0
431930,São Paulo das Missões,RS,Rio Grande do Sul,SUL,5943,2,2,3.365303718660609,2971.5,0.0,5948,2814.0,47.31002017484869,6,75.83333333333333,0,0,53.0,59.0,86.0,100.0,57.0,100.0
431935,São Pedro da Serra,RS,Rio Grande do Sul,SUL,3618,1,1,2.7639579878385847,3618.0,0.0,3614,1018.0,28.168234643054785,6,58.166666666666664,2,1,46.0,13.0,56.0,67.0,67.0,100.0
431936,São Pedro das Missões,RS,Rio Grande do Sul,SUL,1790,1,1,5.58659217877095,1790.0,0.0,1791,999.0,55.778894472361806,6,57.0,3,2,25.0,17.0,42.0,83.0,75.0,100.0
431937,São Pedro do Butiá,RS,Rio Grande do Sul,SUL,3142,1,1,3.1826861871419476,3142.0,0.0,3139,1142.0,36.38101306148455,6,75.83333333333333,2,0,39.0,38.0,100.0,89.0,89.0,100.0
431940,São Pedro do Sul,RS,Rio Grande do Sul,SUL,15863,7,7,4.412784466998676,2266.1428571428573,0.0,15870,8000.0,50.40957781978575,6,47.0,3,1,30.0,11.0,53.0,59.0,41.0,88.0
431950,São Sebastião do Caí,RS,Rio Grande do Sul,SUL,24898,6,6,2.4098321150293196,4149.666666666667,0.0,24883,7131.0,28.65812000160752,6,41.833333333333336,4,1,33.0,16.0,34.0,56.0,44.0,68.0
431960,São Sepé,RS,Rio Grande do Sul,SUL,21551,11,9,5.104171500162405,1959.1818181818182,0.0,21575,10158.0,47.082271147161066,6,60.666666666666664,1,0,51.0,49.0,63.0,66.0,55.0,80.0
431970,São Valentim,RS,Rio Grande do Sul,SUL,3320,1,1,3.0120481927710845,3320.0,0.0,3324,1400.0,42.11793020457281,6,68.83333333333333,2,1,17.0,85.0,89.0,44.0,78.0,100.0
431971,São Valentim do Sul,RS,Rio Grande do Sul,SUL,2255,0,0,0.0,0.0,0.5054548113736324,2255,908.0,40.26607538802661,6,56.166666666666664,4,0,39.0,32.0,33.0,100.0,33.0,100.0
431973,São Valério do Sul,RS,Rio Grande do Sul,SUL,2593,1,1,3.8565368299267258,2593.0,0.0,2594,665.0,25.636083269082498,6,53.333333333333336,2,0,34.0,56.0,80.0,60.0,40.0,50.0
431975,São Vendelino,RS,Rio Grande do Sul,SUL,2309,1,1,4.330879168471199,2309.0,0.0,2306,759.0,32.9141370338248,6,40.0,4,2,52.0,5.0,17.0,33.0,33.0,100.0
431980,São Vicente do Sul,RS,Rio Grande do Sul,SUL,8257,5,5,6.055468087683178,1651.4,0.0,8259,4034.0,48.84368567623199,6,58.5,2,1,38.0,15.0,69.0,81.0,65.0,83.0
432045,Sério,RS,Rio Grande do Sul,SUL,2089,1,1,4.786979415988511,2089.0,0.0,2093,871.0,41.61490683229814,6,53.666666666666664,2,2,53.0,19.0,100.0,0.0,50.0,100.0
432085,Tabaí,RS,Rio Grande do Sul,SUL,4569,1,1,2.188662727073758,4569.0,0.02413438277876977,4565,1792.0,39.25520262869661,6,53.0,3,0,49.0,34.0,50.0,56.0,33.0,96.0
432090,Tapejara,RS,Rio Grande do Sul,SUL,25256,0,0,0.0,0.0,5.6610938873846814,25201,7125.0,28.27268759176223,6,55.5,2,1,37.0,20.0,67.0,76.0,58.0,75.0
432100,Tapera,RS,Rio Grande do Sul,SUL,10824,4,4,3.695491500369549,2706.0,0.0,10822,3378.0,31.214193309924227,6,47.333333333333336,2,1,31.0,16.0,56.0,50.0,56.0,75.0
432110,Tapes,RS,Rio Grande do Sul,SUL,14920,6,5,4.021447721179625,2486.6666666666665,0.0,14938,5975.0,39.998661132681754,6,40.5,3,3,63.0,16.0,21.0,58.0,11.0,74.0
432120,Taquara,RS,Rio Grande do Sul,SUL,54353,9,9,1.6558423638069657,6039.222222222223,3.183142067667864,54360,16485.0,30.325607064017664,6,55.0,2,1,34.0,24.0,68.0,68.0,55.0,81.0
432130,Taquari,RS,Rio Grande do Sul,SUL,25963,3,3,1.155490505719678,8654.333333333334,2.819566859287634,25968,7301.0,28.115372766481823,6,51.833333333333336,3,2,22.0,11.0,67.0,75.0,42.0,94.0
432132,Taquaruçu do Sul,RS,Rio Grande do Sul,SUL,3192,1,1,3.132832080200501,3192.0,0.0,3190,1330.0,41.692789968652036,6,43.833333333333336,4,2,45.0,16.0,38.0,0.0,75.0,89.0
432135,Tavares,RS,Rio Grande do Sul,SUL,5319,0,0,0.0,0.0,1.1922457391114634,5319,2488.0,46.775709719872154,6,68.16666666666667,2,2,27.0,22.0,92.0,83.0,92.0,93.0
432140,Tenente Portela,RS,Rio Grande do Sul,SUL,14820,7,7,4.723346828609986,2117.1428571428573,0.0,14811,6131.0,41.3949091891162,6,48.166666666666664,5,1,34.0,20.0,44.0,48.0,48.0,95.0
432143,Terra de Areia,RS,Rio Grande do Sul,SUL,10575,6,6,5.673758865248227,1762.5,0.0,10569,4242.0,40.13624751632132,6,54.666666666666664,2,2,25.0,18.0,61.0,71.0,64.0,89.0
432145,Teutônia,RS,Rio Grande do Sul,SUL,34023,9,9,2.6452693765981836,3780.3333333333335,0.0,33963,8224.0,24.21458646173777,6,60.333333333333336,2,1,47.0,23.0,64.0,74.0,56.0,98.0
432146,Tio Hugo,RS,Rio Grande do Sul,SUL,3358,1,1,2.9779630732578917,3358.0,0.0,3352,1098.0,32.756563245823386,6,70.16666666666667,1,0,38.0,70.0,50.0,100.0,63.0,100.0
432147,Tiradentes do Sul,RS,Rio Grande do Sul,SUL,5188,2,2,3.8550501156515034,2594.0,0.0,5201,1945.0,37.39665448952125,6,34.166666666666664,4,4,17.0,5.0,58.0,25.0,0.0,100.0
432149,Toropi,RS,Rio Grande do Sul,SUL,2594,1,1,3.8550501156515034,2594.0,0.0,2598,1388.0,53.425712086220166,6,57.166666666666664,3,1,42.0,13.0,100.0,60.0,40.0,88.0
432150,Torres,RS,Rio Grande do Sul,SUL,43344,12,12,2.768549280177187,3612.0,0.0,43268,11998.0,27.729499861329387,6,69.5,2,1,43.0,27.0,81.0,99.0,73.0,94.0
432160,Tramandaí,RS,Rio Grande do Sul,SUL,56430,11,11,1.949317738791423,5130.0,1.6486984504718718,56296,17176.0,30.51016057979253,6,58.333333333333336,2,2,23.0,18.0,69.0,96.0,55.0,89.0
432162,Travesseiro,RS,Rio Grande do Sul,SUL,2192,1,1,4.562043795620438,2192.0,0.0,2193,790.0,36.02371181030552,6,76.16666666666667,2,1,44.0,13.0,100.0,100.0,100.0,100.0
432195,Trindade do Sul,RS,Rio Grande do Sul,SUL,7785,2,2,2.5690430314707773,3892.5,0.0,7766,2759.0,35.526654648467684,6,69.16666666666667,2,1,36.0,6.0,94.0,100.0,91.0,88.0
432200,Triunfo,RS,Rio Grande do Sul,SUL,28435,10,9,3.516792685071215,2843.5,0.0,28414,11913.0,41.92651509819103,6,46.333333333333336,4,1,37.0,15.0,48.0,54.0,36.0,88.0
432163,Três Arroios,RS,Rio Grande do Sul,SUL,2636,2,2,7.587253414264037,1318.0,0.0,2638,938.0,35.55724033358605,6,58.166666666666664,2,1,32.0,16.0,67.0,67.0,67.0,100.0
432166,Três Cachoeiras,RS,Rio Grande do Sul,SUL,11224,4,4,3.5637918745545263,2806.0,0.0,11216,3815.0,34.0139087018545,6,50.833333333333336,5,0,43.0,46.0,37.0,44.0,35.0,100.0
432170,Três Coroas,RS,Rio Grande do Sul,SUL,24428,0,0,0.0,0.0,5.475498949993388,24420,5570.0,22.80917280917281,6,56.833333333333336,2,2,28.0,13.0,64.0,95.0,59.0,82.0
432183,Três Forquilhas,RS,Rio Grande do Sul,SUL,2813,0,0,0.0,0.0,0.6305296604851564,2814,1513.0,53.76687988628287,6,65.33333333333333,1,1,56.0,3.0,71.0,100.0,76.0,86.0
432185,Três Palmeiras,RS,Rio Grande do Sul,SUL,4829,1,1,2.070822116380203,4829.0,0.08241298630743692,4826,2174.0,45.047658516369665,6,67.66666666666667,1,0,48.0,55.0,81.0,69.0,81.0,72.0
432190,Três Passos,RS,Rio Grande do Sul,SUL,26304,3,1,1.1405109489051095,8768.0,2.896001489300232,26284,9467.0,36.01810987673109,6,47.166666666666664,4,2,28.0,21.0,41.0,53.0,41.0,99.0
432180,Três de Maio,RS,Rio Grande do Sul,SUL,25466,11,11,4.319484803267101,2315.090909090909,0.0,25452,9390.0,36.892975011786895,6,54.166666666666664,3,1,42.0,26.0,50.0,64.0,48.0,95.0
432210,Tucunduva,RS,Rio Grande do Sul,SUL,5646,0,0,0.0,0.0,1.265542290472518,5649,2153.0,38.11294034342361,6,58.666666666666664,2,1,32.0,10.0,55.0,73.0,82.0,100.0
432215,Tunas,RS,Rio Grande do Sul,SUL,3732,1,1,2.679528403001072,3732.0,0.0,3739,1946.0,52.046001604707136,6,61.0,2,1,52.0,7.0,43.0,100.0,79.0,85.0
432218,Tupanci do Sul,RS,Rio Grande do Sul,SUL,1396,0,0,0.0,0.0,0.31291127125392043,1398,690.0,49.35622317596567,6,48.5,4,1,77.0,15.0,33.0,33.0,33.0,100.0
432220,Tupanciretã,RS,Rio Grande do Sul,SUL,20324,5,5,2.4601456406219246,4064.8,0.0,20345,9149.0,44.969279921356595,6,51.333333333333336,2,2,26.0,17.0,58.0,69.0,51.0,87.0
432225,Tupandi,RS,Rio Grande do Sul,SUL,5172,1,1,1.9334880123743234,5172.0,0.1592959132702554,5160,1225.0,23.740310077519382,6,43.833333333333336,4,2,37.0,21.0,45.0,55.0,25.0,80.0
432230,Tuparendi,RS,Rio Grande do Sul,SUL,8535,2,2,2.3432923257176332,4267.5,0.0,8536,3198.0,37.46485473289597,6,49.0,4,1,40.0,30.0,29.0,62.0,38.0,95.0
432232,Turuçu,RS,Rio Grande do Sul,SUL,3488,2,2,5.73394495412844,1744.0,0.0,3489,1393.0,39.92548008025222,6,56.666666666666664,2,1,33.0,14.0,79.0,93.0,71.0,50.0
432234,Ubiretama,RS,Rio Grande do Sul,SUL,2025,1,1,4.938271604938271,2025.0,0.0,2028,835.0,41.17357001972387,6,77.33333333333333,2,1,23.0,41.0,100.0,100.0,100.0,100.0
432237,Unistalda,RS,Rio Grande do Sul,SUL,2047,1,1,4.885197850512945,2047.0,0.0,2052,1234.0,60.136452241715396,6,40.833333333333336,3,2,34.0,3.0,18.0,55.0,55.0,80.0
432235,União da Serra,RS,Rio Grande do Sul,SUL,1183,1,1,8.4530853761623,1183.0,0.0,1186,535.0,45.10961214165262,6,55.333333333333336,2,1,55.0,10.0,33.0,67.0,67.0,100.0
432240,Uruguaiana,RS,Rio Grande do Sul,SUL,120819,25,22,2.069210968473502,4832.76,2.081394614346286,120885,43481.0,35.96889605823716,6,41.833333333333336,4,2,29.0,18.0,40.0,60.0,36.0,68.0
432250,Vacaria,RS,Rio Grande do Sul,SUL,66146,18,17,2.7212529858192482,3674.777777777778,0.0,66110,24817.0,37.53895023445772,6,58.5,2,0,40.0,31.0,69.0,72.0,61.0,78.0
432254,Vale Real,RS,Rio Grande do Sul,SUL,6223,2,2,3.213883978788366,3111.5,0.0,6213,1752.0,28.198937711250604,6,42.666666666666664,4,2,51.0,4.0,29.0,41.0,35.0,96.0
432252,Vale Verde,RS,Rio Grande do Sul,SUL,3213,0,0,0.0,0.0,0.7201890505292596,3214,1507.0,46.88861232109521,6,72.33333333333333,2,1,33.0,26.0,100.0,100.0,75.0,100.0
432253,Vale do Sol,RS,Rio Grande do Sul,SUL,10069,3,3,2.9794418512265373,3356.3333333333335,0.0,10080,3664.0,36.34920634920635,6,73.66666666666667,2,1,42.0,18.0,100.0,100.0,82.0,100.0
432255,Vanini,RS,Rio Grande do Sul,SUL,2047,1,1,4.885197850512945,2047.0,0.0,2047,673.0,32.877381533952125,6,63.166666666666664,1,0,58.0,46.0,83.0,67.0,50.0,75.0
432260,Venâncio Aires,RS,Rio Grande do Sul,SUL,70842,18,18,2.5408655882103837,3935.6666666666665,0.0,70805,18650.0,26.339947743803403,6,38.833333333333336,4,1,32.0,17.0,35.0,58.0,37.0,54.0
432270,Vera Cruz,RS,Rio Grande do Sul,SUL,27670,2,1,0.7228044813877846,13835.0,4.202188306300844,27638,8286.0,29.980461683189812,6,74.0,2,0,37.0,46.0,92.0,88.0,83.0,98.0
432280,Veranópolis,RS,Rio Grande do Sul,SUL,24554,6,6,2.4435937118188478,4092.3333333333335,0.0,24540,7284.0,29.682151589242057,6,45.166666666666664,5,2,27.0,20.0,44.0,49.0,37.0,94.0
432285,Vespasiano Corrêa,RS,Rio Grande do Sul,SUL,1851,1,1,5.4024851431658565,1851.0,0.0,1852,806.0,43.52051835853132,6,64.33333333333333,1,0,55.0,64.0,67.0,67.0,33.0,100.0
432290,Viadutos,RS,Rio Grande do Sul,SUL,4847,1,1,2.0631318341242006,4847.0,0.08644765885942152,4852,1892.0,38.99422918384172,6,37.166666666666664,5,4,19.0,5.0,27.0,45.0,27.0,100.0
432300,Viamão,RS,Rio Grande do Sul,SUL,231996,24,22,1.034500594837842,9666.5,28.001549631679467,232113,70846.0,30.52220254789693,6,46.666666666666664,3,1,33.0,24.0,56.0,54.0,41.0,72.0
432310,Vicente Dutra,RS,Rio Grande do Sul,SUL,4741,1,1,2.109259649862898,4741.0,0.06268792049773429,4747,2817.0,59.342742784916794,6,62.333333333333336,2,0,34.0,52.0,47.0,82.0,65.0,94.0
432320,Victor Graeff,RS,Rio Grande do Sul,SUL,2829,2,2,7.069635913750442,1414.5,0.0,2832,946.0,33.40395480225989,6,45.666666666666664,3,2,35.0,14.0,57.0,71.0,14.0,83.0
432330,Vila Flores,RS,Rio Grande do Sul,SUL,3741,2,2,5.346164127238707,1870.5,0.0,3736,1254.0,33.565310492505354,6,47.666666666666664,5,0,39.0,43.0,43.0,43.0,43.0,75.0
432335,Vila Lângaro,RS,Rio Grande do Sul,SUL,2121,1,1,4.714757190004715,2121.0,0.0,2122,738.0,34.77851083883129,6,46.333333333333336,3,3,62.0,56.0,20.0,20.0,20.0,100.0
432340,Vila Maria,RS,Rio Grande do Sul,SUL,4515,0,0,0.0,0.0,1.0120303651228157,4512,1501.0,33.266843971631204,6,44.166666666666664,3,2,36.0,4.0,13.0,75.0,50.0,87.0
432345,Vila Nova do Sul,RS,Rio Grande do Sul,SUL,3932,1,1,2.54323499491353,3932.0,0.0,3935,2393.0,60.81321473951715,6,50.0,3,2,46.0,22.0,63.0,13.0,63.0,93.0
432350,Vista Alegre,RS,Rio Grande do Sul,SUL,2710,1,1,3.6900369003690034,2710.0,0.0,2712,1130.0,41.66666666666667,6,58.5,2,1,35.0,2.0,57.0,100.0,57.0,100.0
432360,Vista Alegre do Prata,RS,Rio Grande do Sul,SUL,1624,1,1,6.157635467980295,1624.0,0.0,1624,686.0,42.241379310344826,6,76.5,1,0,53.0,31.0,100.0,100.0,100.0,75.0
432370,Vista Gaúcha,RS,Rio Grande do Sul,SUL,2843,1,1,3.5174111853675694,2843.0,0.0,2842,1233.0,43.384940182969736,6,49.833333333333336,3,2,36.0,0.0,25.0,88.0,50.0,100.0
432375,Vitória das Missões,RS,Rio Grande do Sul,SUL,3316,1,1,3.01568154402895,3316.0,0.0,3318,1654.0,49.84930681133213,6,60.833333333333336,2,2,27.0,18.0,90.0,70.0,60.0,100.0
432377,Westfália,RS,Rio Grande do Sul,SUL,3223,1,1,3.1026993484331364,3223.0,0.0,3219,898.0,27.896862379621002,6,54.833333333333336,3,2,28.0,21.0,60.0,80.0,40.0,100.0
432380,Xangri-lá,RS,Rio Grande do Sul,SUL,16949,5,5,2.950026550238952,3389.8,0.0,16907,7026.0,41.55675164133199,6,38.0,4,2,34.0,14.0,42.0,50.0,29.0,59.0
430005,Água Santa,RS,Rio Grande do Sul,SUL,4003,2,2,4.996252810392206,2001.5,0.0,4000,1508.0,37.7,6,74.33333333333333,2,1,27.0,37.0,100.0,100.0,89.0,93.0
430155,Áurea,RS,Rio Grande do Sul,SUL,3458,1,1,2.891844997108155,3458.0,0.0,3460,1227.0,35.46242774566474,6,59.333333333333336,2,1,37.0,1.0,57.0,100.0,71.0,90.0
420005,Abdon Batista,SC,Santa Catarina,SUL,2629,1,1,3.8037276531000384,2629.0,0.0,2633,1229.0,46.67679453095329,6,65.0,2,1,41.0,3.0,69.0,100.0,77.0,100.0
420010,Abelardo Luz,SC,Santa Catarina,SUL,17767,7,7,3.9398885574379467,2538.1428571428573,0.0,17736,7995.0,45.07780784844384,6,70.66666666666667,1,0,47.0,55.0,93.0,93.0,80.0,56.0
420020,Agrolândia,SC,Santa Catarina,SUL,11646,5,5,4.29331959471063,2329.2,0.0,11491,2808.0,24.43651553389609,6,56.833333333333336,3,2,29.0,28.0,41.0,79.0,68.0,96.0
420030,Agronômica,SC,Santa Catarina,SUL,6511,2,2,3.071724773460298,3255.5,0.0,6394,1626.0,25.430090710040666,6,76.83333333333333,0,0,58.0,56.0,78.0,91.0,83.0,95.0
420070,Alfredo Wagner,SC,Santa Catarina,SUL,10963,3,3,2.7364772416309404,3654.3333333333335,0.0,10862,3674.0,33.82434174185233,6,53.5,2,2,21.0,22.0,53.0,75.0,56.0,94.0
420075,Alto Bela Vista,SC,Santa Catarina,SUL,1847,1,1,5.414185165132648,1847.0,0.0,1860,648.0,34.83870967741935,6,61.5,1,1,61.0,19.0,50.0,100.0,50.0,89.0
420080,Anchieta,SC,Santa Catarina,SUL,5955,2,2,3.3585222502099077,2977.5,0.0,5984,2130.0,35.594919786096256,6,55.833333333333336,2,1,37.0,13.0,57.0,71.0,57.0,100.0
420090,Angelina,SC,Santa Catarina,SUL,5484,4,4,7.293946024799417,1371.0,0.0,5472,1937.0,35.3983918128655,6,65.0,2,1,32.0,17.0,75.0,83.0,83.0,100.0
420100,Anita Garibaldi,SC,Santa Catarina,SUL,8339,3,3,3.597553663508814,2779.6666666666665,0.0,8367,4018.0,48.021991155730845,6,70.83333333333333,2,1,36.0,22.0,84.0,100.0,89.0,94.0
420110,Anitápolis,SC,Santa Catarina,SUL,3761,1,1,2.6588673225206065,3761.0,0.0,3726,1409.0,37.815351583467525,6,65.33333333333333,1,0,51.0,34.0,78.0,67.0,78.0,84.0
420120,Antônio Carlos,SC,Santa Catarina,SUL,12464,3,3,2.406931964056483,4154.666666666667,0.0,12118,2696.0,22.247895692358473,6,60.666666666666664,2,1,39.0,12.0,68.0,84.0,61.0,100.0
420125,Apiúna,SC,Santa Catarina,SUL,10041,8,7,7.967333930883378,1255.125,0.0,10020,2828.0,28.22355289421158,6,52.833333333333336,2,1,30.0,23.0,57.0,67.0,50.0,90.0
420127,Arabutã,SC,Santa Catarina,SUL,4505,2,2,4.439511653718092,2252.5,0.0,4487,1438.0,32.04813906841988,6,40.333333333333336,3,1,33.0,1.0,50.0,36.0,50.0,72.0
420130,Araquari,SC,Santa Catarina,SUL,52079,13,12,2.496207684479349,4006.076923076923,0.0,50178,15884.0,31.65530710670015,6,66.16666666666667,2,0,34.0,37.0,78.0,95.0,69.0,84.0
420140,Araranguá,SC,Santa Catarina,SUL,76611,25,18,3.2632389604625964,3064.44,0.0,75597,20109.0,26.600261915155365,6,57.5,2,1,33.0,19.0,62.0,74.0,66.0,91.0
420150,Armazém,SC,Santa Catarina,SUL,9289,3,3,3.2296264398751213,3096.3333333333335,0.0,9188,2765.0,30.093600348280365,6,71.16666666666667,2,1,46.0,26.0,87.0,95.0,79.0,94.0
420160,Arroio Trinta,SC,Santa Catarina,SUL,3634,1,1,2.7517886626307098,3634.0,0.0,3628,1238.0,34.12348401323043,6,76.33333333333333,1,0,62.0,38.0,92.0,83.0,83.0,100.0
420165,Arvoredo,SC,Santa Catarina,SUL,2623,1,1,3.8124285169653067,2623.0,0.0,2600,910.0,35.0,6,67.16666666666667,1,0,74.0,40.0,75.0,75.0,50.0,89.0
420170,Ascurra,SC,Santa Catarina,SUL,8720,3,3,3.4403669724770642,2906.6666666666665,0.0,8635,2597.0,30.075275043427908,6,65.0,2,1,31.0,27.0,80.0,90.0,73.0,89.0
420180,Atalanta,SC,Santa Catarina,SUL,3265,1,1,3.0627871362940273,3265.0,0.0,3270,1033.0,31.59021406727829,6,47.666666666666664,4,1,49.0,35.0,33.0,67.0,22.0,80.0
420190,Aurora,SC,Santa Catarina,SUL,7241,1,1,1.3810247203424941,7241.0,0.6230591082733797,7127,2004.0,28.118422898835416,6,75.16666666666667,1,0,65.0,33.0,80.0,96.0,80.0,97.0
420195,Balneário Arroio do Silva,SC,Santa Catarina,SUL,17786,7,7,3.9356797481164962,2540.8571428571427,0.0,17215,7665.0,44.525123438861456,6,61.0,2,1,42.0,25.0,78.0,69.0,56.0,96.0
420205,Balneário Barra do Sul,SC,Santa Catarina,SUL,16953,4,4,2.359464401580841,4238.25,0.0,16360,5970.0,36.49144254278728,6,54.666666666666664,3,1,37.0,19.0,40.0,93.0,50.0,89.0
420200,Balneário Camboriú,SC,Santa Catarina,SUL,151674,18,17,1.1867558052138139,8426.333333333334,15.997495813873305,148758,33218.0,22.330227618010458,6,47.5,3,2,24.0,22.0,45.0,74.0,59.0,61.0
420207,Balneário Gaivota,SC,Santa Catarina,SUL,17986,9,9,5.003891915934616,1998.4444444444443,0.0,17306,6647.0,38.40864440078585,6,70.0,2,1,45.0,27.0,87.0,98.0,69.0,94.0
421280,Balneário Piçarras,SC,Santa Catarina,SUL,30593,10,10,3.2687216029810737,3059.3,0.0,29725,10911.0,36.70647603027754,6,56.333333333333336,2,1,31.0,29.0,71.0,71.0,52.0,84.0
422000,Balneário Rincão,SC,Santa Catarina,SUL,17697,6,6,3.390405153415833,2949.5,0.0,17226,7913.0,45.936375246720075,6,52.166666666666664,2,2,29.0,13.0,62.0,85.0,66.0,58.0
420208,Bandeirante,SC,Santa Catarina,SUL,3265,1,1,3.0627871362940273,3265.0,0.0,3243,1271.0,39.19210607462226,6,67.16666666666667,1,1,53.0,22.0,57.0,100.0,71.0,100.0
420209,Barra Bonita,SC,Santa Catarina,SUL,1642,2,2,12.180267965895249,821.0,0.0,1662,745.0,44.82551143200963,6,61.833333333333336,2,1,37.0,9.0,75.0,75.0,75.0,100.0
420210,Barra Velha,SC,Santa Catarina,SUL,52860,10,10,1.8917896329928112,5286.0,1.8484883943282493,50730,16146.0,31.827321111768185,6,57.666666666666664,3,2,29.0,13.0,79.0,86.0,46.0,93.0
420213,Bela Vista do Toldo,SC,Santa Catarina,SUL,5939,8,8,13.470281192119884,742.375,0.0,5950,2293.0,38.53781512605042,6,41.833333333333336,4,2,14.0,11.0,41.0,45.0,50.0,90.0
420215,Belmonte,SC,Santa Catarina,SUL,2712,1,1,3.687315634218289,2712.0,0.0,2709,1059.0,39.09191583610188,6,50.833333333333336,4,0,38.0,34.0,33.0,33.0,67.0,100.0
420220,Benedito Novo,SC,Santa Catarina,SUL,10757,5,5,4.648136097424933,2151.4,0.0,10738,2949.0,27.463214751350346,6,66.33333333333333,2,1,30.0,28.0,61.0,94.0,87.0,98.0
420230,Biguaçu,SC,Santa Catarina,SUL,83756,18,18,2.1490997659869144,4653.111111111111,0.7737796813347866,82028,24465.0,29.825181645291853,6,47.5,3,2,27.0,15.0,45.0,60.0,51.0,87.0
420240,Blumenau,SC,Santa Catarina,SUL,385558,81,81,2.100851233796212,4759.975308641975,5.422237766560939,380597,89108.0,23.41269111422318,6,47.0,4,1,21.0,31.0,40.0,54.0,43.0,93.0
420243,Bocaina do Sul,SC,Santa Catarina,SUL,3639,1,1,2.748007694421544,3639.0,0.0,3618,1711.0,47.291321171918185,6,45.166666666666664,3,3,25.0,17.0,57.0,79.0,71.0,22.0
420250,Bom Jardim da Serra,SC,Santa Catarina,SUL,3995,1,1,2.5031289111389237,3995.0,0.0,4028,2023.0,50.22343594836147,6,53.333333333333336,3,1,16.0,36.0,43.0,79.0,57.0,89.0
420253,Bom Jesus,SC,Santa Catarina,SUL,2896,1,1,3.453038674033149,2896.0,0.0,2872,1115.0,38.82311977715878,6,53.166666666666664,3,1,30.0,14.0,50.0,100.0,83.0,42.0
420257,Bom Jesus do Oeste,SC,Santa Catarina,SUL,2240,1,1,4.464285714285714,2240.0,0.0,2234,822.0,36.794986571172785,6,76.16666666666667,1,0,65.0,39.0,80.0,100.0,73.0,100.0
420260,Bom Retiro,SC,Santa Catarina,SUL,8422,2,2,2.3747328425552126,4211.0,0.0,8468,3707.0,43.776570618800186,6,54.666666666666664,2,2,16.0,23.0,74.0,66.0,57.0,92.0
420245,Bombinhas,SC,Santa Catarina,SUL,28738,10,10,3.479713271626418,2873.8,0.0,27732,9057.0,32.65902206836867,6,68.33333333333333,2,1,37.0,28.0,93.0,89.0,74.0,89.0
420270,Botuverá,SC,Santa Catarina,SUL,5705,4,4,7.011393514460999,1426.25,0.0,5623,1686.0,29.983994309087674,6,71.16666666666667,1,0,53.0,42.0,79.0,79.0,74.0,100.0
420280,Braço do Norte,SC,Santa Catarina,SUL,35985,17,16,4.7241906349868,2116.764705882353,0.0,35534,10659.0,29.996622952665053,6,68.83333333333333,0,0,53.0,53.0,70.0,75.0,65.0,97.0
420285,Braço do Trombudo,SC,Santa Catarina,SUL,4256,4,3,9.398496240601503,1064.0,0.0,4203,1061.0,25.243873423744944,6,46.5,4,2,33.0,14.0,16.0,48.0,68.0,100.0
420287,Brunópolis,SC,Santa Catarina,SUL,2433,2,2,8.220304151253597,1216.5,0.0,2466,1308.0,53.04136253041363,6,64.33333333333333,2,1,36.0,27.0,78.0,78.0,67.0,100.0
420290,Brusque,SC,Santa Catarina,SUL,155307,35,28,2.2536009323469,4437.342857142857,0.0,151949,38063.0,25.049852253058592,6,37.666666666666664,4,3,25.0,11.0,31.0,56.0,24.0,79.0
420310,Caibi,SC,Santa Catarina,SUL,6441,4,4,6.2102158049992235,1610.25,0.0,6431,2345.0,36.464002487948996,6,72.83333333333333,1,0,64.0,38.0,55.0,90.0,90.0,100.0
420315,Calmon,SC,Santa Catarina,SUL,3519,3,3,8.525149190110827,1173.0,0.0,3513,2073.0,59.00939368061486,6,51.666666666666664,3,1,30.0,21.0,46.0,71.0,67.0,75.0
420320,Camboriú,SC,Santa Catarina,SUL,117324,14,14,1.1932767379223348,8380.285714285714,12.297995693835935,113525,26369.0,23.227482933274608,6,58.5,2,2,26.0,22.0,62.0,86.0,65.0,90.0
420330,Campo Alegre,SC,Santa Catarina,SUL,12886,2,2,1.552072016141549,6443.0,0.8883772502707872,12815,3858.0,30.105345298478348,6,52.833333333333336,3,1,40.0,21.0,59.0,95.0,66.0,36.0
420340,Campo Belo do Sul,SC,Santa Catarina,SUL,7324,1,1,1.3653741125068268,7324.0,0.6416634317075312,7342,3536.0,48.16126396077363,6,69.5,2,0,42.0,32.0,78.0,93.0,93.0,79.0
420350,Campo Erê,SC,Santa Catarina,SUL,9864,4,3,4.0551500405515,2466.0,0.0,9838,4505.0,45.791827607237245,6,67.5,2,1,40.0,17.0,75.0,92.0,83.0,98.0
420360,Campos Novos,SC,Santa Catarina,SUL,39049,11,11,2.8169735460575174,3549.909090909091,0.0,38656,8289.0,21.44298427152318,6,62.0,2,1,34.0,22.0,72.0,93.0,59.0,92.0
420370,Canelinha,SC,Santa Catarina,SUL,13618,8,8,5.87457776472316,1702.25,0.0,13413,4835.0,36.047118467158725,6,64.33333333333333,2,2,28.0,22.0,76.0,94.0,73.0,93.0
420380,Canoinhas,SC,Santa Catarina,SUL,56948,24,24,4.214371005127485,2372.8333333333335,0.0,56721,16937.0,29.860192873891506,6,53.666666666666664,3,0,37.0,33.0,42.0,67.0,52.0,91.0
420390,Capinzal,SC,Santa Catarina,SUL,24414,12,12,4.915212582944212,2034.5,0.0,24176,4029.0,16.665287888815353,6,51.0,2,2,23.0,17.0,61.0,92.0,61.0,52.0
420395,Capivari de Baixo,SC,Santa Catarina,SUL,25015,15,15,5.996402158704776,1667.6666666666667,0.0,24799,6813.0,27.47288197104722,6,45.0,4,0,46.0,37.0,39.0,53.0,36.0,59.0
420325,Capão Alto,SC,Santa Catarina,SUL,2636,1,1,3.7936267071320184,2636.0,0.0,2647,1204.0,45.485455232338495,6,59.333333333333336,2,2,25.0,22.0,67.0,100.0,50.0,92.0
420400,Catanduvas,SC,Santa Catarina,SUL,11033,1,1,0.9063717937097797,11033.0,1.4730301258914789,10938,3943.0,36.048637776558785,6,50.166666666666664,3,1,34.0,21.0,52.0,56.0,44.0,94.0
420410,Caxambu do Sul,SC,Santa Catarina,SUL,4752,3,2,6.313131313131314,1584.0,0.0,4732,2205.0,46.59763313609467,6,62.166666666666664,2,1,47.0,25.0,58.0,79.0,74.0,90.0
420300,Caçador,SC,Santa Catarina,SUL,76298,9,9,1.1795853102309366,8477.555555555555,8.102080353962481,75998,23970.0,31.540303692202425,6,49.5,2,1,30.0,22.0,52.0,58.0,50.0,85.0
420415,Celso Ramos,SC,Santa Catarina,SUL,2864,1,1,3.4916201117318435,2864.0,0.0,2860,1301.0,45.48951048951049,6,63.833333333333336,2,1,47.0,25.0,85.0,54.0,77.0,95.0
420417,Cerro Negro,SC,Santa Catarina,SUL,3303,2,2,6.055101422948834,1651.5,0.0,3326,1973.0,59.320505111244735,6,44.833333333333336,5,1,47.0,36.0,33.0,33.0,25.0,95.0
420419,Chapadão do Lageado,SC,Santa Catarina,SUL,3053,1,1,3.2754667540124465,3053.0,0.0,3036,903.0,29.74308300395257,6,27.666666666666668,5,3,35.0,15.0,0.0,30.0,10.0,76.0
420420,Chapecó,SC,Santa Catarina,SUL,282648,36,34,1.273669015878407,7851.333333333333,27.35511819296427,275959,71127.0,25.774480991741527,6,65.0,2,0,45.0,33.0,76.0,80.0,64.0,92.0
420425,Cocal do Sul,SC,Santa Catarina,SUL,18106,8,8,4.418424831547553,2263.25,0.0,17912,4933.0,27.54019651630192,6,46.5,4,1,39.0,27.0,38.0,64.0,40.0,71.0
420430,Concórdia,SC,Santa Catarina,SUL,87206,21,20,2.4080911863862577,4152.666666666667,0.0,85982,23293.0,27.090553836849573,6,46.333333333333336,4,2,28.0,19.0,42.0,56.0,42.0,91.0
420435,Cordilheira Alta,SC,Santa Catarina,SUL,5192,2,2,3.852080123266564,2596.0,0.0,5099,1591.0,31.202196509119435,6,66.33333333333333,2,1,47.0,1.0,100.0,70.0,80.0,100.0
420440,Coronel Freitas,SC,Santa Catarina,SUL,10604,3,3,2.8291210863824974,3534.6666666666665,0.0,10583,3370.0,31.843522630634034,6,50.5,3,1,39.0,14.0,53.0,56.0,44.0,97.0
420445,Coronel Martins,SC,Santa Catarina,SUL,1993,1,1,5.017561465127947,1993.0,0.0,2028,806.0,39.743589743589745,6,72.66666666666667,2,1,36.0,25.0,75.0,100.0,100.0,100.0
420455,Correia Pinto,SC,Santa Catarina,SUL,16253,1,1,0.6152710268873438,16253.0,2.643085165967027,16163,5537.0,34.257254222607195,6,47.5,3,2,21.0,17.0,43.0,51.0,57.0,96.0
420450,Corupá,SC,Santa Catarina,SUL,15912,6,6,3.7707390648567123,2652.0,0.0,15781,4333.0,27.457068626829734,6,71.0,1,0,45.0,50.0,75.0,100.0,62.0,94.0
420460,Criciúma,SC,Santa Catarina,SUL,227438,55,54,2.418241454814059,4135.236363636363,0.0,225281,59208.0,26.28184356425975,6,44.0,4,1,32.0,23.0,51.0,63.0,48.0,47.0
420470,Cunha Porã,SC,Santa Catarina,SUL,11242,3,2,2.6685643123999285,3747.3333333333335,0.0,11208,3648.0,32.54817987152035,6,62.666666666666664,2,0,38.0,81.0,46.0,54.0,63.0,94.0
420475,Cunhataí,SC,Santa Catarina,SUL,2026,1,1,4.935834155972359,2026.0,0.0,2018,647.0,32.06144697720516,6,76.16666666666667,0,0,53.0,58.0,73.0,91.0,82.0,100.0
420480,Curitibanos,SC,Santa Catarina,SUL,41741,13,13,3.1144438322033494,3210.846153846154,0.0,41512,14522.0,34.982655617652725,6,64.66666666666667,2,1,37.0,21.0,69.0,97.0,74.0,90.0
420490,Descanso,SC,Santa Catarina,SUL,8652,3,3,3.4674063800277395,2884.0,0.0,8660,3017.0,34.838337182448036,6,52.0,3,1,38.0,17.0,55.0,64.0,45.0,93.0
420500,Dionísio Cerqueira,SC,Santa Catarina,SUL,15316,9,6,5.876207887176808,1701.7777777777778,0.0,15294,5773.0,37.74682882176017,6,38.833333333333336,3,2,25.0,14.0,35.0,52.0,51.0,56.0
420510,Dona Emma,SC,Santa Catarina,SUL,4435,3,2,6.764374295377678,1478.3333333333333,0.0,4388,1225.0,27.917046490428444,6,72.83333333333333,1,1,55.0,22.0,87.0,93.0,80.0,100.0
420515,Doutor Pedrinho,SC,Santa Catarina,SUL,3729,2,2,5.363368195226602,1864.5,0.0,3719,1120.0,30.115622479161065,6,65.66666666666667,2,2,24.0,27.0,87.0,93.0,80.0,83.0
420517,Entre Rios,SC,Santa Catarina,SUL,3561,4,4,11.232799775344004,890.25,0.0,3525,1818.0,51.57446808510638,6,43.666666666666664,4,2,30.0,11.0,21.0,57.0,43.0,100.0
420519,Ermo,SC,Santa Catarina,SUL,2354,2,2,8.496176720475786,1177.0,0.0,2349,1027.0,43.720732226479356,6,58.333333333333336,2,1,46.0,22.0,56.0,89.0,67.0,70.0
420520,Erval Velho,SC,Santa Catarina,SUL,5137,2,2,3.8933229511387974,2568.5,0.0,5081,1646.0,32.39519779570951,6,41.333333333333336,4,3,18.0,7.0,17.0,39.0,67.0,100.0
420530,Faxinal dos Guedes,SC,Santa Catarina,SUL,11537,7,7,6.067435208459739,1648.142857142857,0.0,11486,3544.0,30.854953856869233,6,59.666666666666664,2,0,44.0,45.0,61.0,74.0,65.0,69.0
420535,Flor do Sertão,SC,Santa Catarina,SUL,1868,1,1,5.353319057815846,1868.0,0.0,1850,714.0,38.5945945945946,6,53.833333333333336,4,0,59.0,44.0,40.0,40.0,40.0,100.0
420540,Florianópolis,SC,Santa Catarina,SUL,587486,57,56,0.9702358864721883,10306.771929824561,74.68409104862516,576361,160713.0,27.884086536042513,6,41.5,5,2,26.0,22.0,48.0,46.0,43.0,64.0
420543,Formosa do Sul,SC,Santa Catarina,SUL,2752,1,1,3.633720930232558,2752.0,0.0,2743,1114.0,40.61246810061976,6,64.0,2,1,54.0,24.0,100.0,33.0,100.0,73.0
420545,Forquilhinha,SC,Santa Catarina,SUL,34771,15,15,4.313939777400707,2318.0666666666666,0.0,33929,8832.0,26.0308290842642,6,67.83333333333333,1,0,51.0,31.0,74.0,88.0,68.0,95.0
420550,Fraiburgo,SC,Santa Catarina,SUL,34065,8,8,2.3484514897989137,4258.125,0.0,34148,12747.0,37.328686892350945,6,53.0,2,1,30.0,26.0,62.0,68.0,61.0,71.0
420555,Frei Rogério,SC,Santa Catarina,SUL,2437,1,1,4.103405826836274,2437.0,0.0,2442,1202.0,49.221949221949224,6,57.0,3,2,39.0,3.0,100.0,100.0,0.0,100.0
420560,Galvão,SC,Santa Catarina,SUL,3168,1,1,3.156565656565657,3168.0,0.0,3200,1404.0,43.875,6,65.0,1,1,61.0,15.0,63.0,88.0,63.0,100.0
420570,Garopaba,SC,Santa Catarina,SUL,34070,11,11,3.228646903434106,3097.2727272727275,0.0,32962,11311.0,34.31527213154541,6,56.5,2,1,38.0,26.0,63.0,70.0,61.0,81.0
420580,Garuva,SC,Santa Catarina,SUL,19970,8,8,4.006009013520281,2496.25,0.0,19554,6132.0,31.359312672598953,6,45.166666666666664,4,1,37.0,28.0,52.0,67.0,38.0,49.0
420590,Gaspar,SC,Santa Catarina,SUL,78344,24,24,3.0634126416828344,3264.3333333333335,0.0,76982,19156.0,24.883739055883193,6,45.166666666666664,5,2,28.0,19.0,49.0,48.0,37.0,90.0
420600,Governador Celso Ramos,SC,Santa Catarina,SUL,18280,7,7,3.8293216630196936,2611.4285714285716,0.0,17920,7160.0,39.955357142857146,6,49.333333333333336,3,2,22.0,21.0,57.0,68.0,43.0,85.0
420620,Gravatal,SC,Santa Catarina,SUL,13158,11,11,8.359933120535036,1196.1818181818182,0.0,12989,3788.0,29.1631380398799,6,44.166666666666664,3,3,18.0,21.0,28.0,50.0,50.0,98.0
420610,Grão-Pará,SC,Santa Catarina,SUL,6403,4,4,6.247071685147588,1600.75,0.0,6397,2473.0,38.65874628732218,6,43.5,4,2,38.0,9.0,22.0,81.0,48.0,63.0
420630,Guabiruba,SC,Santa Catarina,SUL,26645,7,7,2.6271345468192906,3806.4285714285716,0.0,26082,6717.0,25.753393144697494,6,47.333333333333336,4,2,24.0,26.0,42.0,53.0,47.0,92.0
420640,Guaraciaba,SC,Santa Catarina,SUL,11071,4,4,3.613043085538795,2767.75,0.0,11040,3500.0,31.70289855072464,6,63.833333333333336,1,0,60.0,43.0,50.0,72.0,58.0,100.0
420650,Guaramirim,SC,Santa Catarina,SUL,51009,10,10,1.960438354015958,5100.9,1.4335895668991612,49941,11902.0,23.83212190384654,6,73.66666666666667,1,0,51.0,42.0,95.0,96.0,71.0,87.0
420660,Guarujá do Sul,SC,Santa Catarina,SUL,4893,1,1,2.0437359493153484,4893.0,0.09675848871449348,4899,1718.0,35.0683813023066,6,49.0,3,2,29.0,1.0,43.0,71.0,50.0,100.0
420665,Guatambú,SC,Santa Catarina,SUL,9611,2,2,2.0809489127041934,4805.5,0.15429099428469148,9267,2924.0,31.552821840940975,6,68.0,2,0,41.0,34.0,78.0,92.0,73.0,90.0
420670,Herval d'Oeste,SC,Santa Catarina,SUL,22222,10,10,4.5000450004500046,2222.2,0.0,22173,6349.0,28.633924141974475,6,55.166666666666664,2,1,36.0,21.0,60.0,70.0,53.0,91.0
420675,Ibiam,SC,Santa Catarina,SUL,2061,1,1,4.85201358563804,2061.0,0.0,2055,912.0,44.37956204379562,6,65.5,1,0,47.0,53.0,83.0,100.0,50.0,60.0
420680,Ibicaré,SC,Santa Catarina,SUL,3295,1,1,3.0349013657056148,3295.0,0.0,3304,1335.0,40.40556900726393,6,67.5,2,1,51.0,27.0,89.0,100.0,44.0,94.0
420690,Ibirama,SC,Santa Catarina,SUL,20900,8,8,3.827751196172249,2612.5,0.0,20663,5250.0,25.40773363016019,6,56.666666666666664,2,2,22.0,20.0,66.0,81.0,60.0,91.0
420710,Ilhota,SC,Santa Catarina,SUL,18627,4,4,2.1474204112310087,4656.75,0.17521364587877994,18197,5383.0,29.581799197669945,6,50.333333333333336,2,2,28.0,5.0,56.0,80.0,70.0,63.0
420720,Imaruí,SC,Santa Catarina,SUL,12150,13,7,10.699588477366255,934.6153846153846,0.0,12127,5420.0,44.693658777933535,6,65.83333333333333,1,1,52.0,22.0,69.0,96.0,58.0,98.0
420730,Imbituba,SC,Santa Catarina,SUL,57256,26,26,4.541008802570909,2202.153846153846,0.0,56107,19881.0,35.43408130892758,6,43.166666666666664,5,0,35.0,41.0,37.0,49.0,38.0,59.0
420740,Imbuia,SC,Santa Catarina,SUL,6166,3,3,4.865390853065196,2055.3333333333335,0.0,6139,2002.0,32.611174458380844,6,66.33333333333333,2,0,49.0,30.0,86.0,75.0,61.0,97.0
420750,Indaial,SC,Santa Catarina,SUL,77888,31,31,3.9800739523418245,2512.516129032258,0.0,76333,17537.0,22.974336132472196,6,57.833333333333336,2,1,28.0,45.0,54.0,66.0,57.0,97.0
420757,Iomerê,SC,Santa Catarina,SUL,2967,1,1,3.370407819346141,2967.0,0.0,2953,1088.0,36.84388757196072,6,68.5,2,0,36.0,35.0,90.0,80.0,70.0,100.0
420760,Ipira,SC,Santa Catarina,SUL,4622,2,2,4.327131112072696,2311.0,0.0,4635,1629.0,35.14563106796116,6,61.666666666666664,2,1,41.0,4.0,85.0,70.0,70.0,100.0
420765,Iporã do Oeste,SC,Santa Catarina,SUL,9759,2,2,2.0493903063838506,4879.5,0.18746496860101017,9672,3159.0,32.66129032258064,6,76.5,1,0,50.0,31.0,100.0,100.0,87.0,91.0
420768,Ipuaçu,SC,Santa Catarina,SUL,8133,2,2,2.4591171769334808,4066.5,0.0,8046,4027.0,50.049714143673874,6,79.66666666666667,0,0,52.0,80.0,95.0,95.0,79.0,77.0
420770,Ipumirim,SC,Santa Catarina,SUL,8121,2,2,2.4627508927471986,4060.5,0.0,8065,2175.0,26.968381897086175,6,52.5,4,1,34.0,25.0,44.0,64.0,48.0,100.0
420775,Iraceminha,SC,Santa Catarina,SUL,3981,2,2,5.023863350916855,1990.5,0.0,4005,1428.0,35.655430711610485,6,66.33333333333333,2,1,47.0,3.0,77.0,92.0,85.0,94.0
420780,Irani,SC,Santa Catarina,SUL,10560,4,4,3.787878787878788,2640.0,0.0,10497,3226.0,30.73259026388492,6,50.5,3,1,39.0,7.0,49.0,86.0,54.0,68.0
420785,Irati,SC,Santa Catarina,SUL,2098,1,1,4.7664442326024785,2098.0,0.0,2100,839.0,39.95238095238095,6,57.333333333333336,3,0,54.0,76.0,38.0,38.0,38.0,100.0
420790,Irineópolis,SC,Santa Catarina,SUL,10427,2,2,1.9180972475304499,5213.5,0.33719614997466235,10437,4042.0,38.72760371754336,6,81.83333333333333,0,0,75.0,66.0,89.0,95.0,66.0,100.0
420810,Itaiópolis,SC,Santa Catarina,SUL,22906,9,9,3.9291015454466076,2545.1111111111113,0.0,22741,7218.0,31.740029022470427,6,69.66666666666667,2,0,47.0,30.0,74.0,92.0,90.0,85.0
420820,Itajaí,SC,Santa Catarina,SUL,294850,45,45,1.526199762591148,6552.222222222223,21.090177886259635,287289,67296.0,23.42449589089732,6,41.666666666666664,4,2,26.0,18.0,33.0,62.0,39.0,72.0
420830,Itapema,SC,Santa Catarina,SUL,86116,20,20,2.3224487900041804,4305.8,0.0,83330,24470.0,29.36517460698428,6,61.666666666666664,2,2,25.0,24.0,78.0,83.0,72.0,88.0
420840,Itapiranga,SC,Santa Catarina,SUL,17268,7,7,4.053741023859161,2466.8571428571427,0.0,17149,4537.0,26.45635314012479,6,55.166666666666664,3,0,44.0,34.0,46.0,57.0,55.0,95.0
420845,Itapoá,SC,Santa Catarina,SUL,36033,13,12,3.607803957483418,2771.769230769231,0.0,34546,11813.0,34.19498639495166,6,56.166666666666664,3,0,32.0,30.0,41.0,90.0,58.0,86.0
420850,Ituporanga,SC,Santa Catarina,SUL,28461,10,9,3.5135799866483963,2846.1,0.0,28042,7930.0,28.279010056344056,6,41.833333333333336,4,1,35.0,9.0,35.0,46.0,51.0,75.0
420800,Itá,SC,Santa Catarina,SUL,7370,2,2,2.7137042062415198,3685.0,0.0,7310,2856.0,39.06976744186046,6,61.166666666666664,2,1,33.0,23.0,61.0,83.0,67.0,100.0
420700,Içara,SC,Santa Catarina,SUL,63489,29,21,4.567720392508939,2189.2758620689656,0.0,62455,18233.0,29.193819550076057,6,58.5,2,1,33.0,28.0,67.0,73.0,58.0,92.0
420860,Jaborá,SC,Santa Catarina,SUL,4461,3,2,6.724949562878279,1487.0,0.0,4435,1624.0,36.61781285231116,6,44.0,3,2,27.0,14.0,67.0,67.0,50.0,39.0
420870,Jacinto Machado,SC,Santa Catarina,SUL,10818,2,2,1.8487705675725643,5409.0,0.4248382037427733,10813,3612.0,33.40423564228244,6,47.333333333333336,5,0,31.0,42.0,33.0,43.0,40.0,95.0
420880,Jaguaruna,SC,Santa Catarina,SUL,21570,12,12,5.563282336578582,1797.5,0.0,21284,8036.0,37.75606089081,6,59.0,2,1,33.0,27.0,69.0,72.0,65.0,88.0
420890,Jaraguá do Sul,SC,Santa Catarina,SUL,199519,38,37,1.9045805161413198,5250.5,6.7218796055236085,195753,38163.0,19.49548665920829,6,57.5,2,0,30.0,60.0,63.0,72.0,45.0,75.0
420895,Jardinópolis,SC,Santa Catarina,SUL,1810,1,1,5.524861878453039,1810.0,0.0,1808,740.0,40.929203539823014,6,77.5,0,0,53.0,52.0,100.0,80.0,80.0,100.0
420900,Joaçaba,SC,Santa Catarina,SUL,31809,13,13,4.086893646452261,2446.846153846154,0.0,31509,8053.0,25.557777143038496,6,47.5,4,2,22.0,22.0,43.0,65.0,47.0,86.0
420910,Joinville,SC,Santa Catarina,SUL,664541,66,62,0.9931667120614078,10068.80303030303,82.9558517982461,654888,163362.0,24.945028768277936,6,45.333333333333336,4,0,31.0,33.0,44.0,62.0,38.0,64.0
420915,José Boiteux,SC,Santa Catarina,SUL,6415,2,2,3.117692907248636,3207.5,0.0,6307,2066.0,32.7572538449342,6,37.0,5,2,30.0,20.0,24.0,43.0,33.0,72.0
420917,Jupiá,SC,Santa Catarina,SUL,2713,1,1,3.6859565057132326,2713.0,0.0,2675,993.0,37.12149532710281,6,75.0,1,1,63.0,25.0,100.0,100.0,82.0,80.0
420920,Lacerdópolis,SC,Santa Catarina,SUL,2302,1,1,4.344048653344918,2302.0,0.0,2296,751.0,32.70905923344948,6,37.166666666666664,4,2,36.0,20.0,17.0,50.0,33.0,67.0
420930,Lages,SC,Santa Catarina,SUL,172458,33,33,1.9135093761959434,5226.0,5.6561977205649105,171609,54230.0,31.600906712351918,6,31.5,5,2,15.0,11.0,31.0,46.0,31.0,55.0
420940,Laguna,SC,Santa Catarina,SUL,44060,20,20,4.5392646391284615,2203.0,0.0,43992,14589.0,33.162847790507364,6,47.5,4,2,29.0,22.0,43.0,61.0,43.0,87.0
420945,Lajeado Grande,SC,Santa Catarina,SUL,1791,1,1,5.583472920156337,1791.0,0.0,1771,713.0,40.25974025974026,6,76.33333333333333,1,0,61.0,47.0,100.0,83.0,67.0,100.0
420950,Laurentino,SC,Santa Catarina,SUL,8605,2,2,2.3242300987797795,4302.5,0.0,8427,1979.0,23.484039397175742,6,38.833333333333336,5,2,33.0,19.0,31.0,48.0,10.0,92.0
420960,Lauro Müller,SC,Santa Catarina,SUL,14628,8,7,5.468963631391851,1828.5,0.0,14622,4455.0,30.467788264259337,6,36.5,6,3,27.0,23.0,44.0,49.0,27.0,49.0
420970,Lebon Régis,SC,Santa Catarina,SUL,11575,1,1,0.8639308855291578,11575.0,1.5945185994012387,11605,5459.0,47.04006893580353,6,72.33333333333333,2,0,41.0,45.0,87.0,93.0,72.0,96.0
420980,Leoberto Leal,SC,Santa Catarina,SUL,3379,2,2,5.9189109203906485,1689.5,0.0,3381,1413.0,41.79236912156167,6,38.5,5,2,33.0,8.0,9.0,36.0,45.0,100.0
420985,Lindóia do Sul,SC,Santa Catarina,SUL,4604,1,1,2.172024326672459,4604.0,0.03197957940762879,4611,1564.0,33.91888961179787,6,51.666666666666664,2,2,51.0,26.0,25.0,58.0,50.0,100.0
420990,Lontras,SC,Santa Catarina,SUL,13829,5,5,3.615590425916552,2765.8,0.0,13586,3393.0,24.974238186368318,6,56.333333333333336,3,0,36.0,54.0,47.0,60.0,49.0,92.0
421000,Luiz Alves,SC,Santa Catarina,SUL,12246,7,7,5.7161522129675,1749.4285714285713,0.0,12126,3774.0,31.123206333498267,6,44.333333333333336,4,1,43.0,13.0,41.0,51.0,33.0,85.0
421003,Luzerna,SC,Santa Catarina,SUL,5951,3,3,5.04116955133591,1983.6666666666667,0.0,5931,1882.0,31.73157983476648,6,72.5,1,0,38.0,72.0,76.0,94.0,59.0,96.0
421005,Macieira,SC,Santa Catarina,SUL,1796,1,1,5.567928730512249,1796.0,0.0,1800,738.0,41.0,6,51.0,3,2,50.0,13.0,86.0,14.0,43.0,100.0
421010,Mafra,SC,Santa Catarina,SUL,57262,9,9,1.5717229576333345,6362.444444444444,3.835189981763606,57023,19316.0,33.8740508215983,6,49.666666666666664,3,0,49.0,39.0,53.0,57.0,42.0,58.0
421020,Major Gercino,SC,Santa Catarina,SUL,3253,2,2,6.148170919151552,1626.5,0.0,3258,1541.0,47.29895641497851,6,46.5,4,1,35.0,11.0,45.0,55.0,45.0,88.0
421030,Major Vieira,SC,Santa Catarina,SUL,7543,1,1,1.3257324671881214,7543.0,0.6907519477566777,7545,858.0,11.371769383697814,6,43.166666666666664,4,3,32.0,16.0,16.0,79.0,16.0,100.0
421040,Maracajá,SC,Santa Catarina,SUL,8344,2,2,2.396931927133269,4172.0,0.0,8213,2708.0,32.972117374893465,6,50.5,3,1,33.0,19.0,63.0,63.0,44.0,81.0
421050,Maravilha,SC,Santa Catarina,SUL,30743,12,10,3.9033275867677193,2561.9166666666665,0.0,30155,8167.0,27.083402420825735,6,64.16666666666667,1,0,52.0,34.0,72.0,73.0,56.0,98.0
421055,Marema,SC,Santa Catarina,SUL,2218,1,1,4.508566275924256,2218.0,0.0,2219,784.0,35.33123028391167,6,83.0,1,0,49.0,74.0,75.0,100.0,100.0,100.0
421060,Massaranduba,SC,Santa Catarina,SUL,18122,7,7,3.862708310341022,2588.8571428571427,0.0,17897,4931.0,27.552103704531483,6,58.0,2,1,41.0,28.0,62.0,65.0,54.0,98.0
421070,Matos Costa,SC,Santa Catarina,SUL,2789,1,1,3.5855145213338115,2789.0,0.0,2795,1449.0,51.842576028622545,6,68.16666666666667,2,1,31.0,17.0,78.0,100.0,83.0,100.0
421080,Meleiro,SC,Santa Catarina,SUL,7128,1,1,1.4029180695847363,7128.0,0.5977303305859205,7127,2519.0,35.34446471165988,6,50.333333333333336,5,0,39.0,44.0,44.0,48.0,36.0,91.0
421085,Mirim Doce,SC,Santa Catarina,SUL,2554,1,1,3.9154267815191854,2554.0,0.0,2554,810.0,31.714956930305405,6,65.33333333333333,2,1,45.0,22.0,58.0,92.0,75.0,100.0
421090,Modelo,SC,Santa Catarina,SUL,4159,1,1,2.40442414041837,4159.0,0.0,4156,1290.0,31.03946102021174,6,75.5,1,0,66.0,48.0,69.0,85.0,85.0,100.0
421100,Mondaí,SC,Santa Catarina,SUL,10206,4,4,3.9192631785224377,2551.5,0.0,10216,3055.0,29.904072043852782,6,52.666666666666664,2,1,49.0,11.0,61.0,58.0,53.0,84.0
421105,Monte Carlo,SC,Santa Catarina,SUL,9218,5,5,5.424170101974398,1843.6,0.0,9235,3770.0,40.822956145100164,6,50.666666666666664,2,2,28.0,12.0,53.0,65.0,53.0,93.0
421110,Monte Castelo,SC,Santa Catarina,SUL,7747,6,5,7.74493352265393,1291.1666666666667,0.0,7787,3280.0,42.121484525491205,6,51.0,2,2,50.0,14.0,19.0,72.0,51.0,100.0
421125,Morro Grande,SC,Santa Catarina,SUL,3097,2,2,6.457862447529867,1548.5,0.0,3085,1196.0,38.76823338735819,6,40.666666666666664,4,2,55.0,26.0,36.0,36.0,27.0,64.0
421120,Morro da Fumaça,SC,Santa Catarina,SUL,19490,11,11,5.64391995895331,1771.8181818181818,0.0,19265,5372.0,27.8847651180898,6,69.33333333333333,2,1,46.0,17.0,87.0,95.0,72.0,99.0
421130,Navegantes,SC,Santa Catarina,SUL,96046,25,23,2.6029194344376654,3841.84,0.0,93619,32006.0,34.18750467319668,6,38.833333333333336,4,2,22.0,18.0,47.0,51.0,42.0,53.0
421140,Nova Erechim,SC,Santa Catarina,SUL,5490,1,1,1.8214936247723132,5490.0,0.23057512835531765,5408,1624.0,30.029585798816566,6,62.0,2,1,55.0,16.0,80.0,40.0,85.0,96.0
421145,Nova Itaberaba,SC,Santa Catarina,SUL,4672,1,1,2.1404109589041096,4672.0,0.047221675715126386,4648,1590.0,34.20826161790017,6,79.16666666666667,1,1,66.0,25.0,100.0,92.0,92.0,100.0
421150,Nova Trento,SC,Santa Catarina,SUL,14395,5,5,3.4734282737061477,2879.0,0.0,14252,4627.0,32.4656188605108,6,57.333333333333336,2,0,36.0,63.0,55.0,52.0,43.0,95.0
421160,Nova Veneza,SC,Santa Catarina,SUL,14004,8,7,5.712653527563553,1750.5,0.0,13968,4301.0,30.791809851088203,6,58.5,2,1,49.0,26.0,67.0,81.0,54.0,74.0
421165,Novo Horizonte,SC,Santa Catarina,SUL,2661,1,1,3.757985719654265,2661.0,0.0,2670,1012.0,37.90262172284644,6,53.0,3,1,49.0,12.0,57.0,43.0,57.0,100.0
421170,Orleans,SC,Santa Catarina,SUL,24686,13,13,5.266142752977395,1898.923076923077,0.0,24474,6939.0,28.35253738661437,6,60.166666666666664,2,0,31.0,32.0,69.0,75.0,57.0,97.0
421175,Otacílio Costa,SC,Santa Catarina,SUL,17873,6,6,3.357018967157164,2978.8333333333335,0.0,17780,4937.0,27.767154105736786,6,44.333333333333336,4,2,28.0,8.0,36.0,64.0,38.0,92.0
421180,Ouro,SC,Santa Catarina,SUL,7062,3,3,4.248088360237893,2354.0,0.0,7091,2016.0,28.43040473840079,6,44.666666666666664,4,2,27.0,7.0,46.0,63.0,42.0,83.0
421185,Ouro Verde,SC,Santa Catarina,SUL,2195,1,1,4.555808656036446,2195.0,0.0,2203,1007.0,45.7103949160236,6,81.66666666666667,1,0,61.0,37.0,100.0,100.0,92.0,100.0
421187,Paial,SC,Santa Catarina,SUL,2007,1,1,4.9825610363726955,2007.0,0.0,1992,800.0,40.16064257028113,6,77.66666666666667,1,1,59.0,21.0,100.0,86.0,100.0,100.0
421189,Painel,SC,Santa Catarina,SUL,2216,1,1,4.512635379061372,2216.0,0.0,2228,1342.0,60.23339317773788,6,71.66666666666667,2,1,31.0,29.0,90.0,100.0,80.0,100.0
421190,Palhoça,SC,Santa Catarina,SUL,253469,24,24,0.9468613518812952,10561.208333333334,32.814689837722035,245477,58326.0,23.76027081966946,6,54.333333333333336,2,1,31.0,28.0,56.0,74.0,50.0,87.0
421200,Palma Sola,SC,Santa Catarina,SUL,7696,2,2,2.598752598752599,3848.0,0.0,7709,2820.0,36.58062005448178,6,64.83333333333333,2,1,43.0,20.0,83.0,77.0,73.0,93.0
421205,Palmeira,SC,Santa Catarina,SUL,2658,4,4,15.048908954100828,664.5,0.0,2640,979.0,37.083333333333336,6,67.16666666666667,2,1,32.0,3.0,88.0,100.0,88.0,92.0
421210,Palmitos,SC,Santa Catarina,SUL,15781,3,3,1.9010202141816108,5260.333333333333,0.537287085714985,15812,5180.0,32.75992916772072,6,44.666666666666664,3,3,29.0,4.0,24.0,57.0,60.0,94.0
421220,Papanduva,SC,Santa Catarina,SUL,19769,3,2,1.5175274419545755,6589.666666666667,1.4311912044546946,19667,6063.0,30.828291045914476,6,64.0,2,1,37.0,15.0,65.0,95.0,83.0,89.0
421223,Paraíso,SC,Santa Catarina,SUL,4394,1,1,2.275830678197542,4394.0,0.0,4376,1669.0,38.13985374771481,6,73.33333333333333,1,1,54.0,20.0,96.0,96.0,74.0,100.0
421225,Passo de Torres,SC,Santa Catarina,SUL,14859,4,4,2.6919711959082036,3714.75,0.0,14284,5590.0,39.13469616353962,6,66.83333333333333,2,0,35.0,32.0,78.0,92.0,78.0,86.0
421227,Passos Maia,SC,Santa Catarina,SUL,3997,1,1,2.501876407305479,3997.0,0.0,4032,1831.0,45.41170634920635,6,50.0,2,1,45.0,7.0,65.0,65.0,53.0,65.0
421230,Paulo Lopes,SC,Santa Catarina,SUL,9879,3,3,3.0367446097783177,3293.0,0.0,9661,3615.0,37.418486699099475,6,51.833333333333336,2,1,37.0,20.0,58.0,58.0,61.0,77.0
421240,Pedras Grandes,SC,Santa Catarina,SUL,4355,2,2,4.592422502870264,2177.5,0.0,4343,1293.0,29.772046972139076,6,68.33333333333333,2,1,34.0,12.0,91.0,91.0,82.0,100.0
421250,Penha,SC,Santa Catarina,SUL,36995,11,10,2.9733747803757264,3363.181818181818,0.0,36124,13503.0,37.37958144170081,6,54.0,2,2,28.0,24.0,60.0,64.0,55.0,93.0
421260,Peritiba,SC,Santa Catarina,SUL,3040,1,1,3.289473684210526,3040.0,0.0,3039,1037.0,34.12306679828891,6,62.833333333333336,0,0,63.0,64.0,50.0,50.0,50.0,100.0
421265,Pescaria Brava,SC,Santa Catarina,SUL,10615,5,4,4.710315591144607,2123.0,0.0,10531,3526.0,33.482100465292945,6,48.0,4,3,29.0,20.0,48.0,65.0,29.0,97.0
421270,Petrolândia,SC,Santa Catarina,SUL,6996,3,3,4.288164665523156,2332.0,0.0,6942,2081.0,29.976951887064246,6,39.833333333333336,4,2,37.0,7.0,12.0,50.0,41.0,92.0
421290,Pinhalzinho,SC,Santa Catarina,SUL,23897,9,9,3.7661631167092104,2655.222222222222,0.0,23379,5428.0,23.217417340348177,6,48.666666666666664,2,1,50.0,17.0,50.0,48.0,53.0,74.0
421300,Pinheiro Preto,SC,Santa Catarina,SUL,3631,1,1,2.754062241806665,3631.0,0.0,3598,1185.0,32.934963868816006,6,55.0,2,1,29.0,35.0,54.0,54.0,85.0,73.0
421310,Piratuba,SC,Santa Catarina,SUL,6144,1,1,1.6276041666666665,6144.0,0.3771682310774266,6053,1984.0,32.77713530480753,6,57.333333333333336,2,1,45.0,14.0,53.0,82.0,65.0,85.0
421315,Planalto Alegre,SC,Santa Catarina,SUL,3081,1,1,3.2456994482310937,3081.0,0.0,3053,1279.0,41.8932197838192,6,67.16666666666667,1,1,50.0,19.0,78.0,89.0,67.0,100.0
421320,Pomerode,SC,Santa Catarina,SUL,37003,12,12,3.2429802988946843,3083.5833333333335,0.0,36392,8792.0,24.159155858430424,6,48.166666666666664,3,0,33.0,43.0,51.0,52.0,42.0,68.0
421330,Ponte Alta,SC,Santa Catarina,SUL,4390,2,2,4.555808656036446,2195.0,0.0,4430,1945.0,43.90519187358917,6,46.833333333333336,3,2,19.0,19.0,37.0,74.0,58.0,74.0
421335,Ponte Alta do Norte,SC,Santa Catarina,SUL,3241,4,4,12.34186979327368,810.25,0.0,3249,1299.0,39.981532779316716,6,29.666666666666668,4,3,35.0,11.0,19.0,50.0,13.0,50.0
421340,Ponte Serrada,SC,Santa Catarina,SUL,10732,3,3,2.795378307864331,3577.3333333333335,0.0,10764,4309.0,40.031586770717205,6,54.166666666666664,3,0,36.0,35.0,51.0,76.0,45.0,82.0
421350,Porto Belo,SC,Santa Catarina,SUL,31557,9,9,2.851982127578667,3506.3333333333335,0.0,30590,10050.0,32.85387381497221,6,60.166666666666664,3,1,34.0,27.0,88.0,96.0,78.0,38.0
421360,Porto União,SC,Santa Catarina,SUL,33694,13,13,3.8582536950198847,2591.846153846154,0.0,33727,10360.0,30.717229519376165,6,51.5,4,0,42.0,36.0,46.0,57.0,48.0,80.0
421370,Pouso Redondo,SC,Santa Catarina,SUL,18051,6,6,3.3239155725444576,3008.5,0.0,17836,4887.0,27.39964117515138,6,69.83333333333333,2,0,41.0,43.0,83.0,95.0,81.0,76.0
421380,Praia Grande,SC,Santa Catarina,SUL,8696,2,2,2.2999080036798527,4348.0,0.0,8602,3253.0,37.81678679376889,6,73.66666666666667,0,0,56.0,65.0,65.0,96.0,69.0,91.0
421390,Presidente Castello Branco,SC,Santa Catarina,SUL,1707,1,1,5.8582308142940835,1707.0,0.0,1711,642.0,37.52191700759789,6,64.66666666666667,2,1,42.0,20.0,63.0,100.0,63.0,100.0
421400,Presidente Getúlio,SC,Santa Catarina,SUL,21764,6,6,2.7568461679838268,3627.3333333333335,0.0,21293,5572.0,26.168224299065418,6,65.5,2,1,28.0,40.0,82.0,82.0,70.0,91.0
421410,Presidente Nereu,SC,Santa Catarina,SUL,2347,3,3,12.78227524499361,782.3333333333334,0.0,2345,740.0,31.556503198294244,6,69.16666666666667,2,1,32.0,26.0,86.0,100.0,71.0,100.0
421415,Princesa,SC,Santa Catarina,SUL,3073,1,1,3.254149040026033,3073.0,0.0,3054,970.0,31.761624099541585,6,77.33333333333333,1,0,43.0,52.0,100.0,100.0,69.0,100.0
421420,Quilombo,SC,Santa Catarina,SUL,11433,2,2,1.7493221376716521,5716.5,0.5626895159355824,11359,3568.0,31.41121577603662,6,53.666666666666664,3,2,24.0,25.0,59.0,70.0,46.0,98.0
421430,Rancho Queimado,SC,Santa Catarina,SUL,3484,1,1,2.8702640642939152,3484.0,0.0,3435,1147.0,33.39155749636099,6,58.333333333333336,2,1,47.0,15.0,63.0,75.0,50.0,100.0
421490,Rio Fortuna,SC,Santa Catarina,SUL,5044,1,1,1.9825535289452816,5044.0,0.1306049084561424,5006,1529.0,30.543347982421093,6,56.833333333333336,3,0,57.0,36.0,47.0,58.0,47.0,96.0
421500,Rio Negrinho,SC,Santa Catarina,SUL,40132,12,12,2.990132562543606,3344.3333333333335,0.0,40168,10821.0,26.93935471021709,6,68.0,2,1,43.0,28.0,84.0,94.0,67.0,92.0
421505,Rio Rufino,SC,Santa Catarina,SUL,2429,2,2,8.233841086867024,1214.5,0.0,2432,1041.0,42.80427631578947,6,75.33333333333333,2,1,48.0,18.0,86.0,100.0,100.0,100.0
421440,Rio das Antas,SC,Santa Catarina,SUL,6399,2,2,3.1254883575558683,3199.5,0.0,6386,2545.0,39.852803006576885,6,39.333333333333336,4,2,22.0,6.0,44.0,56.0,48.0,60.0
421450,Rio do Campo,SC,Santa Catarina,SUL,6638,2,2,3.0129557095510697,3319.0,0.0,6613,2086.0,31.54392862543475,6,66.5,2,0,37.0,36.0,78.0,81.0,67.0,100.0
421460,Rio do Oeste,SC,Santa Catarina,SUL,8071,4,3,4.956015363647627,2017.75,0.0,8008,1810.0,22.602397602397602,6,24.5,5,5,25.0,12.0,0.0,5.0,5.0,100.0
421480,Rio do Sul,SC,Santa Catarina,SUL,77451,27,27,3.4860750668164386,2868.5555555555557,0.0,76390,16317.0,21.360125670899333,6,44.0,4,3,28.0,21.0,20.0,60.0,44.0,91.0
421470,Rio dos Cedros,SC,Santa Catarina,SUL,11218,1,1,0.8914244963451596,11218.0,1.5144975937868768,11163,3495.0,31.308787960225747,6,67.0,2,0,39.0,44.0,81.0,77.0,65.0,96.0
421507,Riqueza,SC,Santa Catarina,SUL,4828,2,2,4.142502071251036,2414.0,0.0,4835,1884.0,38.96587383660807,6,52.833333333333336,4,0,46.0,57.0,40.0,47.0,47.0,80.0
421510,Rodeio,SC,Santa Catarina,SUL,13491,8,8,5.929879178711734,1686.375,0.0,13321,3753.0,28.17356054350274,6,53.833333333333336,2,0,33.0,33.0,53.0,67.0,60.0,77.0
421520,Romelândia,SC,Santa Catarina,SUL,4684,1,1,2.134927412467976,4684.0,0.04991145741644952,4757,1868.0,39.26844649989489,6,48.0,3,0,38.0,33.0,42.0,58.0,50.0,67.0
421530,Salete,SC,Santa Catarina,SUL,7656,6,5,7.836990595611285,1276.0,0.0,7643,2205.0,28.84992803872825,6,80.5,0,0,54.0,51.0,100.0,100.0,82.0,96.0
421535,Saltinho,SC,Santa Catarina,SUL,3604,1,1,2.774694783573807,3604.0,0.0,3633,1463.0,40.26974951830443,6,77.66666666666667,1,1,52.0,22.0,100.0,100.0,92.0,100.0
421540,Salto Veloso,SC,Santa Catarina,SUL,4495,1,1,2.224694104560623,4495.0,0.007547395620610544,4486,1406.0,31.341952741863576,6,40.833333333333336,5,2,43.0,19.0,33.0,17.0,33.0,100.0
421545,Sangão,SC,Santa Catarina,SUL,13797,7,7,5.073566717402334,1971.0,0.0,13567,3590.0,26.461266307953125,6,67.33333333333333,2,1,41.0,23.0,79.0,99.0,69.0,93.0
421550,Santa Cecília,SC,Santa Catarina,SUL,15749,5,5,3.1748047495079055,3149.8,0.0,15764,4068.0,25.80563308804872,6,36.0,4,3,22.0,3.0,16.0,68.0,39.0,68.0
421555,Santa Helena,SC,Santa Catarina,SUL,2476,1,1,4.0387722132471735,2476.0,0.0,2473,839.0,33.92640517589972,6,43.666666666666664,4,2,44.0,18.0,50.0,17.0,33.0,100.0
421560,Santa Rosa de Lima,SC,Santa Catarina,SUL,2131,1,1,4.692632566870014,2131.0,0.0,2128,730.0,34.304511278195484,6,78.16666666666667,0,0,61.0,65.0,71.0,86.0,86.0,100.0
421565,Santa Rosa do Sul,SC,Santa Catarina,SUL,10450,5,5,4.784688995215311,2090.0,0.0,10288,4038.0,39.24961119751166,6,66.33333333333333,1,0,50.0,31.0,63.0,97.0,66.0,91.0
421567,Santa Terezinha,SC,Santa Catarina,SUL,8015,3,3,3.742981908920773,2671.6666666666665,0.0,8077,2232.0,27.63402253311873,6,69.33333333333333,2,1,38.0,20.0,83.0,94.0,83.0,98.0
421568,Santa Terezinha do Progresso,SC,Santa Catarina,SUL,2534,1,1,3.946329913180742,2534.0,0.0,2562,1098.0,42.857142857142854,6,86.66666666666667,0,0,82.0,79.0,92.0,92.0,92.0,83.0
421569,Santiago do Sul,SC,Santa Catarina,SUL,1732,1,1,5.773672055427252,1732.0,0.0,1714,608.0,35.47257876312719,6,77.5,1,0,62.0,40.0,100.0,100.0,80.0,83.0
421570,Santo Amaro da Imperatriz,SC,Santa Catarina,SUL,30099,8,8,2.657895611149872,3762.375,0.0,29392,8198.0,27.891943385955365,6,38.5,5,2,28.0,5.0,46.0,35.0,31.0,86.0
421730,Saudades,SC,Santa Catarina,SUL,10799,3,2,2.7780350032410412,3599.6666666666665,0.0,10680,2797.0,26.189138576779026,6,77.0,1,1,52.0,29.0,94.0,100.0,87.0,100.0
421740,Schroeder,SC,Santa Catarina,SUL,21710,11,11,5.066789497927222,1973.6363636363637,0.0,21273,4436.0,20.852724110374655,6,41.333333333333336,4,1,33.0,35.0,30.0,52.0,26.0,72.0
421750,Seara,SC,Santa Catarina,SUL,19399,7,7,3.60843342440332,2771.285714285714,0.0,19241,5416.0,28.14822514422327,6,40.0,5,3,29.0,14.0,20.0,46.0,35.0,96.0
421755,Serra Alta,SC,Santa Catarina,SUL,3370,1,1,2.9673590504451037,3370.0,0.0,3367,1054.0,31.303831303831302,6,87.83333333333333,0,0,74.0,71.0,100.0,100.0,82.0,100.0
421760,Siderópolis,SC,Santa Catarina,SUL,14156,7,7,4.944899689177734,2022.2857142857142,0.0,14087,4277.0,30.36132604528998,6,53.0,2,1,43.0,18.0,52.0,58.0,58.0,89.0
421770,Sombrio,SC,Santa Catarina,SUL,31722,8,8,2.5219090851774792,3965.25,0.0,31397,9656.0,30.754530687645314,6,69.83333333333333,2,0,38.0,33.0,86.0,93.0,81.0,88.0
421775,Sul Brasil,SC,Santa Catarina,SUL,2900,1,1,3.4482758620689653,2900.0,0.0,2894,966.0,33.37940566689703,6,86.83333333333333,0,0,59.0,80.0,91.0,100.0,91.0,100.0
421580,São Bento do Sul,SC,Santa Catarina,SUL,87661,26,24,2.965971184449185,3371.576923076923,0.0,86851,18470.0,21.266306663135715,6,63.333333333333336,2,1,44.0,19.0,62.0,96.0,63.0,96.0
421575,São Bernardino,SC,Santa Catarina,SUL,2715,1,1,3.6832412523020257,2715.0,0.0,2719,1069.0,39.315924972416326,6,78.5,0,0,55.0,52.0,93.0,100.0,71.0,100.0
421590,São Bonifácio,SC,Santa Catarina,SUL,2982,1,1,3.35345405767941,2982.0,0.0,2986,1339.0,44.84259879437374,6,56.333333333333336,2,1,43.0,24.0,57.0,57.0,57.0,100.0
421600,São Carlos,SC,Santa Catarina,SUL,10462,4,4,3.823360734085261,2615.5,0.0,10460,3207.0,30.65965583173996,6,51.5,3,1,37.0,18.0,59.0,59.0,38.0,98.0
421605,São Cristóvão do Sul,SC,Santa Catarina,SUL,6489,4,4,6.164278008938203,1622.25,0.0,6389,1980.0,30.99076537799343,6,36.5,5,3,23.0,2.0,42.0,11.0,47.0,94.0
421610,São Domingos,SC,Santa Catarina,SUL,9343,4,3,4.281280102750722,2335.75,0.0,9356,3429.0,36.650277896536984,6,58.833333333333336,2,0,55.0,34.0,49.0,77.0,69.0,69.0
421620,São Francisco do Sul,SC,Santa Catarina,SUL,56726,18,15,3.1731481155025913,3151.4444444444443,0.0,55784,17606.0,31.56102108131364,6,33.0,5,3,17.0,26.0,34.0,50.0,27.0,44.0
421650,São Joaquim,SC,Santa Catarina,SUL,26982,3,3,1.11185234600845,8994.0,3.0479741554249875,26852,7792.0,29.018322657530167,6,39.666666666666664,4,2,27.0,17.0,40.0,54.0,32.0,68.0
421660,São José,SC,Santa Catarina,SUL,295658,28,28,0.9470401612674103,10559.214285714286,38.271289854148726,289949,70846.0,24.433952177796787,6,45.0,3,1,31.0,17.0,52.0,58.0,48.0,64.0
421670,São José do Cedro,SC,Santa Catarina,SUL,14538,5,4,3.439262622093823,2907.6,0.0,14491,4710.0,32.50293285487544,6,48.666666666666664,5,0,41.0,39.0,33.0,42.0,46.0,91.0
421680,São José do Cerrito,SC,Santa Catarina,SUL,8706,2,2,2.297266253158741,4353.0,0.0,8755,5022.0,57.361507709880065,6,53.166666666666664,2,2,19.0,10.0,52.0,90.0,52.0,96.0
421630,São João Batista,SC,Santa Catarina,SUL,35336,13,13,3.6789676250848995,2718.153846153846,0.0,34733,9250.0,26.63173350991852,6,54.0,2,2,24.0,24.0,62.0,67.0,57.0,90.0
421635,São João do Itaperiú,SC,Santa Catarina,SUL,4827,4,4,8.286720530350115,1206.75,0.0,4732,1698.0,35.883347421808956,6,56.666666666666664,2,1,41.0,21.0,67.0,76.0,67.0,68.0
421625,São João do Oeste,SC,Santa Catarina,SUL,6467,2,2,3.0926240915416727,3233.5,0.0,6446,1828.0,28.358672044678872,6,67.66666666666667,3,0,37.0,40.0,48.0,100.0,89.0,92.0
421640,São João do Sul,SC,Santa Catarina,SUL,9278,3,3,3.2334554860961413,3092.6666666666665,0.0,9126,3351.0,36.719263642340565,6,58.666666666666664,2,1,51.0,22.0,75.0,39.0,68.0,97.0
421690,São Lourenço do Oeste,SC,Santa Catarina,SUL,26056,7,6,2.6865213386552043,3722.285714285714,0.0,25770,7540.0,29.258828094683743,6,51.833333333333336,3,0,40.0,33.0,60.0,58.0,48.0,72.0
421700,São Ludgero,SC,Santa Catarina,SUL,14444,6,6,4.153973968429797,2407.3333333333335,0.0,14211,3592.0,25.276194497220462,6,64.83333333333333,2,0,32.0,38.0,77.0,79.0,70.0,93.0
421710,São Martinho,SC,Santa Catarina,SUL,3520,2,2,5.681818181818182,1760.0,0.0,3501,1309.0,37.38931733790346,6,51.833333333333336,3,1,38.0,12.0,45.0,73.0,55.0,88.0
421715,São Miguel da Boa Vista,SC,Santa Catarina,SUL,1777,1,1,5.627462014631401,1777.0,0.0,1788,732.0,40.939597315436245,6,75.66666666666667,1,0,53.0,41.0,100.0,100.0,60.0,100.0
421720,São Miguel do Oeste,SC,Santa Catarina,SUL,47724,18,18,3.7716872014080964,2651.3333333333335,0.0,46969,11963.0,25.469990845025443,6,49.166666666666664,3,2,20.0,17.0,54.0,66.0,48.0,90.0
421725,São Pedro de Alcântara,SC,Santa Catarina,SUL,6175,3,3,4.858299595141701,2058.3333333333335,0.0,6076,1643.0,27.040816326530614,6,56.5,2,1,38.0,16.0,73.0,73.0,53.0,86.0
421780,Taió,SC,Santa Catarina,SUL,18909,10,10,5.288486963879634,1890.9,0.0,18808,5528.0,29.391748192258614,6,63.333333333333336,2,2,26.0,27.0,85.0,84.0,76.0,82.0
421790,Tangará,SC,Santa Catarina,SUL,8144,3,3,3.6836935166994107,2714.6666666666665,0.0,8189,2823.0,34.473073635364514,6,75.0,1,0,46.0,62.0,85.0,85.0,75.0,97.0
421795,Tigrinhos,SC,Santa Catarina,SUL,2535,1,1,3.944773175542406,2535.0,0.0,2480,882.0,35.564516129032256,6,52.166666666666664,3,1,60.0,53.0,40.0,20.0,40.0,100.0
421800,Tijucas,SC,Santa Catarina,SUL,58695,9,9,1.533350370559673,6521.666666666667,4.156394746596606,56674,15786.0,27.85404241804002,6,57.666666666666664,2,2,29.0,14.0,80.0,87.0,64.0,72.0
421810,Timbé do Sul,SC,Santa Catarina,SUL,5503,3,3,5.451571869889151,1834.3333333333333,0.0,5495,1915.0,34.849863512283896,6,58.833333333333336,2,1,37.0,2.0,53.0,95.0,84.0,82.0
421820,Timbó,SC,Santa Catarina,SUL,49768,17,17,3.4158495418742967,2927.529411764706,0.0,48903,11381.0,23.272600862932745,6,68.83333333333333,2,1,41.0,20.0,87.0,98.0,68.0,99.0
421825,Timbó Grande,SC,Santa Catarina,SUL,7521,3,3,3.9888312724371757,2507.0,0.0,7503,3808.0,50.753032120485145,6,51.666666666666664,3,1,14.0,40.0,53.0,64.0,47.0,92.0
421835,Treviso,SC,Santa Catarina,SUL,3920,1,1,2.5510204081632657,3920.0,0.0,3895,1144.0,29.37098844672657,6,75.0,2,1,38.0,24.0,100.0,100.0,88.0,100.0
421850,Treze Tílias,SC,Santa Catarina,SUL,9531,2,1,2.098415696149407,4765.5,0.1363591162758711,9308,2400.0,25.784271594327464,6,49.666666666666664,3,3,27.0,4.0,23.0,90.0,63.0,91.0
421840,Treze de Maio,SC,Santa Catarina,SUL,7633,4,4,5.240403511070353,1908.25,0.0,7585,2492.0,32.85431773236651,6,73.33333333333333,2,0,40.0,40.0,88.0,96.0,84.0,92.0
421860,Trombudo Central,SC,Santa Catarina,SUL,7599,4,3,5.263850506645611,1899.75,0.0,7532,1866.0,24.774296335634627,6,52.333333333333336,3,1,33.0,17.0,43.0,57.0,76.0,88.0
421830,Três Barras,SC,Santa Catarina,SUL,20525,3,3,1.4616321559074301,6841.666666666667,1.6006474516380496,20373,6715.0,32.960290580670495,6,55.5,3,2,27.0,17.0,46.0,91.0,65.0,87.0
421870,Tubarão,SC,Santa Catarina,SUL,116725,37,36,3.1698436496037696,3154.7297297297296,0.0,115495,31218.0,27.029741547253128,6,42.833333333333336,4,2,24.0,20.0,42.0,55.0,41.0,75.0
421875,Tunápolis,SC,Santa Catarina,SUL,5081,2,2,3.93623302499508,2540.5,0.0,5054,1522.0,30.114760585674716,6,79.83333333333333,0,0,58.0,89.0,67.0,89.0,83.0,93.0
421880,Turvo,SC,Santa Catarina,SUL,13604,7,7,5.145545427815349,1943.4285714285713,0.0,13492,3945.0,29.239549362585237,6,69.5,2,0,46.0,48.0,73.0,88.0,69.0,93.0
421885,União do Oeste,SC,Santa Catarina,SUL,2791,1,1,3.582945180938731,2791.0,0.0,2801,1031.0,36.80828275615852,6,78.33333333333333,2,1,49.0,21.0,100.0,100.0,100.0,100.0
421890,Urubici,SC,Santa Catarina,SUL,11064,6,6,5.42299349240781,1844.0,0.0,11048,4548.0,41.16582186821144,6,60.833333333333336,2,2,27.0,19.0,56.0,92.0,75.0,96.0
421895,Urupema,SC,Santa Catarina,SUL,2751,1,1,3.635041802980734,2751.0,0.0,2735,1386.0,50.67641681901279,6,57.166666666666664,3,1,45.0,1.0,88.0,100.0,38.0,71.0
421900,Urussanga,SC,Santa Catarina,SUL,21464,10,9,4.658963846440551,2146.4,0.0,21395,6441.0,30.105164758121056,6,53.166666666666664,3,1,44.0,11.0,49.0,67.0,52.0,96.0
421915,Vargem,SC,Santa Catarina,SUL,2613,1,1,3.827018752391887,2613.0,0.0,2632,1229.0,46.69452887537994,6,63.666666666666664,2,1,36.0,29.0,75.0,75.0,67.0,100.0
421917,Vargem Bonita,SC,Santa Catarina,SUL,4597,1,1,2.1753317380900588,4597.0,0.03041054008185701,4615,1656.0,35.88299024918743,6,51.833333333333336,4,0,35.0,36.0,38.0,63.0,44.0,95.0
421910,Vargeão,SC,Santa Catarina,SUL,3726,1,1,2.6838432635534084,3726.0,0.0,3716,1335.0,35.92572658772874,6,72.83333333333333,1,1,60.0,9.0,90.0,100.0,100.0,78.0
421920,Vidal Ramos,SC,Santa Catarina,SUL,6266,2,2,3.191828917969997,3133.0,0.0,6275,1896.0,30.215139442231077,6,55.333333333333336,2,1,44.0,14.0,57.0,65.0,57.0,95.0
421930,Videira,SC,Santa Catarina,SUL,59074,22,22,3.724142600805769,2685.181818181818,0.0,58299,13983.0,23.984974013276386,6,60.833333333333336,2,1,35.0,27.0,56.0,96.0,65.0,86.0
421935,Vitor Meireles,SC,Santa Catarina,SUL,5507,2,2,3.631741420010895,2753.5,0.0,5492,1683.0,30.644573925710123,6,66.83333333333333,1,0,43.0,56.0,74.0,91.0,65.0,72.0
421940,Witmarsum,SC,Santa Catarina,SUL,4513,1,1,2.215820961666297,4513.0,0.01158206817259542,4451,1293.0,29.04965176364862,6,80.83333333333333,0,0,63.0,63.0,80.0,100.0,84.0,95.0
421950,Xanxerê,SC,Santa Catarina,SUL,54891,16,16,2.914867646790913,3430.6875,0.0,54194,13857.0,25.56925120862088,6,55.166666666666664,2,2,29.0,18.0,58.0,89.0,65.0,72.0
421960,Xavantina,SC,Santa Catarina,SUL,3583,2,1,5.581914596706671,1791.5,0.0,3627,1264.0,34.84973807554453,6,44.166666666666664,4,3,26.0,1.0,28.0,78.0,44.0,88.0
421970,Xaxim,SC,Santa Catarina,SUL,34485,12,10,3.4797738147020447,2873.75,0.0,33902,9688.0,28.576485163117223,6,64.83333333333333,2,1,31.0,20.0,86.0,93.0,68.0,91.0
421985,Zortéa,SC,Santa Catarina,SUL,4257,1,1,2.349072116513977,4257.0,0.0,4170,1439.0,34.5083932853717,6,63.333333333333336,2,2,24.0,17.0,72.0,100.0,67.0,100.0
420040,Água Doce,SC,Santa Catarina,SUL,6587,5,5,7.590708972218005,1317.4,0.0,6625,2391.0,36.09056603773585,6,46.0,3,1,35.0,13.0,55.0,58.0,39.0,76.0
420055,Águas Frias,SC,Santa Catarina,SUL,3000,1,1,3.333333333333333,3000.0,0.0,2963,1029.0,34.7283158960513,6,41.166666666666664,4,4,58.0,26.0,25.0,13.0,25.0,100.0
420060,Águas Mornas,SC,Santa Catarina,SUL,7193,2,2,2.7804810232170167,3596.5,0.0,7082,2207.0,31.163513131883647,6,64.33333333333333,1,1,52.0,27.0,78.0,70.0,63.0,96.0
420050,Águas de Chapecó,SC,Santa Catarina,SUL,6123,3,3,4.899559039686428,2041.0,0.0,6128,2611.0,42.607702349869456,6,64.83333333333333,2,1,38.0,24.0,72.0,88.0,76.0,91.0
280010,Amparo do São Francisco,SE,Sergipe,NORDESTE,2202,1,1,4.541326067211625,2202.0,0.0,2206,1413.0,64.05258386219401,6,51.333333333333336,3,2,30.0,28.0,25.0,75.0,50.0,100.0
280020,Aquidabã,SE,Sergipe,NORDESTE,20556,8,8,3.891807744697412,2569.5,0.0,20542,12218.0,59.47814234251777,6,59.0,2,1,39.0,12.0,71.0,86.0,58.0,88.0
280030,Aracaju,SE,Sergipe,NORDESTE,630932,47,47,0.7449297230129395,13424.08510638298,94.42244569826543,628849,257601.0,40.9638879921889,6,37.833333333333336,4,2,21.0,26.0,40.0,54.0,33.0,53.0
280040,Arauá,SE,Sergipe,NORDESTE,10464,5,5,4.7782874617737,2092.8,0.0,10483,7364.0,70.24706667938567,6,67.33333333333333,2,1,41.0,10.0,86.0,94.0,73.0,100.0
280050,Areia Branca,SE,Sergipe,NORDESTE,18626,9,9,4.831955331257382,2069.5555555555557,0.0,18560,10508.0,56.616379310344826,6,56.166666666666664,2,1,45.0,5.0,63.0,90.0,54.0,80.0
280060,Barra dos Coqueiros,SE,Sergipe,NORDESTE,45175,14,12,3.099059214167128,3226.785714285714,0.0,44384,17204.0,38.76171593366979,6,53.333333333333336,3,1,23.0,43.0,58.0,72.0,46.0,78.0
280067,Boquim,SE,Sergipe,NORDESTE,25007,14,14,5.5984324389171025,1786.2142857142858,0.0,25038,15837.0,63.25185717709082,6,50.5,2,1,61.0,5.0,52.0,73.0,37.0,75.0
280070,Brejo Grande,SE,Sergipe,NORDESTE,8025,2,2,2.4922118380062304,4012.5,0.0,8016,5190.0,64.74550898203593,6,46.5,3,3,26.0,7.0,60.0,76.0,29.0,81.0
280100,Campo do Brito,SE,Sergipe,NORDESTE,18719,6,6,3.2052994283882685,3119.8333333333335,0.0,18646,11016.0,59.079695377024564,6,61.666666666666664,2,1,30.0,16.0,78.0,93.0,74.0,79.0
280110,Canhoba,SE,Sergipe,NORDESTE,3850,4,3,10.38961038961039,962.5,0.0,3855,3124.0,81.03761348897535,6,47.333333333333336,4,2,22.0,22.0,47.0,79.0,32.0,82.0
280120,Canindé de São Francisco,SE,Sergipe,NORDESTE,33641,10,9,2.9725632412829586,3364.1,0.0,33491,19716.0,58.869547042489025,6,64.83333333333333,2,1,34.0,19.0,74.0,100.0,78.0,84.0
280130,Capela,SE,Sergipe,NORDESTE,32783,4,4,1.2201445871335752,8195.75,3.3482594595395954,32716,19130.0,58.47291844968823,6,61.5,1,1,66.0,28.0,62.0,75.0,65.0,73.0
280140,Carira,SE,Sergipe,NORDESTE,20314,4,4,1.9690853598503495,5078.5,0.5533521233897855,20315,13527.0,66.58626630568546,6,57.666666666666664,2,0,37.0,52.0,68.0,79.0,34.0,76.0
280150,Carmópolis,SE,Sergipe,NORDESTE,14203,7,6,4.9285362247412525,2029.0,0.0,14179,8130.0,57.33831722970591,6,48.833333333333336,3,2,25.0,22.0,38.0,72.0,51.0,85.0
280160,Cedro de São João,SE,Sergipe,NORDESTE,5474,3,3,5.480453050785532,1824.6666666666667,0.0,5482,3514.0,64.10069317767238,6,59.333333333333336,1,1,69.0,17.0,60.0,75.0,65.0,70.0
280170,Cristinápolis,SE,Sergipe,NORDESTE,17594,1,1,0.5683755825849721,17594.0,2.943668271089883,17539,11756.0,67.02776669137351,6,46.833333333333336,2,2,19.0,10.0,65.0,66.0,51.0,70.0
280190,Cumbe,SE,Sergipe,NORDESTE,3872,2,2,5.1652892561983474,1936.0,0.0,3906,2586.0,66.20583717357911,6,70.0,2,1,39.0,17.0,91.0,91.0,91.0,91.0
280200,Divina Pastora,SE,Sergipe,NORDESTE,4436,3,3,6.762849413886385,1478.6666666666667,0.0,4433,2787.0,62.869388675840284,6,55.333333333333336,2,2,58.0,3.0,71.0,82.0,29.0,89.0
280210,Estância,SE,Sergipe,NORDESTE,67060,17,17,2.5350432448553533,3944.705882352941,0.0,66978,34978.0,52.223118038759,6,42.333333333333336,3,2,20.0,8.0,56.0,63.0,38.0,69.0
280220,Feira Nova,SE,Sergipe,NORDESTE,6358,2,2,3.145643284051588,3179.0,0.0,6207,4151.0,66.87610762042854,6,53.5,2,2,19.0,12.0,59.0,76.0,55.0,100.0
280230,Frei Paulo,SE,Sergipe,NORDESTE,14921,8,8,5.361570940285503,1865.125,0.0,14884,8076.0,54.2596076323569,6,60.0,2,0,47.0,41.0,61.0,66.0,50.0,95.0
280240,Gararu,SE,Sergipe,NORDESTE,11294,7,5,6.197981228971136,1613.4285714285713,0.0,11301,7926.0,70.13538624900451,6,58.166666666666664,2,1,44.0,17.0,68.0,61.0,59.0,100.0
280250,General Maynard,SE,Sergipe,NORDESTE,3118,2,2,6.414368184733803,1559.0,0.0,3111,1928.0,61.97364191578271,6,80.83333333333333,1,1,57.0,28.0,100.0,100.0,100.0,100.0
280260,Gracho Cardoso,SE,Sergipe,NORDESTE,5910,2,2,3.3840947546531304,2955.0,0.0,5979,4097.0,68.523164408764,6,44.833333333333336,3,3,17.0,8.0,61.0,67.0,28.0,88.0
280270,Ilha das Flores,SE,Sergipe,NORDESTE,8499,3,3,3.5298270384751147,2833.0,0.0,8495,5743.0,67.6044732195409,6,60.333333333333336,2,1,34.0,19.0,58.0,85.0,73.0,93.0
280280,Indiaroba,SE,Sergipe,NORDESTE,16991,6,6,3.531281266552881,2831.8333333333335,0.0,16949,10718.0,63.23676913092218,6,45.833333333333336,4,2,27.0,13.0,72.0,82.0,43.0,38.0
280290,Itabaiana,SE,Sergipe,NORDESTE,109250,24,23,2.196796338672769,4552.083333333333,0.48822090579570976,108408,51489.0,47.49557228248838,6,51.666666666666664,2,2,17.0,5.0,56.0,82.0,56.0,94.0
280300,Itabaianinha,SE,Sergipe,NORDESTE,42230,15,14,3.5519772673454892,2815.3333333333335,0.0,42114,29857.0,70.89566414968894,6,61.5,2,1,31.0,19.0,69.0,89.0,63.0,98.0
280310,Itabi,SE,Sergipe,NORDESTE,4816,0,0,0.0,0.0,1.0794990561310036,4823,3284.0,68.09040016587187,6,72.33333333333333,2,0,31.0,45.0,92.0,100.0,77.0,89.0
280320,Itaporanga d'Ajuda,SE,Sergipe,NORDESTE,36074,15,15,4.1581194211897765,2404.9333333333334,0.0,35863,22162.0,61.796280288877114,6,68.66666666666667,2,0,42.0,32.0,83.0,92.0,66.0,97.0
280330,Japaratuba,SE,Sergipe,NORDESTE,16451,9,9,5.4707920491155555,1827.888888888889,0.0,16472,9311.0,56.52622632345798,6,59.5,1,1,71.0,14.0,72.0,78.0,54.0,68.0
280340,Japoatã,SE,Sergipe,NORDESTE,13723,12,12,8.744443634773738,1143.5833333333333,0.0,13707,9172.0,66.91471510906835,6,60.166666666666664,2,1,46.0,18.0,84.0,84.0,55.0,74.0
280350,Lagarto,SE,Sergipe,NORDESTE,105957,28,22,2.6425814245401438,3784.1785714285716,0.0,105558,63621.0,60.27113056329222,6,47.333333333333336,2,1,51.0,13.0,43.0,66.0,52.0,59.0
280360,Laranjeiras,SE,Sergipe,NORDESTE,24047,9,9,3.7426706034016717,2671.8888888888887,0.0,24170,12717.0,52.61481175010343,6,59.666666666666664,2,1,34.0,15.0,69.0,82.0,64.0,94.0
280370,Macambira,SE,Sergipe,NORDESTE,7048,3,3,4.256526674233825,2349.3333333333335,0.0,7024,4674.0,66.54328018223235,6,51.166666666666664,4,2,36.0,18.0,17.0,100.0,46.0,90.0
280380,Malhada dos Bois,SE,Sergipe,NORDESTE,3674,2,2,5.443658138268917,1837.0,0.0,3666,2551.0,69.58537915984725,6,55.166666666666664,2,1,26.0,33.0,60.0,67.0,53.0,92.0
280390,Malhador,SE,Sergipe,NORDESTE,11712,3,3,2.5614754098360657,3904.0,0.0,11728,8344.0,71.14597544338336,6,60.333333333333336,1,1,59.0,13.0,66.0,71.0,57.0,96.0
280400,Maruim,SE,Sergipe,NORDESTE,15956,6,6,3.7603409375783405,2659.3333333333335,0.0,15975,8460.0,52.95774647887323,6,58.333333333333336,2,2,20.0,20.0,69.0,93.0,64.0,84.0
280410,Moita Bonita,SE,Sergipe,NORDESTE,11297,3,3,2.6555722758254405,3765.6666666666665,0.0,11288,7732.0,68.4975194897236,6,57.0,3,1,41.0,9.0,68.0,79.0,45.0,100.0
280420,Monte Alegre de Sergipe,SE,Sergipe,NORDESTE,14781,5,5,3.382721060821325,2956.2,0.0,14732,10759.0,73.03149606299213,6,66.16666666666667,2,1,16.0,40.0,90.0,89.0,74.0,88.0
280430,Muribeca,SE,Sergipe,NORDESTE,8059,7,7,8.6859411837697,1151.2857142857142,0.0,8033,5095.0,63.42586829329018,6,52.666666666666664,2,2,23.0,14.0,60.0,83.0,73.0,63.0
280440,Neópolis,SE,Sergipe,NORDESTE,16473,9,8,5.4634857038790745,1830.3333333333333,0.0,16558,9613.0,58.05652856625196,6,31.666666666666668,5,3,15.0,9.0,21.0,46.0,31.0,68.0
280445,Nossa Senhora Aparecida,SE,Sergipe,NORDESTE,9534,4,4,4.195510803440318,2383.5,0.0,9496,6233.0,65.63816343723673,6,55.666666666666664,2,2,14.0,8.0,71.0,89.0,54.0,98.0
280450,Nossa Senhora da Glória,SE,Sergipe,NORDESTE,43686,16,10,3.6625005722657145,2730.375,0.0,43255,24991.0,57.77597965553115,6,54.833333333333336,2,2,15.0,16.0,62.0,80.0,59.0,97.0
280460,Nossa Senhora das Dores,SE,Sergipe,NORDESTE,25569,10,10,3.910985959560405,2556.9,0.0,25537,16113.0,63.09668324392058,6,60.833333333333336,2,1,31.0,8.0,79.0,89.0,64.0,94.0
280470,Nossa Senhora de Lourdes,SE,Sergipe,NORDESTE,6409,3,2,4.680917459822125,2136.3333333333335,0.0,6404,4793.0,74.84384759525297,6,62.5,2,1,29.0,31.0,73.0,95.0,55.0,92.0
280480,Nossa Senhora do Socorro,SE,Sergipe,NORDESTE,204081,43,30,2.107006531720248,4746.069767441861,2.744444948976614,202450,93469.0,46.16893060014819,6,55.166666666666664,2,2,17.0,19.0,64.0,88.0,53.0,90.0
280490,Pacatuba,SE,Sergipe,NORDESTE,12690,7,7,5.516154452324665,1812.857142857143,0.0,12709,8997.0,70.79235187662286,6,57.166666666666664,2,1,52.0,16.0,64.0,66.0,47.0,98.0
280500,Pedra Mole,SE,Sergipe,NORDESTE,2811,4,4,14.22981145499822,702.75,0.0,2818,2076.0,73.66926898509581,6,69.16666666666667,1,0,42.0,58.0,78.0,78.0,67.0,92.0
280510,Pedrinhas,SE,Sergipe,NORDESTE,7355,4,3,5.438477226376615,1838.75,0.0,7416,6115.0,82.45685005393743,6,76.83333333333333,1,0,42.0,51.0,100.0,94.0,74.0,100.0
280520,Pinhão,SE,Sergipe,NORDESTE,5759,3,3,5.209237714881056,1919.6666666666667,0.0,5769,4226.0,73.2535968105391,6,61.166666666666664,2,1,38.0,28.0,81.0,76.0,67.0,77.0
280530,Pirambu,SE,Sergipe,NORDESTE,8021,3,3,3.7401820221917466,2673.6666666666665,0.0,8037,4969.0,61.82655219609307,6,71.0,1,0,39.0,65.0,83.0,97.0,81.0,61.0
280560,Porto da Folha,SE,Sergipe,NORDESTE,27348,2,2,0.7313149041977475,13674.0,4.130012497315342,27350,19229.0,70.3071297989031,6,46.666666666666664,3,2,15.0,8.0,49.0,67.0,51.0,90.0
280540,Poço Redondo,SE,Sergipe,NORDESTE,29238,11,11,3.762227238525207,2658.0,0.0,29117,21111.0,72.50403544321186,6,59.666666666666664,2,2,23.0,15.0,66.0,87.0,73.0,94.0
280550,Poço Verde,SE,Sergipe,NORDESTE,22217,8,6,3.6008461988567313,2777.125,0.0,22214,15665.0,70.51859187899522,6,47.666666666666664,4,1,34.0,25.0,48.0,65.0,49.0,65.0
280570,Propriá,SE,Sergipe,NORDESTE,27213,9,8,3.3072428618674894,3023.6666666666665,0.0,27273,14770.0,54.15612510541561,6,38.5,5,1,44.0,13.0,45.0,45.0,33.0,51.0
280590,Riachuelo,SE,Sergipe,NORDESTE,8853,6,6,6.777363605557438,1475.5,0.0,8875,4774.0,53.791549295774644,6,55.833333333333336,2,0,41.0,35.0,71.0,76.0,52.0,60.0
280580,Riachão do Dantas,SE,Sergipe,NORDESTE,18541,5,5,2.6967261744242492,3708.2,0.0,18579,13258.0,71.36013778997793,6,49.833333333333336,3,1,30.0,10.0,68.0,73.0,47.0,71.0
280600,Ribeirópolis,SE,Sergipe,NORDESTE,17365,1,1,0.5758710048949035,17365.0,2.8923382702896343,17362,10769.0,62.02626425527013,6,58.666666666666664,2,2,26.0,12.0,70.0,95.0,75.0,74.0
280610,Rosário do Catete,SE,Sergipe,NORDESTE,9507,4,4,4.2074261070789944,2376.75,0.0,9499,5260.0,55.37424992104432,6,59.833333333333336,2,1,29.0,30.0,76.0,80.0,55.0,89.0
280620,Salgado,SE,Sergipe,NORDESTE,20825,11,10,5.282112845138055,1893.1818181818182,0.0,20772,12710.0,61.188137877912574,6,49.333333333333336,3,2,20.0,11.0,41.0,90.0,59.0,75.0
280630,Santa Luzia do Itanhy,SE,Sergipe,NORDESTE,14003,8,8,5.713061486824252,1750.375,0.0,13965,9436.0,67.56892230576442,6,48.5,4,2,23.0,19.0,47.0,69.0,42.0,91.0
280650,Santa Rosa de Lima,SE,Sergipe,NORDESTE,4049,2,2,4.939491232403062,2024.5,0.0,4038,2287.0,56.63694898464586,6,29.833333333333332,5,3,20.0,7.0,46.0,38.0,8.0,60.0
280640,Santana do São Francisco,SE,Sergipe,NORDESTE,7549,5,5,6.623393826996954,1509.8,0.0,7530,5281.0,70.13280212483399,6,64.16666666666667,2,0,55.0,33.0,70.0,80.0,47.0,100.0
280660,Santo Amaro das Brotas,SE,Sergipe,NORDESTE,11289,1,1,0.8858180529719195,11289.0,1.5304121355197051,11297,7255.0,64.22058953704524,6,59.833333333333336,2,1,40.0,19.0,65.0,88.0,61.0,86.0
280710,Simão Dias,SE,Sergipe,NORDESTE,44503,20,16,4.494079050850504,2225.15,0.0,44285,29927.0,67.5781867449475,6,63.333333333333336,1,0,38.0,53.0,59.0,74.0,59.0,97.0
280720,Siriri,SE,Sergipe,NORDESTE,7981,3,3,3.758927452700163,2660.3333333333335,0.0,7984,4567.0,57.20190380761523,6,61.333333333333336,2,1,31.0,18.0,75.0,97.0,59.0,88.0
280670,São Cristóvão,SE,Sergipe,NORDESTE,101213,22,22,2.1736338217422664,4600.590909090909,0.6867396113345642,100360,42278.0,42.12634515743324,6,61.5,2,2,26.0,19.0,80.0,95.0,63.0,86.0
280680,São Domingos,SE,Sergipe,NORDESTE,10559,2,2,1.8941187612463302,5279.5,0.3667837486892165,10550,6403.0,60.69194312796209,6,58.833333333333336,3,1,39.0,12.0,81.0,98.0,75.0,48.0
280690,São Francisco,SE,Sergipe,NORDESTE,3330,2,2,6.006006006006006,1665.0,0.0,3323,2226.0,66.98766175142943,6,68.66666666666667,2,1,31.0,21.0,90.0,100.0,70.0,100.0
280700,São Miguel do Aleixo,SE,Sergipe,NORDESTE,3471,2,2,5.762028233938346,1735.5,0.0,3481,2308.0,66.30278655558747,6,63.166666666666664,2,1,43.0,14.0,92.0,92.0,69.0,69.0
280730,Telha,SE,Sergipe,NORDESTE,3389,2,2,5.901445854234288,1694.5,0.0,3373,2170.0,64.33442039727247,6,58.0,3,1,30.0,24.0,71.0,76.0,47.0,100.0
280740,Tobias Barreto,SE,Sergipe,NORDESTE,52783,18,16,3.4101888865733283,2932.3888888888887,0.0,52613,33810.0,64.26168437458422,6,59.166666666666664,2,0,44.0,43.0,66.0,75.0,59.0,68.0
280750,Tomar do Geru,SE,Sergipe,NORDESTE,12094,4,4,3.30742516950554,3023.5,0.0,12145,8865.0,72.99300123507616,6,59.666666666666664,2,1,45.0,29.0,69.0,67.0,56.0,92.0
280760,Umbaúba,SE,Sergipe,NORDESTE,24618,6,6,2.4372410431391667,4103.0,0.0,24538,14456.0,58.91270682207189,6,51.833333333333336,2,2,20.0,13.0,63.0,84.0,58.0,73.0
350010,Adamantina,SP,São Paulo,SUDESTE,35673,9,9,2.5229164914641324,3963.6666666666665,0.0,35642,11354.0,31.855675887997307,6,47.166666666666664,4,2,22.0,25.0,48.0,56.0,40.0,92.0
350020,Adolfo,SP,São Paulo,SUDESTE,4505,1,1,2.219755826859046,4505.0,0.009788880371713122,4478,2090.0,46.672621706118804,6,73.66666666666667,1,0,42.0,63.0,73.0,82.0,82.0,100.0
350030,Aguaí,SP,São Paulo,SUDESTE,32886,7,7,2.1285653469561514,4698.0,0.37134675247595217,32888,11886.0,36.14084164436876,6,36.5,5,3,30.0,8.0,19.0,45.0,22.0,95.0
350070,Agudos,SP,São Paulo,SUDESTE,38988,8,8,2.0519134092541296,4873.5,0.739100747598747,38879,11297.0,29.056817304971837,6,39.5,4,1,19.0,30.0,33.0,55.0,44.0,56.0
350075,Alambari,SP,São Paulo,SUDESTE,6373,2,2,3.1382394476698576,3186.5,0.0,6330,1787.0,28.230647709320696,6,48.333333333333336,4,2,27.0,1.0,42.0,87.0,39.0,94.0
350080,Alfredo Marcondes,SP,São Paulo,SUDESTE,4574,2,2,4.3725404459991255,2287.0,0.0,4556,2172.0,47.67339771729587,6,55.666666666666664,3,0,33.0,48.0,60.0,73.0,47.0,73.0
350090,Altair,SP,São Paulo,SUDESTE,3467,3,3,8.653014133256418,1155.6666666666667,0.0,3479,1449.0,41.649899396378274,6,66.66666666666667,1,0,55.0,65.0,70.0,40.0,70.0,100.0
350100,Altinópolis,SP,São Paulo,SUDESTE,17197,9,9,5.2334709542362035,1910.7777777777778,0.0,17156,7343.0,42.801352296572624,6,62.333333333333336,2,1,26.0,30.0,67.0,96.0,73.0,82.0
350110,Alto Alegre,SP,São Paulo,SUDESTE,3874,3,3,7.743933918430562,1291.3333333333333,0.0,3883,1872.0,48.2101467937162,6,52.166666666666664,3,2,15.0,18.0,89.0,67.0,33.0,91.0
350115,Alumínio,SP,São Paulo,SUDESTE,17607,3,3,1.703867779860283,5869.0,0.9465822012663161,17591,3414.0,19.407651640043202,6,26.5,5,4,8.0,25.0,0.0,32.0,0.0,94.0
350150,Alvinlândia,SP,São Paulo,SUDESTE,2919,1,1,3.4258307639602603,2919.0,0.0,2923,1225.0,41.908997605200135,6,36.666666666666664,5,2,42.0,10.0,38.0,38.0,0.0,92.0
350160,Americana,SP,São Paulo,SUDESTE,247571,26,23,1.0502037799257586,9521.961538461539,29.49266213152174,246655,48796.0,19.783097849222596,6,56.333333333333336,2,1,30.0,25.0,72.0,67.0,52.0,92.0
350190,Amparo,SP,São Paulo,SUDESTE,69792,19,19,2.722375057313159,3673.2631578947367,0.0,69717,22587.0,32.398123843538876,6,30.5,5,3,17.0,13.0,30.0,35.0,29.0,59.0
350170,Américo Brasiliense,SP,São Paulo,SUDESTE,33708,7,6,2.0766583600332265,4815.428571428572,0.5555967990165842,33757,5566.0,16.488432028912523,6,44.833333333333336,4,2,21.0,9.0,41.0,60.0,42.0,96.0
350180,Américo de Campos,SP,São Paulo,SUDESTE,5981,3,3,5.015883631499749,1993.6666666666667,0.0,5975,2651.0,44.36820083682008,6,72.16666666666667,2,0,40.0,38.0,94.0,83.0,78.0,100.0
350200,Analândia,SP,São Paulo,SUDESTE,4694,2,2,4.260758414997869,2347.0,0.0,4684,903.0,19.278394534585825,6,64.66666666666667,2,0,37.0,34.0,50.0,100.0,79.0,88.0
350210,Andradina,SP,São Paulo,SUDESTE,61625,9,9,1.460446247464503,6847.222222222223,4.813149778669663,61473,20911.0,34.01656011582321,6,53.166666666666664,2,1,36.0,25.0,58.0,66.0,56.0,78.0
350220,Angatuba,SP,São Paulo,SUDESTE,24573,6,2,2.4417043096081064,4095.5,0.0,24512,8708.0,35.52545691906005,6,56.166666666666664,2,0,31.0,37.0,51.0,65.0,57.0,96.0
350230,Anhembi,SP,São Paulo,SUDESTE,5766,4,4,6.93721817551162,1441.5,0.0,5766,2838.0,49.21956295525494,6,50.166666666666664,3,2,29.0,21.0,42.0,71.0,63.0,75.0
350240,Anhumas,SP,São Paulo,SUDESTE,4118,2,2,4.856726566294317,2059.0,0.0,4108,1604.0,39.04576436222006,6,46.333333333333336,5,1,41.0,11.0,44.0,44.0,38.0,100.0
350250,Aparecida,SP,São Paulo,SUDESTE,33141,11,11,3.3191515041791138,3012.818181818182,0.0,33223,11616.0,34.96372994612166,6,46.666666666666664,3,2,23.0,24.0,64.0,66.0,41.0,62.0
350260,Aparecida d'Oeste,SP,São Paulo,SUDESTE,4112,2,2,4.863813229571985,2056.0,0.0,4124,2153.0,52.206595538312314,6,59.0,2,1,31.0,22.0,78.0,56.0,67.0,100.0
350270,Apiaí,SP,São Paulo,SUDESTE,24857,9,9,3.6207104638532406,2761.8888888888887,0.0,24886,11475.0,46.11026279836052,6,68.16666666666667,1,0,46.0,55.0,69.0,78.0,62.0,99.0
350300,Aramina,SP,São Paulo,SUDESTE,5535,5,5,9.033423667570009,1107.0,0.0,5526,2473.0,44.75208107129931,6,76.16666666666667,0,0,50.0,85.0,77.0,77.0,68.0,100.0
350310,Arandu,SP,São Paulo,SUDESTE,7076,1,1,1.4132278123233464,7076.0,0.5860746098801872,7050,2785.0,39.50354609929078,6,31.666666666666668,4,4,7.0,5.0,68.0,14.0,5.0,91.0
350315,Arapeí,SP,São Paulo,SUDESTE,2355,2,2,8.492569002123142,1177.5,0.0,2355,1383.0,58.72611464968153,6,76.83333333333333,2,0,49.0,42.0,100.0,100.0,70.0,100.0
350320,Araraquara,SP,São Paulo,SUDESTE,253474,45,43,1.7753300141237365,5632.7555555555555,11.815810580097592,252318,67094.0,26.591047804754318,6,37.0,5,3,22.0,21.0,40.0,49.0,26.0,64.0
350330,Araras,SP,São Paulo,SUDESTE,135744,25,24,1.8417020273455917,5429.76,5.426810605366891,135331,35753.0,26.418928405169545,6,43.166666666666664,4,2,27.0,18.0,34.0,61.0,41.0,78.0
350275,Araçariguama,SP,São Paulo,SUDESTE,22314,4,3,1.7925965761405396,5578.5,1.0016490736103019,22168,7030.0,31.712378202814868,6,42.0,4,1,30.0,2.0,32.0,77.0,49.0,62.0
350280,Araçatuba,SP,São Paulo,SUDESTE,208415,21,21,1.0076050188326175,9924.52380952381,25.715904440104467,207775,61315.0,29.510287570689446,6,45.666666666666664,3,2,27.0,21.0,56.0,60.0,48.0,62.0
350290,Araçoiaba da Serra,SP,São Paulo,SUDESTE,33832,9,9,2.6602033577677937,3759.1111111111113,0.0,33656,12432.0,36.938435940099836,6,54.833333333333336,3,2,25.0,24.0,42.0,77.0,66.0,95.0
350335,Arco-Íris,SP,São Paulo,SUDESTE,2089,1,1,4.786979415988511,2089.0,0.0,2085,1027.0,49.256594724220626,6,60.5,1,0,40.0,73.0,50.0,50.0,50.0,100.0
350340,Arealva,SP,São Paulo,SUDESTE,8290,4,4,4.8250904704463204,2072.5,0.0,8280,3952.0,47.729468599033815,6,68.16666666666667,2,1,28.0,35.0,92.0,85.0,69.0,100.0
350350,Areias,SP,São Paulo,SUDESTE,3617,1,1,2.764722145424385,3617.0,0.0,3625,1849.0,51.00689655172413,6,52.333333333333336,3,2,24.0,11.0,71.0,71.0,43.0,94.0
350360,Areiópolis,SP,São Paulo,SUDESTE,10242,3,3,2.9291154071470418,3414.0,0.0,10257,3481.0,33.93779857658185,6,49.5,2,2,20.0,7.0,63.0,66.0,50.0,91.0
350370,Ariranha,SP,São Paulo,SUDESTE,7621,3,3,3.936491274111009,2540.3333333333335,0.0,7653,2531.0,33.07199790931661,6,25.333333333333332,5,5,26.0,12.0,0.0,29.0,14.0,71.0
350380,Artur Nogueira,SP,São Paulo,SUDESTE,53467,18,18,3.36656255260254,2970.3888888888887,0.0,53157,13090.0,24.625166958255733,6,34.0,5,4,17.0,9.0,26.0,28.0,35.0,89.0
350390,Arujá,SP,São Paulo,SUDESTE,90273,8,8,0.8862007466241291,11284.125,12.23455529362834,89943,30794.0,34.237239140344435,6,45.333333333333336,3,1,32.0,21.0,44.0,62.0,54.0,59.0
350395,Aspásia,SP,São Paulo,SUDESTE,1875,1,1,5.333333333333334,1875.0,0.0,1873,994.0,53.06994127068874,6,47.0,3,1,42.0,7.0,50.0,50.0,33.0,100.0
350400,Assis,SP,São Paulo,SUDESTE,104858,24,23,2.2888096282591697,4369.083333333333,0.0,104642,28574.0,27.306435274555152,6,48.333333333333336,3,2,21.0,19.0,47.0,63.0,52.0,88.0
350410,Atibaia,SP,São Paulo,SUDESTE,167161,19,19,1.1366287591005078,8797.947368421053,18.468883247905875,166043,46328.0,27.90120631402709,6,46.166666666666664,4,2,27.0,25.0,43.0,62.0,44.0,76.0
350420,Auriflama,SP,São Paulo,SUDESTE,13856,6,6,4.330254041570439,2309.3333333333335,0.0,13873,4622.0,33.31651409212139,6,43.666666666666664,4,2,22.0,16.0,48.0,64.0,39.0,73.0
350440,Avanhandava,SP,São Paulo,SUDESTE,11436,6,5,5.246589716684156,1906.0,0.0,11438,4977.0,43.512851897184824,6,68.83333333333333,2,1,47.0,29.0,92.0,72.0,78.0,95.0
350450,Avaré,SP,São Paulo,SUDESTE,96450,23,23,2.384655261793675,4193.478260869565,0.0,96098,22812.0,23.738267185581385,6,54.333333333333336,3,3,21.0,17.0,23.0,97.0,73.0,95.0
350430,Avaí,SP,São Paulo,SUDESTE,4503,3,3,6.662225183211192,1501.0,0.0,4519,2562.0,56.69395884045143,6,69.66666666666667,1,1,20.0,53.0,91.0,95.0,59.0,100.0
350460,Bady Bassitt,SP,São Paulo,SUDESTE,29346,3,3,1.0222858311183807,9782.0,3.5778611505856373,28909,8749.0,30.263931647583796,6,71.16666666666667,2,1,25.0,35.0,100.0,95.0,76.0,96.0
350470,Balbinos,SP,São Paulo,SUDESTE,3969,4,4,10.078105316200554,992.25,0.0,3963,1148.0,28.967953570527378,6,55.166666666666664,3,2,27.0,4.0,33.0,100.0,67.0,100.0
350490,Bananal,SP,São Paulo,SUDESTE,10097,5,5,4.951965930474398,2019.4,0.0,10109,4682.0,46.31516470471857,6,53.333333333333336,3,2,29.0,15.0,41.0,79.0,59.0,97.0
350510,Barbosa,SP,São Paulo,SUDESTE,5627,1,1,1.777145903678692,5627.0,0.26128346944542297,5659,3255.0,57.51899628909701,6,58.5,1,0,37.0,58.0,55.0,64.0,61.0,76.0
350520,Bariri,SP,São Paulo,SUDESTE,32406,7,7,2.160093809788311,4629.428571428572,0.2637554844230275,32405,7348.0,22.675513038111404,6,43.5,4,2,20.0,25.0,39.0,64.0,43.0,70.0
350530,Barra Bonita,SP,São Paulo,SUDESTE,35129,8,8,2.2773207321586155,4391.125,0.0,35159,10363.0,29.474672203418756,6,45.166666666666664,4,2,20.0,7.0,42.0,60.0,48.0,94.0
350535,Barra do Chapéu,SP,São Paulo,SUDESTE,5254,4,3,7.613247049866769,1313.5,0.0,5256,3683.0,70.07229832572298,6,52.5,2,1,45.0,11.0,59.0,55.0,50.0,95.0
350540,Barra do Turvo,SP,São Paulo,SUDESTE,6894,1,1,1.450536698578474,6894.0,0.5452795874101202,6922,4079.0,58.92805547529616,6,61.833333333333336,2,2,24.0,20.0,71.0,96.0,71.0,89.0
350550,Barretos,SP,São Paulo,SUDESTE,126957,19,18,1.4965697047031672,6681.9473684210525,9.457217954573053,126600,34984.0,27.633491311216428,6,51.666666666666664,2,1,17.0,46.0,61.0,58.0,53.0,75.0
350560,Barrinha,SP,São Paulo,SUDESTE,33304,10,10,3.002642325246217,3330.4,0.0,33181,8671.0,26.132425183086706,6,24.833333333333332,6,4,22.0,8.0,27.0,27.0,30.0,35.0
350570,Barueri,SP,São Paulo,SUDESTE,333737,23,23,0.689165420675562,14510.304347826086,51.806639637872244,330339,106989.0,32.38763815353319,6,42.0,4,1,35.0,12.0,41.0,64.0,38.0,62.0
350500,Barão de Antonina,SP,São Paulo,SUDESTE,3632,2,2,5.506607929515419,1816.0,0.0,3618,1753.0,48.452183526810394,6,62.0,3,1,45.0,35.0,25.0,92.0,83.0,92.0
350580,Bastos,SP,São Paulo,SUDESTE,21936,6,6,2.735229759299781,3656.0,0.0,21900,7344.0,33.534246575342465,6,55.166666666666664,2,0,33.0,36.0,61.0,77.0,57.0,67.0
350590,Batatais,SP,São Paulo,SUDESTE,59939,10,10,1.6683628355494753,5993.9,3.435235449633767,59873,21513.0,35.93105406443639,6,22.833333333333332,5,5,22.0,13.0,8.0,13.0,1.0,80.0
350600,Bauru,SP,São Paulo,SUDESTE,392947,29,28,0.7380130144777794,13549.896551724138,59.07847084915064,391740,86963.0,22.19916270996069,6,59.833333333333336,2,1,33.0,27.0,64.0,96.0,62.0,77.0
350610,Bebedouro,SP,São Paulo,SUDESTE,78257,19,19,2.427897823836845,4118.789473684211,0.0,78210,27689.0,35.403401099603634,6,42.0,5,1,29.0,32.0,41.0,48.0,40.0,62.0
350620,Bento de Abreu,SP,São Paulo,SUDESTE,2640,2,2,7.575757575757576,1320.0,0.0,2642,1004.0,38.00151400454202,6,56.666666666666664,2,1,15.0,48.0,50.0,67.0,67.0,93.0
350630,Bernardino de Campos,SP,São Paulo,SUDESTE,11881,6,6,5.050079959599361,1980.1666666666667,0.0,11852,4904.0,41.37698278771516,6,64.66666666666667,2,1,43.0,23.0,70.0,100.0,92.0,60.0
350635,Bertioga,SP,São Paulo,SUDESTE,67436,7,6,1.0380212349486921,9633.714285714286,8.115676567535374,66873,27512.0,41.14066962750288,6,49.0,2,2,8.0,26.0,52.0,94.0,57.0,57.0
350640,Bilac,SP,São Paulo,SUDESTE,7464,1,1,1.339764201500536,7464.0,0.6730442182229672,7455,2950.0,39.57075788061704,6,43.833333333333336,5,0,31.0,36.0,44.0,48.0,56.0,48.0
350650,Birigui,SP,São Paulo,SUDESTE,123340,13,13,1.053997081238852,9487.692307692309,14.646472920099248,122988,34493.0,28.045825609002506,6,39.666666666666664,4,3,29.0,7.0,25.0,65.0,47.0,65.0
350660,Biritiba Mirim,SP,São Paulo,SUDESTE,30564,6,6,1.9630938358853554,5094.0,0.850873993269932,30526,11927.0,39.07161108563192,6,23.666666666666668,5,5,19.0,2.0,1.0,13.0,13.0,94.0
350670,Boa Esperança do Sul,SP,São Paulo,SUDESTE,13113,4,4,3.0504079920689393,3278.25,0.0,13135,4258.0,32.4172059383327,6,27.666666666666668,4,4,14.0,1.0,0.0,55.0,3.0,93.0
350680,Bocaina,SP,São Paulo,SUDESTE,11480,4,4,3.484320557491289,2870.0,0.0,11467,3808.0,33.208336966948636,6,58.166666666666664,2,2,22.0,26.0,68.0,100.0,62.0,71.0
350690,Bofete,SP,São Paulo,SUDESTE,10710,6,6,5.602240896358543,1785.0,0.0,10688,4137.0,38.70696107784431,6,67.33333333333333,2,0,34.0,43.0,69.0,95.0,67.0,96.0
350700,Boituva,SP,São Paulo,SUDESTE,63850,10,10,1.5661707126076743,6385.0,4.311880135789988,63415,18565.0,29.275408026492155,6,51.166666666666664,3,2,29.0,16.0,61.0,45.0,67.0,89.0
350710,Bom Jesus dos Perdões,SP,São Paulo,SUDESTE,22579,3,3,1.328668231542584,7526.333333333333,2.06104841951452,22501,7617.0,33.851828807608555,6,56.333333333333336,3,1,34.0,10.0,47.0,80.0,76.0,91.0
350715,Bom Sucesso de Itararé,SP,São Paulo,SUDESTE,3609,2,2,5.541701302299806,1804.5,0.0,3610,1993.0,55.207756232686975,6,55.166666666666664,2,2,23.0,18.0,63.0,53.0,74.0,100.0
350730,Boracéia,SP,São Paulo,SUDESTE,4838,2,2,4.13393964448119,2419.0,0.0,4823,1881.0,39.000622019489946,6,53.166666666666664,2,1,66.0,28.0,59.0,59.0,47.0,60.0
350740,Borborema,SP,São Paulo,SUDESTE,14405,4,3,2.7768136063866713,3601.25,0.0,14415,5354.0,37.14186611168921,6,56.333333333333336,2,0,33.0,35.0,55.0,66.0,55.0,94.0
350745,Borebi,SP,São Paulo,SUDESTE,2801,3,3,10.710460549803642,933.6666666666666,0.0,2787,1244.0,44.635809113742376,6,73.5,2,1,43.0,15.0,100.0,83.0,100.0,100.0
350720,Borá,SP,São Paulo,SUDESTE,932,1,1,10.729613733905579,932.0,0.0,928,505.0,54.418103448275865,6,55.5,3,2,27.0,6.0,33.0,67.0,100.0,100.0
350750,Botucatu,SP,São Paulo,SUDESTE,151053,28,23,1.853654015478011,5394.75,5.858299610829835,150442,47612.0,31.648076999774,6,47.166666666666664,5,1,32.0,29.0,46.0,45.0,39.0,92.0
350760,Bragança Paulista,SP,São Paulo,SUDESTE,185688,35,30,1.8848821679376158,5305.371428571429,6.621682046273628,184634,55886.0,30.26853125643164,6,59.666666666666664,2,1,30.0,22.0,75.0,76.0,62.0,93.0
350770,Braúna,SP,São Paulo,SUDESTE,5477,1,1,1.8258170531312763,5477.0,0.2276611981788842,5466,2744.0,50.20124405415295,6,50.333333333333336,3,1,21.0,67.0,55.0,45.0,41.0,73.0
350775,Brejo Alegre,SP,São Paulo,SUDESTE,2605,2,2,7.677543186180422,1302.5,0.0,2605,1309.0,50.24952015355086,6,45.833333333333336,3,2,47.0,28.0,50.0,25.0,50.0,75.0
350780,Brodowski,SP,São Paulo,SUDESTE,26314,6,6,2.280155050543437,4385.666666666667,0.0,26167,8767.0,33.5040317957733,6,45.166666666666664,5,0,55.0,49.0,45.0,44.0,42.0,36.0
350790,Brotas,SP,São Paulo,SUDESTE,24501,7,7,2.8570262438267826,3500.1428571428573,0.0,24423,6502.0,26.622446054948206,6,56.666666666666664,2,2,24.0,11.0,54.0,97.0,76.0,78.0
350800,Buri,SP,São Paulo,SUDESTE,20731,6,6,2.89421639091216,3455.1666666666665,0.0,20674,10589.0,51.218922317887206,6,68.5,2,1,30.0,24.0,87.0,97.0,75.0,98.0
350810,Buritama,SP,São Paulo,SUDESTE,17658,2,2,1.1326311020500623,8829.0,1.9580137734969394,17597,7313.0,41.55822015116213,6,46.5,5,0,40.0,37.0,38.0,48.0,46.0,70.0
350820,Buritizal,SP,São Paulo,SUDESTE,4458,2,2,4.486316733961417,2229.0,0.0,4447,1709.0,38.43040251855183,6,62.166666666666664,3,0,44.0,46.0,40.0,100.0,70.0,73.0
350480,Bálsamo,SP,São Paulo,SUDESTE,9902,4,4,4.0395879620278725,2475.5,0.0,9854,3569.0,36.21879439821392,6,73.33333333333333,1,0,36.0,54.0,70.0,100.0,80.0,100.0
350840,Cabreúva,SP,São Paulo,SUDESTE,48654,8,8,1.644263575451145,6081.75,2.905719908014502,48473,14712.0,30.35091700534318,6,39.833333333333336,4,3,29.0,7.0,24.0,52.0,49.0,78.0
350830,Cabrália Paulista,SP,São Paulo,SUDESTE,4360,2,2,4.587155963302752,2180.0,0.0,4362,1914.0,43.878954607977995,6,78.33333333333333,0,0,53.0,59.0,100.0,100.0,94.0,64.0
350860,Cachoeira Paulista,SP,São Paulo,SUDESTE,32534,13,12,3.995819757791849,2502.6153846153848,0.0,32482,12163.0,37.445354350101596,6,16.666666666666668,6,5,16.0,2.0,19.0,41.0,16.0,6.0
350870,Caconde,SP,São Paulo,SUDESTE,17228,7,7,4.063153006733224,2461.1428571428573,0.0,17266,7015.0,40.62898181396965,6,43.333333333333336,4,2,39.0,14.0,19.0,59.0,41.0,88.0
350880,Cafelândia,SP,São Paulo,SUDESTE,16907,7,7,4.14029691843615,2415.285714285714,0.0,16905,6152.0,36.39160011830819,6,34.5,5,2,23.0,25.0,35.0,51.0,41.0,32.0
350890,Caiabu,SP,São Paulo,SUDESTE,3726,2,2,5.367686527106817,1863.0,0.0,3745,1560.0,41.655540720961284,6,72.33333333333333,1,0,42.0,54.0,94.0,63.0,81.0,100.0
350900,Caieiras,SP,São Paulo,SUDESTE,98549,18,17,1.8265025520299547,5474.944444444444,4.089608073640837,98257,26842.0,27.318155449484514,6,24.166666666666668,5,5,19.0,12.0,16.0,26.0,13.0,59.0
350910,Caiuá,SP,São Paulo,SUDESTE,5599,5,5,8.93016610108948,1119.8,0.0,5585,2370.0,42.43509400179051,6,60.666666666666664,2,1,31.0,3.0,90.0,80.0,80.0,80.0
350920,Cajamar,SP,São Paulo,SUDESTE,98365,12,11,1.2199461190464087,8197.083333333334,10.04836475422055,97363,31410.0,32.26071505602744,6,54.5,3,1,34.0,25.0,54.0,71.0,49.0,94.0
350925,Cajati,SP,São Paulo,SUDESTE,29262,13,13,4.442621830360194,2250.923076923077,0.0,29257,12920.0,44.16037187681581,6,58.5,3,0,45.0,44.0,37.0,72.0,58.0,95.0
350930,Cajobi,SP,São Paulo,SUDESTE,9210,4,4,4.3431053203040175,2302.5,0.0,9232,3968.0,42.98093587521664,6,58.833333333333336,2,0,43.0,41.0,75.0,50.0,54.0,90.0
350940,Cajuru,SP,São Paulo,SUDESTE,24233,12,7,4.951925060867412,2019.4166666666667,0.0,24217,8982.0,37.08964776809679,6,56.5,2,0,42.0,37.0,56.0,63.0,61.0,80.0
350945,Campina do Monte Alegre,SP,São Paulo,SUDESTE,6090,1,1,1.6420361247947455,6090.0,0.36506421342147255,6077,2932.0,48.24749053809445,6,60.833333333333336,3,1,32.0,23.0,35.0,90.0,85.0,100.0
350950,Campinas,SP,São Paulo,SUDESTE,1187974,69,69,0.5808207923742439,17217.014492753624,197.2825605706339,1185977,335352.0,28.2764336913785,6,39.0,5,2,18.0,8.0,36.0,44.0,36.0,92.0
350960,Campo Limpo Paulista,SP,São Paulo,SUDESTE,79781,10,8,1.253431268096414,7978.1,7.882789492771511,79663,11924.0,14.968052922937874,6,34.0,5,3,20.0,6.0,6.0,44.0,38.0,90.0
350980,Campos Novos Paulista,SP,São Paulo,SUDESTE,5003,3,3,5.996402158704776,1667.6666666666667,0.0,4991,2358.0,47.24504107393308,6,87.16666666666667,0,0,56.0,79.0,96.0,96.0,96.0,100.0
350970,Campos do Jordão,SP,São Paulo,SUDESTE,47956,8,7,1.668195846192343,5994.5,2.7492642723875433,47983,15482.0,32.26559406456453,6,43.166666666666664,4,1,24.0,32.0,43.0,67.0,51.0,42.0
350990,Cananéia,SP,São Paulo,SUDESTE,12491,6,6,4.803458490112881,2081.8333333333335,0.0,12489,4632.0,37.08863800144127,6,18.666666666666668,6,5,11.0,4.0,29.0,18.0,3.0,47.0
350995,Canas,SP,São Paulo,SUDESTE,5068,2,2,3.946329913180742,2534.0,0.0,5049,2390.0,47.33610615963557,6,15.666666666666666,5,5,6.0,2.0,23.0,0.0,8.0,55.0
351015,Canitar,SP,São Paulo,SUDESTE,6589,3,3,4.5530429503718315,2196.3333333333335,0.0,6524,2644.0,40.527283874923356,6,72.83333333333333,1,1,26.0,57.0,86.0,93.0,75.0,100.0
351030,Capela do Alto,SP,São Paulo,SUDESTE,23777,6,6,2.523447028641124,3962.8333333333335,0.0,23597,9461.0,40.09407975590118,6,61.5,1,0,35.0,63.0,66.0,85.0,61.0,59.0
351040,Capivari,SP,São Paulo,SUDESTE,51369,10,10,1.9466993712161031,5136.9,1.514283017938854,51318,17851.0,34.785065668966055,6,48.333333333333336,4,0,37.0,41.0,35.0,55.0,48.0,74.0
351020,Capão Bonito,SP,São Paulo,SUDESTE,47409,13,13,2.742095382733236,3646.846153846154,0.0,47403,20539.0,43.328481319747695,6,60.666666666666664,2,2,27.0,16.0,70.0,85.0,68.0,98.0
351050,Caraguatatuba,SP,São Paulo,SUDESTE,142248,14,13,0.9841966143636466,10160.57142857143,17.884672287484012,141084,57077.0,40.45604037311105,6,61.166666666666664,2,2,25.0,19.0,82.0,86.0,63.0,92.0
351060,Carapicuíba,SP,São Paulo,SUDESTE,398236,15,15,0.3766610753422594,26549.066666666666,74.26399213400879,398462,103277.0,25.91890820203683,6,45.5,3,2,23.0,18.0,50.0,62.0,48.0,72.0
351070,Cardoso,SP,São Paulo,SUDESTE,11476,6,6,5.228302544440571,1912.6666666666667,0.0,11491,4629.0,40.283700287181276,6,64.5,1,0,42.0,61.0,66.0,59.0,59.0,100.0
351080,Casa Branca,SP,São Paulo,SUDESTE,28779,8,8,2.77980471871851,3597.375,0.0,28786,9106.0,31.633432918779963,6,49.0,3,1,32.0,16.0,33.0,54.0,67.0,92.0
351100,Castilho,SP,São Paulo,SUDESTE,20485,6,6,2.9289724188430557,3414.1666666666665,0.0,20418,7981.0,39.08805955529434,6,53.333333333333336,4,0,48.0,43.0,46.0,57.0,43.0,83.0
351110,Catanduva,SP,São Paulo,SUDESTE,119275,27,24,2.263676378117795,4417.592592592592,0.0,119172,33632.0,28.22139428724868,6,51.0,3,1,24.0,67.0,51.0,46.0,45.0,73.0
351120,Catiguá,SP,São Paulo,SUDESTE,7101,2,2,2.816504717645402,3550.5,0.0,7105,2382.0,33.525686136523575,6,43.0,5,2,18.0,35.0,32.0,47.0,26.0,100.0
350850,Caçapava,SP,São Paulo,SUDESTE,100071,29,21,2.8979424608527946,3450.7241379310344,0.0,99678,30951.0,31.05098416902426,6,40.0,5,1,32.0,14.0,33.0,46.0,30.0,85.0
351130,Cedral,SP,São Paulo,SUDESTE,13314,3,3,2.253267237494367,4438.0,0.0,13160,3513.0,26.69452887537994,6,48.0,3,3,23.0,21.0,24.0,70.0,61.0,89.0
351140,Cerqueira César,SP,São Paulo,SUDESTE,22210,13,12,5.85321927059883,1708.4615384615386,0.0,22076,7111.0,32.211451349882225,6,52.5,2,2,18.0,14.0,51.0,71.0,65.0,96.0
351150,Cerquilho,SP,São Paulo,SUDESTE,46391,9,9,1.9400314716216507,5154.555555555556,1.3984719088399893,46217,13340.0,28.863837981695045,6,32.5,5,3,31.0,29.0,25.0,11.0,37.0,62.0
351160,Cesário Lange,SP,São Paulo,SUDESTE,19707,4,4,2.029735626934592,4926.75,0.41729399899785846,19588,5807.0,29.645701449867268,6,52.0,2,1,33.0,25.0,59.0,66.0,60.0,69.0
351170,Charqueada,SP,São Paulo,SUDESTE,15814,5,5,3.1617554066017455,3162.8,0.0,15798,5109.0,32.33953665020889,6,65.83333333333333,2,1,45.0,18.0,65.0,87.0,87.0,93.0
355720,Chavantes,SP,São Paulo,SUDESTE,12415,4,4,3.2219089810712846,3103.75,0.0,12411,4678.0,37.6923696720651,6,48.0,3,3,11.0,7.0,26.0,88.0,58.0,98.0
351190,Clementina,SP,São Paulo,SUDESTE,7084,1,1,1.411631846414455,7084.0,0.5878677976810692,7087,2803.0,39.55129109637364,6,50.5,3,1,33.0,1.0,64.0,64.0,45.0,96.0
351200,Colina,SP,São Paulo,SUDESTE,18880,6,6,3.1779661016949152,3146.6666666666665,0.0,18842,5972.0,31.695149134911365,6,56.166666666666664,3,0,44.0,43.0,52.0,58.0,45.0,95.0
351210,Colômbia,SP,São Paulo,SUDESTE,6802,3,3,4.410467509556013,2267.3333333333335,0.0,6781,3035.0,44.757410411443736,6,51.333333333333336,3,1,29.0,38.0,56.0,56.0,37.0,92.0
351220,Conchal,SP,São Paulo,SUDESTE,29132,11,11,3.77591651791844,2648.3636363636365,0.0,29034,10978.0,37.81084246056348,6,48.166666666666664,3,1,33.0,14.0,52.0,65.0,46.0,79.0
351230,Conchas,SP,São Paulo,SUDESTE,15345,6,6,3.9100684261974585,2557.5,0.0,15381,6251.0,40.64105064690202,6,46.833333333333336,3,2,35.0,9.0,26.0,61.0,54.0,96.0
351240,Cordeirópolis,SP,São Paulo,SUDESTE,25286,7,7,2.768330301352527,3612.285714285714,0.0,25130,6167.0,24.540389972144848,6,50.666666666666664,4,1,37.0,24.0,49.0,60.0,37.0,97.0
351250,Coroados,SP,São Paulo,SUDESTE,5504,1,1,1.816860465116279,5504.0,0.2337132070068613,5498,2362.0,42.961076755183704,6,46.666666666666664,5,1,36.0,28.0,35.0,47.0,41.0,93.0
351260,Coronel Macedo,SP,São Paulo,SUDESTE,4271,2,2,4.682744088035589,2135.5,0.0,4295,2094.0,48.754365541327125,6,62.0,2,2,27.0,21.0,65.0,90.0,75.0,94.0
351270,Corumbataí,SP,São Paulo,SUDESTE,4296,1,1,2.3277467411545625,4296.0,0.0,4285,1379.0,32.18203033838974,6,43.333333333333336,3,3,22.0,15.0,25.0,75.0,50.0,73.0
351290,Cosmorama,SP,São Paulo,SUDESTE,9019,2,1,2.2175407473112316,4509.5,0.021595097019419047,8968,4194.0,46.76628010704728,6,57.166666666666664,2,1,33.0,28.0,58.0,71.0,63.0,90.0
351280,Cosmópolis,SP,São Paulo,SUDESTE,61167,10,10,1.6348684748312,6116.7,3.710489777069164,61204,15609.0,25.503235082674337,6,49.166666666666664,4,2,22.0,22.0,45.0,60.0,49.0,97.0
351300,Cotia,SP,São Paulo,SUDESTE,289493,32,32,1.1053807864093432,9046.65625,32.88941450509398,287004,62099.0,21.636980669258964,6,57.166666666666664,3,2,29.0,12.0,75.0,92.0,44.0,91.0
351310,Cravinhos,SP,São Paulo,SUDESTE,34307,15,15,4.3722855393942925,2287.133333333333,0.0,34252,9764.0,28.506364591848648,6,53.666666666666664,2,2,27.0,26.0,72.0,51.0,60.0,86.0
351320,Cristais Paulista,SP,São Paulo,SUDESTE,9600,5,5,5.208333333333333,1920.0,0.0,9543,3152.0,33.02944566698103,6,43.833333333333336,5,1,43.0,30.0,10.0,45.0,45.0,90.0
351340,Cruzeiro,SP,São Paulo,SUDESTE,76444,14,14,1.8314059965464917,5460.285714285715,3.1348060313285777,76513,27021.0,35.315567289218826,6,31.333333333333332,5,4,17.0,11.0,7.0,41.0,21.0,91.0
351330,Cruzália,SP,São Paulo,SUDESTE,2123,3,2,14.13094677343382,707.6666666666666,0.0,2129,859.0,40.34758102395491,6,73.33333333333333,1,0,46.0,69.0,75.0,75.0,75.0,100.0
351350,Cubatão,SP,São Paulo,SUDESTE,114870,18,18,1.5669887699138156,6381.666666666667,7.747935335915361,115082,30825.0,26.785248779131404,6,44.5,3,2,22.0,11.0,53.0,53.0,40.0,88.0
351360,Cunha,SP,São Paulo,SUDESTE,22460,7,7,3.116651825467498,3208.5714285714284,0.0,22456,9444.0,42.05557534734592,6,52.666666666666664,3,2,20.0,7.0,34.0,90.0,69.0,96.0
351090,Cássia dos Coqueiros,SP,São Paulo,SUDESTE,2861,2,2,6.990562740300594,1430.5,0.0,2855,1167.0,40.87565674255691,6,51.333333333333336,2,1,40.0,18.0,50.0,50.0,50.0,100.0
351000,Cândido Mota,SP,São Paulo,SUDESTE,30157,6,6,1.9895878237225189,5026.166666666667,0.7596455639000569,30172,8224.0,27.257059525387778,6,42.333333333333336,4,3,19.0,20.0,17.0,48.0,56.0,94.0
351010,Cândido Rodrigues,SP,São Paulo,SUDESTE,2959,1,1,3.3795201081446433,2959.0,0.0,2951,491.0,16.63842765164351,6,53.5,4,1,36.0,25.0,40.0,40.0,80.0,100.0
351370,Descalvado,SP,São Paulo,SUDESTE,32663,13,12,3.9800385757585035,2512.5384615384614,0.0,32622,10178.0,31.199803813377475,6,53.0,4,0,42.0,32.0,39.0,59.0,48.0,98.0
351380,Diadema,SP,São Paulo,SUDESTE,403579,21,21,0.5203442200907381,19218.04761904762,69.4616174365229,404118,127301.0,31.500947742985957,6,36.166666666666664,5,2,22.0,14.0,37.0,44.0,34.0,66.0
351385,Dirce Reis,SP,São Paulo,SUDESTE,1639,1,1,6.1012812690665035,1639.0,0.0,1641,816.0,49.725776965265084,6,42.833333333333336,4,3,27.0,20.0,71.0,43.0,71.0,25.0
351390,Divinolândia,SP,São Paulo,SUDESTE,11305,5,5,4.422821760283061,2261.0,0.0,11314,4660.0,41.187908785575395,6,37.666666666666664,5,3,25.0,28.0,38.0,38.0,9.0,88.0
351400,Dobrada,SP,São Paulo,SUDESTE,8986,2,2,2.2256843979523704,4493.0,0.014198197340780302,8958,3724.0,41.571779415048,6,56.0,2,2,27.0,15.0,79.0,59.0,62.0,94.0
351410,Dois Córregos,SP,São Paulo,SUDESTE,24847,5,5,2.0123153700647967,4969.4,0.5694171610645856,24855,7785.0,31.32166566083283,6,42.0,4,2,23.0,3.0,48.0,51.0,48.0,79.0
351420,Dolcinópolis,SP,São Paulo,SUDESTE,2254,2,2,8.873114463176575,1127.0,0.0,2250,1181.0,52.48888888888889,6,71.16666666666667,2,1,34.0,13.0,100.0,100.0,80.0,100.0
351430,Dourado,SP,São Paulo,SUDESTE,8169,1,1,1.2241400416207615,8169.0,0.8310688931756993,8186,3051.0,37.27095040312729,6,27.5,5,4,14.0,3.0,9.0,43.0,26.0,70.0
351440,Dracena,SP,São Paulo,SUDESTE,46735,13,13,2.781641168289291,3595.0,0.0,46664,14348.0,30.747471284073374,6,40.5,4,2,31.0,29.0,28.0,57.0,43.0,55.0
351450,Duartina,SP,São Paulo,SUDESTE,12532,6,5,4.787743376954995,2088.6666666666665,0.0,12529,5055.0,40.34639636044377,6,55.0,2,0,39.0,43.0,59.0,65.0,50.0,74.0
351460,Dumont,SP,São Paulo,SUDESTE,9764,3,3,3.072511265874642,3254.6666666666665,0.0,9719,2155.0,22.173063072332543,6,31.666666666666668,4,4,21.0,22.0,5.0,74.0,63.0,5.0
351470,Echaporã,SP,São Paulo,SUDESTE,6291,2,2,3.1791448100460977,3145.5,0.0,6295,2920.0,46.38602065131057,6,40.166666666666664,4,4,23.0,9.0,25.0,13.0,75.0,96.0
351480,Eldorado,SP,São Paulo,SUDESTE,13109,10,10,7.628346937218705,1310.9,0.0,13162,6700.0,50.904117915210456,6,55.0,3,1,33.0,13.0,40.0,83.0,65.0,96.0
351490,Elias Fausto,SP,São Paulo,SUDESTE,18168,4,4,2.2016732716864817,4542.0,0.07232949580317123,18103,7095.0,39.19239904988123,6,56.333333333333336,3,1,87.0,24.0,47.0,30.0,58.0,92.0
351492,Elisiário,SP,São Paulo,SUDESTE,3190,1,1,3.1347962382445145,3190.0,0.0,3189,1269.0,39.79303857008467,6,71.66666666666667,1,0,35.0,66.0,86.0,57.0,86.0,100.0
351495,Embaúba,SP,São Paulo,SUDESTE,2349,1,1,4.257130693912303,2349.0,0.0,2353,1048.0,44.5388865278368,6,54.0,2,2,28.0,16.0,60.0,60.0,60.0,100.0
351500,Embu das Artes,SP,São Paulo,SUDESTE,259788,21,21,0.8083514250080834,12370.857142857143,37.23108405194376,259323,102345.0,39.46622551798337,6,41.0,4,2,27.0,13.0,41.0,53.0,41.0,71.0
351510,Embu-Guaçu,SP,São Paulo,SUDESTE,68913,1,1,0.1451105016470042,68913.0,14.446743865273223,68805,23481.0,34.12688031393068,6,33.666666666666664,5,3,14.0,3.0,16.0,42.0,37.0,90.0
351512,Emilianópolis,SP,São Paulo,SUDESTE,3061,1,1,3.266906239790918,3061.0,0.0,3062,1389.0,45.3625081645983,6,59.166666666666664,1,1,50.0,50.0,27.0,64.0,64.0,100.0
351515,Engenheiro Coelho,SP,São Paulo,SUDESTE,20261,5,5,2.4677952717042593,4052.2,0.0,20139,6246.0,31.01444957545062,6,47.0,4,1,31.0,14.0,36.0,67.0,43.0,91.0
351518,Espírito Santo do Pinhal,SP,São Paulo,SUDESTE,40610,7,7,1.7237133710908643,5801.428571428572,2.102669574227586,40681,11389.0,27.995870308006193,6,47.5,5,1,29.0,45.0,44.0,46.0,40.0,81.0
351519,Espírito Santo do Turvo,SP,São Paulo,SUDESTE,4214,3,3,7.119126720455625,1404.6666666666667,0.0,4217,1832.0,43.44320607066635,6,56.833333333333336,3,0,31.0,35.0,44.0,75.0,75.0,81.0
355730,Estiva Gerbi,SP,São Paulo,SUDESTE,11609,5,5,4.307003187182358,2321.8,0.0,11566,4210.0,36.39979249524468,6,27.0,5,4,16.0,4.0,17.0,11.0,40.0,74.0
351520,Estrela d'Oeste,SP,São Paulo,SUDESTE,9696,3,3,3.094059405940594,3232.0,0.0,9655,3326.0,34.44847229414811,6,69.33333333333333,0,0,55.0,55.0,79.0,74.0,53.0,100.0
351530,Estrela do Norte,SP,São Paulo,SUDESTE,2751,1,1,3.635041802980734,2751.0,0.0,2749,948.0,34.48526736995271,6,67.5,2,0,40.0,58.0,88.0,100.0,75.0,44.0
351535,Euclides da Cunha Paulista,SP,São Paulo,SUDESTE,7883,0,0,0.0,0.0,1.7669624292941655,7928,3790.0,47.80524722502523,6,54.833333333333336,2,1,40.0,23.0,69.0,59.0,55.0,83.0
351540,Fartura,SP,São Paulo,SUDESTE,17029,4,4,2.348934171119854,4257.25,0.0,16984,6160.0,36.26943005181347,6,57.833333333333336,2,0,40.0,36.0,60.0,62.0,71.0,78.0
351560,Fernando Prestes,SP,São Paulo,SUDESTE,6080,3,3,4.934210526315789,2026.6666666666667,0.0,6066,2360.0,38.90537421694692,6,84.66666666666667,1,0,42.0,66.0,100.0,100.0,100.0,100.0
351550,Fernandópolis,SP,São Paulo,SUDESTE,73508,20,19,2.7207922947162215,3675.4,0.0,73286,25086.0,34.2302759053571,6,57.666666666666664,2,1,33.0,24.0,65.0,72.0,56.0,96.0
351565,Fernão,SP,São Paulo,SUDESTE,1692,1,1,5.91016548463357,1692.0,0.0,1689,917.0,54.29248075784487,6,76.66666666666667,1,0,61.0,33.0,88.0,100.0,88.0,90.0
351570,Ferraz de Vasconcelos,SP,São Paulo,SUDESTE,186479,14,14,0.7507547766772665,13319.92857142857,27.798983490085842,185622,70368.0,37.90929954423506,6,48.666666666666664,3,1,25.0,35.0,54.0,55.0,33.0,90.0
351580,Flora Rica,SP,São Paulo,SUDESTE,1483,1,1,6.743088334457181,1483.0,0.0,1492,783.0,52.4798927613941,6,38.333333333333336,3,3,50.0,10.0,100.0,0.0,0.0,70.0
351590,Floreal,SP,São Paulo,SUDESTE,2747,2,2,7.280669821623589,1373.5,0.0,2756,1266.0,45.93613933236575,6,76.0,1,0,47.0,76.0,83.0,83.0,67.0,100.0
351610,Florínea,SP,São Paulo,SUDESTE,4022,3,3,7.458975634012929,1340.6666666666667,0.0,3987,1373.0,34.43691998996739,6,58.833333333333336,2,1,30.0,17.0,67.0,89.0,67.0,83.0
351600,Flórida Paulista,SP,São Paulo,SUDESTE,13175,4,4,3.0360531309297913,3293.75,0.0,13171,4120.0,31.28084427909802,6,59.166666666666664,2,2,24.0,12.0,74.0,74.0,74.0,97.0
351620,Franca,SP,São Paulo,SUDESTE,365494,24,24,0.6566455263287495,15228.916666666666,57.92492276194872,364331,102220.0,28.056904298563666,6,45.333333333333336,3,3,24.0,25.0,53.0,58.0,25.0,87.0
351630,Francisco Morato,SP,São Paulo,SUDESTE,171476,14,14,0.8164407847162286,12248.285714285714,24.436083918006638,171107,64286.0,37.570642931031465,6,39.333333333333336,4,2,17.0,1.0,37.0,66.0,38.0,77.0
351640,Franco da Rocha,SP,São Paulo,SUDESTE,150241,25,25,1.663993184283917,6009.64,8.676291049040307,149786,55665.0,37.16301924078352,6,42.333333333333336,4,2,24.0,22.0,45.0,58.0,40.0,65.0
351650,Gabriel Monteiro,SP,São Paulo,SUDESTE,2813,1,1,3.5549235691432632,2813.0,0.0,2811,1136.0,40.412664532194945,6,58.0,2,1,44.0,5.0,80.0,60.0,70.0,89.0
351670,Garça,SP,São Paulo,SUDESTE,43081,13,13,3.017571551263898,3313.923076923077,0.0,43115,17768.0,41.21071552823843,6,47.333333333333336,2,1,30.0,17.0,55.0,60.0,53.0,69.0
351680,Gastão Vidigal,SP,São Paulo,SUDESTE,3203,1,1,3.1220730565095223,3203.0,0.0,3235,1504.0,46.49149922720247,6,48.333333333333336,4,2,23.0,18.0,33.0,83.0,33.0,100.0
351685,Gavião Peixoto,SP,São Paulo,SUDESTE,4806,3,3,6.242197253433209,1602.0,0.0,4797,1723.0,35.91828225974567,6,39.333333333333336,5,3,27.0,18.0,25.0,40.0,35.0,91.0
351690,General Salgado,SP,São Paulo,SUDESTE,10437,3,3,2.8743891922966367,3479.0,0.0,10449,3801.0,36.37668676428366,6,80.33333333333333,1,0,41.0,73.0,89.0,93.0,86.0,100.0
351700,Getulina,SP,São Paulo,SUDESTE,10337,5,5,4.836993324949212,2067.4,0.0,10355,3862.0,37.29599227426364,6,49.333333333333336,3,3,56.0,69.0,26.0,26.0,26.0,93.0
351710,Glicério,SP,São Paulo,SUDESTE,4158,2,2,4.81000481000481,2079.0,0.0,4173,2065.0,49.48478312964294,6,54.166666666666664,3,0,36.0,44.0,43.0,57.0,57.0,88.0
351730,Guaimbê,SP,São Paulo,SUDESTE,5609,2,2,3.5656979853806385,2804.5,0.0,5606,2795.0,49.857295754548694,6,65.33333333333333,2,0,32.0,37.0,75.0,100.0,70.0,78.0
351720,Guaiçara,SP,São Paulo,SUDESTE,11478,3,3,2.6136957658128592,3826.0,0.0,11459,4664.0,40.7016319050528,6,51.5,3,1,30.0,29.0,63.0,65.0,49.0,73.0
351760,Guapiara,SP,São Paulo,SUDESTE,17225,1,1,0.5805515239477503,17225.0,2.8609574837741976,17256,8909.0,51.628419100602684,6,48.5,3,1,35.0,23.0,31.0,51.0,63.0,88.0
351750,Guapiaçu,SP,São Paulo,SUDESTE,22445,10,9,4.455335263978615,2244.5,0.0,22316,7755.0,34.7508514070622,6,71.16666666666667,2,1,41.0,24.0,96.0,97.0,90.0,79.0
351790,Guaraci,SP,São Paulo,SUDESTE,10554,3,3,2.8425241614553722,3518.0,0.0,10542,4383.0,41.57655093910074,6,36.333333333333336,4,3,17.0,4.0,93.0,7.0,61.0,36.0
351800,Guarani d'Oeste,SP,São Paulo,SUDESTE,1999,1,1,5.002501250625312,1999.0,0.0,1999,1009.0,50.47523761880941,6,79.5,0,0,65.0,73.0,88.0,63.0,88.0,100.0
351810,Guarantã,SP,São Paulo,SUDESTE,6532,3,3,4.5927740355174524,2177.3333333333335,0.0,6531,2870.0,43.944265809217576,6,63.166666666666664,2,1,44.0,22.0,88.0,75.0,71.0,79.0
351820,Guararapes,SP,São Paulo,SUDESTE,31888,6,4,1.8815855494229805,5314.666666666667,1.1476465743159137,31872,10612.0,33.295682730923694,6,43.666666666666664,3,2,29.0,12.0,48.0,59.0,50.0,64.0
351830,Guararema,SP,São Paulo,SUDESTE,32620,4,3,1.226241569589209,8155.0,3.311723258096623,32436,3091.0,9.529535084474041,6,62.666666666666664,2,1,67.0,20.0,37.0,96.0,69.0,87.0
351840,Guaratinguetá,SP,São Paulo,SUDESTE,121916,14,14,1.1483316381771056,8708.285714285714,13.32728549154224,121710,28665.0,23.551885629775697,6,58.5,2,1,26.0,43.0,62.0,96.0,52.0,72.0
351780,Guaraçaí,SP,São Paulo,SUDESTE,7453,3,2,4.025224741714746,2484.3333333333335,0.0,7486,3140.0,41.94496393267432,6,71.5,2,0,43.0,34.0,79.0,95.0,89.0,89.0
351850,Guareí,SP,São Paulo,SUDESTE,15285,10,9,6.542361792607132,1528.5,0.0,15268,4519.0,29.597851716007334,6,65.33333333333333,3,0,36.0,32.0,46.0,95.0,83.0,100.0
351860,Guariba,SP,São Paulo,SUDESTE,38678,8,8,2.068359274005895,4834.75,0.6696147203145669,38609,11862.0,30.72340645963376,6,49.166666666666664,3,1,30.0,24.0,53.0,67.0,49.0,72.0
351870,Guarujá,SP,São Paulo,SUDESTE,294871,24,23,0.8139152375106402,12286.291666666666,42.09488500423695,294973,81465.0,27.617781966485065,6,29.666666666666668,5,4,18.0,6.0,24.0,31.0,23.0,76.0
351880,Guarulhos,SP,São Paulo,SUDESTE,1349100,74,74,0.5485138240308354,18231.08108108108,228.39870777124935,1345364,361623.0,26.879194032247035,6,39.0,4,2,23.0,6.0,39.0,55.0,37.0,74.0
351770,Guará,SP,São Paulo,SUDESTE,18748,7,7,3.733731598037124,2678.285714285714,0.0,18790,7277.0,38.72804683342203,6,51.333333333333336,4,1,39.0,20.0,41.0,66.0,47.0,95.0
351885,Guatapará,SP,São Paulo,SUDESTE,7474,4,4,5.351886540005352,1868.5,0.0,7462,3275.0,43.88903779147682,6,76.0,0,0,58.0,58.0,78.0,81.0,81.0,100.0
351740,Guaíra,SP,São Paulo,SUDESTE,40489,8,7,1.9758452913136901,5061.125,1.075547608739245,40424,13722.0,33.94518108054621,6,55.666666666666664,2,1,36.0,26.0,60.0,64.0,51.0,97.0
351890,Guzolândia,SP,São Paulo,SUDESTE,4259,2,2,4.69593801361822,2129.5,0.0,4276,1854.0,43.35827876520113,6,64.66666666666667,1,1,26.0,51.0,69.0,77.0,77.0,88.0
351660,Gália,SP,São Paulo,SUDESTE,6413,4,4,6.237330422579136,1603.25,0.0,6435,2559.0,39.76689976689977,6,53.666666666666664,3,2,19.0,15.0,73.0,87.0,87.0,41.0
351900,Herculândia,SP,São Paulo,SUDESTE,9316,2,1,2.1468441391155,4658.0,0.08816719412716556,9302,4160.0,44.72156525478392,6,56.0,2,2,28.0,29.0,76.0,69.0,52.0,82.0
351905,Holambra,SP,São Paulo,SUDESTE,15718,4,4,2.544853034737244,3929.5,0.0,15596,3652.0,23.416260579635804,6,48.5,4,0,36.0,31.0,43.0,58.0,32.0,91.0
351907,Hortolândia,SP,São Paulo,SUDESTE,248842,23,21,0.9242812708465613,10819.217391304348,32.77755484338687,247331,50804.0,20.540894590649778,6,38.333333333333336,5,2,25.0,10.0,38.0,44.0,40.0,73.0
351910,Iacanga,SP,São Paulo,SUDESTE,10648,5,4,4.695717505634861,2129.6,0.0,10633,4725.0,44.43712969058591,6,54.0,2,1,41.0,60.0,59.0,22.0,59.0,83.0
351920,Iacri,SP,São Paulo,SUDESTE,6197,2,2,3.2273680813296757,3098.5,0.0,6207,2695.0,43.41872079909779,6,56.333333333333336,2,0,55.0,38.0,59.0,59.0,41.0,86.0
351925,Iaras,SP,São Paulo,SUDESTE,8313,8,7,9.623481294358234,1039.125,0.0,8257,2582.0,31.270437204795932,6,43.0,4,3,20.0,13.0,39.0,67.0,28.0,91.0
351930,Ibaté,SP,São Paulo,SUDESTE,33160,12,11,3.618817852834741,2763.3333333333335,0.0,33110,9867.0,29.80066445182724,6,45.0,3,2,24.0,19.0,30.0,79.0,50.0,68.0
351950,Ibirarema,SP,São Paulo,SUDESTE,6450,3,3,4.651162790697675,2150.0,0.0,6461,3289.0,50.905432595573444,6,75.66666666666667,1,1,26.0,50.0,94.0,94.0,94.0,96.0
351940,Ibirá,SP,São Paulo,SUDESTE,11952,3,3,2.51004016064257,3984.0,0.0,11934,4699.0,39.3748952572482,6,58.333333333333336,2,0,37.0,52.0,72.0,70.0,72.0,47.0
351960,Ibitinga,SP,São Paulo,SUDESTE,62143,13,12,2.091949213909853,4780.2307692307695,0.9292586887767768,61908,15526.0,25.07914970601538,6,63.166666666666664,2,0,35.0,46.0,74.0,95.0,74.0,55.0
351970,Ibiúna,SP,São Paulo,SUDESTE,77801,3,1,0.385599156823177,25933.666666666668,14.438975512053197,77651,25272.0,32.54562079045988,6,44.833333333333336,3,2,19.0,32.0,8.0,65.0,53.0,92.0
351980,Icém,SP,São Paulo,SUDESTE,7982,6,6,7.5169130543723375,1330.3333333333333,0.0,7969,3253.0,40.82068013552516,6,58.166666666666664,3,0,44.0,50.0,48.0,59.0,48.0,100.0
351990,Iepê,SP,São Paulo,SUDESTE,7739,4,4,5.168626437524228,1934.75,0.0,7739,3441.0,44.46310892880217,6,74.5,2,0,47.0,48.0,81.0,95.0,76.0,100.0
352010,Igarapava,SP,São Paulo,SUDESTE,26696,7,7,2.622115672759964,3813.714285714286,0.0,26755,9200.0,34.38609605681181,6,59.5,2,0,40.0,84.0,58.0,30.0,51.0,94.0
352020,Igaratá,SP,São Paulo,SUDESTE,10984,5,3,4.552075746540423,2196.8,0.0,10904,5284.0,48.45928099779897,6,47.0,4,1,32.0,6.0,43.0,59.0,46.0,96.0
352000,Igaraçu do Tietê,SP,São Paulo,SUDESTE,23421,4,4,1.7078690064472055,5855.25,1.2497814355573578,23430,8396.0,35.834400341442596,6,18.166666666666668,5,5,17.0,10.0,3.0,4.0,5.0,70.0
352030,Iguape,SP,São Paulo,SUDESTE,29891,10,9,3.3454886086112876,2989.1,0.0,29881,16306.0,54.56979351427328,6,70.0,2,1,48.0,19.0,86.0,89.0,79.0,99.0
352042,Ilha Comprida,SP,São Paulo,SUDESTE,14104,8,8,5.672149744753262,1763.0,0.0,13955,9728.0,69.70978144034396,6,48.166666666666664,3,1,41.0,21.0,57.0,63.0,40.0,67.0
352044,Ilha Solteira,SP,São Paulo,SUDESTE,26257,16,15,6.0936131317363,1641.0625,0.0,26240,8124.0,30.96036585365854,6,43.166666666666664,4,1,42.0,18.0,34.0,58.0,37.0,70.0
352040,Ilhabela,SP,São Paulo,SUDESTE,36559,14,14,3.829426406630378,2611.3571428571427,0.0,36329,13874.0,38.18987585675356,6,44.666666666666664,4,1,44.0,27.0,47.0,50.0,43.0,57.0
352050,Indaiatuba,SP,São Paulo,SUDESTE,269657,17,17,0.6304305098699459,15862.176470588236,43.4432053528069,267796,58299.0,21.769929349206112,6,48.5,3,2,20.0,19.0,53.0,62.0,44.0,93.0
352060,Indiana,SP,São Paulo,SUDESTE,5200,3,3,5.76923076923077,1733.3333333333333,0.0,5191,2223.0,42.824118666923525,6,73.5,0,0,63.0,67.0,75.0,83.0,67.0,86.0
352070,Indiaporã,SP,São Paulo,SUDESTE,4113,1,1,2.4313153415998054,4113.0,0.0,4109,2076.0,50.5232416646386,6,63.833333333333336,1,0,61.0,66.0,44.0,56.0,56.0,100.0
352080,Inúbia Paulista,SP,São Paulo,SUDESTE,3671,1,1,2.724053391446472,3671.0,0.0,3671,1315.0,35.82130209752111,6,69.16666666666667,2,1,39.0,26.0,100.0,67.0,83.0,100.0
352090,Ipaussu,SP,São Paulo,SUDESTE,13935,3,3,2.1528525296017222,4645.0,0.12350900066144829,13933,4194.0,30.10119859326778,6,34.333333333333336,4,4,24.0,3.0,24.0,8.0,50.0,97.0
352100,Iperó,SP,São Paulo,SUDESTE,38277,6,6,1.5675209655929148,6379.5,2.5797311817953537,37999,12560.0,33.05350140793179,6,67.83333333333333,2,1,40.0,26.0,86.0,91.0,72.0,92.0
352110,Ipeúna,SP,São Paulo,SUDESTE,7027,3,3,4.269247189412267,2342.3333333333335,0.0,6999,2631.0,37.591084440634376,6,49.833333333333336,4,0,37.0,38.0,31.0,55.0,45.0,93.0
352115,Ipiguá,SP,São Paulo,SUDESTE,7115,2,2,2.8109627547434997,3557.5,0.0,7037,2356.0,33.480176211453745,6,59.5,2,0,35.0,40.0,71.0,65.0,59.0,87.0
352120,Iporanga,SP,São Paulo,SUDESTE,4083,2,2,4.898359049718344,2041.5,0.0,4091,2183.0,53.361036421412855,6,61.666666666666664,2,1,39.0,17.0,73.0,67.0,80.0,94.0
352130,Ipuã,SP,São Paulo,SUDESTE,14701,7,7,4.761580844840487,2100.1428571428573,0.0,14691,5659.0,38.52018242461371,6,63.166666666666664,1,0,43.0,50.0,71.0,73.0,63.0,79.0
352140,Iracemápolis,SP,São Paulo,SUDESTE,22500,4,4,1.777777777777778,5625.0,1.0433406899808098,22435,6334.0,28.23267216402942,6,44.5,4,0,30.0,36.0,44.0,56.0,44.0,57.0
352160,Irapuru,SP,São Paulo,SUDESTE,7120,5,5,7.022471910112359,1424.0,0.0,7145,3178.0,44.47865640307908,6,47.666666666666664,5,0,32.0,40.0,38.0,38.0,38.0,100.0
352150,Irapuã,SP,São Paulo,SUDESTE,6932,2,1,2.8851702250432774,3466.0,0.0,6946,2865.0,41.24676072559746,6,57.833333333333336,3,1,44.0,13.0,47.0,84.0,79.0,80.0
352170,Itaberá,SP,São Paulo,SUDESTE,18263,11,11,6.0231068280129225,1660.2727272727273,0.0,18258,7907.0,43.307043487786174,6,59.666666666666664,3,1,24.0,45.0,38.0,87.0,77.0,87.0
352190,Itajobi,SP,São Paulo,SUDESTE,17502,5,5,2.856816363844132,3500.4,0.0,17420,6597.0,37.87026406429391,6,77.16666666666667,1,0,52.0,39.0,89.0,96.0,87.0,100.0
352200,Itaju,SP,São Paulo,SUDESTE,3715,1,1,2.6917900403768504,3715.0,0.0,3702,1644.0,44.40842787682334,6,53.0,3,1,23.0,37.0,45.0,73.0,73.0,67.0
352210,Itanhaém,SP,São Paulo,SUDESTE,118495,11,11,0.9283092113591291,10772.272727272728,15.560473558190045,117435,51925.0,44.21594924852046,6,22.166666666666668,5,5,18.0,2.0,17.0,22.0,9.0,65.0
352215,Itaoca,SP,São Paulo,SUDESTE,3497,1,1,2.8595939376608523,3497.0,0.0,3490,1809.0,51.83381088825215,6,43.166666666666664,4,2,36.0,14.0,44.0,56.0,22.0,87.0
352220,Itapecerica da Serra,SP,São Paulo,SUDESTE,163003,16,16,0.9815770261897021,10187.6875,20.536873888397416,163928,42854.0,26.141964765018788,6,48.333333333333336,3,2,19.0,7.0,36.0,80.0,59.0,89.0
352230,Itapetininga,SP,São Paulo,SUDESTE,164256,28,23,1.7046561465030197,5866.285714285715,8.817731927710573,163774,48828.0,29.8142562311478,6,69.16666666666667,2,0,36.0,35.0,70.0,97.0,82.0,95.0
352240,Itapeva,SP,São Paulo,SUDESTE,92393,27,26,2.9222993083891637,3421.962962962963,0.0,92324,35529.0,38.482951345262336,6,38.5,4,3,33.0,11.0,18.0,51.0,26.0,92.0
352250,Itapevi,SP,São Paulo,SUDESTE,242995,16,16,0.6584497623407889,15187.1875,38.4669587094172,241924,52350.0,21.63902713248789,6,35.833333333333336,5,3,15.0,15.0,29.0,73.0,36.0,47.0
352260,Itapira,SP,São Paulo,SUDESTE,74038,18,15,2.431183986601475,4113.222222222223,0.0,73919,21095.0,28.537994291048307,6,29.333333333333332,5,5,19.0,5.0,27.0,28.0,12.0,85.0
352265,Itapirapuã Paulista,SP,São Paulo,SUDESTE,4420,2,2,4.524886877828054,2210.0,0.0,4405,2781.0,63.132803632236104,6,65.66666666666667,2,1,43.0,8.0,62.0,95.0,86.0,100.0
352280,Itaporanga,SP,São Paulo,SUDESTE,14245,4,4,2.808002808002808,3561.25,0.0,14260,6997.0,49.067321178120615,6,43.166666666666664,4,2,40.0,28.0,35.0,65.0,11.0,80.0
352300,Itapura,SP,São Paulo,SUDESTE,4002,2,2,4.997501249375312,2001.0,0.0,4014,1947.0,48.50523168908819,6,48.833333333333336,3,1,34.0,20.0,63.0,63.0,44.0,69.0
352290,Itapuí,SP,São Paulo,SUDESTE,14035,4,4,2.8500178126113287,3508.75,0.0,13984,4487.0,32.0866704805492,6,39.5,4,3,7.0,7.0,29.0,64.0,45.0,85.0
352310,Itaquaquecetuba,SP,São Paulo,SUDESTE,382983,19,19,0.4961055712655653,20157.0,66.84505544315202,382521,76346.0,19.958642793467547,6,33.333333333333336,5,4,12.0,9.0,27.0,41.0,23.0,88.0
352320,Itararé,SP,São Paulo,SUDESTE,45213,10,9,2.2117532568066705,4521.3,0.1344250051601056,45327,10929.0,24.11145674763386,6,40.666666666666664,4,3,23.0,22.0,28.0,51.0,41.0,79.0
352330,Itariri,SP,São Paulo,SUDESTE,15916,8,8,5.026388539834128,1989.5,0.0,15762,6802.0,43.15442202766147,6,44.333333333333336,4,2,24.0,10.0,46.0,37.0,63.0,86.0
352340,Itatiba,SP,São Paulo,SUDESTE,127112,25,25,1.9667694631506072,5084.48,3.4919609682151442,126403,34019.0,26.91312706185771,6,55.5,2,1,32.0,22.0,64.0,64.0,58.0,93.0
352350,Itatinga,SP,São Paulo,SUDESTE,19462,4,4,2.055287226389888,4865.5,0.36237762259584533,19427,6264.0,32.24378442374016,6,50.0,4,2,28.0,20.0,42.0,71.0,39.0,100.0
352180,Itaí,SP,São Paulo,SUDESTE,25979,9,8,3.4643365795450167,2886.5555555555557,0.0,25930,7405.0,28.557655225607405,6,53.666666666666664,3,2,29.0,23.0,57.0,70.0,49.0,94.0
352360,Itirapina,SP,São Paulo,SUDESTE,16454,8,7,4.862039625622949,2056.75,0.0,16433,5344.0,32.519929410332864,6,31.666666666666668,5,4,27.0,6.0,24.0,35.0,22.0,76.0
352370,Itirapuã,SP,São Paulo,SUDESTE,5857,3,3,5.122076148198737,1952.3333333333333,0.0,5861,3141.0,53.59153728032759,6,66.5,2,1,35.0,29.0,76.0,88.0,76.0,95.0
352380,Itobi,SP,São Paulo,SUDESTE,8227,2,2,2.4310198128114746,4113.5,0.0,8210,2894.0,35.249695493300855,6,56.166666666666664,2,1,21.0,41.0,63.0,83.0,58.0,71.0
352390,Itu,SP,São Paulo,SUDESTE,175047,18,18,1.028295257845036,9724.833333333334,21.23651812262537,174561,40241.0,23.05268645344607,6,60.5,2,0,42.0,32.0,52.0,88.0,57.0,92.0
352400,Itupeva,SP,São Paulo,SUDESTE,74994,14,13,1.8668160119476225,5356.714285714285,2.8097907424187047,74119,14157.0,19.100365628246468,6,36.0,4,4,21.0,5.0,29.0,21.0,53.0,87.0
352410,Ituverava,SP,São Paulo,SUDESTE,38413,13,13,3.3842709499388226,2954.846153846154,0.0,38451,13848.0,36.01466801903722,6,48.333333333333336,3,1,37.0,20.0,63.0,58.0,46.0,66.0
352270,Itápolis,SP,São Paulo,SUDESTE,40445,8,8,1.9779948077636298,5055.625,1.0656850758343928,40464,10952.0,27.066034005535784,6,48.833333333333336,3,2,24.0,6.0,52.0,66.0,48.0,97.0
352420,Jaborandi,SP,São Paulo,SUDESTE,6280,2,2,3.184713375796178,3140.0,0.0,6293,2594.0,41.22040362307325,6,77.33333333333333,1,0,37.0,79.0,89.0,100.0,83.0,76.0
352430,Jaboticabal,SP,São Paulo,SUDESTE,73473,12,12,1.6332530317259402,6122.75,4.468860911776002,73467,18665.0,25.405964582737827,6,45.333333333333336,4,2,41.0,23.0,20.0,63.0,39.0,86.0
352440,Jacareí,SP,São Paulo,SUDESTE,250952,19,19,0.7571168988491823,13208.0,37.25050812586952,249968,75765.0,30.309879664597066,6,39.5,5,1,29.0,30.0,39.0,49.0,30.0,60.0
352450,Jaci,SP,São Paulo,SUDESTE,7944,3,3,3.7764350453172204,2648.0,0.0,7878,2775.0,35.224676313785224,6,52.333333333333336,3,0,37.0,58.0,47.0,50.0,44.0,78.0
352460,Jacupiranga,SP,São Paulo,SUDESTE,16216,8,8,4.933399111988161,2027.0,0.0,16254,7169.0,44.106066199089454,6,67.83333333333333,1,1,51.0,27.0,78.0,95.0,82.0,74.0
352470,Jaguariúna,SP,São Paulo,SUDESTE,62309,13,13,2.0863759649488838,4793.0,0.9664673356450793,61801,16631.0,26.910567790165207,6,52.333333333333336,2,0,40.0,30.0,53.0,66.0,54.0,71.0
352480,Jales,SP,São Paulo,SUDESTE,50078,12,12,2.3962618315427933,4173.166666666667,0.0,50017,16671.0,33.33066757302517,6,44.833333333333336,4,2,22.0,18.0,40.0,51.0,40.0,98.0
352490,Jambeiro,SP,São Paulo,SUDESTE,6611,3,2,4.537891393132657,2203.6666666666665,0.0,6575,2343.0,35.634980988593156,6,20.5,6,4,18.0,0.0,37.0,21.0,5.0,42.0
352500,Jandira,SP,São Paulo,SUDESTE,121550,10,10,0.8227067050596462,12155.0,17.245247149651888,121988,20260.0,16.608190969603566,6,36.0,5,3,14.0,22.0,32.0,80.0,20.0,48.0
352510,Jardinópolis,SP,São Paulo,SUDESTE,47125,12,12,2.546419098143236,3927.0833333333335,0.0,46868,15753.0,33.61141930528292,6,58.333333333333336,2,1,42.0,28.0,61.0,72.0,59.0,88.0
352520,Jarinu,SP,São Paulo,SUDESTE,40007,5,5,1.249781288274552,8001.4,3.9675080437361,39531,10307.0,26.073208368116163,6,39.666666666666664,5,2,18.0,8.0,36.0,41.0,41.0,94.0
352530,Jaú,SP,São Paulo,SUDESTE,137409,21,20,1.5282841735257517,6543.285714285715,9.800017816425468,137323,27823.0,20.260990511421976,6,49.5,3,2,20.0,7.0,46.0,76.0,75.0,73.0
352540,Jeriquara,SP,São Paulo,SUDESTE,4000,2,2,5.0,2000.0,0.0,3976,1658.0,41.70020120724346,6,69.66666666666667,1,0,38.0,66.0,71.0,86.0,57.0,100.0
352550,Joanópolis,SP,São Paulo,SUDESTE,13131,3,2,2.284669865204478,4377.0,0.0,13095,4478.0,34.19625811378389,6,65.0,2,0,38.0,32.0,74.0,86.0,64.0,96.0
352570,José Bonifácio,SP,São Paulo,SUDESTE,37992,10,10,2.6321330806485577,3799.2,0.0,37859,10255.0,27.08735043186561,6,44.333333333333336,5,1,24.0,37.0,47.0,39.0,46.0,73.0
352560,João Ramalho,SP,São Paulo,SUDESTE,4464,3,3,6.720430107526882,1488.0,0.0,4456,1848.0,41.4721723518851,6,81.5,1,0,48.0,57.0,92.0,100.0,92.0,100.0
352585,Jumirim,SP,São Paulo,SUDESTE,3132,1,1,3.1928480204342273,3132.0,0.0,3123,1153.0,36.91962856227986,6,66.66666666666667,1,0,54.0,45.0,67.0,67.0,67.0,100.0
352590,Jundiaí,SP,São Paulo,SUDESTE,463039,40,39,0.8638581199423806,11575.975,63.78948576657886,460313,97412.0,21.162122295047066,6,36.666666666666664,4,2,28.0,26.0,30.0,50.0,34.0,52.0
352600,Junqueirópolis,SP,São Paulo,SUDESTE,20939,11,11,5.253354983523568,1903.5454545454545,0.0,20878,8067.0,38.6387585017722,6,45.666666666666664,5,0,40.0,45.0,43.0,43.0,37.0,66.0
352620,Juquitiba,SP,São Paulo,SUDESTE,27969,9,9,3.217848332081948,3107.6666666666665,0.0,28007,14441.0,51.562109472631846,6,43.333333333333336,4,2,36.0,22.0,27.0,62.0,47.0,66.0
352610,Juquiá,SP,São Paulo,SUDESTE,17184,8,8,4.655493482309125,2148.0,0.0,17255,8404.0,48.7047232686178,6,54.666666666666664,4,0,40.0,38.0,49.0,76.0,49.0,76.0
352580,Júlio Mesquita,SP,São Paulo,SUDESTE,4302,2,2,4.6490004649000465,2151.0,0.0,4308,2461.0,57.12627669452181,6,33.5,5,3,31.0,45.0,25.0,6.0,25.0,69.0
352630,Lagoinha,SP,São Paulo,SUDESTE,5183,4,4,7.717538105344395,1295.75,0.0,5182,2592.0,50.019297568506374,6,58.166666666666664,3,1,36.0,12.0,47.0,93.0,67.0,94.0
352640,Laranjal Paulista,SP,São Paulo,SUDESTE,27044,8,8,2.9581422866439877,3380.5,0.0,27009,12079.0,44.722129660483546,6,46.833333333333336,2,1,23.0,53.0,52.0,52.0,40.0,61.0
352660,Lavrinhas,SP,São Paulo,SUDESTE,7348,5,4,6.804572672836146,1469.6,0.0,7328,3168.0,43.23144104803494,6,40.0,4,3,23.0,3.0,14.0,55.0,45.0,100.0
352650,Lavínia,SP,São Paulo,SUDESTE,9940,6,6,6.036217303822937,1656.6666666666667,0.0,9909,2076.0,20.950650923402968,6,66.16666666666667,2,0,34.0,49.0,57.0,100.0,57.0,100.0
352670,Leme,SP,São Paulo,SUDESTE,101537,19,19,1.8712390557136807,5344.0526315789475,3.759363717270289,101316,30086.0,29.695211022938135,6,53.833333333333336,2,2,20.0,22.0,52.0,72.0,63.0,94.0
352680,Lençóis Paulista,SP,São Paulo,SUDESTE,68568,13,13,1.8959281297398203,5274.461538461538,2.369412641360186,68395,18486.0,27.02829154177937,6,43.666666666666664,3,3,29.0,23.0,3.0,74.0,58.0,75.0
352690,Limeira,SP,São Paulo,SUDESTE,301292,34,34,1.1284733746664366,8861.529411764706,33.534142362919916,300728,76921.0,25.57826341411508,6,47.833333333333336,3,0,33.0,36.0,51.0,60.0,42.0,65.0
352700,Lindóia,SP,São Paulo,SUDESTE,7158,4,4,5.588153115395362,1789.5,0.0,7147,2599.0,36.364908353155165,6,75.0,1,0,55.0,36.0,94.0,97.0,94.0,74.0
352710,Lins,SP,São Paulo,SUDESTE,76844,14,14,1.8218728853261155,5488.857142857143,3.2244654213726807,76729,16132.0,21.024645179788607,6,45.0,3,1,30.0,22.0,50.0,53.0,41.0,74.0
352720,Lorena,SP,São Paulo,SUDESTE,87468,21,18,2.400878035395802,4165.142857142857,0.0,87370,28317.0,32.41043836557171,6,49.333333333333336,4,2,28.0,25.0,46.0,58.0,45.0,94.0
352725,Lourdes,SP,São Paulo,SUDESTE,1962,2,2,10.193679918450561,981.0,0.0,1968,1234.0,62.70325203252033,6,64.83333333333333,1,0,50.0,30.0,78.0,89.0,67.0,75.0
352730,Louveira,SP,São Paulo,SUDESTE,54865,7,7,1.2758589264558462,7837.857142857143,5.297906086924317,54111,12965.0,23.960008131433536,6,54.333333333333336,2,1,42.0,24.0,56.0,60.0,50.0,94.0
352750,Lucianópolis,SP,São Paulo,SUDESTE,2423,1,1,4.127115146512588,2423.0,0.0,2419,1190.0,49.19388176932617,6,70.16666666666667,1,0,55.0,36.0,80.0,80.0,80.0,90.0
352740,Lucélia,SP,São Paulo,SUDESTE,20378,11,7,5.397978211797036,1852.5454545454545,0.0,20372,6317.0,31.00824661299823,6,48.166666666666664,3,2,28.0,9.0,41.0,76.0,68.0,67.0
352770,Luiziânia,SP,São Paulo,SUDESTE,4740,1,1,2.109704641350211,4740.0,0.062463772022623945,4751,2361.0,49.69480109450642,6,58.333333333333336,1,1,20.0,53.0,65.0,65.0,53.0,94.0
352780,Lupércio,SP,São Paulo,SUDESTE,4004,1,1,2.4975024975024973,4004.0,0.0,4017,1830.0,45.556385362210605,6,49.333333333333336,2,1,30.0,4.0,60.0,50.0,60.0,92.0
352790,Lutécia,SP,São Paulo,SUDESTE,2697,1,1,3.707823507601038,2697.0,0.0,2699,1132.0,41.9414597999259,6,41.5,3,2,10.0,11.0,33.0,56.0,89.0,50.0
352760,Luís Antônio,SP,São Paulo,SUDESTE,12564,9,8,7.163323782234957,1396.0,0.0,12531,2638.0,21.05179155693879,6,33.333333333333336,5,5,19.0,26.0,13.0,17.0,25.0,100.0
352800,Macatuba,SP,São Paulo,SUDESTE,17140,4,4,2.3337222870478413,4285.0,0.0,17120,5195.0,30.3446261682243,6,40.5,3,2,24.0,17.0,33.0,52.0,51.0,66.0
352810,Macaubal,SP,São Paulo,SUDESTE,7581,2,2,2.6381743833267377,3790.5,0.0,7587,3481.0,45.88111242915514,6,59.166666666666664,2,1,36.0,27.0,68.0,72.0,56.0,96.0
352820,Macedônia,SP,São Paulo,SUDESTE,4058,1,1,2.4642681123706263,4058.0,0.0,4048,1683.0,41.57608695652174,6,59.333333333333336,2,1,37.0,19.0,57.0,86.0,57.0,100.0
352830,Magda,SP,São Paulo,SUDESTE,3211,1,1,3.1142946122703212,3211.0,0.0,3212,1290.0,40.16189290161893,6,49.0,4,2,48.0,66.0,40.0,20.0,20.0,100.0
352840,Mairinque,SP,São Paulo,SUDESTE,51888,18,14,3.469010175763182,2882.6666666666665,0.0,51660,13456.0,26.047231900890438,6,50.0,3,2,23.0,16.0,44.0,72.0,52.0,93.0
352850,Mairiporã,SP,São Paulo,SUDESTE,97835,18,18,1.8398323708284356,5435.277777777777,3.9295660624121127,97399,30241.0,31.048573393977353,6,29.5,5,3,31.0,6.0,16.0,34.0,24.0,66.0
352860,Manduri,SP,São Paulo,SUDESTE,10122,2,2,1.9758940920766648,5061.0,0.2688308650660336,10092,3500.0,34.68093539437178,6,57.833333333333336,2,1,27.0,38.0,61.0,79.0,73.0,69.0
352870,Marabá Paulista,SP,São Paulo,SUDESTE,4619,2,2,4.329941545789132,2309.5,0.0,4627,2002.0,43.267776096823,6,62.5,2,2,23.0,11.0,82.0,91.0,91.0,77.0
352880,Maracaí,SP,São Paulo,SUDESTE,12804,5,5,3.9050296782255547,2560.8,0.0,12826,4406.0,34.352097302354586,6,53.0,3,3,20.0,14.0,28.0,82.0,74.0,100.0
352885,Marapoama,SP,São Paulo,SUDESTE,3415,1,1,2.9282576866764276,3415.0,0.0,3392,1433.0,42.24646226415094,6,46.5,5,1,47.0,44.0,22.0,33.0,33.0,100.0
352910,Marinópolis,SP,São Paulo,SUDESTE,1862,2,2,10.741138560687432,931.0,0.0,1870,827.0,44.224598930481285,6,74.66666666666667,2,1,44.0,4.0,100.0,100.0,100.0,100.0
352890,Mariápolis,SP,São Paulo,SUDESTE,3526,2,2,5.672149744753262,1763.0,0.0,3539,1544.0,43.62814354337383,6,58.666666666666664,2,2,23.0,29.0,57.0,86.0,57.0,100.0
352920,Martinópolis,SP,São Paulo,SUDESTE,25240,14,14,5.546751188589541,1802.857142857143,0.0,25299,9296.0,36.74453535712874,6,53.333333333333336,3,1,34.0,26.0,42.0,68.0,58.0,92.0
352900,Marília,SP,São Paulo,SUDESTE,247348,60,60,2.425732166825687,4122.466666666666,0.0,246627,60680.0,24.60395658220714,6,44.333333333333336,5,2,26.0,19.0,40.0,43.0,47.0,91.0
352930,Matão,SP,São Paulo,SUDESTE,81075,19,19,2.343509096515572,4267.105263157895,0.0,80998,26587.0,32.82426726585842,6,45.5,4,2,28.0,50.0,36.0,41.0,27.0,91.0
352940,Mauá,SP,São Paulo,SUDESTE,429014,25,25,0.5827315658696453,17160.56,71.16283390095232,429380,100795.0,23.474544692347106,6,41.333333333333336,5,2,28.0,7.0,47.0,41.0,36.0,89.0
352950,Mendonça,SP,São Paulo,SUDESTE,6420,2,2,3.1152647975077885,3210.0,0.0,6369,2289.0,35.939707960433346,6,53.5,3,0,40.0,38.0,52.0,57.0,43.0,91.0
352960,Meridiano,SP,São Paulo,SUDESTE,4721,1,1,2.1181952976064395,4721.0,0.05820495099552893,4697,1763.0,37.534596550989995,6,56.666666666666664,3,1,30.0,10.0,91.0,45.0,64.0,100.0
352965,Mesópolis,SP,São Paulo,SUDESTE,1990,1,1,5.025125628140704,1990.0,0.0,1988,954.0,47.987927565392354,6,71.33333333333333,1,0,30.0,53.0,78.0,89.0,78.0,100.0
352970,Miguelópolis,SP,São Paulo,SUDESTE,19621,10,9,5.096580194689363,1962.1,0.0,19655,7229.0,36.77944543373187,6,40.166666666666664,6,0,41.0,30.0,39.0,43.0,41.0,47.0
352980,Mineiros do Tietê,SP,São Paulo,SUDESTE,11322,3,3,2.6497085320614735,3774.0,0.0,11349,4780.0,42.118248303815314,6,34.166666666666664,5,4,15.0,22.0,5.0,29.0,39.0,95.0
353000,Mira Estrela,SP,São Paulo,SUDESTE,3209,2,2,6.232471174820816,1604.5,0.0,3199,1449.0,45.29540481400438,6,68.66666666666667,2,1,48.0,26.0,50.0,100.0,88.0,100.0
352990,Miracatu,SP,São Paulo,SUDESTE,18610,10,10,5.373455131649651,1861.0,0.0,18679,7935.0,42.48086085978907,6,38.166666666666664,5,1,34.0,12.0,42.0,44.0,41.0,56.0
353010,Mirandópolis,SP,São Paulo,SUDESTE,28754,8,8,2.782221603950755,3594.25,0.0,28737,9176.0,31.93096008629989,6,39.5,5,2,28.0,35.0,21.0,40.0,41.0,72.0
353020,Mirante do Paranapanema,SP,São Paulo,SUDESTE,16031,10,9,6.237914041544507,1603.1,0.0,16069,7449.0,46.35633829111955,6,77.0,1,0,49.0,50.0,96.0,98.0,73.0,96.0
353030,Mirassol,SP,São Paulo,SUDESTE,65811,7,6,1.06365197307441,9401.57142857143,7.751435295481203,65485,13746.0,20.99106665648622,6,76.16666666666667,2,0,42.0,44.0,94.0,100.0,82.0,95.0
353040,Mirassolândia,SP,São Paulo,SUDESTE,4783,1,1,2.090738030524775,4783.0,0.0721021564523651,4771,2147.0,45.0010479983232,6,73.0,2,1,46.0,25.0,87.0,93.0,87.0,100.0
353050,Mococa,SP,São Paulo,SUDESTE,69372,20,14,2.88300755347979,3468.6,0.0,69324,21711.0,31.318158213605678,6,50.666666666666664,2,2,23.0,11.0,59.0,62.0,56.0,93.0
353070,Mogi Guaçu,SP,São Paulo,SUDESTE,160318,27,25,1.6841527464164971,5937.7037037037035,8.935035232726378,159735,49234.0,30.82229943343663,6,47.5,4,2,27.0,28.0,45.0,56.0,42.0,87.0
353080,Mogi Mirim,SP,São Paulo,SUDESTE,95742,14,14,1.462263165590859,6838.714285714285,7.460423304006341,95534,19865.0,20.7936441476333,6,50.0,3,1,33.0,16.0,53.0,67.0,41.0,90.0
353060,Mogi das Cruzes,SP,São Paulo,SUDESTE,470302,37,36,0.786728527626929,12710.864864864865,68.41747614130466,468120,117950.0,25.196530804067336,6,59.166666666666664,3,0,48.0,30.0,58.0,81.0,48.0,90.0
353090,Mombuca,SP,São Paulo,SUDESTE,3830,2,2,5.221932114882506,1915.0,0.0,3815,1841.0,48.25688073394495,6,45.666666666666664,4,1,40.0,5.0,38.0,94.0,44.0,53.0
353110,Mongaguá,SP,São Paulo,SUDESTE,64845,11,11,1.6963528413910094,5895.0,3.534907868524694,64519,23979.0,37.16579612207257,6,32.666666666666664,5,4,19.0,5.0,25.0,83.0,27.0,37.0
353120,Monte Alegre do Sul,SP,São Paulo,SUDESTE,8923,3,3,3.362097949120251,2974.3333333333335,0.0,8873,3083.0,34.745858221571055,6,51.166666666666664,2,2,26.0,22.0,71.0,62.0,71.0,55.0
353130,Monte Alto,SP,São Paulo,SUDESTE,48758,10,10,2.0509454858689855,4875.8,0.9290313494259707,48725,10966.0,22.50590046177527,6,47.0,3,2,16.0,13.0,69.0,48.0,59.0,77.0
353140,Monte Aprazível,SP,São Paulo,SUDESTE,22668,7,7,3.0880536439032995,3238.285714285714,0.0,22650,8134.0,35.91169977924945,6,70.16666666666667,2,2,26.0,29.0,96.0,90.0,80.0,100.0
353150,Monte Azul Paulista,SP,São Paulo,SUDESTE,18337,10,10,5.4534547635927355,1833.7,0.0,18363,6262.0,34.10118172411915,6,54.166666666666664,3,0,37.0,44.0,34.0,59.0,69.0,82.0
353160,Monte Castelo,SP,São Paulo,SUDESTE,4306,2,2,4.644681839294009,2153.0,0.0,4301,1953.0,45.40804464078121,6,64.66666666666667,2,0,32.0,36.0,86.0,86.0,86.0,62.0
353180,Monte Mor,SP,São Paulo,SUDESTE,67832,12,11,1.7690765420450525,5652.666666666667,3.204439363679035,67296,18482.0,27.463742272943414,6,38.666666666666664,5,3,26.0,5.0,31.0,47.0,29.0,94.0
353170,Monteiro Lobato,SP,São Paulo,SUDESTE,4205,2,2,4.756242568370987,2102.5,0.0,4205,2123.0,50.48751486325802,6,43.166666666666664,3,2,30.0,5.0,14.0,79.0,64.0,67.0
353100,Monções,SP,São Paulo,SUDESTE,1947,1,1,5.136106831022086,1947.0,0.0,1954,942.0,48.20880245649949,6,52.5,3,2,37.0,12.0,83.0,83.0,100.0,0.0
353190,Morro Agudo,SP,São Paulo,SUDESTE,28521,13,13,4.558044949335577,2193.923076923077,0.0,28561,10888.0,38.12191449879206,6,48.666666666666664,4,0,38.0,33.0,47.0,57.0,49.0,68.0
353200,Morungaba,SP,São Paulo,SUDESTE,14147,6,5,4.241181876016117,2357.8333333333335,0.0,14081,3585.0,25.459839500035507,6,57.0,3,1,35.0,27.0,74.0,74.0,35.0,97.0
353205,Motuca,SP,São Paulo,SUDESTE,4071,2,2,4.912797838368951,2035.5,0.0,4079,1638.0,40.15690120127483,6,26.333333333333332,5,4,10.0,11.0,8.0,0.0,38.0,91.0
353210,Murutinga do Sul,SP,São Paulo,SUDESTE,3748,2,1,5.3361792956243335,1874.0,0.0,3763,1973.0,52.431570555407916,6,69.33333333333333,2,0,44.0,39.0,100.0,100.0,63.0,70.0
353215,Nantes,SP,São Paulo,SUDESTE,2697,2,2,7.415647015202076,1348.5,0.0,2699,1040.0,38.53278992219341,6,71.33333333333333,1,0,39.0,59.0,80.0,70.0,80.0,100.0
353220,Narandiba,SP,São Paulo,SUDESTE,5956,3,3,5.0369375419744795,1985.3333333333333,0.0,5908,2104.0,35.61272850372376,6,75.0,1,0,41.0,57.0,80.0,100.0,72.0,100.0
353230,Natividade da Serra,SP,São Paulo,SUDESTE,7155,4,4,5.590496156533892,1788.75,0.0,7134,2049.0,28.72161480235492,6,62.5,2,2,25.0,21.0,78.0,89.0,67.0,95.0
353240,Nazaré Paulista,SP,São Paulo,SUDESTE,18675,4,4,2.14190093708166,4668.75,0.18597277268407222,18620,5552.0,29.81740064446831,6,58.0,3,1,34.0,24.0,57.0,90.0,43.0,100.0
353250,Neves Paulista,SP,São Paulo,SUDESTE,9953,4,4,4.01888877725309,2488.25,0.0,9921,2776.0,27.981050297349057,6,57.833333333333336,3,1,44.0,33.0,8.0,85.0,77.0,100.0
353260,Nhandeara,SP,São Paulo,SUDESTE,9915,5,5,5.0428643469490675,1983.0,0.0,9944,4151.0,41.74376508447305,6,55.666666666666664,2,0,51.0,38.0,45.0,50.0,50.0,100.0
353270,Nipoã,SP,São Paulo,SUDESTE,4876,1,1,2.0508613617719442,4876.0,0.09294796463761905,4860,2346.0,48.27160493827161,6,78.33333333333333,1,0,42.0,81.0,87.0,73.0,87.0,100.0
353280,Nova Aliança,SP,São Paulo,SUDESTE,6885,2,2,2.904865649963689,3442.5,0.0,6858,2865.0,41.77602799650044,6,41.666666666666664,5,0,35.0,30.0,50.0,44.0,47.0,44.0
353282,Nova Campina,SP,São Paulo,SUDESTE,8630,6,6,6.952491309385864,1438.3333333333333,0.0,8631,5018.0,58.13926543853552,6,60.5,2,1,30.0,25.0,53.0,89.0,66.0,100.0
353284,Nova Canaã Paulista,SP,São Paulo,SUDESTE,2055,2,2,9.732360097323602,1027.5,0.0,2058,1035.0,50.29154518950437,6,74.5,1,0,51.0,63.0,100.0,100.0,33.0,100.0
353286,Nova Castilho,SP,São Paulo,SUDESTE,1072,1,1,9.328358208955224,1072.0,0.0,1074,539.0,50.18621973929237,6,71.0,1,0,41.0,51.0,67.0,100.0,67.0,100.0
353290,Nova Europa,SP,São Paulo,SUDESTE,9459,5,5,5.285971032878741,1891.8,0.0,9459,3168.0,33.4919124643197,6,39.5,5,2,26.0,33.0,18.0,37.0,32.0,91.0
353300,Nova Granada,SP,São Paulo,SUDESTE,19733,2,2,1.0135306339634116,9866.5,2.4231218593507253,19725,6012.0,30.479087452471482,6,69.0,2,0,34.0,32.0,87.0,93.0,78.0,90.0
353310,Nova Guataporanga,SP,São Paulo,SUDESTE,2188,2,2,9.140767824497258,1094.0,0.0,2188,1146.0,52.37659963436929,6,61.166666666666664,2,1,26.0,41.0,60.0,80.0,60.0,100.0
353320,Nova Independência,SP,São Paulo,SUDESTE,4847,3,3,6.1893955023726015,1615.6666666666667,0.0,4795,1810.0,37.747653806047964,6,77.66666666666667,1,0,45.0,52.0,100.0,100.0,69.0,100.0
353330,Nova Luzitânia,SP,São Paulo,SUDESTE,2817,1,1,3.549875754348598,2817.0,0.0,2838,1367.0,48.1677237491191,6,29.0,5,4,19.0,40.0,20.0,0.0,20.0,75.0
353340,Nova Odessa,SP,São Paulo,SUDESTE,64596,7,7,1.083658430862592,9228.0,7.47909489822224,64228,16014.0,24.933051005791867,6,52.333333333333336,3,2,17.0,28.0,57.0,73.0,48.0,91.0
353325,Novais,SP,São Paulo,SUDESTE,4463,1,1,2.2406453058480844,4463.0,0.000374644417082346,4469,1878.0,42.022823897963754,6,56.666666666666664,3,1,34.0,26.0,55.0,35.0,90.0,100.0
353350,Novo Horizonte,SP,São Paulo,SUDESTE,39494,8,8,2.0256241454398136,4936.75,0.8525198760045382,39435,13676.0,34.67985292253075,6,48.333333333333336,3,0,34.0,39.0,52.0,53.0,44.0,68.0
353360,Nuporanga,SP,São Paulo,SUDESTE,7570,7,7,9.247027741083224,1081.4285714285713,0.0,7550,3048.0,40.37086092715232,6,48.5,3,2,28.0,16.0,54.0,39.0,54.0,100.0
353370,Ocauçu,SP,São Paulo,SUDESTE,4418,2,2,4.526935264825713,2209.0,0.0,4412,2052.0,46.50951949229374,6,46.0,3,3,21.0,18.0,13.0,75.0,63.0,86.0
353390,Olímpia,SP,São Paulo,SUDESTE,56874,9,9,1.5824454056335058,6319.333333333333,3.748220373420825,56701,18072.0,31.872453748611136,6,52.5,2,2,25.0,17.0,64.0,63.0,55.0,91.0
353400,Onda Verde,SP,São Paulo,SUDESTE,4942,2,2,4.046944556859571,2471.0,0.0,4912,2009.0,40.899837133550484,6,65.5,2,0,38.0,30.0,75.0,90.0,60.0,100.0
353410,Oriente,SP,São Paulo,SUDESTE,6180,4,4,6.472491909385114,1545.0,0.0,6180,2337.0,37.81553398058252,6,45.833333333333336,3,1,30.0,20.0,65.0,70.0,40.0,50.0
353420,Orindiúva,SP,São Paulo,SUDESTE,6157,1,1,1.6241676140977748,6157.0,0.3800821612538599,6145,1997.0,32.4979658258747,6,71.16666666666667,0,0,56.0,50.0,83.0,75.0,71.0,92.0
353430,Orlândia,SP,São Paulo,SUDESTE,39144,9,8,2.299202942979767,4349.333333333333,0.0,39193,7347.0,18.74569438420126,6,23.833333333333332,5,5,9.0,9.0,14.0,17.0,18.0,76.0
353440,Osasco,SP,São Paulo,SUDESTE,759524,38,37,0.5003133541533908,19987.473684210527,132.24614640964376,756952,223017.0,29.462502245849144,6,40.0,4,2,23.0,37.0,29.0,50.0,34.0,67.0
353450,Oscar Bressane,SP,São Paulo,SUDESTE,2502,1,1,3.996802557953637,2502.0,0.0,2504,1319.0,52.67571884984026,6,30.833333333333332,6,3,46.0,31.0,25.0,25.0,25.0,33.0
353460,Osvaldo Cruz,SP,São Paulo,SUDESTE,32112,10,10,3.114100647732935,3211.2,0.0,32099,10218.0,31.832767375930715,6,36.5,4,3,14.0,12.0,23.0,58.0,44.0,68.0
353470,Ourinhos,SP,São Paulo,SUDESTE,106911,18,18,1.6836434043269637,5939.5,5.963937622512814,106877,27665.0,25.884895721249663,6,54.0,3,2,22.0,17.0,49.0,79.0,65.0,92.0
353480,Ouro Verde,SP,São Paulo,SUDESTE,7900,4,4,5.063291139240507,1975.0,0.0,7901,3801.0,48.10783445133527,6,68.0,2,1,24.0,42.0,96.0,96.0,81.0,69.0
353475,Ouroeste,SP,São Paulo,SUDESTE,10660,3,3,2.8142589118198873,3553.3333333333335,0.0,10596,4014.0,37.88221970554926,6,59.0,1,0,52.0,69.0,54.0,57.0,49.0,73.0
353490,Pacaembu,SP,São Paulo,SUDESTE,15273,9,9,5.892751915144372,1697.0,0.0,15217,4213.0,27.686140500755734,6,47.0,3,1,28.0,30.0,46.0,58.0,62.0,58.0
353500,Palestina,SP,São Paulo,SUDESTE,11704,1,1,0.8544087491455913,11704.0,1.6234337526904623,11689,4734.0,40.49961502267089,6,60.166666666666664,2,0,53.0,65.0,49.0,51.0,43.0,100.0
353510,Palmares Paulista,SP,São Paulo,SUDESTE,9666,4,4,4.138216428719222,2416.5,0.0,9709,2919.0,30.0648882480173,6,36.166666666666664,5,2,31.0,25.0,35.0,44.0,26.0,56.0
353520,Palmeira d'Oeste,SP,São Paulo,SUDESTE,8971,4,3,4.458811726674841,2242.75,0.0,8994,3806.0,42.31710028908161,6,70.66666666666667,2,1,42.0,15.0,89.0,94.0,94.0,90.0
353530,Palmital,SP,São Paulo,SUDESTE,19714,6,6,3.0435223698894185,3285.6666666666665,0.0,19767,8527.0,43.13755248646734,6,57.666666666666664,2,0,44.0,34.0,70.0,73.0,52.0,73.0
353540,Panorama,SP,São Paulo,SUDESTE,15227,6,6,3.940369081237276,2537.8333333333335,0.0,15214,6226.0,40.92283423162876,6,73.5,2,0,38.0,34.0,81.0,98.0,92.0,98.0
353550,Paraguaçu Paulista,SP,São Paulo,SUDESTE,42049,13,13,3.0916311921805515,3234.5384615384614,0.0,42087,16385.0,38.93126143464728,6,53.833333333333336,3,0,41.0,41.0,43.0,67.0,59.0,72.0
353560,Paraibuna,SP,São Paulo,SUDESTE,17959,7,7,3.8977671362548025,2565.5714285714284,0.0,17950,7203.0,40.128133704735376,6,59.666666666666664,2,1,39.0,12.0,68.0,81.0,60.0,98.0
353580,Paranapanema,SP,São Paulo,SUDESTE,19853,7,7,3.525915478768952,2836.1428571428573,0.0,19799,7531.0,38.03727460982878,6,55.0,3,2,28.0,13.0,46.0,71.0,76.0,96.0
353590,Paranapuã,SP,São Paulo,SUDESTE,4118,1,1,2.4283632831471587,4118.0,0.0,4111,2089.0,50.814886888834835,6,53.666666666666664,2,2,24.0,27.0,57.0,64.0,50.0,100.0
353600,Parapuã,SP,São Paulo,SUDESTE,10720,4,4,3.7313432835820897,2680.0,0.0,10729,4791.0,44.65467424736695,6,68.66666666666667,2,1,32.0,17.0,86.0,90.0,93.0,94.0
353570,Paraíso,SP,São Paulo,SUDESTE,6218,3,3,4.824702476680605,2072.6666666666665,0.0,6211,2147.0,34.56770246337143,6,31.166666666666668,5,4,38.0,29.0,15.0,20.0,20.0,65.0
353610,Pardinho,SP,São Paulo,SUDESTE,7435,1,1,1.3449899125756557,7435.0,0.6665439124447698,7382,3199.0,43.33513952858304,6,64.33333333333333,2,1,30.0,13.0,81.0,100.0,65.0,97.0
353620,Pariquera-Açu,SP,São Paulo,SUDESTE,19603,9,9,4.591134010100495,2178.1111111111113,0.0,19576,7677.0,39.21638741315897,6,61.0,2,0,44.0,52.0,57.0,68.0,49.0,96.0
353625,Parisi,SP,São Paulo,SUDESTE,3030,1,1,3.3003300330033003,3030.0,0.0,3001,1699.0,56.61446184605131,6,43.166666666666664,3,1,39.0,28.0,42.0,50.0,50.0,50.0
353630,Patrocínio Paulista,SP,São Paulo,SUDESTE,14888,7,7,4.701773240193445,2126.8571428571427,0.0,14837,5489.0,36.995349464177394,6,28.5,5,4,25.0,34.0,16.0,19.0,16.0,61.0
353640,Paulicéia,SP,São Paulo,SUDESTE,8255,3,3,3.634161114476075,2751.6666666666665,0.0,8200,4047.0,49.353658536585364,6,53.5,3,0,41.0,30.0,55.0,59.0,45.0,91.0
353657,Paulistânia,SP,São Paulo,SUDESTE,2156,1,1,4.63821892393321,2156.0,0.0,2146,908.0,42.311276794035415,6,73.0,2,0,37.0,46.0,82.0,91.0,82.0,100.0
353660,Paulo de Faria,SP,São Paulo,SUDESTE,7390,2,2,2.7063599458728014,3695.0,0.0,7430,3369.0,45.34320323014805,6,60.333333333333336,2,1,23.0,44.0,74.0,74.0,63.0,84.0
353650,Paulínia,SP,São Paulo,SUDESTE,116674,12,12,1.0285067795738554,9722.833333333334,14.152299185014266,115690,17625.0,15.234678883222404,6,34.666666666666664,5,3,6.0,30.0,22.0,21.0,34.0,95.0
353670,Pederneiras,SP,São Paulo,SUDESTE,46337,14,14,3.0213436346763927,3309.785714285714,0.0,46223,13823.0,29.905025636587844,6,50.666666666666664,3,1,26.0,31.0,45.0,60.0,51.0,91.0
353680,Pedra Bela,SP,São Paulo,SUDESTE,6745,2,1,2.965159377316531,3372.5,0.0,6718,2468.0,36.73712414409051,6,58.333333333333336,3,1,39.0,26.0,33.0,100.0,57.0,95.0
353690,Pedranópolis,SP,São Paulo,SUDESTE,2856,1,1,3.5014005602240896,2856.0,0.0,2848,1247.0,43.78511235955056,6,70.0,1,0,47.0,53.0,80.0,80.0,60.0,100.0
353700,Pedregulho,SP,São Paulo,SUDESTE,15737,9,9,5.719006163817754,1748.5555555555557,0.0,15742,6512.0,41.367043577690254,6,50.666666666666664,3,0,30.0,32.0,51.0,47.0,56.0,88.0
353710,Pedreira,SP,São Paulo,SUDESTE,44385,11,11,2.478314745972739,4035.0,0.0,44332,12377.0,27.918884778489577,6,58.833333333333336,2,0,45.0,56.0,47.0,60.0,52.0,93.0
353715,Pedrinhas Paulista,SP,São Paulo,SUDESTE,2833,1,1,3.5298270384751147,2833.0,0.0,2838,1183.0,41.68428470754052,6,82.16666666666667,0,0,63.0,74.0,100.0,92.0,75.0,89.0
353720,Pedro de Toledo,SP,São Paulo,SUDESTE,11617,6,6,5.164844624257554,1936.1666666666667,0.0,11539,6106.0,52.916197244128604,6,55.666666666666664,2,1,86.0,7.0,41.0,77.0,56.0,67.0
353730,Penápolis,SP,São Paulo,SUDESTE,63426,11,9,1.734304543877905,5766.0,3.216841182343237,63317,21858.0,34.52153450100289,6,48.0,2,1,32.0,24.0,52.0,58.0,55.0,67.0
353740,Pereira Barreto,SP,São Paulo,SUDESTE,24360,6,6,2.463054187192118,4060.0,0.0,24389,8984.0,36.83627865021116,6,47.5,4,2,49.0,16.0,28.0,56.0,47.0,89.0
353750,Pereiras,SP,São Paulo,SUDESTE,9013,2,2,2.2190169754798625,4506.5,0.020250206168757195,8969,3300.0,36.79339948712231,6,68.83333333333333,1,0,34.0,74.0,86.0,55.0,64.0,100.0
353760,Peruíbe,SP,São Paulo,SUDESTE,70629,14,13,1.9821886194056266,5044.928571428572,1.8313826485624272,70543,31853.0,45.154019534184826,6,44.166666666666664,4,2,24.0,11.0,48.0,63.0,40.0,79.0
353770,Piacatu,SP,São Paulo,SUDESTE,5631,1,1,1.775883502042266,5631.0,0.26218006334586397,5623,2018.0,35.888315845634004,6,67.33333333333333,2,0,50.0,30.0,93.0,100.0,87.0,44.0
353780,Piedade,SP,São Paulo,SUDESTE,54266,9,8,1.6584970331330853,6029.555555555556,3.1636411503332718,54237,13631.0,25.13228976528938,6,34.0,5,4,17.0,14.0,12.0,41.0,24.0,96.0
353790,Pilar do Sul,SP,São Paulo,SUDESTE,28459,9,8,3.1624442179978214,3162.1111111111113,0.0,28417,8271.0,29.105816940563745,6,47.666666666666664,3,2,16.0,9.0,43.0,69.0,57.0,92.0
353800,Pindamonhangaba,SP,São Paulo,SUDESTE,172681,32,31,1.853128022191208,5396.28125,6.706182830514498,172027,53176.0,30.91142669464677,6,52.166666666666664,3,1,31.0,24.0,47.0,70.0,54.0,87.0
353810,Pindorama,SP,São Paulo,SUDESTE,14704,4,4,2.7203482045701852,3676.0,0.0,14721,5064.0,34.39983696759731,6,46.0,5,1,24.0,34.0,44.0,44.0,35.0,95.0
353820,Pinhalzinho,SP,São Paulo,SUDESTE,15676,0,0,0.0,0.0,3.5137514958284073,15605,5331.0,34.162127523229735,6,47.666666666666664,4,2,25.0,24.0,47.0,64.0,44.0,82.0
353830,Piquerobi,SP,São Paulo,SUDESTE,3287,3,3,9.126863401277761,1095.6666666666667,0.0,3296,1643.0,49.84830097087379,6,57.166666666666664,2,2,21.0,20.0,67.0,92.0,58.0,85.0
353850,Piquete,SP,São Paulo,SUDESTE,12516,5,5,3.994886545222116,2503.2,0.0,12570,5151.0,40.97852028639618,6,33.833333333333336,5,3,16.0,9.0,35.0,41.0,14.0,88.0
353860,Piracaia,SP,São Paulo,SUDESTE,26795,3,3,1.1196118678857996,8931.666666666666,3.006058390579369,26764,9509.0,35.5290688985204,6,56.166666666666664,2,0,37.0,31.0,63.0,64.0,53.0,89.0
353870,Piracicaba,SP,São Paulo,SUDESTE,440835,85,78,1.9281590617804847,5186.294117647059,13.812493025230683,438827,93631.0,21.336654307961908,6,50.5,3,2,27.0,19.0,46.0,74.0,56.0,81.0
353880,Piraju,SP,São Paulo,SUDESTE,30294,10,10,3.300983693140556,3029.4,0.0,30261,11714.0,38.70989061828756,6,55.833333333333336,2,1,46.0,28.0,59.0,56.0,50.0,96.0
353890,Pirajuí,SP,São Paulo,SUDESTE,22734,10,10,4.398697985396323,2273.4,0.0,22743,8420.0,37.022380512685224,6,46.833333333333336,4,0,33.0,40.0,56.0,38.0,40.0,74.0
353900,Pirangi,SP,São Paulo,SUDESTE,11085,3,3,2.7063599458728014,3695.0,0.0,11076,3721.0,33.59516070783676,6,66.66666666666667,0,0,58.0,70.0,61.0,61.0,50.0,100.0
353910,Pirapora do Bom Jesus,SP,São Paulo,SUDESTE,18925,4,4,2.1136063408190227,4731.25,0.24200989146163637,18836,6682.0,35.474623062221276,6,35.833333333333336,4,2,24.0,7.0,30.0,59.0,30.0,65.0
353920,Pirapozinho,SP,São Paulo,SUDESTE,26097,9,9,3.448672261179446,2899.6666666666665,0.0,26065,8003.0,30.704009207749856,6,69.5,1,0,49.0,69.0,69.0,71.0,63.0,96.0
353930,Pirassununga,SP,São Paulo,SUDESTE,75594,20,17,2.645712622694923,3779.7,0.0,75475,22295.0,29.53958264325936,6,31.5,4,3,19.0,3.0,26.0,54.0,30.0,57.0
353940,Piratininga,SP,São Paulo,SUDESTE,15657,1,1,0.6386919588682378,15657.0,2.5094926748013133,15554,5542.0,35.630705927735626,6,47.166666666666664,3,1,50.0,29.0,55.0,31.0,47.0,71.0
353950,Pitangueiras,SP,São Paulo,SUDESTE,34361,9,7,2.619248566688979,3817.8888888888887,0.0,34416,11373.0,33.04567642956764,6,65.16666666666667,1,0,45.0,51.0,77.0,73.0,57.0,88.0
353960,Planalto,SP,São Paulo,SUDESTE,4451,2,2,4.493372275893058,2225.5,0.0,4454,1781.0,39.98652896273013,6,54.666666666666664,2,1,50.0,18.0,60.0,53.0,47.0,100.0
353970,Platina,SP,São Paulo,SUDESTE,3055,1,1,3.273322422258593,3055.0,0.0,3061,1666.0,54.42665795491669,6,39.5,5,3,32.0,24.0,27.0,36.0,27.0,91.0
353990,Poloni,SP,São Paulo,SUDESTE,5702,1,1,1.75377060680463,5702.0,0.2780946050786923,5696,2886.0,50.66713483146067,6,78.83333333333333,0,0,51.0,51.0,91.0,100.0,86.0,94.0
354000,Pompéia,SP,São Paulo,SUDESTE,20520,10,10,4.8732943469785575,2052.0,0.0,20512,7659.0,37.33911856474259,6,34.0,6,2,22.0,33.0,43.0,42.0,27.0,37.0
354010,Pongaí,SP,São Paulo,SUDESTE,3440,0,0,0.0,0.0,0.7710707543792883,3443,1438.0,41.765901829799596,6,53.833333333333336,3,2,66.0,28.0,43.0,57.0,29.0,100.0
354020,Pontal,SP,São Paulo,SUDESTE,38286,14,13,3.6566891291856027,2734.714285714286,0.0,38376,11758.0,30.638941004794663,6,43.666666666666664,3,2,25.0,17.0,42.0,55.0,50.0,73.0
354025,Pontalinda,SP,São Paulo,SUDESTE,4198,1,1,2.3820867079561694,4198.0,0.0,4196,1811.0,43.16015252621545,6,77.16666666666667,1,0,38.0,51.0,100.0,87.0,87.0,100.0
354030,Pontes Gestal,SP,São Paulo,SUDESTE,2411,2,2,8.295313148071338,1205.5,0.0,2415,1225.0,50.72463768115942,6,35.5,6,1,35.0,46.0,33.0,22.0,44.0,33.0
354040,Populina,SP,São Paulo,SUDESTE,4182,1,1,2.391200382592061,4182.0,0.0,4185,1885.0,45.04181600955795,6,86.0,0,0,61.0,55.0,100.0,100.0,100.0,100.0
354050,Porangaba,SP,São Paulo,SUDESTE,10850,0,0,0.0,0.0,2.4320109549463016,10773,4507.0,41.83607166063306,6,72.5,1,0,30.0,51.0,75.0,93.0,89.0,97.0
354060,Porto Feliz,SP,São Paulo,SUDESTE,58605,13,11,2.2182407644398943,4508.076923076923,0.13622138383668245,58345,17215.0,29.505527465935383,6,49.166666666666664,3,1,30.0,24.0,49.0,62.0,55.0,75.0
354070,Porto Ferreira,SP,São Paulo,SUDESTE,53966,12,12,2.2236222806952526,4497.166666666667,0.09639660780019481,53940,16664.0,30.893585465331853,6,55.833333333333336,3,0,36.0,63.0,44.0,52.0,48.0,92.0
354075,Potim,SP,São Paulo,SUDESTE,20801,9,9,4.326715061775876,2311.222222222222,0.0,20767,6869.0,33.07651562575239,6,62.0,2,1,17.0,64.0,45.0,93.0,70.0,83.0
354080,Potirendaba,SP,São Paulo,SUDESTE,19097,5,5,2.61821228465204,3819.4,0.0,18994,6647.0,34.995261661577345,6,38.333333333333336,5,3,19.0,18.0,27.0,31.0,37.0,98.0
353980,Poá,SP,São Paulo,SUDESTE,106355,17,15,1.5984203845611396,6256.176470588235,6.8393110703515125,106431,31953.0,30.02226794824816,6,48.5,3,2,29.0,7.0,33.0,76.0,53.0,93.0
354085,Pracinha,SP,São Paulo,SUDESTE,2589,2,2,7.72499034376207,1294.5,0.0,2599,923.0,35.51365909965371,6,70.33333333333333,2,2,27.0,20.0,100.0,75.0,100.0,100.0
354090,Pradópolis,SP,São Paulo,SUDESTE,17299,3,3,1.7342042892652754,5766.333333333333,0.877544470932357,17309,3204.0,18.510601421225953,6,62.333333333333336,1,0,38.0,69.0,50.0,77.0,60.0,80.0
354100,Praia Grande,SP,São Paulo,SUDESTE,368539,32,32,0.8682934506253069,11516.84375,50.60745486865946,365577,128870.0,35.251123566307506,6,36.833333333333336,5,1,31.0,17.0,44.0,53.0,40.0,36.0
354105,Pratânia,SP,São Paulo,SUDESTE,5264,2,2,3.7993920972644375,2632.0,0.0,5246,2570.0,48.989706443004195,6,60.833333333333336,3,0,34.0,42.0,56.0,89.0,48.0,96.0
354110,Presidente Alves,SP,São Paulo,SUDESTE,3830,2,2,5.221932114882506,1915.0,0.0,3841,1607.0,41.838063004425926,6,24.5,5,5,20.0,11.0,0.0,11.0,11.0,94.0
354120,Presidente Bernardes,SP,São Paulo,SUDESTE,14803,10,10,6.755387421468622,1480.3,0.0,14772,4757.0,32.20281613864067,6,72.0,2,0,32.0,47.0,70.0,96.0,87.0,100.0
354130,Presidente Epitácio,SP,São Paulo,SUDESTE,40322,14,13,3.472049997519964,2880.1428571428573,0.0,40383,15489.0,38.35524849565411,6,40.666666666666664,4,2,29.0,17.0,40.0,53.0,43.0,62.0
354140,Presidente Prudente,SP,São Paulo,SUDESTE,234706,34,33,1.4486208277589836,6903.117647058823,18.608991999228262,234083,63141.0,26.973765715579518,6,58.666666666666664,2,0,44.0,30.0,63.0,69.0,55.0,91.0
354150,Presidente Venceslau,SP,São Paulo,SUDESTE,35810,13,13,3.630270874057526,2754.6153846153848,0.0,35902,10221.0,28.46916606317197,6,37.833333333333336,5,2,25.0,25.0,45.0,46.0,34.0,52.0
354160,Promissão,SP,São Paulo,SUDESTE,35973,15,13,4.169794012175799,2398.2,0.0,35991,11610.0,32.25806451612903,6,44.666666666666664,4,1,40.0,22.0,57.0,39.0,36.0,74.0
354165,Quadra,SP,São Paulo,SUDESTE,3477,1,1,2.876042565429968,3477.0,0.0,3472,1796.0,51.728110599078335,6,29.166666666666668,5,4,40.0,13.0,14.0,29.0,29.0,50.0
354170,Quatá,SP,São Paulo,SUDESTE,13412,5,5,3.728004771846108,2682.4,0.0,13399,5570.0,41.57026643779387,6,61.666666666666664,2,1,39.0,27.0,64.0,78.0,62.0,100.0
354180,Queiroz,SP,São Paulo,SUDESTE,3366,2,2,5.941770647653001,1683.0,0.0,3351,1527.0,45.568487018800354,6,53.0,3,0,46.0,39.0,37.0,63.0,68.0,65.0
354190,Queluz,SP,São Paulo,SUDESTE,9074,4,4,4.408199250606128,2268.5,0.0,9146,3663.0,40.050295211021215,6,46.666666666666664,3,3,14.0,23.0,62.0,62.0,27.0,92.0
354200,Quintana,SP,São Paulo,SUDESTE,7260,4,4,5.509641873278237,1815.0,0.0,7225,3093.0,42.80968858131488,6,71.66666666666667,2,1,33.0,26.0,90.0,94.0,87.0,100.0
354210,Rafard,SP,São Paulo,SUDESTE,9145,3,3,3.280481137233461,3048.3333333333335,0.0,9133,3657.0,40.041607357932776,6,51.666666666666664,3,1,22.0,46.0,44.0,53.0,56.0,89.0
354220,Rancharia,SP,São Paulo,SUDESTE,29387,13,12,4.423724776261612,2260.5384615384614,0.0,29305,10768.0,36.74458283569357,6,54.0,4,1,43.0,29.0,46.0,61.0,49.0,96.0
354230,Redenção da Serra,SP,São Paulo,SUDESTE,4637,2,2,4.313133491481562,2318.5,0.0,4611,2432.0,52.74343960095425,6,54.666666666666664,3,1,30.0,27.0,42.0,75.0,58.0,96.0
354240,Regente Feijó,SP,São Paulo,SUDESTE,20620,11,11,5.33462657613967,1874.5454545454545,0.0,20565,7060.0,34.33017262338925,6,66.33333333333333,2,0,45.0,38.0,75.0,75.0,65.0,100.0
354250,Reginópolis,SP,São Paulo,SUDESTE,7820,4,4,5.115089514066495,1955.0,0.0,7808,2899.0,37.12858606557377,6,80.0,0,0,55.0,51.0,93.0,93.0,93.0,95.0
354260,Registro,SP,São Paulo,SUDESTE,61927,22,21,3.5525699614061717,2814.8636363636365,0.0,61732,24420.0,39.55808980755524,6,58.833333333333336,2,0,43.0,30.0,60.0,70.0,57.0,93.0
354270,Restinga,SP,São Paulo,SUDESTE,6486,3,3,4.6253469010175765,2162.0,0.0,6492,2771.0,42.683302526186075,6,59.833333333333336,2,1,23.0,35.0,78.0,74.0,57.0,92.0
354280,Ribeira,SP,São Paulo,SUDESTE,3158,2,2,6.333122229259025,1579.0,0.0,3166,2010.0,63.48704990524321,6,61.833333333333336,2,1,38.0,16.0,67.0,67.0,83.0,100.0
354290,Ribeirão Bonito,SP,São Paulo,SUDESTE,11040,4,3,3.6231884057971016,2760.0,0.0,11079,3003.0,27.105334416463577,6,28.0,6,4,25.0,11.0,27.0,21.0,36.0,48.0
354300,Ribeirão Branco,SP,São Paulo,SUDESTE,18942,6,6,3.1675641431738994,3157.0,0.0,18930,9313.0,49.19704173269942,6,68.33333333333333,2,1,46.0,16.0,74.0,97.0,81.0,96.0
354310,Ribeirão Corrente,SP,São Paulo,SUDESTE,4717,3,3,6.359974560101759,1572.3333333333333,0.0,4706,2079.0,44.17764555886103,6,22.333333333333332,6,4,29.0,11.0,6.0,44.0,6.0,38.0
354325,Ribeirão Grande,SP,São Paulo,SUDESTE,7571,1,1,1.320829480914014,7571.0,0.697028105059765,7570,3220.0,42.53632760898283,6,45.0,4,2,15.0,17.0,48.0,33.0,85.0,72.0
354330,Ribeirão Pires,SP,São Paulo,SUDESTE,118954,13,13,1.092859424651546,9150.307692307691,13.663357708265655,118877,28726.0,24.164472522018556,6,36.0,4,3,25.0,15.0,19.0,51.0,34.0,72.0
354340,Ribeirão Preto,SP,São Paulo,SUDESTE,731639,53,52,0.7244009682370677,13804.509433962265,110.99576618119423,728400,175590.0,24.106260296540363,6,46.166666666666664,4,2,28.0,26.0,46.0,57.0,43.0,77.0
354320,Ribeirão do Sul,SP,São Paulo,SUDESTE,4776,1,1,2.0938023450586263,4776.0,0.07053311712659334,4768,2126.0,44.58892617449665,6,55.5,3,3,21.0,29.0,83.0,25.0,75.0,100.0
354323,Ribeirão dos Índios,SP,São Paulo,SUDESTE,2040,1,1,4.901960784313726,2040.0,0.0,2045,1076.0,52.6161369193154,6,62.333333333333336,2,1,31.0,13.0,83.0,100.0,67.0,80.0
354360,Rifaina,SP,São Paulo,SUDESTE,4179,2,2,4.785833931562575,2089.5,0.0,4158,1492.0,35.88263588263588,6,52.166666666666664,2,2,28.0,16.0,86.0,64.0,64.0,55.0
354370,Rincão,SP,São Paulo,SUDESTE,9101,2,2,2.197560707614548,4550.5,0.03997527197845987,9145,3720.0,40.67796610169492,6,47.666666666666664,3,2,21.0,21.0,39.0,58.0,50.0,97.0
354380,Rinópolis,SP,São Paulo,SUDESTE,9334,4,4,4.285408185129634,2333.5,0.0,9357,3406.0,36.40055573367532,6,52.833333333333336,3,1,42.0,25.0,62.0,90.0,41.0,57.0
354390,Rio Claro,SP,São Paulo,SUDESTE,210323,24,24,1.141102019275115,8763.458333333334,23.14357973061484,208857,53949.0,25.830592223387296,6,48.666666666666664,3,1,28.0,36.0,53.0,57.0,41.0,77.0
354410,Rio Grande da Serra,SP,São Paulo,SUDESTE,45324,8,8,1.7650692789691997,5665.5,2.1593054858973426,45317,11304.0,24.94428139550279,6,15.333333333333334,6,5,6.0,2.0,6.0,17.0,18.0,43.0
354400,Rio das Pedras,SP,São Paulo,SUDESTE,32329,5,3,1.54659902873581,6465.8,2.2464960518395376,32267,1989.0,6.164192518672327,6,28.5,5,4,10.0,2.0,38.0,13.0,8.0,100.0
354420,Riolândia,SP,São Paulo,SUDESTE,10444,6,6,5.744925315970892,1740.6666666666667,0.0,10453,4346.0,41.57658088587009,6,54.833333333333336,5,0,48.0,47.0,48.0,42.0,48.0,96.0
354350,Riversul,SP,São Paulo,SUDESTE,5628,2,1,3.5536602700781805,2814.0,0.0,5647,3127.0,55.37453515140782,6,70.33333333333333,2,2,20.0,21.0,100.0,86.0,95.0,100.0
354425,Rosana,SP,São Paulo,SUDESTE,17434,2,2,1.1471836641046231,8717.0,1.9078045150722418,17533,7447.0,42.4741915245537,6,66.5,2,1,44.0,29.0,86.0,100.0,71.0,69.0
354430,Roseira,SP,São Paulo,SUDESTE,11137,0,0,0.0,0.0,2.4963415673029457,11095,4336.0,39.0806669671023,6,46.0,3,1,34.0,7.0,39.0,59.0,54.0,83.0
354450,Rubinéia,SP,São Paulo,SUDESTE,3998,2,2,5.002501250625312,1999.0,0.0,3965,1949.0,49.15510718789407,6,62.0,3,0,46.0,48.0,44.0,89.0,89.0,56.0
354440,Rubiácea,SP,São Paulo,SUDESTE,2740,2,2,7.299270072992701,1370.0,0.0,2741,1271.0,46.369937978839836,6,39.166666666666664,5,2,26.0,10.0,33.0,33.0,33.0,100.0
354460,Sabino,SP,São Paulo,SUDESTE,5182,3,3,5.789270551910459,1727.3333333333333,0.0,5185,2260.0,43.587270973963356,6,37.0,5,1,31.0,30.0,6.0,44.0,33.0,78.0
354470,Sagres,SP,São Paulo,SUDESTE,2522,1,1,3.965107057890563,2522.0,0.0,2519,1082.0,42.95355299722112,6,52.833333333333336,3,1,31.0,9.0,100.0,67.0,67.0,43.0
354480,Sales,SP,São Paulo,SUDESTE,6645,3,3,4.514672686230248,2215.0,0.0,6612,2996.0,45.31155474894132,6,46.0,5,0,40.0,41.0,44.0,38.0,44.0,69.0
354490,Sales Oliveira,SP,São Paulo,SUDESTE,11683,5,5,4.279722673970727,2336.6,0.0,11654,3955.0,33.93684571820834,6,56.333333333333336,2,1,33.0,28.0,66.0,60.0,57.0,94.0
354500,Salesópolis,SP,São Paulo,SUDESTE,15381,2,2,1.300305571809375,7690.5,1.447627695670882,15396,577.0,3.7477266822551316,6,44.166666666666664,3,3,24.0,12.0,50.0,100.0,50.0,29.0
354510,Salmourão,SP,São Paulo,SUDESTE,4883,2,2,4.095842719639566,2441.5,0.0,4883,2192.0,44.89043620724964,6,51.0,3,1,31.0,44.0,19.0,56.0,56.0,100.0
354515,Saltinho,SP,São Paulo,SUDESTE,8407,2,2,2.378969906030689,4203.5,0.0,8371,3424.0,40.903117907060086,6,36.833333333333336,5,5,22.0,24.0,28.0,28.0,21.0,98.0
354520,Salto,SP,São Paulo,SUDESTE,141111,13,11,0.9212605679217071,10854.692307692309,18.629815471283646,140125,30869.0,22.02961641391615,6,33.5,5,4,12.0,3.0,28.0,37.0,29.0,92.0
354540,Salto Grande,SP,São Paulo,SUDESTE,9221,3,3,3.2534432274156817,3073.6666666666665,0.0,9212,3884.0,42.162396873643075,6,61.5,2,2,29.0,27.0,59.0,83.0,76.0,95.0
354530,Salto de Pirapora,SP,São Paulo,SUDESTE,45262,11,10,2.4302947284697978,4114.727272727273,0.0,45138,16465.0,36.47702600912757,6,31.333333333333332,5,4,26.0,3.0,15.0,46.0,23.0,75.0
354550,Sandovalina,SP,São Paulo,SUDESTE,3697,2,2,5.409791723018664,1848.5,0.0,3699,1551.0,41.930251419302515,6,38.833333333333336,4,3,35.0,20.0,0.0,56.0,22.0,100.0
354560,Santa Adélia,SP,São Paulo,SUDESTE,14193,5,5,3.522863383357993,2838.6,0.0,14203,5012.0,35.288319369147366,6,60.5,2,0,44.0,32.0,64.0,64.0,64.0,95.0
354570,Santa Albertina,SP,São Paulo,SUDESTE,6566,2,2,3.045994517209869,3283.0,0.0,6543,2037.0,31.132508023842277,6,41.666666666666664,5,3,47.0,24.0,21.0,37.0,21.0,100.0
354600,Santa Branca,SP,São Paulo,SUDESTE,14219,9,2,6.329559040720163,1579.888888888889,0.0,14212,5648.0,39.741063889670706,6,42.5,4,3,25.0,16.0,29.0,52.0,40.0,93.0
354580,Santa Bárbara d'Oeste,SP,São Paulo,SUDESTE,189456,19,19,1.0028713791064943,9971.368421052632,23.466273500489084,189338,39881.0,21.063389282658527,6,49.5,3,2,25.0,20.0,72.0,93.0,53.0,34.0
354610,Santa Clara d'Oeste,SP,São Paulo,SUDESTE,2694,1,1,3.711952487008166,2694.0,0.0,2677,1185.0,44.265969368696304,6,43.0,4,2,61.0,8.0,13.0,38.0,38.0,100.0
354620,Santa Cruz da Conceição,SP,São Paulo,SUDESTE,4375,2,2,4.571428571428571,2187.5,0.0,4365,1916.0,43.89461626575029,6,47.333333333333336,4,2,29.0,11.0,44.0,67.0,33.0,100.0
354625,Santa Cruz da Esperança,SP,São Paulo,SUDESTE,2168,2,2,9.22509225092251,1084.0,0.0,2162,932.0,43.10823311748381,6,37.0,5,4,29.0,13.0,20.0,40.0,20.0,100.0
354630,Santa Cruz das Palmeiras,SP,São Paulo,SUDESTE,29489,6,6,2.034656990742311,4914.833333333333,0.609914382526404,29525,4826.0,16.345469940728197,6,48.333333333333336,3,3,29.0,27.0,21.0,74.0,56.0,83.0
354640,Santa Cruz do Rio Pardo,SP,São Paulo,SUDESTE,47759,11,10,2.3032308046650893,4341.727272727273,0.0,47677,15874.0,33.29488013088071,6,56.0,2,1,42.0,23.0,62.0,61.0,52.0,96.0
354650,Santa Ernestina,SP,São Paulo,SUDESTE,6274,1,1,1.593879502709595,6274.0,0.4063075328417601,6256,2215.0,35.40601023017903,6,56.166666666666664,2,2,24.0,13.0,61.0,100.0,61.0,78.0
354660,Santa Fé do Sul,SP,São Paulo,SUDESTE,36288,9,9,2.4801587301587302,4032.0,0.0,36098,11813.0,32.724804698321236,6,23.833333333333332,6,4,32.0,7.0,22.0,25.0,20.0,37.0
354670,Santa Gertrudes,SP,São Paulo,SUDESTE,23192,5,5,2.155915833045878,4638.4,0.1984514347571086,24107,6311.0,26.179118098477623,6,42.166666666666664,5,2,26.0,24.0,37.0,46.0,32.0,88.0
354680,Santa Isabel,SP,São Paulo,SUDESTE,54691,12,12,2.1941452889872193,4557.583333333333,0.25890425225513114,54586,19179.0,35.13538269886051,6,57.5,2,1,30.0,27.0,73.0,80.0,58.0,77.0
354690,Santa Lúcia,SP,São Paulo,SUDESTE,7144,2,2,2.799552071668533,3572.0,0.0,7181,1980.0,27.572761453836513,6,34.833333333333336,5,3,7.0,37.0,39.0,9.0,22.0,95.0
354700,Santa Maria da Serra,SP,São Paulo,SUDESTE,5308,2,2,3.7678975131876413,2654.0,0.0,5314,1909.0,35.9239744072262,6,46.0,4,1,32.0,1.0,32.0,74.0,42.0,95.0
354710,Santa Mercedes,SP,São Paulo,SUDESTE,3017,2,2,6.629101756711965,1508.5,0.0,3012,1399.0,46.44754316069057,6,72.5,2,1,43.0,23.0,77.0,100.0,92.0,100.0
354740,Santa Rita d'Oeste,SP,São Paulo,SUDESTE,2796,1,1,3.57653791130186,2796.0,0.0,2790,1183.0,42.401433691756274,6,39.833333333333336,4,2,54.0,2.0,33.0,17.0,33.0,100.0
354750,Santa Rita do Passa Quatro,SP,São Paulo,SUDESTE,24996,6,6,2.4003840614498317,4166.0,0.0,25060,8357.0,33.34796488427773,6,35.833333333333336,5,3,16.0,5.0,10.0,47.0,46.0,91.0
354760,Santa Rosa de Viterbo,SP,São Paulo,SUDESTE,23710,5,5,2.108814846056516,4742.0,0.3145603448642225,23725,5022.0,21.16754478398314,6,47.5,4,2,27.0,34.0,29.0,61.0,37.0,97.0
354765,Santa Salete,SP,São Paulo,SUDESTE,1692,1,1,5.91016548463357,1692.0,0.0,1686,805.0,47.74614472123369,6,75.5,2,1,42.0,28.0,83.0,100.0,100.0,100.0
354720,Santana da Ponte Pensa,SP,São Paulo,SUDESTE,1699,1,1,5.885815185403178,1699.0,0.0,1698,861.0,50.70671378091873,6,72.5,1,0,51.0,34.0,75.0,100.0,75.0,100.0
354730,Santana de Parnaíba,SP,São Paulo,SUDESTE,163787,14,13,0.854768693486052,11699.07142857143,22.71260629288386,162341,31965.0,19.690035172876847,6,34.0,6,2,44.0,6.0,43.0,49.0,20.0,42.0
354770,Santo Anastácio,SP,São Paulo,SUDESTE,17960,6,6,3.34075723830735,2993.3333333333335,0.0,18045,7253.0,40.19395954558049,6,59.666666666666664,2,0,39.0,38.0,63.0,67.0,51.0,100.0
354780,Santo André,SP,São Paulo,SUDESTE,782048,38,38,0.4859036785465854,20580.21052631579,137.29486666302722,778711,169838.0,21.810145227176704,6,45.5,3,2,24.0,11.0,50.0,59.0,45.0,84.0
354790,Santo Antônio da Alegria,SP,São Paulo,SUDESTE,6933,5,5,7.211885186787827,1386.6,0.0,6917,3606.0,52.13242735289866,6,49.0,4,0,55.0,33.0,48.0,38.0,43.0,77.0
354800,Santo Antônio de Posse,SP,São Paulo,SUDESTE,23867,7,7,2.932919931285876,3409.5714285714284,0.0,23779,8480.0,35.661718322889946,6,61.0,2,1,35.0,9.0,79.0,86.0,71.0,86.0
354805,Santo Antônio do Aracanguá,SP,São Paulo,SUDESTE,8593,1,1,1.1637379262190155,8593.0,0.9261078466224488,8568,3199.0,37.33660130718954,6,40.5,5,2,41.0,28.0,27.0,37.0,37.0,73.0
354810,Santo Antônio do Jardim,SP,São Paulo,SUDESTE,6243,2,2,3.2035880185808105,3121.5,0.0,6237,2140.0,34.31136764470098,6,37.833333333333336,3,3,17.0,1.0,19.0,63.0,56.0,71.0
354820,Santo Antônio do Pinhal,SP,São Paulo,SUDESTE,7314,1,1,1.3672409078479628,7314.0,0.6394219469564285,7294,2857.0,39.16918014806691,6,52.666666666666664,4,0,47.0,45.0,38.0,52.0,38.0,96.0
354830,Santo Expedito,SP,São Paulo,SUDESTE,3069,2,2,6.516780710329098,1534.5,0.0,3063,1448.0,47.27391446294483,6,46.666666666666664,4,2,20.0,37.0,29.0,57.0,43.0,94.0
354850,Santos,SP,São Paulo,SUDESTE,429547,38,37,0.8846529017779196,11303.868421052632,58.282305038186095,429567,80017.0,18.6273619714736,6,42.833333333333336,4,2,40.0,19.0,39.0,53.0,24.0,82.0
354840,Santópolis do Aguapeí,SP,São Paulo,SUDESTE,3921,1,1,2.550369803621525,3921.0,0.0,3933,1834.0,46.63107042969743,6,74.83333333333333,1,0,35.0,92.0,55.0,100.0,100.0,67.0
355110,Sarapuí,SP,São Paulo,SUDESTE,10677,2,2,1.8731853516905497,5338.5,0.3932332687522271,10632,3286.0,30.906696764484575,6,38.0,4,3,37.0,10.0,14.0,62.0,17.0,88.0
355120,Sarutaiá,SP,São Paulo,SUDESTE,3772,1,1,2.651113467656416,3772.0,0.0,3769,1862.0,49.4030246749801,6,67.66666666666667,2,2,24.0,25.0,94.0,88.0,75.0,100.0
355130,Sebastianópolis do Sul,SP,São Paulo,SUDESTE,3191,1,1,3.1338138514572234,3191.0,0.0,3187,1669.0,52.36899905867587,6,83.33333333333333,0,0,56.0,66.0,100.0,100.0,100.0,78.0
355140,Serra Azul,SP,São Paulo,SUDESTE,13108,8,8,6.103143118706134,1638.5,0.0,13058,4406.0,33.741767498851274,6,46.166666666666664,4,0,40.0,30.0,50.0,47.0,77.0,33.0
355160,Serra Negra,SP,São Paulo,SUDESTE,31047,10,10,3.2209231165652072,3104.7,0.0,30920,9892.0,31.99223803363519,6,52.5,3,1,33.0,26.0,67.0,58.0,34.0,97.0
355150,Serrana,SP,São Paulo,SUDESTE,45580,8,7,1.7551557700745941,5697.5,2.2166874955255693,45408,11197.0,24.65865045806906,6,60.166666666666664,2,0,41.0,32.0,64.0,90.0,74.0,60.0
355170,Sertãozinho,SP,São Paulo,SUDESTE,132176,14,10,1.059193802203123,9441.142857142857,15.62704884617349,131600,12959.0,9.847264437689969,6,8.833333333333334,6,6,20.0,7.0,3.0,2.0,6.0,15.0
355180,Sete Barras,SP,São Paulo,SUDESTE,12903,5,5,3.8750678136867394,2580.6,0.0,12912,7135.0,55.25867410161091,6,59.5,2,1,56.0,28.0,66.0,64.0,47.0,96.0
355190,Severínia,SP,São Paulo,SUDESTE,14693,3,3,2.0417886068195736,4897.666666666667,0.2934135447950244,14724,5570.0,37.8293941863624,6,35.0,5,2,28.0,46.0,31.0,11.0,33.0,61.0
355200,Silveiras,SP,São Paulo,SUDESTE,6329,3,3,4.740085321535788,2109.6666666666665,0.0,6313,3173.0,50.26136543640107,6,52.833333333333336,3,1,38.0,13.0,58.0,69.0,42.0,97.0
355210,Socorro,SP,São Paulo,SUDESTE,41527,15,15,3.6121077852963133,2768.4666666666667,0.0,41405,14044.0,33.918608863663806,6,37.833333333333336,5,3,33.0,24.0,22.0,41.0,10.0,97.0
355220,Sorocaba,SP,São Paulo,SUDESTE,762172,33,33,0.43297313467301346,23096.121212121212,137.83969157173573,757459,101632.0,13.417491903852222,6,53.833333333333336,3,1,34.0,20.0,72.0,57.0,49.0,91.0
355230,Sud Mennucci,SP,São Paulo,SUDESTE,7464,2,2,2.679528403001072,3732.0,0.0,7466,2850.0,38.173051165282615,6,60.666666666666664,1,1,52.0,16.0,58.0,79.0,71.0,88.0
355240,Sumaré,SP,São Paulo,SUDESTE,291116,27,26,0.9274653402767281,10782.074074074075,38.253207480197936,289787,52489.0,18.112958828380847,6,35.666666666666664,4,2,20.0,6.0,35.0,51.0,32.0,70.0
355250,Suzano,SP,São Paulo,SUDESTE,320261,26,26,0.8118378447578695,12317.73076923077,45.7860147872864,318765,100540.0,31.54047652659483,6,61.166666666666664,2,2,27.0,22.0,83.0,88.0,55.0,92.0
355255,Suzanápolis,SP,São Paulo,SUDESTE,3465,1,1,2.886002886002886,3465.0,0.0,3464,1393.0,40.213625866050805,6,65.16666666666667,3,0,34.0,37.0,90.0,90.0,40.0,100.0
354860,São Bento do Sapucaí,SP,São Paulo,SUDESTE,11989,2,2,1.668195846192343,5994.5,0.6873160680968858,11948,4432.0,37.09407432206227,6,64.66666666666667,2,0,34.0,37.0,79.0,82.0,59.0,97.0
354870,São Bernardo do Campo,SP,São Paulo,SUDESTE,841154,38,38,0.45176031975119896,22135.63157894737,150.54338643289412,840499,243508.0,28.971836968277177,6,42.333333333333336,3,2,29.0,20.0,51.0,53.0,38.0,63.0
354880,São Caetano do Sul,SP,São Paulo,SUDESTE,172693,16,15,0.9264996265048381,10793.3125,22.708872612215824,172109,44769.0,26.012004020707806,6,33.5,6,1,36.0,21.0,35.0,43.0,35.0,31.0
354890,São Carlos,SP,São Paulo,SUDESTE,266427,35,35,1.3136806705026143,7612.2,24.719205778200763,265294,72437.0,27.304424525243693,6,45.333333333333336,4,2,15.0,28.0,40.0,57.0,40.0,92.0
354900,São Francisco,SP,São Paulo,SUDESTE,2623,2,2,7.624857033930613,1311.5,0.0,2629,1278.0,48.61163940661849,6,73.16666666666667,1,0,37.0,65.0,83.0,83.0,83.0,88.0
354940,São Joaquim da Barra,SP,São Paulo,SUDESTE,49885,11,11,2.205071664829107,4535.0,0.1816466808752303,49815,14023.0,28.15015557562983,6,28.0,5,5,16.0,20.0,23.0,20.0,20.0,69.0
354950,São José da Bela Vista,SP,São Paulo,SUDESTE,7664,5,5,6.524008350730689,1532.8,0.0,7690,3407.0,44.304291287386214,6,41.166666666666664,3,3,20.0,18.0,26.0,74.0,57.0,52.0
354960,São José do Barreiro,SP,São Paulo,SUDESTE,3888,1,1,2.57201646090535,3888.0,0.0,3898,1938.0,49.71780400205233,6,60.5,2,1,24.0,38.0,82.0,64.0,55.0,100.0
354970,São José do Rio Pardo,SP,São Paulo,SUDESTE,53427,11,11,2.0588840848260244,4857.0,0.9755805797157653,53416,15968.0,29.893664819529732,6,51.0,4,1,32.0,29.0,42.0,61.0,47.0,95.0
354980,São José do Rio Preto,SP,São Paulo,SUDESTE,504166,33,33,0.6545463200612497,15277.757575757576,80.00804010243844,501597,142610.0,28.43119077665935,6,53.5,3,0,31.0,32.0,56.0,60.0,46.0,96.0
354990,São José dos Campos,SP,São Paulo,SUDESTE,727078,40,40,0.5501473019400944,18176.95,122.97342498621633,724756,202569.0,27.94995833080375,6,40.5,5,3,24.0,21.0,39.0,49.0,28.0,82.0
354910,São João da Boa Vista,SP,São Paulo,SUDESTE,96080,14,14,1.457119067443797,6862.857142857143,7.536185488593607,95762,29019.0,30.303251811783376,6,58.666666666666664,3,0,47.0,67.0,49.0,51.0,42.0,96.0
354920,São João das Duas Pontes,SP,São Paulo,SUDESTE,2623,1,1,3.8124285169653067,2623.0,0.0,2622,959.0,36.575133485888635,6,61.0,2,0,48.0,38.0,60.0,60.0,60.0,100.0
354925,São João de Iracema,SP,São Paulo,SUDESTE,1882,2,2,10.626992561105206,941.0,0.0,1880,823.0,43.776595744680854,6,72.5,2,0,41.0,48.0,83.0,100.0,83.0,80.0
354930,São João do Pau d'Alho,SP,São Paulo,SUDESTE,2293,1,1,4.361098996947231,2293.0,0.0,2288,1006.0,43.96853146853147,6,65.16666666666667,1,0,36.0,66.0,50.0,100.0,50.0,89.0
354995,São Lourenço da Serra,SP,São Paulo,SUDESTE,16479,3,3,1.8204988166757692,5493.0,0.693742721341945,16458,7235.0,43.96038400777737,6,22.833333333333332,5,5,19.0,3.0,3.0,21.0,9.0,82.0
355000,São Luiz do Paraitinga,SP,São Paulo,SUDESTE,10487,4,4,3.814246209592829,2621.75,0.0,10497,4802.0,45.7464037344003,6,55.833333333333336,3,0,47.0,37.0,47.0,75.0,63.0,66.0
355010,São Manuel,SP,São Paulo,SUDESTE,38131,9,9,2.360284283129212,4236.777777777777,0.0,38166,12279.0,32.17261436880994,6,47.833333333333336,5,0,30.0,30.0,38.0,48.0,44.0,97.0
355020,São Miguel Arcanjo,SP,São Paulo,SUDESTE,32924,15,11,4.555947029522537,2194.9333333333334,0.0,32904,12061.0,36.65511791879407,6,32.5,4,3,35.0,6.0,10.0,53.0,24.0,67.0
355030,São Paulo,SP,São Paulo,SUDESTE,11904961,645,555,0.5417909390883346,18457.30387596899,2023.478854397095,11895578,2659476.0,22.35684554378106,6,34.5,5,2,17.0,12.0,45.0,36.0,38.0,59.0
355040,São Pedro,SP,São Paulo,SUDESTE,39855,11,10,2.7600050181909426,3623.181818181818,0.0,39725,14703.0,37.011957205789805,6,54.333333333333336,3,0,37.0,32.0,35.0,69.0,62.0,91.0
355050,São Pedro do Turvo,SP,São Paulo,SUDESTE,7333,4,4,5.4547933996999864,1833.25,0.0,7333,3183.0,43.406518478112645,6,59.166666666666664,2,0,40.0,31.0,55.0,69.0,66.0,94.0
355060,São Roque,SP,São Paulo,SUDESTE,81366,13,13,1.5977189489467345,6258.923076923077,5.23806482582127,81342,21867.0,26.88279117798923,6,65.33333333333333,2,1,41.0,28.0,67.0,92.0,70.0,94.0
355070,São Sebastião,SP,São Paulo,SUDESTE,84280,30,30,3.5595633602278123,2809.3333333333335,0.0,84019,31075.0,36.98568181006677,6,45.166666666666664,2,1,30.0,12.0,50.0,58.0,55.0,66.0
355080,São Sebastião da Grama,SP,São Paulo,SUDESTE,10428,6,6,5.7537399309551205,1738.0,0.0,10484,3951.0,37.6859977107974,6,54.333333333333336,2,1,47.0,19.0,63.0,67.0,53.0,77.0
355090,São Simão,SP,São Paulo,SUDESTE,13560,6,6,4.424778761061947,2260.0,0.0,13590,4313.0,31.736571008094188,6,48.333333333333336,3,3,13.0,10.0,82.0,24.0,61.0,100.0
355100,São Vicente,SP,São Paulo,SUDESTE,338326,31,31,0.9162760178053121,10913.741935483871,44.83525699015321,338407,78064.0,23.068080743010636,6,44.0,4,2,22.0,9.0,43.0,72.0,45.0,73.0
355260,Tabapuã,SP,São Paulo,SUDESTE,11498,2,2,1.7394329448599757,5749.0,0.577259166817749,11499,4435.0,38.568571180102616,6,60.5,2,1,45.0,21.0,68.0,68.0,61.0,100.0
355270,Tabatinga,SP,São Paulo,SUDESTE,14997,5,5,3.3340001333600053,2999.4,0.0,14994,4831.0,32.21955448846205,6,42.333333333333336,4,2,21.0,23.0,42.0,54.0,34.0,80.0
355280,Taboão da Serra,SP,São Paulo,SUDESTE,285307,15,14,0.5257494558493132,19020.466666666667,48.95112898828244,284274,62435.0,21.962965308118225,6,35.833333333333336,5,2,17.0,6.0,38.0,45.0,40.0,69.0
355290,Taciba,SP,São Paulo,SUDESTE,6418,4,4,6.232471174820816,1604.5,0.0,6399,2781.0,43.459915611814345,6,79.0,1,0,48.0,78.0,95.0,90.0,67.0,96.0
355300,Taguaí,SP,São Paulo,SUDESTE,13068,5,5,3.8261401897765537,2613.6,0.0,13006,4953.0,38.0824234968476,6,75.16666666666667,0,0,59.0,53.0,81.0,100.0,85.0,73.0
355310,Taiaçu,SP,São Paulo,SUDESTE,5744,3,3,5.222841225626741,1914.6666666666667,0.0,5751,2763.0,48.04381846635368,6,63.333333333333336,2,2,26.0,26.0,92.0,68.0,68.0,100.0
355320,Taiúva,SP,São Paulo,SUDESTE,6770,4,3,5.908419497784342,1692.5,0.0,6733,2332.0,34.635377989009356,6,44.333333333333336,4,2,34.0,25.0,50.0,19.0,38.0,100.0
355330,Tambaú,SP,São Paulo,SUDESTE,21650,10,10,4.618937644341801,2165.0,0.0,21682,7952.0,36.67558343326262,6,44.666666666666664,4,1,35.0,19.0,43.0,73.0,41.0,57.0
355340,Tanabi,SP,São Paulo,SUDESTE,26071,9,9,3.4521115415595873,2896.777777777778,0.0,26021,10400.0,39.96771838130741,6,44.166666666666664,4,3,25.0,18.0,24.0,60.0,39.0,99.0
355360,Tapiratiba,SP,São Paulo,SUDESTE,11903,6,6,5.040746030412501,1983.8333333333333,0.0,11936,4763.0,39.904490616621985,6,45.666666666666664,4,1,33.0,20.0,30.0,42.0,52.0,97.0
355350,Tapiraí,SP,São Paulo,SUDESTE,8122,3,3,3.6936715094804238,2707.3333333333335,0.0,8122,3798.0,46.76188131002216,6,69.33333333333333,2,0,35.0,45.0,81.0,100.0,77.0,78.0
355365,Taquaral,SP,São Paulo,SUDESTE,2649,1,1,3.7750094375235936,2649.0,0.0,2652,985.0,37.14177978883861,6,52.333333333333336,2,1,55.0,26.0,33.0,50.0,50.0,100.0
355370,Taquaritinga,SP,São Paulo,SUDESTE,53264,10,10,1.877440672874737,5326.4,1.9390443782727944,53322,15536.0,29.13619144068115,6,44.0,4,3,26.0,11.0,24.0,79.0,43.0,81.0
355380,Taquarituba,SP,São Paulo,SUDESTE,24932,7,7,2.8076367720198943,3561.714285714286,0.0,24863,9014.0,36.25467562241081,6,77.16666666666667,2,0,48.0,38.0,99.0,100.0,89.0,89.0
355385,Taquarivaí,SP,São Paulo,SUDESTE,7170,3,3,4.184100418410042,2390.0,0.0,7112,3047.0,42.84308211473566,6,55.666666666666664,3,1,51.0,28.0,48.0,59.0,48.0,100.0
355390,Tarabai,SP,São Paulo,SUDESTE,6633,0,0,0.0,0.0,1.4867768354063429,6635,2637.0,39.74378296910324,6,43.166666666666664,3,3,24.0,28.0,18.0,61.0,52.0,76.0
355395,Tarumã,SP,São Paulo,SUDESTE,15315,4,4,2.6118184786157363,3828.75,0.0,15248,5278.0,34.614375655823714,6,57.166666666666664,2,0,49.0,32.0,62.0,62.0,59.0,79.0
355400,Tatuí,SP,São Paulo,SUDESTE,129130,21,19,1.6262681019128011,6149.047619047619,7.944292590987643,128560,36963.0,28.751555693839453,6,43.0,4,0,33.0,39.0,63.0,34.0,52.0,37.0
355410,Taubaté,SP,São Paulo,SUDESTE,322397,58,49,1.7990241844682178,5558.568965517241,14.264795930121918,321298,73200.0,22.78258812691022,6,56.833333333333336,2,2,26.0,19.0,73.0,83.0,54.0,86.0
355420,Tejupá,SP,São Paulo,SUDESTE,4119,3,3,7.283321194464676,1373.0,0.0,4142,1656.0,39.98068565910188,6,59.0,3,0,30.0,30.0,42.0,75.0,83.0,94.0
355430,Teodoro Sampaio,SP,São Paulo,SUDESTE,22598,12,12,5.310204442871051,1883.1666666666667,0.0,22559,9499.0,42.107362915022826,6,59.833333333333336,2,1,46.0,29.0,69.0,79.0,65.0,71.0
355440,Terra Roxa,SP,São Paulo,SUDESTE,7965,4,4,5.021971123666039,1991.25,0.0,7985,2770.0,34.690043832185346,6,34.833333333333336,5,4,21.0,10.0,25.0,25.0,32.0,96.0
355450,Tietê,SP,São Paulo,SUDESTE,38723,6,6,1.5494667252020762,6453.833333333333,2.6797014016945293,38690,7861.0,20.31791160506591,6,24.0,5,3,31.0,10.0,1.0,16.0,36.0,50.0
355460,Timburi,SP,São Paulo,SUDESTE,2484,1,1,4.025764895330113,2484.0,0.0,2490,1410.0,56.62650602409639,6,77.5,0,0,56.0,53.0,100.0,89.0,67.0,100.0
355465,Torre de Pedra,SP,São Paulo,SUDESTE,2056,1,1,4.863813229571985,2056.0,0.0,2063,1425.0,69.07416383906931,6,45.833333333333336,3,3,21.0,16.0,50.0,13.0,75.0,100.0
355470,Torrinha,SP,São Paulo,SUDESTE,9484,2,2,2.108814846056516,4742.0,0.12582413794568903,9484,3046.0,32.11725010544074,6,36.5,4,3,15.0,10.0,14.0,32.0,59.0,89.0
355475,Trabiju,SP,São Paulo,SUDESTE,1724,1,1,5.800464037122969,1724.0,0.0,1719,878.0,51.076207097149506,6,55.0,3,2,15.0,15.0,62.0,92.0,46.0,100.0
355480,Tremembé,SP,São Paulo,SUDESTE,53426,11,11,2.0589226219443715,4856.909090909091,0.9753564312406564,53083,13796.0,25.989488160051238,6,57.5,2,1,29.0,42.0,61.0,72.0,51.0,90.0
355490,Três Fronteiras,SP,São Paulo,SUDESTE,7060,2,2,2.8328611898016995,3530.0,0.0,7013,2832.0,40.382147440467705,6,51.5,3,1,41.0,18.0,72.0,33.0,50.0,95.0
355495,Tuiuti,SP,São Paulo,SUDESTE,6976,1,1,1.43348623853211,6976.0,0.5636597623691613,6947,2820.0,40.593061753274796,6,30.833333333333332,5,5,28.0,12.0,18.0,24.0,12.0,91.0
355510,Tupi Paulista,SP,São Paulo,SUDESTE,16259,7,7,4.30530782950981,2322.714285714286,0.0,16206,5874.0,36.24583487597186,6,65.5,2,1,28.0,49.0,71.0,86.0,69.0,90.0
355500,Tupã,SP,São Paulo,SUDESTE,65433,16,15,2.4452493390185377,4089.5625,0.0,65416,19337.0,29.56004647181118,6,27.833333333333332,5,5,22.0,18.0,18.0,7.0,7.0,95.0
355520,Turiúba,SP,São Paulo,SUDESTE,1835,2,1,10.899182561307903,917.5,0.0,1839,806.0,43.82816748232735,6,23.5,5,4,36.0,5.0,0.0,0.0,0.0,100.0
355530,Turmalina,SP,São Paulo,SUDESTE,1662,2,2,12.033694344163658,831.0,0.0,1672,870.0,52.03349282296651,6,58.666666666666664,1,1,51.0,51.0,75.0,50.0,25.0,100.0
355535,Ubarana,SP,São Paulo,SUDESTE,5458,1,1,1.8321729571271528,5458.0,0.22340237715178937,5456,2285.0,41.88049853372434,6,67.83333333333333,2,1,30.0,29.0,85.0,89.0,74.0,100.0
355540,Ubatuba,SP,São Paulo,SUDESTE,97096,24,22,2.471780505891077,4045.6666666666665,0.0,96598,41360.0,42.81662146214207,6,47.833333333333336,4,1,30.0,26.0,35.0,62.0,44.0,90.0
355550,Ubirajara,SP,São Paulo,SUDESTE,5289,2,2,3.781433163168841,2644.5,0.0,5265,2521.0,47.88224121557455,6,56.166666666666664,1,1,62.0,11.0,68.0,60.0,68.0,68.0
355560,Uchoa,SP,São Paulo,SUDESTE,10670,2,2,1.8744142455482662,5335.0,0.3916642294264551,10627,3724.0,35.04281547002917,6,63.0,1,0,42.0,52.0,70.0,74.0,59.0,81.0
355570,União Paulista,SP,São Paulo,SUDESTE,1628,1,1,6.142506142506142,1628.0,0.0,1628,809.0,49.692874692874696,6,89.66666666666667,0,0,54.0,84.0,100.0,100.0,100.0,100.0
355590,Uru,SP,São Paulo,SUDESTE,1424,1,1,7.022471910112359,1424.0,0.0,1419,702.0,49.471458773784356,6,57.666666666666664,1,0,41.0,55.0,50.0,50.0,50.0,100.0
355600,Urupês,SP,São Paulo,SUDESTE,14073,5,5,3.552902721523485,2814.6,0.0,14038,5042.0,35.9167972645676,6,68.0,0,0,57.0,62.0,69.0,74.0,72.0,74.0
355580,Urânia,SP,São Paulo,SUDESTE,8973,3,3,3.3433634236041456,2991.0,0.0,8973,3365.0,37.50139306809317,6,66.5,2,0,39.0,39.0,78.0,78.0,65.0,100.0
355610,Valentim Gentil,SP,São Paulo,SUDESTE,14634,9,8,6.150061500615006,1626.0,0.0,14531,5527.0,38.03592319867869,6,59.666666666666664,2,0,40.0,47.0,57.0,63.0,63.0,88.0
355620,Valinhos,SP,São Paulo,SUDESTE,132258,16,15,1.2097566876861892,8266.125,13.64542902113253,131277,20605.0,15.695818764901695,6,48.166666666666664,4,2,16.0,12.0,41.0,86.0,47.0,87.0
355630,Valparaíso,SP,São Paulo,SUDESTE,24779,7,7,2.8249727591912506,3539.8571428571427,0.0,24723,8593.0,34.7571087651175,6,45.833333333333336,4,0,30.0,33.0,49.0,53.0,37.0,73.0
355635,Vargem,SP,São Paulo,SUDESTE,10863,3,3,2.7616680475006903,3621.0,0.0,10805,3689.0,34.141601110596945,6,68.66666666666667,1,0,30.0,69.0,76.0,76.0,68.0,93.0
355645,Vargem Grande Paulista,SP,São Paulo,SUDESTE,52352,10,10,1.9101466992665037,5235.2,1.7346209689722378,52103,17043.0,32.71020862522312,6,41.166666666666664,4,1,32.0,14.0,35.0,55.0,43.0,68.0
355640,Vargem Grande do Sul,SP,São Paulo,SUDESTE,41256,8,6,1.9391118867558659,5157.0,1.2474694891488127,41226,11509.0,27.916848590695192,6,25.833333333333332,5,4,12.0,5.0,26.0,40.0,0.0,72.0
355660,Vera Cruz,SP,São Paulo,SUDESTE,10274,3,3,2.9199922133540976,3424.6666666666665,0.0,10294,3623.0,35.19525937439285,6,44.166666666666664,4,2,28.0,25.0,50.0,39.0,43.0,80.0
355670,Vinhedo,SP,São Paulo,SUDESTE,79089,9,8,1.1379585024466108,8787.666666666666,8.727678747995212,79235,16873.0,21.294882312109547,6,47.166666666666664,3,2,28.0,24.0,40.0,72.0,56.0,63.0
355680,Viradouro,SP,São Paulo,SUDESTE,17685,5,5,2.827254735651682,3537.0,0.0,17681,5773.0,32.65086816356541,6,48.333333333333336,2,2,23.0,17.0,58.0,63.0,59.0,70.0
355690,Vista Alegre do Alto,SP,São Paulo,SUDESTE,8368,3,2,3.5850860420650097,2789.3333333333335,0.0,8327,2545.0,30.563228053320522,6,73.66666666666667,1,1,53.0,19.0,83.0,97.0,90.0,100.0
355695,Vitória Brasil,SP,São Paulo,SUDESTE,1828,1,1,5.470459518599562,1828.0,0.0,1826,724.0,39.64950711938664,6,57.5,3,2,42.0,28.0,75.0,25.0,75.0,100.0
355700,Votorantim,SP,São Paulo,SUDESTE,133510,19,18,1.4231143734551719,7026.8421052631575,10.926062911970574,132849,12724.0,9.57779132699531,6,49.833333333333336,2,2,19.0,11.0,53.0,68.0,51.0,97.0
355710,Votuporanga,SP,São Paulo,SUDESTE,100568,18,16,1.789833744332193,5587.111111111111,4.54216384488845,100159,34701.0,34.64591299833265,6,52.666666666666664,1,0,32.0,50.0,52.0,55.0,51.0,76.0
355650,Várzea Paulista,SP,São Paulo,SUDESTE,119655,14,13,1.170030504366721,8546.785714285714,12.820485789317948,119576,25217.0,21.08868000267612,6,43.666666666666664,3,2,22.0,16.0,57.0,51.0,31.0,85.0
355715,Zacarias,SP,São Paulo,SUDESTE,2773,1,1,3.606202668589975,2773.0,0.0,2761,1306.0,47.301702281781964,6,76.66666666666667,2,0,45.0,46.0,92.0,85.0,92.0,100.0
350040,Águas da Prata,SP,São Paulo,SUDESTE,7463,3,3,4.019831167090983,2487.6666666666665,0.0,7470,2068.0,27.684069611780455,6,30.5,5,4,1.0,16.0,8.0,25.0,33.0,100.0
350050,Águas de Lindóia,SP,São Paulo,SUDESTE,18257,7,5,3.8341458070876926,2608.1428571428573,0.0,18245,5233.0,28.681830638531103,6,46.0,3,1,36.0,21.0,41.0,63.0,50.0,65.0
350055,Águas de Santa Bárbara,SP,São Paulo,SUDESTE,7460,3,3,4.021447721179625,2486.6666666666665,0.0,7407,3292.0,44.44444444444444,6,39.166666666666664,4,3,22.0,15.0,11.0,37.0,53.0,97.0
350060,Águas de São Pedro,SP,São Paulo,SUDESTE,2928,1,1,3.4153005464480874,2928.0,0.0,2829,1816.0,64.19229409685401,6,65.33333333333333,2,2,28.0,18.0,78.0,100.0,78.0,90.0
350120,Álvares Florence,SP,São Paulo,SUDESTE,3979,3,3,7.539582809751193,1326.3333333333333,0.0,3978,2094.0,52.6395173453997,6,72.33333333333333,1,0,50.0,33.0,63.0,100.0,88.0,100.0
350130,Álvares Machado,SP,São Paulo,SUDESTE,28386,9,9,3.170577045022194,3154.0,0.0,28250,10396.0,36.8,6,56.166666666666664,2,0,33.0,41.0,54.0,64.0,54.0,91.0
350140,Álvaro de Carvalho,SP,São Paulo,SUDESTE,4901,3,3,6.12119975515201,1633.6666666666667,0.0,4896,2350.0,47.998366013071895,6,28.0,6,4,13.0,20.0,24.0,41.0,41.0,29.0
353380,Óleo,SP,São Paulo,SUDESTE,2535,2,2,7.889546351084812,1267.5,0.0,2540,1036.0,40.78740157480315,6,67.16666666666667,1,0,35.0,51.0,64.0,100.0,73.0,80.0
170025,Abreulândia,TO,Tocantins,NORTE,2682,1,1,3.728560775540641,2682.0,0.0,2668,1495.0,56.03448275862068,6,75.16666666666667,0,0,50.0,53.0,85.0,100.0,69.0,94.0
170030,Aguiarnópolis,TO,Tocantins,NORTE,4502,3,2,6.663705019991116,1500.6666666666667,0.0,4537,2601.0,57.32863125413269,6,49.5,2,2,19.0,27.0,57.0,57.0,57.0,80.0
170035,Aliança do Tocantins,TO,Tocantins,NORTE,5196,2,2,3.8491147036181674,2598.0,0.0,5222,3104.0,59.4408272692455,6,74.16666666666667,1,1,53.0,22.0,89.0,100.0,84.0,97.0
170040,Almas,TO,Tocantins,NORTE,6483,1,1,1.5424957581366652,6483.0,0.453154564139804,6542,4035.0,61.678385814735556,6,50.333333333333336,2,2,16.0,9.0,64.0,67.0,60.0,86.0
170070,Alvorada,TO,Tocantins,NORTE,9128,5,5,5.4776511831726555,1825.6,0.0,9094,4492.0,49.39520563008577,6,73.66666666666667,1,1,62.0,21.0,88.0,98.0,83.0,90.0
170100,Ananás,TO,Tocantins,NORTE,10700,3,3,2.803738317757009,3566.6666666666665,0.0,10662,5642.0,52.9169011442506,6,71.16666666666667,1,1,72.0,14.0,80.0,95.0,71.0,95.0
170105,Angico,TO,Tocantins,NORTE,2903,2,2,6.889424733034792,1451.5,0.0,2918,1586.0,54.352296093214534,6,38.166666666666664,4,3,16.0,10.0,55.0,9.0,45.0,94.0
170110,Aparecida do Rio Negro,TO,Tocantins,NORTE,5110,2,2,3.913894324853229,2555.0,0.0,5067,2728.0,53.8385632524176,6,61.333333333333336,2,2,16.0,7.0,80.0,93.0,77.0,95.0
170130,Aragominas,TO,Tocantins,NORTE,5330,3,3,5.628517823639775,1776.6666666666667,0.0,5360,3416.0,63.731343283582085,6,69.5,2,1,43.0,27.0,79.0,100.0,74.0,94.0
170190,Araguacema,TO,Tocantins,NORTE,6022,2,2,3.3211557622052474,3011.0,0.0,6039,3293.0,54.528895512502075,6,55.166666666666664,3,2,20.0,10.0,78.0,89.0,41.0,93.0
170215,Araguanã,TO,Tocantins,NORTE,4300,3,3,6.976744186046512,1433.3333333333333,0.0,4338,2791.0,64.33840479483634,6,32.333333333333336,5,2,14.0,29.0,32.0,35.0,32.0,52.0
170220,Araguatins,TO,Tocantins,NORTE,33286,12,12,3.6051192693624947,2773.8333333333335,0.0,33205,16667.0,50.19424785423882,6,71.33333333333333,2,0,40.0,42.0,87.0,93.0,73.0,93.0
170200,Araguaçu,TO,Tocantins,NORTE,8242,3,3,3.639893229798593,2747.3333333333335,0.0,8273,4234.0,51.17853257584915,6,74.33333333333333,2,0,30.0,41.0,96.0,96.0,89.0,94.0
170210,Araguaína,TO,Tocantins,NORTE,183024,23,23,1.2566657924643763,7957.565217391304,18.0245505085799,181493,66051.0,36.393139129332816,6,43.833333333333336,3,2,16.0,18.0,43.0,66.0,52.0,68.0
170230,Arapoema,TO,Tocantins,NORTE,5488,1,1,1.8221574344023324,5488.0,0.23012683140509707,5553,2808.0,50.56726094003241,6,78.33333333333333,1,0,39.0,53.0,100.0,100.0,78.0,100.0
170240,Arraias,TO,Tocantins,NORTE,10511,6,6,5.70830558462563,1751.8333333333333,0.0,10522,6256.0,59.456377114617,6,69.0,2,0,31.0,45.0,93.0,72.0,80.0,93.0
170255,Augustinópolis,TO,Tocantins,NORTE,18237,6,6,3.290014805066623,3039.5,0.0,18128,9479.0,52.28927625772286,6,58.833333333333336,3,0,42.0,39.0,66.0,68.0,46.0,92.0
170270,Aurora do Tocantins,TO,Tocantins,NORTE,3418,2,1,5.851375073142188,1709.0,0.0,3420,1895.0,55.409356725146196,6,61.5,2,1,37.0,14.0,70.0,100.0,60.0,88.0
170290,Axixá do Tocantins,TO,Tocantins,NORTE,10732,5,5,4.658963846440551,2146.4,0.0,10663,6984.0,65.49751477070242,6,66.0,1,0,54.0,43.0,69.0,71.0,62.0,97.0
170300,Babaçulândia,TO,Tocantins,NORTE,7636,5,5,6.5479308538501835,1527.2,0.0,7779,5138.0,66.04962077387839,6,59.333333333333336,2,2,19.0,17.0,80.0,73.0,67.0,100.0
170305,Bandeirantes do Tocantins,TO,Tocantins,NORTE,3555,1,1,2.8129395218002813,3555.0,0.0,3534,1632.0,46.17996604414261,6,56.833333333333336,2,0,30.0,71.0,53.0,67.0,40.0,80.0
170307,Barra do Ouro,TO,Tocantins,NORTE,4667,2,2,4.285408185129634,2333.5,0.0,4641,3132.0,67.48545572074984,6,50.333333333333336,3,1,9.0,34.0,71.0,57.0,46.0,85.0
170310,Barrolândia,TO,Tocantins,NORTE,4890,2,2,4.08997955010225,2445.0,0.0,4915,2960.0,60.223804679552394,6,72.66666666666667,1,0,43.0,59.0,84.0,89.0,79.0,82.0
170320,Bernardo Sayão,TO,Tocantins,NORTE,4307,1,1,2.3218017181332713,4307.0,0.0,4316,2278.0,52.78035217794253,6,56.666666666666664,3,1,21.0,49.0,47.0,76.0,65.0,82.0
170330,Bom Jesus do Tocantins,TO,Tocantins,NORTE,4201,2,2,4.76077124494168,2100.5,0.0,4181,2656.0,63.5254723750299,6,71.33333333333333,2,1,43.0,26.0,82.0,100.0,82.0,95.0
170360,Brasilândia do Tocantins,TO,Tocantins,NORTE,2013,1,1,4.967709885742672,2013.0,0.0,2016,1155.0,57.291666666666664,6,53.666666666666664,3,2,26.0,6.0,78.0,78.0,44.0,90.0
170370,Brejinho de Nazaré,TO,Tocantins,NORTE,4774,2,2,4.189359028068705,2387.0,0.0,4796,2762.0,57.58965804837365,6,63.5,2,2,20.0,13.0,87.0,93.0,80.0,88.0
170380,Buriti do Tocantins,TO,Tocantins,NORTE,10696,7,7,6.544502617801047,1528.0,0.0,10654,5442.0,51.07940679556974,6,74.0,1,0,54.0,47.0,75.0,90.0,80.0,98.0
170382,Cachoeirinha,TO,Tocantins,NORTE,1982,1,1,5.045408678102927,1982.0,0.0,1991,1243.0,62.430939226519335,6,51.666666666666664,2,2,7.0,19.0,67.0,67.0,50.0,100.0
170384,Campos Lindos,TO,Tocantins,NORTE,8990,1,1,1.1123470522803116,8990.0,1.0150947912412212,8951,5492.0,61.356273042118204,6,67.66666666666667,2,2,22.0,16.0,83.0,100.0,92.0,93.0
170386,Cariri do Tocantins,TO,Tocantins,NORTE,4166,3,3,7.201152184349496,1388.6666666666667,0.0,4147,1981.0,47.769471907402945,6,72.66666666666667,1,0,42.0,55.0,78.0,83.0,78.0,100.0
170388,Carmolândia,TO,Tocantins,NORTE,2242,1,1,4.460303300624442,2242.0,0.0,2246,1428.0,63.579697239536955,6,32.333333333333336,5,3,9.0,15.0,69.0,15.0,46.0,40.0
170389,Carrasco Bonito,TO,Tocantins,NORTE,3344,2,2,5.980861244019138,1672.0,0.0,3362,2203.0,65.52647233789412,6,61.166666666666664,2,1,47.0,13.0,58.0,95.0,58.0,96.0
170390,Caseara,TO,Tocantins,NORTE,5028,2,2,3.977724741447892,2514.0,0.0,5009,2938.0,58.65442204032741,6,65.66666666666667,2,1,41.0,19.0,81.0,85.0,78.0,90.0
170410,Centenário,TO,Tocantins,NORTE,2111,1,1,4.737091425864519,2111.0,0.0,2135,1221.0,57.18969555035128,6,47.333333333333336,4,1,33.0,31.0,60.0,40.0,20.0,100.0
170510,Chapada da Natividade,TO,Tocantins,NORTE,3176,1,1,3.1486146095717884,3176.0,0.0,3182,1730.0,54.36832181018227,6,75.16666666666667,2,0,47.0,31.0,90.0,100.0,90.0,93.0
170460,Chapada de Areia,TO,Tocantins,NORTE,1574,1,1,6.353240152477764,1574.0,0.0,1563,1064.0,68.07421625079975,6,76.83333333333333,2,0,49.0,44.0,100.0,86.0,100.0,82.0
170550,Colinas do Tocantins,TO,Tocantins,NORTE,36209,12,12,3.3140931812532797,3017.4166666666665,0.0,35957,17267.0,48.02124760130155,6,62.833333333333336,2,0,45.0,49.0,67.0,75.0,63.0,78.0
171670,Colméia,TO,Tocantins,NORTE,9155,4,4,4.369197160021846,2288.75,0.0,9158,4066.0,44.398340248962654,6,53.333333333333336,3,2,20.0,16.0,75.0,68.0,46.0,95.0
170555,Combinado,TO,Tocantins,NORTE,4906,1,1,2.038320423970648,4906.0,0.09967241889092687,4896,2653.0,54.18709150326797,6,59.666666666666664,2,2,29.0,12.0,75.0,92.0,50.0,100.0
170560,Conceição do Tocantins,TO,Tocantins,NORTE,3942,2,2,5.073566717402334,1971.0,0.0,3956,2352.0,59.45399393326593,6,76.16666666666667,1,1,51.0,21.0,100.0,100.0,94.0,91.0
170600,Couto Magalhães,TO,Tocantins,NORTE,5540,2,2,3.6101083032490973,2770.0,0.0,5515,3325.0,60.290117860380775,6,61.5,2,2,18.0,22.0,92.0,96.0,68.0,73.0
170610,Cristalândia,TO,Tocantins,NORTE,6392,3,2,4.693366708385482,2130.6666666666665,0.0,6437,3696.0,57.418051887525245,6,57.666666666666664,2,1,37.0,12.0,57.0,78.0,65.0,97.0
170625,Crixás do Tocantins,TO,Tocantins,NORTE,1494,1,1,6.693440428380187,1494.0,0.0,1499,822.0,54.836557705136755,6,42.833333333333336,3,2,30.0,2.0,50.0,25.0,50.0,100.0
170650,Darcinópolis,TO,Tocantins,NORTE,6093,0,0,0.0,0.0,1.3657366588468034,6054,3684.0,60.85232903865213,6,71.33333333333333,0,0,54.0,50.0,87.0,97.0,71.0,69.0
170700,Dianópolis,TO,Tocantins,NORTE,17966,7,7,3.8962484693309585,2566.5714285714284,0.0,18031,8906.0,49.392712550607285,6,66.33333333333333,2,1,25.0,40.0,86.0,93.0,63.0,91.0
170710,Divinópolis do Tocantins,TO,Tocantins,NORTE,7343,3,3,4.085523627944982,2447.6666666666665,0.0,7297,4069.0,55.76264218171851,6,73.16666666666667,2,1,48.0,17.0,100.0,94.0,89.0,91.0
170720,Dois Irmãos do Tocantins,TO,Tocantins,NORTE,6352,2,2,3.1486146095717884,3176.0,0.0,6395,4018.0,62.83033620015637,6,83.5,1,0,84.0,46.0,95.0,95.0,86.0,95.0
170730,Dueré,TO,Tocantins,NORTE,4304,2,2,4.646840148698884,2152.0,0.0,4321,2513.0,58.157833834760474,6,63.166666666666664,2,1,39.0,15.0,74.0,100.0,58.0,93.0
170740,Esperantina,TO,Tocantins,NORTE,7385,3,3,4.062288422477995,2461.6666666666665,0.0,7493,5585.0,74.53623381823034,6,47.666666666666664,3,2,28.0,13.0,54.0,58.0,40.0,93.0
170765,Figueirópolis,TO,Tocantins,NORTE,5334,3,2,5.62429696287964,1778.0,0.0,5336,2319.0,43.459520239880064,6,58.0,3,1,32.0,28.0,83.0,72.0,44.0,89.0
170770,Filadélfia,TO,Tocantins,NORTE,7784,4,4,5.138746145940391,1946.0,0.0,7823,4984.0,63.70957433209766,6,57.833333333333336,2,1,42.0,21.0,65.0,71.0,56.0,92.0
170820,Formoso do Araguaia,TO,Tocantins,NORTE,19473,7,7,3.5947208955990346,2781.8571428571427,0.0,19428,8560.0,44.06011941527692,6,46.166666666666664,4,2,21.0,15.0,44.0,59.0,49.0,89.0
170755,Fátima,TO,Tocantins,NORTE,3503,2,2,5.709391949757351,1751.5,0.0,3520,1850.0,52.55681818181818,6,78.0,1,0,48.0,51.0,95.0,85.0,95.0,94.0
170830,Goianorte,TO,Tocantins,NORTE,4832,2,2,4.139072847682119,2416.0,0.0,4840,2895.0,59.81404958677686,6,77.83333333333333,1,1,24.0,57.0,100.0,100.0,89.0,97.0
170900,Goiatins,TO,Tocantins,NORTE,12851,4,4,3.1125982413819933,3212.75,0.0,12816,6498.0,50.70224719101124,6,59.5,3,0,37.0,40.0,73.0,68.0,47.0,92.0
170930,Guaraí,TO,Tocantins,NORTE,25831,8,8,3.097053927451512,3228.875,0.0,25681,9756.0,37.98917487636774,6,42.5,3,2,13.0,14.0,62.0,64.0,41.0,61.0
170950,Gurupi,TO,Tocantins,NORTE,90209,15,15,1.6628052633329269,6013.933333333333,5.220209791221284,89574,28544.0,31.866389800611785,6,40.666666666666664,4,2,17.0,13.0,49.0,54.0,48.0,63.0
170980,Ipueiras,TO,Tocantins,NORTE,1626,1,1,6.150061500615006,1626.0,0.0,1627,784.0,48.18684695759066,6,53.5,3,2,26.0,10.0,71.0,71.0,43.0,100.0
171050,Itacajá,TO,Tocantins,NORTE,6959,2,2,2.8739761459979882,3479.5,0.0,6969,3684.0,52.862677572105035,6,45.0,4,2,20.0,15.0,62.0,86.0,45.0,42.0
171070,Itaguatins,TO,Tocantins,NORTE,5160,3,3,5.813953488372093,1720.0,0.0,5206,3329.0,63.945447560507105,6,78.33333333333333,0,0,53.0,57.0,88.0,100.0,82.0,90.0
171090,Itapiratins,TO,Tocantins,NORTE,3685,1,1,2.7137042062415198,3685.0,0.0,3679,2347.0,63.794509377548245,6,61.333333333333336,1,1,61.0,29.0,64.0,68.0,50.0,96.0
171110,Itaporã do Tocantins,TO,Tocantins,NORTE,2464,1,1,4.058441558441559,2464.0,0.0,2464,1315.0,53.368506493506494,6,68.83333333333333,1,1,50.0,26.0,63.0,100.0,81.0,93.0
171150,Jaú do Tocantins,TO,Tocantins,NORTE,3396,2,2,5.889281507656065,1698.0,0.0,3403,1959.0,57.56685277696151,6,67.66666666666667,2,0,38.0,40.0,78.0,100.0,56.0,94.0
171180,Juarina,TO,Tocantins,NORTE,2308,1,1,4.332755632582322,2308.0,0.0,2305,1363.0,59.13232104121475,6,87.33333333333333,0,0,54.0,80.0,90.0,100.0,100.0,100.0
171190,Lagoa da Confusão,TO,Tocantins,NORTE,16629,6,6,3.6081544290095615,2771.5,0.0,16312,4454.0,27.30505149583129,6,59.166666666666664,2,2,24.0,9.0,73.0,87.0,72.0,90.0
171195,Lagoa do Tocantins,TO,Tocantins,NORTE,3613,2,2,5.535566011624688,1806.5,0.0,3610,2170.0,60.11080332409973,6,61.0,2,1,28.0,33.0,89.0,56.0,72.0,88.0
171200,Lajeado,TO,Tocantins,NORTE,3559,2,2,5.61955605507165,1779.5,0.0,3520,1761.0,50.028409090909086,6,64.0,2,1,25.0,41.0,63.0,88.0,67.0,100.0
171215,Lavandeira,TO,Tocantins,NORTE,1676,2,2,11.933174224343675,838.0,0.0,1673,1033.0,61.74536760310819,6,69.33333333333333,2,2,26.0,17.0,100.0,100.0,80.0,93.0
171240,Lizarda,TO,Tocantins,NORTE,2950,2,2,6.779661016949153,1475.0,0.0,2991,1842.0,61.584754262788366,6,55.333333333333336,4,1,23.0,43.0,93.0,43.0,43.0,87.0
171245,Luzinópolis,TO,Tocantins,NORTE,2811,1,1,3.557452863749555,2811.0,0.0,2803,1710.0,61.00606493043168,6,69.66666666666667,2,0,40.0,35.0,92.0,100.0,58.0,93.0
171250,Marianópolis do Tocantins,TO,Tocantins,NORTE,4793,2,2,4.1727519298977676,2396.5,0.0,4772,2187.0,45.82984073763621,6,61.666666666666664,2,1,35.0,26.0,83.0,72.0,72.0,82.0
171270,Mateiros,TO,Tocantins,NORTE,2922,1,1,3.4223134839151266,2922.0,0.0,2888,1315.0,45.53324099722992,6,62.0,2,2,24.0,18.0,88.0,100.0,50.0,92.0
171280,Maurilândia do Tocantins,TO,Tocantins,NORTE,3171,2,2,6.30715862503942,1585.5,0.0,3171,1890.0,59.60264900662252,6,83.83333333333333,0,0,58.0,53.0,92.0,100.0,100.0,100.0
171320,Miracema do Tocantins,TO,Tocantins,NORTE,18679,8,8,4.2828845227260555,2334.875,0.0,18787,8560.0,45.56342151487731,6,68.16666666666667,0,0,51.0,52.0,78.0,77.0,68.0,83.0
171330,Miranorte,TO,Tocantins,NORTE,13073,4,4,3.059741451847319,3268.25,0.0,13056,6857.0,52.51991421568627,6,57.666666666666664,2,2,16.0,20.0,81.0,94.0,53.0,82.0
171370,Monte Santo do Tocantins,TO,Tocantins,NORTE,2521,1,1,3.9666798889329633,2521.0,0.0,2500,1499.0,59.96,6,70.83333333333333,2,0,73.0,44.0,77.0,85.0,46.0,100.0
171360,Monte do Carmo,TO,Tocantins,NORTE,5667,2,2,3.5292041644609142,2833.5,0.0,5722,3088.0,53.96714435512059,6,59.5,2,2,12.0,19.0,83.0,91.0,52.0,100.0
171395,Muricilândia,TO,Tocantins,NORTE,3501,2,2,5.712653527563553,1750.5,0.0,3485,2167.0,62.18077474892396,6,70.0,0,0,63.0,50.0,71.0,90.0,71.0,75.0
171420,Natividade,TO,Tocantins,NORTE,8956,6,6,6.699419383653416,1492.6666666666667,0.0,8961,4859.0,54.22385894431425,6,68.5,2,0,39.0,37.0,94.0,65.0,85.0,91.0
171430,Nazaré,TO,Tocantins,NORTE,4672,2,2,4.280821917808219,2336.0,0.0,4660,2608.0,55.9656652360515,6,46.5,4,1,45.0,18.0,39.0,72.0,44.0,61.0
171488,Nova Olinda,TO,Tocantins,NORTE,10600,3,3,2.8301886792452833,3533.3333333333335,0.0,10609,5910.0,55.70741822980489,6,81.66666666666667,1,0,47.0,80.0,93.0,93.0,82.0,95.0
171500,Nova Rosalândia,TO,Tocantins,NORTE,3382,2,2,5.913660555884093,1691.0,0.0,3403,1915.0,56.27387599177197,6,75.16666666666667,0,0,60.0,69.0,79.0,79.0,64.0,100.0
171510,Novo Acordo,TO,Tocantins,NORTE,4118,2,2,4.856726566294317,2059.0,0.0,4102,2621.0,63.89566065333984,6,65.5,2,2,24.0,25.0,88.0,92.0,64.0,100.0
171515,Novo Alegre,TO,Tocantins,NORTE,1817,2,2,11.007154650522839,908.5,0.0,1841,1274.0,69.20152091254754,6,58.666666666666664,2,2,53.0,24.0,75.0,25.0,75.0,100.0
171525,Novo Jardim,TO,Tocantins,NORTE,2251,1,1,4.4424700133274095,2251.0,0.0,2263,1341.0,59.2576226248343,6,35.666666666666664,4,3,18.0,1.0,43.0,7.0,64.0,81.0
171550,Oliveira de Fátima,TO,Tocantins,NORTE,1220,1,1,8.19672131147541,1220.0,0.0,1211,788.0,65.07018992568125,6,43.666666666666664,5,2,40.0,7.0,43.0,43.0,29.0,100.0
172100,Palmas,TO,Tocantins,NORTE,328499,51,51,1.5525161416016486,6441.156862745098,22.632549925244717,323625,108268.0,33.45477018153728,6,44.5,3,2,18.0,26.0,58.0,59.0,43.0,63.0
171570,Palmeirante,TO,Tocantins,NORTE,4905,1,1,2.038735983690112,4905.0,0.09944827041581661,4909,2827.0,57.588103483397845,6,50.833333333333336,2,2,15.0,23.0,61.0,67.0,56.0,83.0
171380,Palmeiras do Tocantins,TO,Tocantins,NORTE,4850,1,1,2.061855670103093,4850.0,0.08712010428475224,4897,3063.0,62.54849908107004,6,70.66666666666667,1,0,31.0,64.0,84.0,95.0,53.0,97.0
171575,Palmeirópolis,TO,Tocantins,NORTE,7104,3,3,4.222972972972973,2368.0,0.0,7119,3990.0,56.04719764011799,6,68.0,2,1,44.0,23.0,90.0,90.0,70.0,91.0
171620,Paranã,TO,Tocantins,NORTE,10877,2,2,1.8387423002666177,5438.5,0.4380629637742786,10854,6635.0,61.12953749769671,6,34.166666666666664,5,4,23.0,4.0,12.0,45.0,21.0,100.0
171610,Paraíso do Tocantins,TO,Tocantins,NORTE,55704,11,11,1.9747235387045814,5064.0,1.4859666575418233,55164,16216.0,29.395982887390325,6,46.833333333333336,2,2,21.0,15.0,50.0,67.0,54.0,74.0
171630,Pau D'Arco,TO,Tocantins,NORTE,4057,1,1,2.4648755237860485,4057.0,0.0,4085,2644.0,64.72460220318239,6,48.166666666666664,2,1,30.0,9.0,60.0,70.0,55.0,65.0
171650,Pedro Afonso,TO,Tocantins,NORTE,14895,6,6,4.028197381671702,2482.5,0.0,14731,6024.0,40.893354151109904,6,62.333333333333336,2,0,30.0,46.0,71.0,89.0,60.0,78.0
171660,Peixe,TO,Tocantins,NORTE,9384,6,6,6.3938618925831205,1564.0,0.0,9438,5260.0,55.73214664123755,6,57.166666666666664,2,1,39.0,26.0,63.0,59.0,56.0,100.0
171665,Pequizeiro,TO,Tocantins,NORTE,5035,3,3,5.958291956305859,1678.3333333333333,0.0,5038,2636.0,52.32235013894403,6,64.33333333333333,2,0,35.0,30.0,67.0,89.0,78.0,87.0
171700,Pindorama do Tocantins,TO,Tocantins,NORTE,4599,2,2,4.348771472059143,2299.5,0.0,4596,2466.0,53.65535248041775,6,85.16666666666667,0,0,80.0,59.0,93.0,100.0,79.0,100.0
171720,Piraquê,TO,Tocantins,NORTE,2229,1,1,4.486316733961417,2229.0,0.0,2265,1427.0,63.00220750551876,6,65.5,2,1,24.0,32.0,91.0,91.0,55.0,100.0
171750,Pium,TO,Tocantins,NORTE,7408,4,4,5.399568034557236,1852.0,0.0,7375,2847.0,38.60338983050847,6,74.83333333333333,1,0,47.0,52.0,93.0,97.0,77.0,83.0
171780,Ponte Alta do Bom Jesus,TO,Tocantins,NORTE,4280,1,1,2.336448598130841,4280.0,0.0,4295,2664.0,62.0256111757858,6,72.33333333333333,2,0,43.0,44.0,82.0,100.0,82.0,83.0
171790,Ponte Alta do Tocantins,TO,Tocantins,NORTE,7874,3,3,3.8100076200152397,2624.6666666666665,0.0,7842,3591.0,45.79188982402449,6,41.0,4,2,10.0,8.0,32.0,68.0,43.0,85.0
171800,Porto Alegre do Tocantins,TO,Tocantins,NORTE,2960,1,1,3.3783783783783785,2960.0,0.0,2953,1538.0,52.08262783609888,6,53.0,3,3,27.0,7.0,25.0,92.0,67.0,100.0
171820,Porto Nacional,TO,Tocantins,NORTE,69551,20,20,2.875587698235827,3477.55,0.0,68555,26729.0,38.9891328130698,6,44.333333333333336,3,2,27.0,11.0,53.0,64.0,43.0,68.0
171830,Praia Norte,TO,Tocantins,NORTE,9552,3,3,3.14070351758794,3184.0,0.0,9460,3833.0,40.517970401691336,6,46.333333333333336,4,2,43.0,12.0,26.0,71.0,34.0,92.0
171840,Presidente Kennedy,TO,Tocantins,NORTE,3016,0,0,0.0,0.0,0.6760318009325388,3051,1686.0,55.26057030481809,6,60.833333333333336,0,0,51.0,59.0,54.0,54.0,54.0,93.0
171845,Pugmil,TO,Tocantins,NORTE,2223,1,1,4.49842555105713,2223.0,0.0,2231,1292.0,57.91125056028687,6,56.0,2,1,43.0,70.0,67.0,67.0,22.0,67.0
171850,Recursolândia,TO,Tocantins,NORTE,3454,2,2,5.790387955993051,1727.0,0.0,3471,2690.0,77.49927974647076,6,69.0,1,1,18.0,63.0,90.0,80.0,70.0,93.0
171855,Riachinho,TO,Tocantins,NORTE,4029,2,2,4.964010920824026,2014.5,0.0,4039,2700.0,66.84822975984154,6,71.5,0,0,50.0,56.0,71.0,76.0,76.0,100.0
171875,Rio Sono,TO,Tocantins,NORTE,4718,3,3,6.35862653666808,1572.6666666666667,0.0,4798,3207.0,66.84035014589412,6,82.5,1,0,41.0,79.0,94.0,100.0,81.0,100.0
171865,Rio da Conceição,TO,Tocantins,NORTE,1827,1,1,5.473453749315818,1827.0,0.0,1822,1165.0,63.940724478594944,6,60.333333333333336,2,1,47.0,23.0,75.0,75.0,92.0,50.0
171870,Rio dos Bois,TO,Tocantins,NORTE,2845,2,2,7.029876977152901,1422.5,0.0,2833,1458.0,51.46487822096717,6,69.16666666666667,2,2,24.0,29.0,93.0,93.0,86.0,90.0
171880,Sampaio,TO,Tocantins,NORTE,4397,2,2,4.548555833522856,2198.5,0.0,4372,3174.0,72.59835315645013,6,56.166666666666664,3,1,15.0,37.0,41.0,86.0,62.0,96.0
171884,Sandolândia,TO,Tocantins,NORTE,3900,1,1,2.5641025641025643,3900.0,0.0,3873,2402.0,62.01910663568293,6,65.16666666666667,1,0,34.0,57.0,53.0,87.0,60.0,100.0
171886,Santa Fé do Araguaia,TO,Tocantins,NORTE,7533,2,2,2.6549847338377806,3766.5,0.0,7489,3526.0,47.08238750166912,6,57.5,4,1,37.0,29.0,45.0,91.0,48.0,95.0
171888,Santa Maria do Tocantins,TO,Tocantins,NORTE,2716,1,1,3.681885125184094,2716.0,0.0,2726,1573.0,57.703595011005135,6,58.666666666666664,2,2,18.0,9.0,88.0,94.0,53.0,90.0
171889,Santa Rita do Tocantins,TO,Tocantins,NORTE,2299,1,1,4.349717268377556,2299.0,0.0,2291,1138.0,49.67263203841117,6,64.5,1,1,50.0,16.0,92.0,92.0,50.0,87.0
171890,Santa Rosa do Tocantins,TO,Tocantins,NORTE,4799,2,2,4.167534903104814,2399.5,0.0,4789,3033.0,63.332637293798285,6,75.0,1,1,11.0,79.0,96.0,88.0,76.0,100.0
171900,Santa Tereza do Tocantins,TO,Tocantins,NORTE,2907,1,1,3.4399724802201583,2907.0,0.0,2889,1686.0,58.359293873312566,6,83.5,0,0,75.0,61.0,100.0,100.0,71.0,94.0
172000,Santa Terezinha do Tocantins,TO,Tocantins,NORTE,2461,1,1,4.063388866314506,2461.0,0.0,2463,1432.0,58.14047909053998,6,67.66666666666667,2,1,39.0,16.0,88.0,100.0,71.0,92.0
172065,Silvanópolis,TO,Tocantins,NORTE,5259,2,2,3.8030043734550296,2629.5,0.0,5252,3303.0,62.89032749428789,6,68.66666666666667,2,2,28.0,24.0,96.0,89.0,79.0,96.0
172085,Sucupira,TO,Tocantins,NORTE,1591,1,1,6.285355122564425,1591.0,0.0,1599,854.0,53.40838023764854,6,55.333333333333336,3,1,28.0,44.0,60.0,60.0,40.0,100.0
172010,São Bento do Tocantins,TO,Tocantins,NORTE,6004,3,3,4.996668887408394,2001.3333333333333,0.0,5936,3306.0,55.69407008086253,6,60.5,3,1,35.0,29.0,48.0,91.0,70.0,90.0
172015,São Félix do Tocantins,TO,Tocantins,NORTE,1897,1,1,5.271481286241434,1897.0,0.0,1875,1115.0,59.46666666666667,6,49.0,3,2,6.0,3.0,73.0,80.0,47.0,85.0
172020,São Miguel do Tocantins,TO,Tocantins,NORTE,14116,3,3,2.1252479455936526,4705.333333333333,0.16407987465640497,13939,7330.0,52.586268742377506,6,75.0,1,0,33.0,50.0,93.0,95.0,82.0,97.0
172025,São Salvador do Tocantins,TO,Tocantins,NORTE,2356,2,2,8.488964346349745,1178.0,0.0,2385,1655.0,69.39203354297693,6,58.333333333333336,2,2,26.0,13.0,63.0,94.0,69.0,85.0
172030,São Sebastião do Tocantins,TO,Tocantins,NORTE,4182,2,2,4.782400765184122,2091.0,0.0,4189,2748.0,65.60038195273334,6,73.5,0,0,63.0,66.0,79.0,79.0,58.0,96.0
172049,São Valério,TO,Tocantins,NORTE,4554,1,1,2.1958717610891525,4554.0,0.02077215565211587,4547,2590.0,56.96063338464922,6,65.66666666666667,1,0,58.0,46.0,85.0,60.0,50.0,95.0
172080,Sítio Novo do Tocantins,TO,Tocantins,NORTE,11446,6,6,5.242005940940067,1907.6666666666667,0.0,11334,5835.0,51.48226574907358,6,75.66666666666667,0,0,59.0,69.0,82.0,77.0,73.0,94.0
170825,Tabocão,TO,Tocantins,NORTE,3741,1,1,2.6730820636193533,3741.0,0.0,3676,1827.0,49.70076169749728,6,59.333333333333336,2,2,15.0,23.0,62.0,77.0,92.0,87.0
172090,Taguatinga,TO,Tocantins,NORTE,14199,3,3,2.1128248468201987,4733.0,0.18268419809055633,14247,9207.0,64.62413139608338,6,74.66666666666667,1,0,40.0,53.0,94.0,88.0,77.0,96.0
172093,Taipas do Tocantins,TO,Tocantins,NORTE,2092,1,1,4.780114722753346,2092.0,0.0,2086,1297.0,62.176414189837004,6,59.166666666666664,2,1,53.0,45.0,73.0,82.0,27.0,75.0
172097,Talismã,TO,Tocantins,NORTE,2505,1,1,3.992015968063872,2505.0,0.0,2509,1537.0,61.25946592267836,6,79.83333333333333,0,0,50.0,56.0,93.0,93.0,87.0,100.0
172120,Tocantinópolis,TO,Tocantins,NORTE,23225,5,5,2.1528525296017222,4645.0,0.20584833443574715,23203,11221.0,48.36012584579581,6,55.666666666666664,2,0,35.0,54.0,64.0,70.0,46.0,65.0
172110,Tocantínia,TO,Tocantins,NORTE,7802,1,1,1.281722635221738,7802.0,0.7488064028102347,7751,3020.0,38.9627144884531,6,33.0,5,5,21.0,10.0,26.0,28.0,23.0,90.0
172125,Tupirama,TO,Tocantins,NORTE,2024,1,1,4.940711462450593,2024.0,0.0,2003,925.0,46.18072890664004,6,81.5,1,0,34.0,85.0,80.0,100.0,90.0,100.0
172130,Tupiratins,TO,Tocantins,NORTE,1886,1,1,5.302226935312832,1886.0,0.0,1897,1000.0,52.71481286241434,6,70.33333333333333,1,1,52.0,0.0,90.0,100.0,80.0,100.0
172208,Wanderlândia,TO,Tocantins,NORTE,10734,3,3,2.7948574622694244,3578.0,0.0,10751,5804.0,53.98567575109292,6,63.666666666666664,2,2,28.0,17.0,79.0,85.0,82.0,91.0
172210,Xambioá,TO,Tocantins,NORTE,10636,4,4,3.7608123354644603,2659.0,0.0,10683,5819.0,54.46971824393897,6,56.333333333333336,3,0,44.0,48.0,65.0,63.0,48.0,70.0
