nivel,regiao,uf,uf_nome,co_ibge6,municipio,populacao_2025,registros,estabelecimentos_cnes,municipios_com_registro,leitos_existentes,leitos_sus,uti_total_exist,uti_total_sus,pct_leitos_sus,pct_uti_sus,leitos_existentes_por_10k_hab,leitos_sus_por_10k_hab,uti_existente_por_100k_hab,uti_sus_por_100k_hab,gap_estimado_leitos_sus_para_media_nacional,gap_estimado_uti_sus_para_media_nacional
municipio,NORTE,AC,Acre,120001,Acrelândia,14712,1,1,1,7,7,0,0,100.0,0.0,4.758020663404024,4.758020663404024,0.0,0.0,17.369604389093094,2.207409684735062
municipio,NORTE,AC,Acre,120005,Assis Brasil,8648,1,1,1,12,12,0,0,100.0,0.0,13.876040703052729,13.876040703052729,0.0,0.0,2.324927865475605,1.2975583845560643
municipio,NORTE,AC,Acre,120010,Brasiléia,28028,1,1,1,94,94,0,0,100.0,0.0,33.53789068074782,33.53789068074782,0.0,0.0,0.0,4.205361517384063
municipio,NORTE,AC,Acre,120013,Bujari,13928,0,0,0,0,0,0,0,0.0,0.0,0.0,0.0,0.0,0.0,23.07095227917949,2.0897771947383053
municipio,NORTE,AC,Acre,120017,Capixaba,10981,0,0,0,0,0,0,0,0.0,0.0,0.0,0.0,0.0,0.0,18.189411758879235,1.6476050671612097
municipio,NORTE,AC,Acre,120020,Cruzeiro do Sul,98916,5,5,1,222,173,19,0,77.92792792792793,0.0,22.44328521169477,17.48958712442881,19.2082170730721,0.0,0.0,14.841499209845935
municipio,NORTE,AC,Acre,120025,Epitaciolândia,19874,0,0,0,0,0,0,0,0.0,0.0,0.0,0.0,0.0,0.0,32.92016840870284,2.9819236048412603
municipio,NORTE,AC,Acre,120030,Feijó,37764,1,1,1,42,42,0,0,100.0,0.0,11.121703209405783,11.121703209405783,0.0,0.0,20.55395188619574,5.666164990098891
municipio,NORTE,AC,Acre,120032,Jordão,9884,1,1,1,17,17,0,0,100.0,0.0,17.19951436665318,17.19951436665318,0.0,0.0,0.0,1.4830096060305433
municipio,NORTE,AC,Acre,120034,Manoel Urbano,12923,1,1,1,25,25,0,0,100.0,0.0,19.345353246150275,19.345353246150275,0.0,0.0,0.0,1.938985546209299
municipio,NORTE,AC,Acre,120035,Marechal Thaumaturgo,18057,1,1,1,14,14,0,0,100.0,0.0,7.753225895774492,7.753225895774492,0.0,0.0,15.91040962845664,2.7092983059584705
municipio,NORTE,AC,Acre,120033,Mâncio Lima,20479,1,1,1,44,44,0,0,100.0,0.0,21.48542409297329,21.48542409297329,0.0,0.0,0.0,3.072698676841309
municipio,NORTE,AC,Acre,120038,Plácido de Castro,17107,2,2,1,63,63,0,0,100.0,0.0,36.827029870813114,36.827029870813114,0.0,0.0,0.0,2.566758936702196
municipio,NORTE,AC,Acre,120080,Porto Acre,17523,0,0,0,0,0,0,0,0.0,0.0,0.0,0.0,0.0,0.0,29.025868522979767,2.629176176292312
municipio,NORTE,AC,Acre,120039,Porto Walter,11333,1,1,1,12,12,0,0,100.0,0.0,10.58854672196241,10.58854672196241,0.0,0.0,6.77248005312616,1.7004196545066923
municipio,NORTE,AC,Acre,120040,Rio Branco,389001,12,12,1,1093,937,84,81,85.72735590118938,96.42857142857143,28.097614144950786,24.08734167778489,21.59377482320097,20.82256857951522,0.0,0.0
municipio,NORTE,AC,Acre,120042,Rodrigues Alves,15560,1,1,1,16,16,0,0,100.0,0.0,10.282776349614394,10.282776349614394,0.0,0.0,9.77426891614251,2.334644826976452
municipio,NORTE,AC,Acre,120043,Santa Rosa do Purus,7217,1,1,1,16,16,0,0,100.0,0.0,22.169876680060966,22.169876680060966,0.0,0.0,0.0,1.0828490820237182
municipio,NORTE,AC,Acre,120050,Sena Madureira,44049,1,1,1,38,38,0,0,100.0,0.0,8.626756566550887,8.626756566550887,0.0,0.0,34.964702537735306,6.609175448810138
municipio,NORTE,AC,Acre,120045,Senador Guiomard,22402,1,1,1,35,35,0,0,100.0,0.0,15.623605035264708,15.623605035264708,0.0,0.0,2.1076588855671265,3.3612283685042725
municipio,NORTE,AC,Acre,120060,Tarauacá,46816,1,1,1,42,42,0,0,100.0,0.0,8.971291866028709,8.971291866028709,0.0,0.0,35.54808313484111,7.024340116949203
municipio,NORTE,AC,Acre,120070,Xapuri,19170,1,1,1,34,34,0,0,100.0,0.0,17.73604590505999,17.73604590505999,0.0,0.0,0.0,2.8762944301502946
municipio,NORDESTE,AL,Alagoas,270020,Anadia,14167,1,1,1,25,25,0,0,100.0,0.0,17.646643608385684,17.646643608385684,0.0,0.0,0.0,2.1256370992143574
municipio,NORDESTE,AL,Alagoas,270030,Arapiraca,243906,7,7,1,1286,1007,129,110,78.30482115085536,85.27131782945736,52.725230211638916,41.28639721860061,52.88922781727386,45.09934154961338,0.0,0.0
municipio,NORDESTE,AL,Alagoas,270040,Atalaia,38480,1,1,1,25,25,0,0,100.0,0.0,6.496881496881497,6.496881496881497,0.0,0.0,38.73996580290255,5.773594662085725
municipio,NORDESTE,AL,Alagoas,270050,Barra de Santo Antônio,16756,0,0,0,0,0,0,0,0.0,0.0,0.0,0.0,0.0,0.0,27.755375961367857,2.5140943907980358
municipio,NORDESTE,AL,Alagoas,270060,Barra de São Miguel,8123,0,0,0,0,0,0,0,0.0,0.0,0.0,0.0,0.0,0.0,13.455294756158459,1.2187866278618074
municipio,NORDESTE,AL,Alagoas,270070,Batalha,17103,1,1,1,35,35,0,0,100.0,0.0,20.46424603870666,20.46424603870666,0.0,0.0,0.0,2.5661587709369065
municipio,NORDESTE,AL,Alagoas,270090,Belo Monte,5895,0,0,0,0,0,0,0,0.0,0.0,0.0,0.0,0.0,0.0,9.764737484618257,0.8844942965955133
municipio,NORDESTE,AL,Alagoas,270080,Belém,4819,0,0,0,0,0,0,0,0.0,0.0,0.0,0.0,0.0,0.0,7.982403721522541,0.7230497057326172
municipio,NORDESTE,AL,Alagoas,270100,Boca da Mata,21479,1,1,1,14,14,0,0,100.0,0.0,6.517994320033521,6.517994320033521,0.0,0.0,21.578761057186693,3.222740118163703
municipio,NORDESTE,AL,Alagoas,270110,Branquinha,9779,0,0,0,0,0,0,0,0.0,0.0,0.0,0.0,0.0,0.0,16.198366049547403,1.467255254691692
municipio,NORDESTE,AL,Alagoas,270120,Cacimbinhas,10705,1,1,1,3,3,0,0,100.0,0.0,2.802428771602055,2.802428771602055,0.0,0.0,14.732233209981077,1.606193629356229
municipio,NORDESTE,AL,Alagoas,270130,Cajueiro,16572,1,1,1,27,27,0,0,100.0,0.0,16.292541636495294,16.292541636495294,0.0,0.0,0.450590262102419,2.4864867655947154
municipio,NORDESTE,AL,Alagoas,270135,Campestre,6808,0,0,0,0,0,0,0,0.0,0.0,0.0,0.0,0.0,0.0,11.277070872821222,1.0214821325228591
municipio,NORDESTE,AL,Alagoas,270140,Campo Alegre,32558,1,1,1,29,29,0,0,100.0,0.0,8.907181030775847,8.907181030775847,0.0,0.0,24.930504329805125,4.885049246574508
municipio,NORDESTE,AL,Alagoas,270150,Campo Grande,8285,0,0,0,0,0,0,0,0.0,0.0,0.0,0.0,0.0,0.0,13.723638687033462,1.2430933413560352
municipio,NORDESTE,AL,Alagoas,270160,Canapi,15730,0,0,0,0,0,0,0,0.0,0.0,0.0,0.0,0.0,0.0,26.05586439915949,2.3601518720012593
municipio,NORDESTE,AL,Alagoas,270170,Capela,15051,1,1,1,50,50,0,0,100.0,0.0,33.22038402763936,33.22038402763936,0.0,0.0,0.0,2.2582737333433536
municipio,NORDESTE,AL,Alagoas,270180,Carneiros,9206,0,0,0,0,0,0,0,0.0,0.0,0.0,0.0,0.0,0.0,15.249223627378402,1.3812815088139603
municipio,NORDESTE,AL,Alagoas,270190,Chã Preta,6000,0,0,0,0,0,0,0,0.0,0.0,0.0,0.0,0.0,0.0,9.938664106481687,0.9002486479343647
municipio,NORDESTE,AL,Alagoas,270200,Coité do Nóia,11036,0,0,0,0,0,0,0,0.0,0.0,0.0,0.0,0.0,0.0,18.280516179855315,1.6558573464339412
municipio,NORDESTE,AL,Alagoas,270210,Colônia Leopoldina,15915,1,1,1,33,33,0,0,100.0,0.0,20.735155513666353,20.735155513666353,0.0,0.0,0.0,2.387909538645902
municipio,NORDESTE,AL,Alagoas,270220,Coqueiro Seco,5701,0,0,0,0,0,0,0,0.0,0.0,0.0,0.0,0.0,0.0,9.44338734517535,0.8553862569789688
municipio,NORDESTE,AL,Alagoas,270230,Coruripe,51784,3,3,1,489,480,47,38,98.15950920245399,80.85106382978722,94.43071218909316,92.69272362119574,90.76162521242082,73.38173953344662,0.0,0.0
municipio,NORDESTE,AL,Alagoas,270235,Craíbas,26144,1,1,1,8,8,0,0,100.0,0.0,3.059975520195838,3.059975520195838,0.0,0.0,35.3060723999762,3.9226834419326715
municipio,NORDESTE,AL,Alagoas,270240,Delmiro Gouveia,52845,1,1,1,119,109,20,20,91.59663865546219,100.0,22.518686725328788,20.626360109754945,37.84653231147696,37.84653231147696,0.0,0.0
municipio,NORDESTE,AL,Alagoas,270250,Dois Riachos,9898,0,0,0,0,0,0,0,0.0,0.0,0.0,0.0,0.0,0.0,16.395482887659288,1.485110186209057
municipio,NORDESTE,AL,Alagoas,270255,Estrela de Alagoas,15688,0,0,0,0,0,0,0,0.0,0.0,0.0,0.0,0.0,0.0,25.98629375041412,2.3538501314657188
municipio,NORDESTE,AL,Alagoas,270260,Feira Grande,23204,0,0,0,0,0,0,0,0.0,0.0,0.0,0.0,0.0,0.0,38.43612698780018,3.481561604444833
municipio,NORDESTE,AL,Alagoas,270270,Feliz Deserto,4035,0,0,0,0,0,0,0,0.0,0.0,0.0,0.0,0.0,0.0,6.683751611608935,0.6054172157358603
municipio,NORDESTE,AL,Alagoas,270280,Flexeiras,9745,1,1,1,15,15,0,0,100.0,0.0,15.392508978963571,15.392508978963571,0.0,0.0,1.142046952944007,1.4621538456867307
municipio,NORDESTE,AL,Alagoas,270290,Girau do Ponciano,37337,1,1,1,48,48,0,0,100.0,0.0,12.855880226049228,12.855880226049228,0.0,0.0,13.84665029061779,5.60209729465423
municipio,NORDESTE,AL,Alagoas,270300,Ibateguara,13982,1,1,1,3,3,0,0,100.0,0.0,2.145615791732227,2.145615791732227,0.0,0.0,20.160400256137823,2.097879432569714
municipio,NORDESTE,AL,Alagoas,270310,Igaci,24445,1,1,1,14,14,0,0,100.0,0.0,5.7271425649417065,5.7271425649417065,0.0,0.0,26.491774013824138,3.6677630331259237
municipio,NORDESTE,AL,Alagoas,270320,Igreja Nova,22113,0,0,0,0,0,0,0,0.0,0.0,0.0,0.0,0.0,0.0,36.62894656443826,3.3178663919621005
municipio,NORDESTE,AL,Alagoas,270330,Inhapi,15396,0,0,0,0,0,0,0,0.0,0.0,0.0,0.0,0.0,0.0,25.50261209723201,2.31003803059958
municipio,NORDESTE,AL,Alagoas,270340,Jacaré dos Homens,5180,0,0,0,0,0,0,0,0.0,0.0,0.0,0.0,0.0,0.0,8.58038001192919,0.7772146660500016
municipio,NORDESTE,AL,Alagoas,270350,Jacuípe,5419,0,0,0,0,0,0,0,0.0,0.0,0.0,0.0,0.0,0.0,8.976270132170711,0.8130745705260537
municipio,NORDESTE,AL,Alagoas,270360,Japaratinga,9457,0,0,0,0,0,0,0,0.0,0.0,0.0,0.0,0.0,0.0,15.664991075832885,1.418941910585881
municipio,NORDESTE,AL,Alagoas,270370,Jaramataia,5069,0,0,0,0,0,0,0,0.0,0.0,0.0,0.0,0.0,0.0,8.396514725959278,0.7605600660632158
municipio,NORDESTE,AL,Alagoas,270375,Jequiá da Praia,9607,0,0,0,0,0,0,0,0.0,0.0,0.0,0.0,0.0,0.0,15.913457678494929,1.4414481267842403
municipio,NORDESTE,AL,Alagoas,270380,Joaquim Gomes,17342,1,1,1,50,50,0,0,100.0,0.0,28.83173797716526,28.83173797716526,0.0,0.0,0.0,2.6020186754129586
municipio,NORDESTE,AL,Alagoas,270390,Jundiá,4175,0,0,0,0,0,0,0,0.0,0.0,0.0,0.0,0.0,0.0,6.915653774093507,0.6264230175209954
municipio,NORDESTE,AL,Alagoas,270400,Junqueiro,24382,1,1,1,36,36,0,0,100.0,0.0,14.764990566811584,14.764990566811584,0.0,0.0,4.38741804070608,3.6583104223226135
municipio,NORDESTE,AL,Alagoas,270410,Lagoa da Canoa,18836,1,1,1,3,3,0,0,100.0,0.0,1.5926948396687195,1.5926948396687195,0.0,0.0,28.20077951828151,2.826180588748615
municipio,NORDESTE,AL,Alagoas,270420,Limoeiro de Anadia,25184,1,1,1,14,14,0,0,100.0,0.0,5.559085133418043,5.559085133418043,0.0,0.0,27.71588614293913,3.7786436582631735
municipio,NORDESTE,AL,Alagoas,270430,Maceió,994952,36,36,1,3367,2424,368,233,71.99287199287198,63.315217391304344,33.84082850227951,24.362984344973427,36.98670890656032,23.418215150077593,0.0,0.0
municipio,NORDESTE,AL,Alagoas,270440,Major Isidoro,17828,1,1,1,32,32,0,0,100.0,0.0,17.949293246578417,17.949293246578417,0.0,0.0,0.0,2.674938815895642
municipio,NORDESTE,AL,Alagoas,270490,Mar Vermelho,3208,0,0,0,0,0,0,0,0.0,0.0,0.0,0.0,0.0,0.0,5.313872408932209,0.48133294376224034
municipio,NORDESTE,AL,Alagoas,270450,Maragogi,33269,0,0,0,0,0,0,0,0.0,0.0,0.0,0.0,0.0,0.0,55.10823602642321,4.99172871135473
municipio,NORDESTE,AL,Alagoas,270460,Maravilha,9709,0,0,0,0,0,0,0,0.0,0.0,0.0,0.0,0.0,0.0,16.082414968305116,1.4567523537991243
municipio,NORDESTE,AL,Alagoas,270470,Marechal Deodoro,62477,0,0,0,0,0,0,0,0.0,0.0,0.0,0.0,0.0,0.0,103.48965289677606,9.374139129499216
municipio,NORDESTE,AL,Alagoas,270480,Maribondo,13970,1,1,1,2,2,0,0,100.0,0.0,1.4316392269148175,1.4316392269148175,0.0,0.0,21.14052292792486,2.0960789352738454
municipio,NORDESTE,AL,Alagoas,270500,Mata Grande,22126,1,1,1,36,36,0,0,100.0,0.0,16.270451053059748,16.270451053059748,0.0,0.0,0.6504803366689693,3.319816930699292
municipio,NORDESTE,AL,Alagoas,270510,Matriz de Camaragibe,24331,1,1,1,24,24,0,0,100.0,0.0,9.863959557765813,9.863959557765813,0.0,0.0,16.302939395800987,3.6506583088151707
municipio,NORDESTE,AL,Alagoas,270520,Messias,15706,0,0,0,0,0,0,0,0.0,0.0,0.0,0.0,0.0,0.0,26.016109742733562,2.356550877409522
municipio,NORDESTE,AL,Alagoas,270530,Minador do Negrão,4935,0,0,0,0,0,0,0,0.0,0.0,0.0,0.0,0.0,0.0,8.174551227581189,0.7404545129260148
municipio,NORDESTE,AL,Alagoas,270540,Monteirópolis,7344,0,0,0,0,0,0,0,0.0,0.0,0.0,0.0,0.0,0.0,12.164924866333585,1.1019043450716624
municipio,NORDESTE,AL,Alagoas,270550,Murici,25926,1,1,1,53,53,0,0,100.0,0.0,20.442798734860755,20.442798734860755,0.0,0.0,0.0,3.8899744077243894
municipio,NORDESTE,AL,Alagoas,270560,Novo Lino,10285,0,0,0,0,0,0,0,0.0,0.0,0.0,0.0,0.0,0.0,17.03652672252736,1.5431762240008233
municipio,NORDESTE,AL,Alagoas,270590,Olho d'Água Grande,4381,0,0,0,0,0,0,0,0.0,0.0,0.0,0.0,0.0,0.0,7.256881241749379,0.6573315544334086
municipio,NORDESTE,AL,Alagoas,270570,Olho d'Água das Flores,21135,0,0,0,0,0,0,0,0.0,0.0,0.0,0.0,0.0,0.0,35.00894431508174,3.1711258623488
municipio,NORDESTE,AL,Alagoas,270580,Olho d'Água do Casado,8522,0,0,0,0,0,0,0,0.0,0.0,0.0,0.0,0.0,0.0,14.11621591923949,1.2786531629494426
municipio,NORDESTE,AL,Alagoas,270600,Olivença,11047,0,0,0,0,0,0,0,0.0,0.0,0.0,0.0,0.0,0.0,18.298737064050535,1.6575078022884877
municipio,NORDESTE,AL,Alagoas,270610,Ouro Branco,11706,0,0,0,0,0,0,0,0.0,0.0,0.0,0.0,0.0,0.0,19.390333671745772,1.7563851121199454
municipio,NORDESTE,AL,Alagoas,270620,Palestina,4408,0,0,0,0,0,0,0,0.0,0.0,0.0,0.0,0.0,0.0,7.301605230228546,0.6613826733491132
municipio,NORDESTE,AL,Alagoas,270630,Palmeira dos Índios,73621,2,2,1,302,254,38,16,84.10596026490066,42.10526315789473,41.020904361527286,34.501025522609034,51.61570747476943,21.732929463060813,0.0,0.0
municipio,NORDESTE,AL,Alagoas,270642,Pariconha,10807,0,0,0,0,0,0,0,0.0,0.0,0.0,0.0,0.0,0.0,17.901190499791266,1.621497856371113
municipio,NORDESTE,AL,Alagoas,270644,Paripueira,14199,1,1,1,80,0,0,0,0.0,0.0,56.3419959152053,0.0,0.0,0.0,23.519848607988912,2.130438425336674
municipio,NORDESTE,AL,Alagoas,270650,Passo de Camaragibe,14070,0,0,0,0,0,0,0,0.0,0.0,0.0,0.0,0.0,0.0,23.306167329699555,2.111083079406085
municipio,NORDESTE,AL,Alagoas,270660,Paulo Jacinto,6691,1,1,1,16,16,0,0,100.0,0.0,23.912718577193242,23.912718577193242,0.0,0.0,0.0,1.003927283888139
municipio,NORDESTE,AL,Alagoas,270670,Penedo,60185,2,2,1,120,106,0,0,88.33333333333333,0.0,19.938522887762733,17.612361884190413,0.0,0.0,0.0,9.03024414598829
municipio,NORDESTE,AL,Alagoas,270680,Piaçabuçu,16192,0,0,0,0,0,0,0,0.0,0.0,0.0,0.0,0.0,0.0,26.821141535358578,2.4294710178922054
municipio,NORDESTE,AL,Alagoas,270690,Pilar,36525,2,2,1,102,102,0,0,100.0,0.0,27.926078028747433,27.926078028747433,0.0,0.0,0.0,5.480263644300444
municipio,NORDESTE,AL,Alagoas,270700,Pindoba,2786,0,0,0,0,0,0,0,0.0,0.0,0.0,0.0,0.0,0.0,4.614853033442997,0.41801545552418995
municipio,NORDESTE,AL,Alagoas,270710,Piranhas,23053,1,1,1,42,42,0,0,100.0,0.0,18.218886912766234,18.218886912766234,0.0,0.0,0.0,3.4589053468051514
municipio,NORDESTE,AL,Alagoas,270730,Porto Calvo,24509,2,2,1,168,148,20,10,88.09523809523809,50.0,68.5462483169448,60.38598066016566,81.60267656779143,40.80133828389572,0.0,0.0
municipio,NORDESTE,AL,Alagoas,270750,Porto Real do Colégio,20273,0,0,0,0,0,0,0,0.0,0.0,0.0,0.0,0.0,0.0,33.58108957178387,3.0417901399288954
municipio,NORDESTE,AL,Alagoas,270740,Porto de Pedras,9517,0,0,0,0,0,0,0,0.0,0.0,0.0,0.0,0.0,0.0,15.764377716897702,1.4279443970652248
municipio,NORDESTE,AL,Alagoas,270720,Poço das Trincheiras,12965,0,0,0,0,0,0,0,0.0,0.0,0.0,0.0,0.0,0.0,21.47579669008918,1.9452872867448394
municipio,NORDESTE,AL,Alagoas,270640,Pão de Açúcar,24291,1,1,1,52,52,0,0,100.0,0.0,21.407105512329668,21.407105512329668,0.0,0.0,0.0,3.644656651162275
municipio,NORDESTE,AL,Alagoas,270760,Quebrangulo,11303,1,1,1,28,28,0,0,100.0,0.0,24.77218437582943,24.77218437582943,0.0,0.0,0.0,1.6959184112670205
municipio,NORDESTE,AL,Alagoas,270770,Rio Largo,97658,1,1,1,118,118,0,0,100.0,0.0,12.082983472936164,12.082983472936164,0.0,0.0,43.76500988513145,14.652747076662365
municipio,NORDESTE,AL,Alagoas,270780,Roteiro,6606,0,0,0,0,0,0,0,0.0,0.0,0.0,0.0,0.0,0.0,10.942469181236339,0.9911737613757354
municipio,NORDESTE,AL,Alagoas,270790,Santa Luzia do Norte,7066,0,0,0,0,0,0,0,0.0,0.0,0.0,0.0,0.0,0.0,11.704433429399932,1.0601928243840368
municipio,NORDESTE,AL,Alagoas,270800,Santana do Ipanema,47418,1,1,1,145,119,20,20,82.06896551724138,100.0,30.57910498123076,25.09595512252731,42.178075836180355,42.178075836180355,0.0,0.0
municipio,NORDESTE,AL,Alagoas,270810,Santana do Mundaú,11572,0,0,0,0,0,0,0,0.0,0.0,0.0,0.0,0.0,0.0,19.16837017336768,1.7362795589827447
municipio,NORDESTE,AL,Alagoas,270890,Satuba,25105,0,0,0,0,0,0,0,0.0,0.0,0.0,0.0,0.0,0.0,41.585027065537126,3.766790384398704
municipio,NORDESTE,AL,Alagoas,270895,Senador Rui Palmeira,12545,0,0,0,0,0,0,0,0.0,0.0,0.0,0.0,0.0,0.0,20.78009020263546,1.882269881389434
municipio,NORDESTE,AL,Alagoas,270820,São Brás,6557,1,1,1,3,3,0,0,100.0,0.0,4.575263077626963,4.575263077626963,0.0,0.0,7.861303424366737,0.9838217307509382
municipio,NORDESTE,AL,Alagoas,270830,São José da Laje,21180,1,1,1,50,50,0,0,100.0,0.0,23.60717658168083,23.60717658168083,0.0,0.0,0.0,3.177877727208307
municipio,NORDESTE,AL,Alagoas,270840,São José da Tapera,31569,1,1,1,29,29,0,0,100.0,0.0,9.186226994836707,9.186226994836707,0.0,0.0,23.2922811962534,4.73665826110666
municipio,NORDESTE,AL,Alagoas,270850,São Luís do Quitunde,31785,1,1,1,29,29,0,0,100.0,0.0,9.12380053484348,9.12380053484348,0.0,0.0,23.650073104086733,4.769067212432297
municipio,NORDESTE,AL,Alagoas,270860,São Miguel dos Campos,53380,1,1,1,153,142,28,25,92.81045751633987,89.28571428571429,28.662420382165603,26.601723491944547,52.45410266017235,46.83402023229674,0.0,0.0
municipio,NORDESTE,AL,Alagoas,270870,São Miguel dos Milagres,8700,0,0,0,0,0,0,0,0.0,0.0,0.0,0.0,0.0,0.0,14.411062954398446,1.3053605395048287
municipio,NORDESTE,AL,Alagoas,270880,São Sebastião,32707,1,1,1,6,6,0,0,100.0,0.0,1.8344696853884488,1.8344696853884488,0.0,0.0,48.177314488449426,4.907405421331544
municipio,NORDESTE,AL,Alagoas,270900,Tanque d'Arca,5906,0,0,0,0,0,0,0,0.0,0.0,0.0,0.0,0.0,0.0,9.782958368813473,0.8861447524500596
municipio,NORDESTE,AL,Alagoas,270910,Taquarana,19428,1,1,1,1,1,0,0,100.0,0.0,0.5147210212065061,0.5147210212065061,0.0,0.0,31.181394376787708,2.9150051220114728
municipio,NORDESTE,AL,Alagoas,270915,Teotônio Vilela,39143,1,1,1,68,68,0,0,100.0,0.0,17.37219937153514,17.37219937153514,0.0,0.0,0.0,5.873072137682473
municipio,NORDESTE,AL,Alagoas,270920,Traipu,24106,1,1,1,20,20,0,0,100.0,0.0,8.296689620841283,8.296689620841283,0.0,0.0,19.930239491807928,3.6168989845176323
municipio,NORDESTE,AL,Alagoas,270930,União dos Palmares,60860,2,2,1,146,106,20,20,72.6027397260274,100.0,23.989484061781138,17.417022674991784,32.86230693394676,32.86230693394676,0.0,0.0
municipio,NORDESTE,AL,Alagoas,270940,Viçosa,24414,1,1,1,40,40,0,0,100.0,0.0,16.384041943147373,16.384041943147373,0.0,0.0,0.44042424927398743,3.66311174844493
municipio,NORDESTE,AL,Alagoas,270010,Água Branca,19550,1,1,1,25,25,0,0,100.0,0.0,12.787723785166241,12.787723785166241,0.0,0.0,7.383480546952829,2.9333101778528046
municipio,NORTE,AM,Amazonas,130002,Alvarães,16806,1,1,1,34,34,0,0,100.0,0.0,20.23086992740688,20.23086992740688,0.0,0.0,0.0,2.5215964628641556
municipio,NORTE,AM,Amazonas,130006,Amaturá,11533,1,1,1,33,33,0,0,100.0,0.0,28.613543744038846,28.613543744038846,0.0,0.0,0.0,1.7304279427711713
municipio,NORTE,AM,Amazonas,130008,Anamã,9981,1,1,1,22,22,0,0,100.0,0.0,22.04187957118525,22.04187957118525,0.0,0.0,0.0,1.4975636258388156
municipio,NORTE,AM,Amazonas,130010,Anori,18056,1,1,1,32,32,0,0,100.0,0.0,17.722640673460344,17.722640673460344,0.0,0.0,0.0,2.709148264517148
municipio,NORTE,AM,Amazonas,130014,Apuí,21781,1,1,1,43,43,0,0,100.0,0.0,19.7419769523897,19.7419769523897,0.0,0.0,0.0,3.268052633443066
municipio,NORTE,AM,Amazonas,130020,Atalaia do Norte,15889,1,1,1,41,41,0,0,100.0,0.0,25.80401535653597,25.80401535653597,0.0,0.0,0.0,2.3840084611715198
municipio,NORTE,AM,Amazonas,130030,Autazes,45960,1,1,1,44,44,0,0,100.0,0.0,9.573542210617928,9.573542210617928,0.0,0.0,32.13016705564972,6.895904643177233
municipio,NORTE,AM,Amazonas,130040,Barcelos,18210,1,1,1,30,30,0,0,100.0,0.0,16.474464579901152,16.474464579901152,0.0,0.0,0.1638455631719222,2.7322546464807966
municipio,NORTE,AM,Amazonas,130050,Barreirinha,33722,1,1,1,30,30,0,0,100.0,0.0,8.896269497657316,8.896269497657316,0.0,0.0,25.858605166462574,5.059697484273775
municipio,NORTE,AM,Amazonas,130060,Benjamin Constant,40908,1,1,1,49,49,0,0,100.0,0.0,11.978097193702942,11.978097193702942,0.0,0.0,18.761811877992148,6.137895281616498
municipio,NORTE,AM,Amazonas,130063,Beruri,22495,1,1,1,27,27,0,0,100.0,0.0,12.002667259390977,12.002667259390977,0.0,0.0,10.26170817921759,3.3751822225472554
municipio,NORTE,AM,Amazonas,130068,Boa Vista do Ramos,26479,1,1,1,22,22,0,0,100.0,0.0,8.308470863703313,8.308470863703313,0.0,0.0,21.86098114592143,3.9729473247756735
municipio,NORTE,AM,Amazonas,130070,Boca do Acre,38792,1,1,1,65,65,0,0,100.0,0.0,16.75603217158177,16.75603217158177,0.0,0.0,0.0,5.820407591778312
municipio,NORTE,AM,Amazonas,130080,Borba,34869,1,1,1,53,53,0,0,100.0,0.0,15.199747626831856,15.199747626831856,0.0,0.0,4.758546454818325,5.23179501747056
municipio,NORTE,AM,Amazonas,130083,Caapiranga,14806,1,1,1,23,23,0,0,100.0,0.0,15.534242874510333,15.534242874510333,0.0,0.0,1.5253101267613103,2.221513580219367
municipio,NORTE,AM,Amazonas,130090,Canutama,18109,1,1,1,28,28,0,0,100.0,0.0,15.461925009663702,15.461925009663702,0.0,0.0,1.9965447173794812,2.717100460907235
municipio,NORTE,AM,Amazonas,130100,Carauari,31130,1,1,1,51,50,0,0,98.0392156862745,0.0,16.382910375843238,16.061676839062,0.0,0.0,1.5651022724624841,4.670790068366129
municipio,NORTE,AM,Amazonas,130110,Careiro,32336,1,1,1,20,20,0,0,100.0,0.0,6.1850569025235025,6.1850569025235025,0.0,0.0,33.56277375786531,4.851740046600936
municipio,NORTE,AM,Amazonas,130115,Careiro da Várzea,20324,1,1,1,21,21,0,0,100.0,0.0,10.332611690612083,10.332611690612083,0.0,0.0,12.665568216688971,3.049442253436338
municipio,NORTE,AM,Amazonas,130120,Coari,73576,1,1,1,117,104,0,0,88.88888888888889,0.0,15.901924540611068,14.135044036098728,0.0,0.0,17.874525049749433,11.039449086736468
municipio,NORTE,AM,Amazonas,130130,Codajás,24572,1,1,1,48,48,0,0,100.0,0.0,19.534429431873676,19.534429431873676,0.0,0.0,0.0,3.686818296173868
municipio,NORTE,AM,Amazonas,130140,Eirunepé,35793,1,1,1,76,76,0,0,100.0,0.0,21.233202022741875,21.233202022741875,0.0,0.0,0.0,5.370433309252451
municipio,NORTE,AM,Amazonas,130150,Envira,17985,1,1,1,31,31,0,0,100.0,0.0,17.23658604392549,17.23658604392549,0.0,0.0,0.0,2.698495322183258
municipio,NORTE,AM,Amazonas,130160,Fonte Boa,28227,1,1,1,66,66,0,0,100.0,0.0,23.381868423849507,23.381868423849507,0.0,0.0,0.0,4.235219764207218
municipio,NORTE,AM,Amazonas,130165,Guajará,14344,1,1,1,23,23,0,0,100.0,0.0,16.0345789180145,16.0345789180145,0.0,0.0,0.7600329905622215,2.1521944343284214
municipio,NORTE,AM,Amazonas,130170,Humaitá,63454,1,1,1,48,44,0,0,91.66666666666666,0.0,7.564534938695748,6.934157027137769,0.0,0.0,61.107998702114834,9.520729617671195
municipio,NORTE,AM,Amazonas,130180,Ipixuna,25629,1,1,1,31,31,0,0,100.0,0.0,12.0956728705763,12.0956728705763,0.0,0.0,11.453003730836528,3.8454120996516385
municipio,NORTE,AM,Amazonas,130185,Iranduba,68862,1,1,1,20,20,0,0,100.0,0.0,2.9043594435247306,2.9043594435247306,0.0,0.0,94.06604795009032,10.332153732342702
municipio,NORTE,AM,Amazonas,130190,Itacoatiara,113917,1,1,1,110,109,0,0,99.0909090909091,0.0,9.656153164145826,9.568369953562682,0.0,0.0,79.69713316967905,17.09227087112317
municipio,NORTE,AM,Amazonas,130195,Itamarati,11956,1,1,1,29,29,0,0,100.0,0.0,24.255603880896622,24.255603880896622,0.0,0.0,0.0,1.7938954724505438
municipio,NORTE,AM,Amazonas,130200,Itapiranga,10955,1,1,1,31,31,0,0,100.0,0.0,28.297581013235966,28.297581013235966,0.0,0.0,0.0,1.6437039896868275
municipio,NORTE,AM,Amazonas,130210,Japurá,9420,1,1,1,20,20,0,0,100.0,0.0,21.231422505307854,21.231422505307854,0.0,0.0,0.0,1.4133903772569523
municipio,NORTE,AM,Amazonas,130220,Juruá,11093,1,1,1,21,21,0,0,100.0,0.0,18.930857297394752,18.930857297394752,0.0,0.0,0.0,1.6644097085893177
municipio,NORTE,AM,Amazonas,130230,Jutaí,28202,1,1,1,26,26,0,0,100.0,0.0,9.21920431175094,9.21920431175094,0.0,0.0,20.715034188499423,4.231468728174159
municipio,NORTE,AM,Amazonas,130240,Lábrea,49469,1,1,1,58,55,0,0,94.82758620689656,0.0,11.72451434231539,11.118073945299077,0.0,0.0,26.942629113923758,7.422400060777514
municipio,NORTE,AM,Amazonas,130250,Manacapuru,111751,1,1,1,90,90,0,0,100.0,0.0,8.053619206986962,8.053619206986962,0.0,0.0,95.10927542723917,16.767281109218864
municipio,NORTE,AM,Amazonas,130255,Manaquiri,16211,1,1,1,30,30,0,0,100.0,0.0,18.505952748133986,18.505952748133986,0.0,0.0,0.0,2.432321805277331
municipio,NORTE,AM,Amazonas,130260,Manaus,2303732,41,41,1,4697,3548,759,441,75.53757717692145,58.10276679841897,20.388656319398265,15.401097002602734,32.94654065663888,19.142851685873183,268.0030898922115,0.0
municipio,NORTE,AM,Amazonas,130270,Manicoré,58018,2,2,1,71,71,0,0,100.0,0.0,12.237581440242684,12.237581440242684,0.0,0.0,25.103569021642418,8.705104342642661
municipio,NORTE,AM,Amazonas,130280,Maraã,15815,1,1,1,20,20,0,0,100.0,0.0,12.64622194119507,12.64622194119507,0.0,0.0,6.1966621406679785,2.372905394513663
municipio,NORTE,AM,Amazonas,130290,Maués,66336,1,1,1,78,75,0,0,96.15384615384616,0.0,11.758321273516643,11.306078147612157,0.0,0.0,34.88187036126153,9.953149051562336
municipio,NORTE,AM,Amazonas,130300,Nhamundá,21251,1,1,1,25,25,0,0,100.0,0.0,11.76415227518705,11.76415227518705,0.0,0.0,10.20109182114039,3.1885306695421973
municipio,NORTE,AM,Amazonas,130310,Nova Olinda do Norte,28123,1,1,1,42,42,0,0,100.0,0.0,14.934395334779362,14.934395334779362,0.0,0.0,4.584175111097415,4.2196154543096895
municipio,NORTE,AM,Amazonas,130320,Novo Airão,16562,1,1,1,28,28,0,0,100.0,0.0,16.9061707523246,16.9061707523246,0.0,0.0,0.0,2.484986351181491
municipio,NORTE,AM,Amazonas,130330,Novo Aripuanã,25325,1,1,1,28,26,0,0,92.85714285714286,0.0,11.056268509378084,10.266535044422508,0.0,0.0,15.949444749441454,3.799799501489631
municipio,NORTE,AM,Amazonas,130340,Parintins,101855,2,2,1,220,191,15,0,86.81818181818181,0.0,21.599332384271758,18.752147660890483,14.726817534730744,0.0,0.0,15.28247100589245
municipio,NORTE,AM,Amazonas,130350,Pauini,20229,1,1,1,30,30,0,0,100.0,0.0,14.830194275545011,14.830194275545011,0.0,0.0,3.508206035003005,3.0351883165107103
municipio,NORTE,AM,Amazonas,130353,Presidente Figueiredo,33291,1,1,1,46,43,1,0,93.47826086956522,0.0,13.81754828632363,12.916403832867742,3.0038148448529634,0.0,12.14467779481364,4.995029623063822
municipio,NORTE,AM,Amazonas,130356,Rio Preto da Eva,25364,1,1,1,23,23,0,0,100.0,0.0,9.067970351679547,9.067970351679547,0.0,0.0,19.01404606613358,3.805651117701204
municipio,NORTE,AM,Amazonas,130360,Santa Isabel do Rio Negro,13947,1,1,1,21,20,0,0,95.23809523809523,0.0,15.05700150570015,14.340001434000142,0.0,0.0,3.102424715516684,2.092627982123431
municipio,NORTE,AM,Amazonas,130370,Santo Antônio do Içá,30679,2,2,1,76,48,0,0,63.1578947368421,0.0,24.77264578376088,15.64588154763845,0.0,0.0,2.818046020458614,4.603121378329728
municipio,NORTE,AM,Amazonas,130400,Silves,12619,1,1,1,29,29,0,0,100.0,0.0,22.981218797052065,22.981218797052065,0.0,0.0,0.0,1.8933729480472912
municipio,NORTE,AM,Amazonas,130380,São Gabriel da Cachoeira,57396,3,3,1,69,69,0,0,100.0,0.0,12.021743675517458,12.021743675517458,0.0,0.0,26.07326084260382,8.611778566140131
municipio,NORTE,AM,Amazonas,130390,São Paulo de Olivença,35442,1,1,1,46,45,0,0,97.82608695652173,0.0,12.97895152643756,12.696800406297614,0.0,0.0,13.707688876987321,5.317768763348291
municipio,NORTE,AM,Amazonas,130395,São Sebastião do Uatumã,12338,1,1,1,20,20,0,0,100.0,0.0,16.210082671421624,16.210082671421624,0.0,0.0,0.43720629096184294,1.8512113030356985
municipio,NORTE,AM,Amazonas,130406,Tabatinga,73348,4,4,1,100,61,10,0,61.0,0.0,13.63363690898184,8.316518514478922,13.633636908981838,0.0,60.49685581370314,11.005239638114963
municipio,NORTE,AM,Amazonas,130410,Tapauá,20728,1,1,1,32,32,0,0,100.0,0.0,15.43805480509456,15.43805480509456,0.0,0.0,2.3347715998587324,3.110058995730585
municipio,NORTE,AM,Amazonas,130420,Tefé,80137,2,2,1,117,86,10,0,73.50427350427351,0.0,14.59999750427393,10.731622097158615,12.478630345533274,0.0,46.742454250187166,12.023870983252698
municipio,NORTE,AM,Amazonas,130423,Tonantins,20257,1,1,1,33,33,0,0,100.0,0.0,16.290664955324086,16.290664955324086,0.0,0.0,0.5545864674999214,3.039389476867737
municipio,NORTE,AM,Amazonas,130426,Uarini,15640,1,1,1,27,27,0,0,100.0,0.0,17.263427109974423,17.263427109974423,0.0,0.0,0.0,2.346648142282244
municipio,NORTE,AM,Amazonas,130430,Urucará,19617,1,1,1,40,40,0,0,100.0,0.0,20.39047764693888,20.39047764693888,0.0,0.0,0.0,2.9433629544214055
municipio,NORTE,AM,Amazonas,130440,Urucurituba,25965,2,2,1,21,21,0,0,100.0,0.0,8.087810514153668,8.087810514153668,0.0,0.0,22.009568920799502,3.895826023935963
municipio,NORTE,AP,Amapá,160010,Amapá,8440,1,1,1,37,37,0,0,100.0,0.0,43.838862559241704,43.838862559241704,0.0,0.0,0.0,1.2663497647610062
municipio,NORTE,AP,Amapá,160020,Calçoene,11461,1,1,1,25,25,0,0,100.0,0.0,21.813105313672455,21.813105313672455,0.0,0.0,0.0,1.7196249589959587
municipio,NORTE,AP,Amapá,160021,Cutias,4723,0,0,0,0,0,0,0,0.0,0.0,0.0,0.0,0.0,0.0,7.823385095818834,0.7086457273656674
municipio,NORTE,AP,Amapá,160023,Ferreira Gomes,7184,1,1,1,18,18,0,0,100.0,0.0,25.055679287305125,25.055679287305125,0.0,0.0,0.0,1.0778977144600792
municipio,NORTE,AP,Amapá,160025,Itaubal,6097,0,0,0,0,0,0,0,0.0,0.0,0.0,0.0,0.0,0.0,10.099339176203141,0.9148026677426369
municipio,NORTE,AP,Amapá,160027,Laranjal do Jari,37872,1,1,1,73,73,0,0,100.0,0.0,19.27545416138572,19.27545416138572,0.0,0.0,0.0,5.68236946576171
municipio,NORTE,AP,Amapá,160030,Macapá,489676,10,10,1,1343,1053,178,79,78.40655249441548,44.38202247191011,27.426298205343944,21.504014899647927,36.35056649703069,16.133116591378787,0.0,0.0
municipio,NORTE,AP,Amapá,160040,Mazagão,23773,1,1,1,12,12,0,0,100.0,0.0,5.047743238127287,5.047743238127287,0.0,0.0,27.37864363389819,3.5669351845572748
municipio,NORTE,AP,Amapá,160050,Oiapoque,30786,1,1,1,51,51,0,0,100.0,0.0,16.565971545507697,16.565971545507697,0.0,0.0,0.0,4.619175812551225
municipio,NORTE,AP,Amapá,160015,Pedra Branca do Amapari,13888,1,1,1,16,16,0,0,100.0,0.0,11.52073732718894,11.52073732718894,0.0,0.0,7.004694518469613,2.0837755370854096
municipio,NORTE,AP,Amapá,160053,Porto Grande,19048,1,1,1,18,18,0,0,100.0,0.0,9.449811003779924,9.449811003779924,0.0,0.0,13.551945650043862,2.857989374308963
municipio,NORTE,AP,Amapá,160055,Pracuúba,4048,0,0,0,0,0,0,0,0.0,0.0,0.0,0.0,0.0,0.0,6.7052853838396445,0.6073677544730514
municipio,NORTE,AP,Amapá,160060,Santana,118803,2,2,1,260,204,42,0,78.46153846153847,0.0,21.884969234783636,17.17128355344562,35.352642610035105,0.0,0.0,17.825373353424386
municipio,NORTE,AP,Amapá,160005,Serra do Navio,5003,1,1,1,30,30,0,0,100.0,0.0,59.964021587047775,59.964021587047775,0.0,0.0,0.0,0.7506573309359378
municipio,NORTE,AP,Amapá,160070,Tartarugalzinho,13816,1,1,1,18,18,0,0,100.0,0.0,13.028372900984367,13.028372900984367,0.0,0.0,4.88543054919183,2.072972553310197
municipio,NORTE,AP,Amapá,160080,Vitória do Jari,11899,1,1,1,10,10,0,0,100.0,0.0,8.404067568703253,8.404067568703253,0.0,0.0,9.710027367170932,1.7853431102951673
municipio,NORDESTE,BA,Bahia,290020,Abaré,18269,1,1,1,27,27,0,0,100.0,0.0,14.779134052219607,14.779134052219607,0.0,0.0,3.2615757602189897,2.7411070915188183
municipio,NORDESTE,BA,Bahia,290010,Abaíra,7407,1,1,1,10,10,0,0,100.0,0.0,13.500742540839747,13.500742540839747,0.0,0.0,2.269280839451642,1.1113569558749732
municipio,NORDESTE,BA,Bahia,290030,Acajutiba,14200,1,1,1,8,8,0,0,100.0,0.0,5.633802816901409,5.633802816901409,0.0,0.0,15.521505052006662,2.130588466777996
municipio,NORDESTE,BA,Bahia,290035,Adustina,14510,1,1,1,12,12,0,0,100.0,0.0,8.270158511371468,8.270158511371468,0.0,0.0,12.035002697508213,2.1771013135879387
municipio,NORDESTE,BA,Bahia,290060,Aiquara,4583,0,0,0,0,0,0,0,0.0,0.0,0.0,0.0,0.0,0.0,7.591482933334262,0.6876399255805321
municipio,NORDESTE,BA,Bahia,290070,Alagoinhas,161196,7,7,1,471,378,62,20,80.2547770700637,32.25806451612903,29.219087322266063,23.44971339239187,38.46249286582794,12.407255763170301,0.0,4.1860801754046415
municipio,NORDESTE,BA,Bahia,290080,Alcobaça,25601,1,1,1,59,59,0,0,100.0,0.0,23.04597476661068,23.04597476661068,0.0,0.0,0.0,3.8412109392946117
municipio,NORDESTE,BA,Bahia,290090,Almadina,5296,0,0,0,0,0,0,0,0.0,0.0,0.0,0.0,0.0,0.0,8.772527517987836,0.7946194732433992
municipio,NORDESTE,BA,Bahia,290100,Amargosa,38585,1,1,1,70,70,0,0,100.0,0.0,18.14176493456006,18.14176493456006,0.0,0.0,0.0,5.789349013424577
municipio,NORDESTE,BA,Bahia,290110,Amélia Rodrigues,24830,1,1,1,17,16,0,0,94.11764705882352,0.0,6.84655658477648,6.443817962142569,0.0,0.0,25.129504960656718,3.725528988035046
municipio,NORDESTE,BA,Bahia,290115,América Dourada,15572,1,1,1,27,27,0,0,100.0,0.0,17.338813254559465,17.338813254559465,0.0,0.0,0.0,2.336445324272321
municipio,NORDESTE,BA,Bahia,290120,Anagé,26745,1,1,1,28,28,0,0,100.0,0.0,10.469246588147318,10.469246588147318,0.0,0.0,16.30159525464212,4.0128583481674305
municipio,NORDESTE,BA,Bahia,290130,Andaraí,13545,1,1,1,32,32,0,0,100.0,0.0,23.624953857511997,23.624953857511997,0.0,0.0,0.0,2.032311322711828
municipio,NORDESTE,BA,Bahia,290135,Andorinha,15491,1,1,1,15,15,0,0,100.0,0.0,9.683041766186818,9.683041766186818,0.0,0.0,10.659974278917968,2.324291967525207
municipio,NORDESTE,BA,Bahia,290140,Angical,14178,1,1,1,13,13,0,0,100.0,0.0,9.169135280011284,9.169135280011284,0.0,0.0,10.485063283616228,2.1272875550689037
municipio,NORDESTE,BA,Bahia,290150,Anguera,11490,1,1,1,12,12,0,0,100.0,0.0,10.443864229765012,10.443864229765012,0.0,0.0,7.032541763912432,1.7239761607943083
municipio,NORDESTE,BA,Bahia,290160,Antas,14984,2,2,1,134,134,0,0,100.0,0.0,89.42872397223705,89.42872397223705,0.0,0.0,0.0,2.248220956774753
municipio,NORDESTE,BA,Bahia,290170,Antônio Cardoso,11498,0,0,0,0,0,0,0,0.0,0.0,0.0,0.0,0.0,0.0,19.045793316054404,1.7251764923248873
municipio,NORDESTE,BA,Bahia,290180,Antônio Gonçalves,11248,1,1,1,3,3,0,0,100.0,0.0,2.667140825035562,2.667140825035562,0.0,0.0,15.63168231161767,1.687666131994289
municipio,NORDESTE,BA,Bahia,290190,Aporá,16361,1,1,1,1,1,0,0,100.0,0.0,0.6112095837662735,0.6112095837662735,0.0,0.0,26.101080574357816,2.4548280214756897
municipio,NORDESTE,BA,Bahia,290195,Apuarema,7101,0,0,0,0,0,0,0,0.0,0.0,0.0,0.0,0.0,0.0,11.762408970021077,1.0654442748303206
municipio,NORDESTE,BA,Bahia,290200,Aracatu,14440,1,1,1,33,33,0,0,100.0,0.0,22.85318559556787,22.85318559556787,0.0,0.0,0.0,2.166598412695371
municipio,NORDESTE,BA,Bahia,290210,Araci,50308,1,1,1,48,48,0,0,100.0,0.0,9.54122604754711,9.54122604754711,0.0,0.0,35.33238564481345,7.5482848300470025
municipio,NORDESTE,BA,Bahia,290220,Aramari,10106,0,0,0,0,0,0,0,0.0,0.0,0.0,0.0,0.0,0.0,16.740023243350656,1.5163188060041148
municipio,NORDESTE,BA,Bahia,290225,Arataca,10433,0,0,0,0,0,0,0,0.0,0.0,0.0,0.0,0.0,0.0,17.281680437153906,1.5653823573165377
municipio,NORDESTE,BA,Bahia,290230,Aratuípe,8993,0,0,0,0,0,0,0,0.0,0.0,0.0,0.0,0.0,0.0,14.896401051598302,1.34932268181229
municipio,NORDESTE,BA,Bahia,290205,Araçás,11953,1,1,1,23,23,0,0,100.0,0.0,19.242031289216097,19.242031289216097,0.0,0.0,0.0,1.7934453481265769
municipio,NORDESTE,BA,Bahia,290240,Aurelino Leal,11339,1,1,1,40,40,0,0,100.0,0.0,35.27647940735515,35.27647940735515,0.0,0.0,0.0,1.7013199031546267
municipio,NORDESTE,BA,Bahia,290250,Baianópolis,14138,1,1,1,28,28,0,0,100.0,0.0,19.804781440090537,19.804781440090537,0.0,0.0,0.0,2.121285897416008
municipio,NORDESTE,BA,Bahia,290260,Baixa Grande,18628,1,1,1,42,42,0,0,100.0,0.0,22.54670388662229,22.54670388662229,0.0,0.0,0.0,2.7949719689535577
municipio,NORDESTE,BA,Bahia,290265,Banzaê,12288,0,0,0,0,0,0,0,0.0,0.0,0.0,0.0,0.0,0.0,20.354384090074497,1.8437092309695788
municipio,NORDESTE,BA,Bahia,290270,Barra,53642,2,2,1,86,86,10,10,100.0,100.0,16.03221356399836,16.03221356399836,18.64210879534693,18.64210879534693,2.8549699999817664,0.0
municipio,NORDESTE,BA,Bahia,290280,Barra da Estiva,27743,1,1,1,69,51,0,0,73.91304347826086,0.0,24.87113866560934,18.383015535450383,0.0,0.0,0.0,4.16259970660718
municipio,NORDESTE,BA,Bahia,290290,Barra do Choça,38581,1,1,1,33,33,0,0,100.0,0.0,8.55343303698712,8.55343303698712,0.0,0.0,30.90726664869499,5.788748847659288
municipio,NORDESTE,BA,Bahia,290300,Barra do Mendes,14376,1,1,1,30,30,0,0,100.0,0.0,20.868113522537563,20.868113522537563,0.0,0.0,0.0,2.1569957604507377
municipio,NORDESTE,BA,Bahia,290310,Barra do Rocha,5898,0,0,0,0,0,0,0,0.0,0.0,0.0,0.0,0.0,0.0,9.7697068166715,0.8849444209194804
municipio,NORDESTE,BA,Bahia,290320,Barreiras,171634,9,9,1,733,503,79,44,68.62210095497954,55.69620253164557,42.70715592481676,29.30654765372828,46.02817623547782,25.63594625773448,0.0,0.0
municipio,NORDESTE,BA,Bahia,290323,Barro Alto,13922,1,1,1,23,22,0,0,95.65217391304348,0.0,16.520614854187617,15.802327251831633,0.0,0.0,1.0610136150730087,2.088876946090371
municipio,NORDESTE,BA,Bahia,290330,Barro Preto,5936,1,1,1,9,9,0,0,100.0,0.0,15.161725067385445,15.161725067385445,0.0,0.0,0.832651689345882,0.8906459956897314
municipio,NORDESTE,BA,Bahia,290327,Barrocas,15780,1,1,1,30,30,0,0,100.0,0.0,19.011406844106464,19.011406844106464,0.0,0.0,0.0,2.367653944067379
municipio,NORDESTE,BA,Bahia,290340,Belmonte,20527,1,1,1,41,41,0,0,100.0,0.0,19.973693184586157,19.973693184586157,0.0,0.0,0.0,3.079900666024784
municipio,NORDESTE,BA,Bahia,290350,Belo Campo,19074,1,1,1,51,51,0,0,100.0,0.0,26.7379679144385,26.7379679144385,0.0,0.0,0.0,2.8618904517833452
municipio,NORDESTE,BA,Bahia,290360,Biritinga,15603,1,1,1,14,14,0,0,100.0,0.0,8.972633467922835,8.972633467922835,0.0,0.0,11.845496008905629,2.341096608953315
municipio,NORDESTE,BA,Bahia,290370,Boa Nova,14008,0,0,0,0,0,0,0,0.0,0.0,0.0,0.0,0.0,0.0,23.203467800599245,2.101780510044097
municipio,NORDESTE,BA,Bahia,290380,Boa Vista do Tupim,17262,1,1,1,14,14,0,0,100.0,0.0,8.110300081103,8.110300081103,0.0,0.0,14.593536634347815,2.5900153601071674
municipio,NORDESTE,BA,Bahia,290390,Bom Jesus da Lapa,68866,2,2,1,167,142,20,10,85.02994011976048,50.0,24.249992739523133,20.619754305462784,29.041907472482794,14.520953736241397,0.0,0.332753898107992
municipio,NORDESTE,BA,Bahia,290395,Bom Jesus da Serra,10018,1,1,1,20,20,0,0,100.0,0.0,19.964064683569575,19.964064683569575,0.0,0.0,0.0,1.5031151591677443
municipio,NORDESTE,BA,Bahia,290400,Boninal,14125,1,1,1,24,24,0,0,100.0,0.0,16.991150442477878,16.991150442477878,0.0,0.0,0.0,2.119335358678817
municipio,NORDESTE,BA,Bahia,290405,Bonito,16425,1,1,1,16,16,0,0,100.0,0.0,9.74124809741248,9.74124809741248,0.0,0.0,11.207092991493619,2.464430673720323
municipio,NORDESTE,BA,Bahia,290410,Boquira,19782,1,1,1,23,23,0,0,100.0,0.0,11.626731371954303,11.626731371954303,0.0,0.0,9.76777555907012,2.9681197922396003
municipio,NORDESTE,BA,Bahia,290420,Botuporã,11427,1,1,1,43,43,0,0,100.0,0.0,37.63017414894548,37.63017414894548,0.0,0.0,0.0,1.7145235499909974
municipio,NORDESTE,BA,Bahia,290440,Brejolândia,9363,1,1,1,16,16,0,0,100.0,0.0,17.088539997863933,17.088539997863933,0.0,0.0,0.0,1.4048380151015762
municipio,NORDESTE,BA,Bahia,290430,Brejões,13224,1,1,1,19,19,0,0,100.0,0.0,14.367816091954023,14.367816091954023,0.0,0.0,2.904815690685639,1.9841480200473396
municipio,NORDESTE,BA,Bahia,290450,Brotas de Macaúbas,12180,1,1,1,16,16,0,0,100.0,0.0,13.136288998357964,13.136288998357964,0.0,0.0,4.175488136157825,1.8275047553067603
municipio,NORDESTE,BA,Bahia,290460,Brumado,74368,2,2,1,148,126,20,10,85.13513513513513,50.0,19.901032702237522,16.94277108433735,26.89328743545611,13.446643717728055,0.0,1.1582819082638052
municipio,NORDESTE,BA,Bahia,290470,Buerarema,14950,0,0,0,0,0,0,0,0.0,0.0,0.0,0.0,0.0,0.0,24.76383806531687,2.243119547769792
municipio,NORDESTE,BA,Bahia,290475,Buritirama,20221,1,1,1,23,23,0,0,100.0,0.0,11.37431383215469,11.37431383215469,0.0,0.0,10.494954482861033,3.033987984980131
municipio,NORDESTE,BA,Bahia,290480,Caatiba,6128,1,1,1,14,14,0,0,100.0,0.0,22.84595300261097,22.84595300261097,0.0,0.0,0.0,0.9194539524236311
municipio,NORDESTE,BA,Bahia,290485,Cabaceiras do Paraguaçu,17024,0,0,0,0,0,0,0,0.0,0.0,0.0,0.0,0.0,0.0,28.199302958124036,2.5543054970724373
municipio,NORDESTE,BA,Bahia,290490,Cachoeira,30498,1,1,1,94,94,10,10,100.0,100.0,30.8216932257853,30.8216932257853,32.7890353465801,32.7890353465801,0.0,0.0
municipio,NORDESTE,BA,Bahia,290500,Caculé,23293,2,2,1,53,51,0,0,96.22641509433963,0.0,22.753616966470613,21.8949899111321,0.0,0.0,0.0,3.494915292722526
municipio,NORDESTE,BA,Bahia,290515,Caetanos,11432,0,0,0,0,0,0,0,0.0,0.0,0.0,0.0,0.0,0.0,18.936468010883107,1.7152737571976095
municipio,NORDESTE,BA,Bahia,290520,Caetité,54730,2,2,1,179,155,20,20,86.59217877094973,100.0,32.70601132833912,28.32084779828248,36.54302941713868,36.54302941713868,0.0,0.0
municipio,NORDESTE,BA,Bahia,290530,Cafarnaum,18057,1,1,1,33,33,0,0,100.0,0.0,18.275461040039872,18.275461040039872,0.0,0.0,0.0,2.7092983059584705
municipio,NORDESTE,BA,Bahia,290540,Cairu,18578,0,0,0,0,0,0,0,0.0,0.0,0.0,0.0,0.0,0.0,30.773416961702797,2.787469896887438
municipio,NORDESTE,BA,Bahia,290550,Caldeirão Grande,13597,1,1,1,40,40,0,0,100.0,0.0,29.418254026623522,29.418254026623522,0.0,0.0,0.0,2.0401134776605927
municipio,NORDESTE,BA,Bahia,290560,Camacan,22485,1,1,1,66,66,0,0,100.0,0.0,29.352901934623084,29.352901934623084,0.0,0.0,0.0,3.3736818081340316
municipio,NORDESTE,BA,Bahia,290580,Camamu,31694,1,1,1,17,17,0,0,100.0,0.0,5.3637912538650845,5.3637912538650845,0.0,0.0,35.499336698471765,4.755413441271959
municipio,NORDESTE,BA,Bahia,290570,Camaçari,321636,9,9,1,598,357,49,8,59.6989966555184,16.3265306122449,18.59244611921551,11.099503786889528,15.234613040828764,2.4872837617679613,175.77202809205727,40.25872902116955
municipio,NORDESTE,BA,Bahia,290590,Campo Alegre de Lourdes,32500,1,1,1,37,37,0,0,100.0,0.0,11.384615384615385,11.384615384615385,0.0,0.0,16.834430576775805,4.876346842977808
municipio,NORDESTE,BA,Bahia,290600,Campo Formoso,75112,1,1,1,112,87,12,10,77.67857142857143,83.33333333333334,14.911066141229098,11.582703163276173,15.976142294174032,13.313451911811695,37.41882306100875,1.2699127406076656
municipio,NORDESTE,BA,Bahia,290620,Canarana,25007,1,1,1,36,36,0,0,100.0,0.0,14.39596912864398,14.39596912864398,0.0,0.0,5.422695551797925,3.7520863231491095
municipio,NORDESTE,BA,Bahia,290630,Canavieiras,34392,2,2,1,75,65,0,0,86.66666666666667,0.0,21.807397069085834,18.899744126541055,0.0,0.0,0.0,5.160225249959778
municipio,NORDESTE,BA,Bahia,290640,Candeal,7940,1,1,1,8,8,0,0,100.0,0.0,10.075566750629722,10.075566750629722,0.0,0.0,5.152165500910766,1.1913290440998092
municipio,NORDESTE,BA,Bahia,290650,Candeias,74854,4,4,1,166,116,20,15,69.87951807228916,75.0,22.17650359366233,15.496833836535123,26.718679028508827,20.039009271381623,7.9914605044300275,0.0
municipio,NORDESTE,BA,Bahia,290660,Candiba,13417,1,1,1,37,37,0,0,100.0,0.0,27.576954609823357,27.576954609823357,0.0,0.0,0.0,2.0131060182225617
municipio,NORDESTE,BA,Bahia,290680,Cansanção,39725,1,1,1,55,55,0,0,100.0,0.0,13.845185651353052,13.845185651353052,0.0,0.0,10.802238604997504,5.960396256532106
municipio,NORDESTE,BA,Bahia,290682,Canudos,16693,1,1,1,41,41,0,0,100.0,0.0,24.561193314562992,24.561193314562992,0.0,0.0,0.0,2.5046417799947247
municipio,NORDESTE,BA,Bahia,290610,Canápolis,10641,1,1,1,24,24,0,0,100.0,0.0,22.554271215111363,22.554271215111363,0.0,0.0,0.0,1.5965909771115956
municipio,NORDESTE,BA,Bahia,290685,Capela do Alto Alegre,11035,1,1,1,18,18,0,0,100.0,0.0,16.311735387403715,16.311735387403715,0.0,0.0,0.27885973583757007,1.655707304992619
municipio,NORDESTE,BA,Bahia,290687,Capim Grosso,35437,1,1,1,57,57,0,0,100.0,0.0,16.084883031859356,16.084883031859356,0.0,0.0,1.6994066568985924,5.31701855614168
municipio,NORDESTE,BA,Bahia,290690,Caravelas,21384,1,1,1,63,63,0,0,100.0,0.0,29.46127946127946,29.46127946127946,0.0,0.0,0.0,3.2084861812380754
municipio,NORDESTE,BA,Bahia,290689,Caraíbas,10259,0,0,0,0,0,0,0,0.0,0.0,0.0,0.0,0.0,0.0,16.99345917806594,1.5392751465264412
municipio,NORDESTE,BA,Bahia,290700,Cardeal da Silva,8633,1,1,1,5,5,0,0,100.0,0.0,5.791729410401946,5.791729410401946,0.0,0.0,9.300081205209402,1.2953077629362284
municipio,NORDESTE,BA,Bahia,290710,Carinhanha,30439,1,1,1,30,30,0,0,100.0,0.0,9.855777128026544,9.855777128026544,0.0,0.0,20.420499456199348,4.567111432412354
municipio,NORDESTE,BA,Bahia,290720,Casa Nova,76131,1,1,1,41,41,0,0,100.0,0.0,5.3854540200443966,5.3854540200443966,0.0,0.0,85.1067395150929,11.422804969315187
municipio,NORDESTE,BA,Bahia,290730,Castro Alves,25470,1,1,1,40,40,0,0,100.0,0.0,15.704750687082843,15.704750687082843,0.0,0.0,2.189629132014761,3.8215555104813776
municipio,NORDESTE,BA,Bahia,290740,Catolândia,3567,0,0,0,0,0,0,0,0.0,0.0,0.0,0.0,0.0,0.0,5.908535811303363,0.5351978211969798
municipio,NORDESTE,BA,Bahia,290750,Catu,50109,2,2,1,85,44,8,0,51.76470588235295,0.0,16.963020615059172,8.780857730148277,15.965195872996867,0.0,39.002753285281806,7.518426583223846
municipio,NORDESTE,BA,Bahia,290755,Caturama,9108,1,1,1,17,17,0,0,100.0,0.0,18.664909969257796,18.664909969257796,0.0,0.0,0.0,1.3665774475643655
municipio,NORDESTE,BA,Bahia,290510,Caém,10733,1,1,1,38,38,0,0,100.0,0.0,35.404826236839654,35.404826236839654,0.0,0.0,0.0,1.6103947897132558
municipio,NORDESTE,BA,Bahia,290760,Central,16847,1,1,1,42,42,0,0,100.0,0.0,24.930254644743872,24.930254644743872,0.0,0.0,0.0,2.5277481619583733
municipio,NORDESTE,BA,Bahia,290770,Chorrochó,10933,1,1,1,15,15,0,0,100.0,0.0,13.719930485685538,13.719930485685538,0.0,0.0,3.1099024460273825,1.6404030779777348
municipio,NORDESTE,BA,Bahia,290790,Cipó,17875,1,1,1,30,30,0,0,100.0,0.0,16.783216783216783,16.783216783216783,0.0,0.0,0.0,2.681990763637795
municipio,NORDESTE,BA,Bahia,290800,Coaraci,17557,1,1,1,50,50,0,0,100.0,0.0,28.478669476562054,28.478669476562054,0.0,0.0,0.0,2.6342775852972733
municipio,NORDESTE,BA,Bahia,290810,Cocos,19865,1,1,1,32,32,0,0,100.0,0.0,16.10873395419079,16.10873395419079,0.0,0.0,0.9052604125431158,2.980573231869359
municipio,NORDESTE,BA,Bahia,290820,Conceição da Feira,21529,1,1,1,9,9,0,0,100.0,0.0,4.180407822007525,4.180407822007525,0.0,0.0,26.66158325807404,3.230242190229823
municipio,NORDESTE,BA,Bahia,290830,Conceição do Almeida,16134,1,1,1,32,32,0,0,100.0,0.0,19.833891161522253,19.833891161522253,0.0,0.0,0.0,2.4207686142955067
municipio,NORDESTE,BA,Bahia,290840,Conceição do Coité,71601,6,6,1,217,121,0,0,55.76036866359447,0.0,30.306839289954052,16.899205318361474,0.0,0.0,0.0,10.743117240124741
municipio,NORDESTE,BA,Bahia,290850,Conceição do Jacuípe,37622,1,1,1,50,50,0,0,100.0,0.0,13.290096220296636,13.290096220296636,0.0,0.0,12.318736835675667,5.644859105431111
municipio,NORDESTE,BA,Bahia,290860,Conde,24460,1,1,1,15,15,0,0,100.0,0.0,6.132461161079314,6.132461161079314,0.0,0.0,25.516620674090348,3.6700136547457602
municipio,NORDESTE,BA,Bahia,290870,Condeúba,17567,1,1,1,41,41,0,0,100.0,0.0,23.339215574657025,23.339215574657025,0.0,0.0,0.0,2.635777999710497
municipio,NORDESTE,BA,Bahia,290880,Contendas do Sincorá,4499,0,0,0,0,0,0,0,0.0,0.0,0.0,0.0,0.0,0.0,7.452341635843518,0.6750364445094511
municipio,NORDESTE,BA,Bahia,290890,Coração de Maria,28408,1,1,1,32,32,0,0,100.0,0.0,11.264432554210082,11.264432554210082,0.0,0.0,15.056261656155295,4.262377265086571
municipio,NORDESTE,BA,Bahia,290900,Cordeiros,7748,1,1,1,5,5,0,0,100.0,0.0,6.453278265358803,6.453278265358803,0.0,0.0,7.834128249503352,1.1625210873659095
municipio,NORDESTE,BA,Bahia,290910,Coribe,14463,1,1,1,43,43,0,0,100.0,0.0,29.731037820645785,29.731037820645785,0.0,0.0,0.0,2.170049365845786
municipio,NORDESTE,BA,Bahia,290920,Coronel João Sá,17598,0,0,0,0,0,0,0,0.0,0.0,0.0,0.0,0.0,0.0,29.150101824310788,2.640429284391492
municipio,NORDESTE,BA,Bahia,290930,Correntina,34266,2,2,1,41,36,0,0,87.8048780487805,0.0,11.965213330998656,10.506040973559797,0.0,0.0,20.759710712116917,5.141320028353157
municipio,NORDESTE,BA,Bahia,290940,Cotegipe,13463,1,1,1,17,7,0,0,41.17647058823529,0.0,12.62720047537696,5.1994354898611,0.0,0.0,15.30070581092716,2.020007924523392
municipio,NORDESTE,BA,Bahia,290950,Cravolândia,4491,1,1,1,24,24,0,0,100.0,0.0,53.440213760855045,53.440213760855045,0.0,0.0,0.0,0.6738361129788719
municipio,NORDESTE,BA,Bahia,290970,Cristópolis,14549,1,1,1,70,70,0,0,100.0,0.0,48.11327238985497,48.11327238985497,0.0,0.0,0.0,2.182952929799512
municipio,NORDESTE,BA,Bahia,290960,Crisópolis,20346,1,1,1,20,20,0,0,100.0,0.0,9.82994200334218,9.82994200334218,0.0,0.0,13.702009985079401,3.05274316514543
municipio,NORDESTE,BA,Bahia,290980,Cruz das Almas,63326,3,3,1,98,92,0,0,93.87755102040816,0.0,15.475476107759844,14.527997978713325,0.0,0.0,12.89597386784322,9.50152431318193
municipio,NORDESTE,BA,Bahia,290990,Curaçá,36127,1,1,1,26,26,0,0,100.0,0.0,7.196833393306944,7.196833393306944,0.0,0.0,33.84235302914399,5.420547150654132
municipio,NORDESTE,BA,Bahia,290670,Cândido Sales,26469,1,1,1,55,55,0,0,100.0,0.0,20.77902451924893,20.77902451924893,0.0,0.0,0.0,3.9714469103624497
municipio,NORDESTE,BA,Bahia,290780,Cícero Dantas,32292,1,1,1,45,45,0,0,100.0,0.0,13.935340022296545,13.935340022296545,0.0,0.0,8.489890221084437,4.845138223182751
municipio,NORDESTE,BA,Bahia,291005,Dias d'Ávila,75296,2,2,1,94,62,0,0,65.95744680851064,0.0,12.484062898427538,8.234169145771356,0.0,0.0,62.72360876027419,11.297520365810986
municipio,NORDESTE,BA,Bahia,291010,Dom Basílio,12329,1,1,1,24,24,0,0,100.0,0.0,19.466298969908344,19.466298969908344,0.0,0.0,0.0,1.849860930063797
municipio,NORDESTE,BA,Bahia,291020,Dom Macedo Costa,4608,0,0,0,0,0,0,0,0.0,0.0,0.0,0.0,0.0,0.0,7.632894033777935,0.691390961613592
municipio,NORDESTE,BA,Bahia,291000,Dário Meira,11054,0,0,0,0,0,0,0,0.0,0.0,0.0,0.0,0.0,0.0,18.31033217217476,1.6585580923777443
municipio,NORDESTE,BA,Bahia,291030,Elísio Medrado,8069,1,1,1,14,14,0,0,100.0,0.0,17.350353203618788,17.350353203618788,0.0,0.0,0.0,1.210684390030398
municipio,NORDESTE,BA,Bahia,291040,Encruzilhada,19450,1,1,1,50,50,0,0,100.0,0.0,25.706940874035986,25.706940874035986,0.0,0.0,0.0,2.9183060337205657
municipio,NORDESTE,BA,Bahia,291050,Entre Rios,39890,1,1,1,40,40,0,0,100.0,0.0,10.02757583354224,10.02757583354224,0.0,0.0,26.075551867925753,5.985153094350301
municipio,NORDESTE,BA,Bahia,291060,Esplanada,34163,1,1,1,74,74,0,0,100.0,0.0,21.6608611655885,21.6608611655885,0.0,0.0,0.0,5.12586575989695
municipio,NORDESTE,BA,Bahia,291070,Euclides da Cunha,64768,2,2,1,83,72,0,0,86.74698795180723,0.0,12.814970355731225,11.116600790513834,0.0,0.0,35.28456614143432,9.717884071568822
municipio,NORDESTE,BA,Bahia,291072,Eunápolis,121067,3,3,1,286,136,39,10,47.55244755244755,25.64102564102564,23.623282975542466,11.233449247111103,32.21356769392155,8.259889152287576,64.54070789656974,8.165067176578289
municipio,NORDESTE,BA,Bahia,291077,Feira da Mata,5831,1,1,1,11,11,0,0,100.0,0.0,18.864688732635912,18.864688732635912,0.0,0.0,0.0,0.8748916443508801
municipio,NORDESTE,BA,Bahia,291080,Feira de Santana,660806,30,30,1,1609,1153,241,133,71.6594157862026,55.18672199170125,24.34905252070956,17.44838878581611,36.47061316029213,20.126935893439224,0.0,0.0
municipio,NORDESTE,BA,Bahia,291085,Filadélfia,18637,1,1,1,34,34,0,0,100.0,0.0,18.243279497773248,18.243279497773248,0.0,0.0,0.0,2.7963223419254586
municipio,NORDESTE,BA,Bahia,291090,Firmino Alves,4993,0,0,0,0,0,0,0,0.0,0.0,0.0,0.0,0.0,0.0,8.27062498061051,0.7491569165227138
municipio,NORDESTE,BA,Bahia,291100,Floresta Azul,11455,0,0,0,0,0,0,0,0.0,0.0,0.0,0.0,0.0,0.0,18.974566223291287,1.7187247103480243
municipio,NORDESTE,BA,Bahia,291110,Formosa do Rio Preto,27567,1,1,1,31,31,0,0,100.0,0.0,11.245329560706642,11.245329560706642,0.0,0.0,14.663192237230112,4.136192412934438
municipio,NORDESTE,BA,Bahia,291075,Fátima,18480,0,0,0,0,0,0,0,0.0,0.0,0.0,0.0,0.0,0.0,30.611085447963596,2.772765835637843
municipio,NORDESTE,BA,Bahia,291120,Gandu,34051,1,1,1,33,33,0,0,100.0,0.0,9.691345334938768,9.691345334938768,0.0,0.0,23.40357524830132,5.1090611184688415
municipio,NORDESTE,BA,Bahia,291125,Gavião,4489,0,0,0,0,0,0,0,0.0,0.0,0.0,0.0,0.0,0.0,7.435777195666049,0.6735360300962272
municipio,NORDESTE,BA,Bahia,291130,Gentio do Ouro,11276,1,1,1,26,18,0,0,69.23076923076923,0.0,23.057821922667614,15.963107484923732,0.0,0.0,0.6780627441145836,1.6918672923513158
municipio,NORDESTE,BA,Bahia,291140,Glória,16107,0,0,0,0,0,0,0,0.0,0.0,0.0,0.0,0.0,0.0,26.68034379385009,2.416717495379802
municipio,NORDESTE,BA,Bahia,291150,Gongogi,5479,1,1,1,5,5,0,0,100.0,0.0,9.125752874612155,9.125752874612155,0.0,0.0,4.0756567732355276,0.8220770570053973
municipio,NORDESTE,BA,Bahia,291160,Governador Mangabeira,21353,1,1,1,2,2,0,0,100.0,0.0,0.9366365381913548,0.9366365381913548,0.0,0.0,33.370049110950575,3.2038348965570815
municipio,NORDESTE,BA,Bahia,291165,Guajeru,8177,0,0,0,0,0,0,0,0.0,0.0,0.0,0.0,0.0,0.0,13.544742733116792,1.2268888656932166
municipio,NORDESTE,BA,Bahia,291170,Guanambi,93488,4,4,1,294,211,40,20,71.7687074829932,50.0,31.447886359746704,22.56974157111073,42.78623994523361,21.393119972616805,0.0,0.0
municipio,NORDESTE,BA,Bahia,291180,Guaratinga,19413,1,1,1,26,26,0,0,100.0,0.0,13.393087106578067,13.393087106578067,0.0,0.0,6.156547716521498,2.912754500391637
municipio,NORDESTE,BA,Bahia,291185,Heliópolis,13055,0,0,0,0,0,0,0,0.0,0.0,0.0,0.0,0.0,0.0,21.624876651686403,1.9587910164638551
municipio,NORDESTE,BA,Bahia,291190,Iaçu,25315,1,1,1,45,45,0,0,100.0,0.0,17.776022121271975,17.776022121271975,0.0,0.0,0.0,3.7982990870764066
municipio,NORDESTE,BA,Bahia,291200,Ibiassucê,10746,1,1,1,34,34,0,0,100.0,0.0,31.63967988088591,31.63967988088591,0.0,0.0,0.0,1.6123453284504472
municipio,NORDESTE,BA,Bahia,291210,Ibicaraí,22131,1,1,1,35,32,0,0,91.42857142857143,0.0,15.814920247616467,14.459355654963627,0.0,0.0,4.6587625567577,3.320567137905904
municipio,NORDESTE,BA,Bahia,291220,Ibicoara,21827,0,0,0,0,0,0,0,0.0,0.0,0.0,0.0,0.0,0.0,36.155203575362634,3.2749545397438964
municipio,NORDESTE,BA,Bahia,291230,Ibicuí,14264,1,1,1,21,21,0,0,100.0,0.0,14.722378014582166,14.722378014582166,0.0,0.0,2.6275174691424628,2.1401911190226297
municipio,NORDESTE,BA,Bahia,291240,Ibipeba,17134,2,2,1,48,15,0,0,31.25,0.0,28.014474144974905,8.754523170304658,0.0,0.0,13.381511800076204,2.5708100556179003
municipio,NORDESTE,BA,Bahia,291250,Ibipitanga,14317,1,1,1,14,14,0,0,100.0,0.0,9.778584899071035,9.778584899071035,0.0,0.0,9.715309002083051,2.1481433154127165
municipio,NORDESTE,BA,Bahia,291260,Ibiquera,3833,0,0,0,0,0,0,0,0.0,0.0,0.0,0.0,0.0,0.0,6.349149920024051,0.5751088445887366
municipio,NORDESTE,BA,Bahia,291270,Ibirapitanga,26917,1,1,1,30,30,0,0,100.0,0.0,11.145372812720584,11.145372812720584,0.0,0.0,14.586503625694599,4.038665476074883
municipio,NORDESTE,BA,Bahia,291280,Ibirapuã,9297,1,1,1,23,23,0,0,100.0,0.0,24.73916317091535,24.73916317091535,0.0,0.0,0.0,1.394935279974298
municipio,NORDESTE,BA,Bahia,291290,Ibirataia,19377,1,1,1,60,60,0,0,100.0,0.0,30.964545595293387,30.964545595293387,0.0,0.0,0.0,2.907353008504031
municipio,NORDESTE,BA,Bahia,291300,Ibitiara,15049,1,1,1,62,30,0,0,48.38709677419355,0.0,41.19875074755797,19.934879393979664,0.0,0.0,0.0,2.257973650460709
municipio,NORDESTE,BA,Bahia,291310,Ibititá,17517,2,2,1,50,49,0,0,98.0,0.0,28.543700405320543,27.972826397214135,0.0,0.0,0.0,2.6282759276443777
municipio,NORDESTE,BA,Bahia,291320,Ibotirama,27723,2,2,1,97,50,10,0,51.546391752577314,0.0,34.98899830465678,18.03556613642102,36.07113227284204,0.0,0.0,4.159598877780732
municipio,NORDESTE,BA,Bahia,291330,Ichu,6428,1,1,1,22,22,0,0,100.0,0.0,34.22526446795271,34.22526446795271,0.0,0.0,0.0,0.9644663848203493
municipio,NORDESTE,BA,Bahia,291340,Igaporã,16069,1,1,1,30,30,0,0,100.0,0.0,18.669487833717096,18.669487833717096,0.0,0.0,0.0,2.411015920609551
municipio,NORDESTE,BA,Bahia,291345,Igrapiúna,13501,1,1,1,22,22,0,0,100.0,0.0,16.29508925264795,16.29508925264795,0.0,0.0,0.3636506836015438,2.025709499293643
municipio,NORDESTE,BA,Bahia,291350,Iguaí,21763,2,2,1,84,80,0,0,95.23809523809523,0.0,38.59761981344484,36.75963791756651,0.0,0.0,0.0,3.265351887499263
municipio,NORDESTE,BA,Bahia,291360,Ilhéus,189149,9,9,1,649,458,92,48,70.57010785824345,52.17391304347826,34.31157447303448,24.213715113481964,48.638903721404816,25.37681933290686,0.0,0.0
municipio,NORDESTE,BA,Bahia,291370,Inhambupe,35390,1,1,1,50,50,0,0,100.0,0.0,14.128284826222096,14.128284826222096,0.0,0.0,8.621553788064487,5.309966608399527
municipio,NORDESTE,BA,Bahia,291380,Ipecaetá,14016,1,1,1,9,9,0,0,100.0,0.0,6.421232876712328,6.421232876712328,0.0,0.0,14.216719352741222,2.102980841574676
municipio,NORDESTE,BA,Bahia,291390,Ipiaú,42429,4,4,1,198,66,0,0,33.33333333333333,0.0,46.66619529095666,15.555398430318885,0.0,0.0,4.281263228985254,6.366108313867859
municipio,NORDESTE,BA,Bahia,291400,Ipirá,59222,1,1,1,48,48,0,0,100.0,0.0,8.105096079159772,8.105096079159772,0.0,0.0,50.097927619009745,8.885754237994824
municipio,NORDESTE,BA,Bahia,291410,Ipupiara,10349,1,1,1,24,24,0,0,100.0,0.0,23.190646439269496,23.190646439269496,0.0,0.0,0.0,1.5527788762454566
municipio,NORDESTE,BA,Bahia,291420,Irajuba,6232,1,1,1,29,29,0,0,100.0,0.0,46.534017971758665,46.534017971758665,0.0,0.0,0.0,0.9350582623211602
municipio,NORDESTE,BA,Bahia,291430,Iramaia,11038,1,1,1,16,16,0,0,100.0,0.0,14.495379597753216,14.495379597753216,0.0,0.0,2.283829067890811,1.6561574293165862
municipio,NORDESTE,BA,Bahia,291440,Iraquara,24833,1,1,1,49,49,0,0,100.0,0.0,19.731808480650745,19.731808480650745,0.0,0.0,0.0,3.725979112359013
municipio,NORDESTE,BA,Bahia,291450,Irará,29572,1,1,1,27,27,0,0,100.0,0.0,9.130258352495604,9.130258352495604,0.0,0.0,21.984362492812743,4.437025502785838
municipio,NORDESTE,BA,Bahia,291460,Irecê,78781,10,10,1,321,268,40,20,83.48909657320873,50.0,40.74586511976238,34.01835467942778,50.77366370063848,25.38683185031924,0.0,0.0
municipio,NORDESTE,BA,Bahia,291465,Itabela,29588,1,1,1,49,49,0,0,100.0,0.0,16.56076787886981,16.56076787886981,0.0,0.0,0.010865597096696366,4.439426165846997
municipio,NORDESTE,BA,Bahia,291470,Itaberaba,68425,3,3,1,281,224,45,10,79.7153024911032,22.22222222222222,41.06686152721959,32.73657289002558,65.76543660942637,14.614541468761416,0.0,0.2665856224848176
municipio,NORDESTE,BA,Bahia,291480,Itabuna,196344,6,6,1,757,615,104,59,81.24174372523117,56.730769230769226,38.55478140406633,31.322576702114656,52.96825978894186,30.049301226418937,0.0,0.0
municipio,NORDESTE,BA,Bahia,291490,Itacaré,29496,2,2,1,67,62,0,0,92.53731343283582,0.0,22.714944399240576,21.019799294819634,0.0,0.0,0.0,4.425622353245337
municipio,NORDESTE,BA,Bahia,291500,Itaeté,13775,1,1,1,11,11,0,0,100.0,0.0,7.985480943738657,7.985480943738657,0.0,0.0,11.817516344464204,2.0668208542159787
municipio,NORDESTE,BA,Bahia,291510,Itagi,14347,1,1,1,24,24,0,0,100.0,0.0,16.72823586812574,16.72823586812574,0.0,0.0,0.0,2.1526445586523884
municipio,NORDESTE,BA,Bahia,291520,Itagibá,15796,0,0,0,0,0,0,0,0.0,0.0,0.0,0.0,0.0,0.0,26.16518970433079,2.3700546071285373
municipio,NORDESTE,BA,Bahia,291530,Itagimirim,6490,1,1,1,21,21,0,0,100.0,0.0,32.357473035439135,32.357473035439135,0.0,0.0,0.0,0.9737689541823378
municipio,NORDESTE,BA,Bahia,291535,Itaguaçu da Bahia,12669,1,1,1,24,24,0,0,100.0,0.0,18.94387875917594,18.94387875917594,0.0,0.0,0.0,1.900875020113411
municipio,NORDESTE,BA,Bahia,291540,Itaju do Colônia,6118,1,1,1,12,12,0,0,100.0,0.0,19.61425302386401,19.61425302386401,0.0,0.0,0.0,0.9179535380104072
municipio,NORDESTE,BA,Bahia,291550,Itajuípe,19191,1,1,1,60,60,0,0,100.0,0.0,31.26465530717524,31.26465530717524,0.0,0.0,0.0,2.879445300418065
municipio,NORDESTE,BA,Bahia,291560,Itamaraju,61999,2,2,1,86,85,0,0,98.83720930232558,0.0,13.871191470830174,13.709898546750754,0.0,0.0,17.697872656293022,9.302419320547113
municipio,NORDESTE,BA,Bahia,291570,Itamari,7187,0,0,0,0,0,0,0,0.0,0.0,0.0,0.0,0.0,0.0,11.904863155547314,1.0783478387840464
municipio,NORDESTE,BA,Bahia,291580,Itambé,25088,1,1,1,50,50,0,0,100.0,0.0,19.929846938775512,19.929846938775512,0.0,0.0,0.0,3.764239679896223
municipio,NORDESTE,BA,Bahia,291590,Itanagra,6078,0,0,0,0,0,0,0,0.0,0.0,0.0,0.0,0.0,0.0,10.067866739865948,0.9119518803575114
municipio,NORDESTE,BA,Bahia,291600,Itanhém,18203,1,1,1,56,56,0,0,100.0,0.0,30.76415975388672,30.76415975388672,0.0,0.0,0.0,2.73120435639154
municipio,NORDESTE,BA,Bahia,291610,Itaparica,20353,1,1,1,52,48,0,0,92.3076923076923,0.0,25.549059106765586,23.58374686778362,0.0,0.0,0.0,3.0537934552346875
municipio,NORDESTE,BA,Bahia,291630,Itapebi,9464,1,1,1,12,12,0,0,100.0,0.0,12.679628064243449,12.679628064243449,0.0,0.0,3.6765861839571143,1.4199922006751378
municipio,NORDESTE,BA,Bahia,291640,Itapetinga,68724,3,3,1,164,141,9,9,85.97560975609755,100.0,23.863570222920664,20.516850008730575,13.095861707700367,13.095861707700367,0.0,1.3114480134402124
municipio,NORDESTE,BA,Bahia,291650,Itapicuru,33284,2,2,1,57,57,0,0,100.0,0.0,17.12534551135681,17.12534551135681,0.0,0.0,0.0,4.993979332974566
municipio,NORDESTE,BA,Bahia,291660,Itapitanga,10640,1,1,1,16,16,0,0,100.0,0.0,15.037593984962406,15.037593984962406,0.0,0.0,1.6245643488275252,1.5964409356702733
municipio,NORDESTE,BA,Bahia,291620,Itapé,10649,0,0,0,0,0,0,0,0.0,0.0,0.0,0.0,0.0,0.0,17.639472344987247,1.5977913086421747
municipio,NORDESTE,BA,Bahia,291670,Itaquara,8464,1,1,1,20,20,0,0,100.0,0.0,23.629489603024574,23.629489603024574,0.0,0.0,0.0,1.2699507593527437
municipio,NORDESTE,BA,Bahia,291680,Itarantim,17485,1,1,1,30,30,0,0,100.0,0.0,17.157563625965114,17.157563625965114,0.0,0.0,0.0,2.623474601522061
municipio,NORDESTE,BA,Bahia,291685,Itatim,16454,1,1,1,15,15,0,0,100.0,0.0,9.116324298043029,9.116324298043029,0.0,0.0,12.255129868008279,2.4687818755186726
municipio,NORDESTE,BA,Bahia,291690,Itiruçu,11211,1,1,1,33,33,0,0,100.0,0.0,29.435375970029437,29.435375970029437,0.0,0.0,0.0,1.6821145986653603
municipio,NORDESTE,BA,Bahia,291700,Itiúba,35490,1,1,1,40,40,0,0,100.0,0.0,11.270780501549732,11.270780501549732,0.0,0.0,18.78719818983918,5.324970752531767
municipio,NORDESTE,BA,Bahia,291710,Itororó,16849,1,1,1,41,41,0,0,100.0,0.0,24.333788355392013,24.333788355392013,0.0,0.0,0.0,2.528048244841018
municipio,NORDESTE,BA,Bahia,291720,Ituaçu,18506,1,1,1,28,28,0,0,100.0,0.0,15.130228034151086,15.130228034151086,0.0,0.0,2.6541529924250167,2.7766669131122255
municipio,NORDESTE,BA,Bahia,291730,Ituberá,22154,1,1,1,25,25,0,0,100.0,0.0,11.284643856639883,11.284643856639883,0.0,0.0,11.696860769165886,3.324018091056319
municipio,NORDESTE,BA,Bahia,291733,Iuiu,11559,1,1,1,16,16,0,0,100.0,0.0,13.842027857081062,13.842027857081062,0.0,0.0,3.1468364011369707,1.7343290202455535
municipio,NORDESTE,BA,Bahia,291735,Jaborandi,9600,1,1,1,31,31,0,0,100.0,0.0,32.291666666666664,32.291666666666664,0.0,0.0,0.0,1.4403978366949834
municipio,NORDESTE,BA,Bahia,291740,Jacaraci,14910,1,1,1,30,30,0,0,100.0,0.0,20.12072434607646,20.12072434607646,0.0,0.0,0.0,2.237117890116896
municipio,NORDESTE,BA,Bahia,291750,Jacobina,86896,3,3,1,120,82,9,9,68.33333333333333,100.0,13.80961148959676,9.436567851224453,10.35720861719757,10.35720861719757,61.93835936613878,4.038001085150758
municipio,NORDESTE,BA,Bahia,291760,Jaguaquara,47624,2,2,1,109,105,0,0,96.3302752293578,0.0,22.887619687552494,22.047707038467998,0.0,0.0,0.0,7.145573601537698
municipio,NORDESTE,BA,Bahia,291770,Jaguarari,34528,2,2,1,62,47,0,0,75.80645161290323,0.0,17.956441149212232,13.612140871177017,0.0,0.0,10.193699044766612,5.180630885979624
municipio,NORDESTE,BA,Bahia,291780,Jaguaripe,18349,0,0,0,0,0,0,0,0.0,0.0,0.0,0.0,0.0,0.0,30.394091281638747,2.7531104068246095
municipio,NORDESTE,BA,Bahia,291790,Jandaíra,9508,0,0,0,0,0,0,0,0.0,0.0,0.0,0.0,0.0,0.0,15.749469720737979,1.426594024093323
municipio,NORDESTE,BA,Bahia,291800,Jequié,169201,6,6,1,741,520,70,66,70.17543859649122,94.28571428571428,43.79406741094911,30.73267888487657,41.37091388348769,39.006861661574106,0.0,0.0
municipio,NORDESTE,BA,Bahia,291810,Jeremoabo,39539,1,1,1,31,31,0,0,100.0,0.0,7.840360150737247,7.840360150737247,0.0,0.0,34.494140017696566,5.93248854844614
municipio,NORDESTE,BA,Bahia,291820,Jiquiriçá,14063,1,1,1,30,30,0,0,100.0,0.0,21.3325748417834,21.3325748417834,0.0,0.0,0.0,2.1100327893168283
municipio,NORDESTE,BA,Bahia,291830,Jitaúna,14824,1,1,1,14,14,0,0,100.0,0.0,9.444144630329196,9.444144630329196,0.0,0.0,10.555126119080754,2.22421432616317
municipio,NORDESTE,BA,Bahia,291835,João Dourado,25892,1,1,1,32,32,0,0,100.0,0.0,12.359029816159431,12.359029816159431,0.0,0.0,10.888648507503975,3.8848729987194286
municipio,NORDESTE,BA,Bahia,291840,Juazeiro,256122,9,9,1,765,656,93,51,85.7516339869281,54.83870967741935,29.868578255675033,25.612793902905647,36.31082062454612,19.91238550378335,0.0,0.0
municipio,NORDESTE,BA,Bahia,291845,Jucuruçu,9930,1,1,1,25,25,0,0,100.0,0.0,25.17623363544814,25.17623363544814,0.0,0.0,0.0,1.4899115123313735
municipio,NORDESTE,BA,Bahia,291850,Jussara,17007,1,1,1,20,20,0,0,100.0,0.0,11.759863585582409,11.759863585582409,0.0,0.0,8.17114340982234,2.5517547925699566
municipio,NORDESTE,BA,Bahia,291855,Jussari,6048,1,1,1,37,37,0,0,100.0,0.0,61.17724867724868,61.17724867724868,0.0,0.0,0.0,0.9074506371178395
municipio,NORDESTE,BA,Bahia,291860,Jussiape,7567,1,1,1,18,18,0,0,100.0,0.0,23.78749834809039,23.78749834809039,0.0,0.0,0.0,1.135363586486556
municipio,NORDESTE,BA,Bahia,291870,Lafaiete Coutinho,4228,0,0,0,0,0,0,0,0.0,0.0,0.0,0.0,0.0,0.0,7.003445307034095,0.6343752139110823
municipio,NORDESTE,BA,Bahia,291875,Lagoa Real,14550,1,1,1,17,17,0,0,100.0,0.0,11.683848797250858,11.683848797250858,0.0,0.0,7.101260458218093,2.1831029712408343
municipio,NORDESTE,BA,Bahia,291880,Laje,21705,1,1,1,42,42,0,0,100.0,0.0,19.350380096751902,19.350380096751902,0.0,0.0,0.0,3.2566494839025637
municipio,NORDESTE,BA,Bahia,291900,Lajedinho,3610,0,0,0,0,0,0,0,0.0,0.0,0.0,0.0,0.0,0.0,5.979762904066482,0.5416496031738427
municipio,NORDESTE,BA,Bahia,291905,Lajedo do Tabocal,7683,1,1,1,27,27,0,0,100.0,0.0,35.14252245216712,35.14252245216712,0.0,0.0,0.0,1.152768393679954
municipio,NORDESTE,BA,Bahia,291890,Lajedão,3994,1,1,1,5,5,0,0,100.0,0.0,12.518778167250877,12.518778167250877,0.0,0.0,1.6158374068813093,0.5992655166416421
municipio,NORDESTE,BA,Bahia,291910,Lamarão,9303,1,1,1,6,6,0,0,100.0,0.0,6.449532408900354,6.449532408900354,0.0,0.0,9.409898697099859,1.3958355286222324
municipio,NORDESTE,BA,Bahia,291915,Lapão,27014,1,1,1,51,51,0,0,100.0,0.0,18.879099726067963,18.879099726067963,0.0,0.0,0.0,4.053219495883154
municipio,NORDESTE,BA,Bahia,291920,Lauro de Freitas,219564,8,8,1,557,436,93,73,78.27648114901257,78.49462365591397,25.368457488477162,19.85753584376309,42.35667049243045,33.24770909620885,0.0,0.0
municipio,NORDESTE,BA,Bahia,291930,Lençóis,11194,1,1,1,10,10,0,0,100.0,0.0,8.933357155619083,8.933357155619083,0.0,0.0,8.542234334659334,1.6795638941628797
municipio,NORDESTE,BA,Bahia,291940,Licínio de Almeida,12202,1,1,1,20,20,0,0,100.0,0.0,16.390755613833797,16.390755613833797,0.0,0.0,0.211929904548259,1.8308056670158528
municipio,NORDESTE,BA,Bahia,291950,Livramento de Nossa Senhora,46376,4,4,1,93,55,0,0,59.13978494623656,0.0,20.053475935828878,11.859582542694497,0.0,0.0,21.819247767032454,6.958321882767349
municipio,NORDESTE,BA,Bahia,291955,Luís Eduardo Magalhães,118382,4,4,1,236,159,43,0,67.37288135593221,0.0,19.9354631616293,13.431095943640079,36.32308965890085,0.0,37.0931557089192,17.76220590662766
municipio,NORDESTE,BA,Bahia,291960,Macajuba,10740,1,1,1,20,20,0,0,100.0,0.0,18.6219739292365,18.6219739292365,0.0,0.0,0.0,1.6114450798025128
municipio,NORDESTE,BA,Bahia,291970,Macarani,22768,1,1,1,27,27,0,0,100.0,0.0,11.85874912157414,11.85874912157414,0.0,0.0,10.713917396062504,3.416143536028269
municipio,NORDESTE,BA,Bahia,291980,Macaúbas,43653,3,3,1,66,52,0,0,78.78787878787878,0.0,15.119235791354546,11.912125168946005,0.0,0.0,20.308750706707517,6.549759038046471
municipio,NORDESTE,BA,Bahia,291990,Macururé,7435,1,1,1,21,21,0,0,100.0,0.0,28.244788164088767,28.244788164088767,0.0,0.0,0.0,1.115558116232
municipio,NORDESTE,BA,Bahia,291992,Madre de Deus,19224,1,1,1,30,29,0,0,96.66666666666667,0.0,15.605493133583021,15.085310029130254,0.0,0.0,2.843479797167326,2.8843966679817044
municipio,NORDESTE,BA,Bahia,291995,Maetinga,7218,0,0,0,0,0,0,0,0.0,0.0,0.0,0.0,0.0,0.0,11.95621292009747,1.0829991234650407
municipio,NORDESTE,BA,Bahia,292000,Maiquinique,9009,1,1,1,14,14,0,0,100.0,0.0,15.54001554001554,15.54001554001554,0.0,0.0,0.9229041558822529,1.3517233448734485
municipio,NORDESTE,BA,Bahia,292010,Mairi,18130,1,1,1,28,28,0,0,100.0,0.0,15.444015444015443,15.444015444015443,0.0,0.0,2.0313300417521654,2.7202513311750054
municipio,NORDESTE,BA,Bahia,292020,Malhada,15814,1,1,1,22,22,0,0,100.0,0.0,13.91172378904768,13.91172378904768,0.0,0.0,4.195005696650231,2.3727553530723404
municipio,NORDESTE,BA,Bahia,292030,Malhada de Pedras,8982,0,0,0,0,0,0,0,0.0,0.0,0.0,0.0,0.0,0.0,14.878180167403087,1.3476722259577438
municipio,NORDESTE,BA,Bahia,292040,Manoel Vitorino,14287,0,0,0,0,0,0,0,0.0,0.0,0.0,0.0,0.0,0.0,23.665615681550644,2.1436420721730447
municipio,NORDESTE,BA,Bahia,292045,Mansidão,14542,1,1,1,8,8,0,0,100.0,0.0,5.501306560308072,5.501306560308072,0.0,0.0,16.088008906076116,2.181902639710255
municipio,NORDESTE,BA,Bahia,292050,Maracás,29330,1,1,1,45,45,0,0,100.0,0.0,15.342652574156155,15.342652574156155,0.0,0.0,3.5835030405179786,4.400715473985819
municipio,NORDESTE,BA,Bahia,292060,Maragogipe,37041,1,1,1,14,14,0,0,100.0,0.0,3.77959558327259,3.77959558327259,0.0,0.0,47.356342861364695,5.5576850280228
municipio,NORDESTE,BA,Bahia,292070,Maraú,25804,0,0,0,0,0,0,0,0.0,0.0,0.0,0.0,0.0,0.0,42.742881433942244,3.8716693518830576
municipio,NORDESTE,BA,Bahia,292080,Marcionílio Souza,9475,1,1,1,19,19,0,0,100.0,0.0,20.052770448548813,20.052770448548813,0.0,0.0,0.0,1.421642656529684
municipio,NORDESTE,BA,Bahia,292090,Mascote,13918,0,0,0,0,0,0,0,0.0,0.0,0.0,0.0,0.0,0.0,23.05438783900202,2.088276780325081
municipio,NORDESTE,BA,Bahia,292100,Mata de São João,44962,1,1,1,40,40,0,0,100.0,0.0,8.896401405631423,8.896401405631423,0.0,0.0,34.47703592593827,6.746163284737484
municipio,NORDESTE,BA,Bahia,292105,Matina,10611,1,1,1,19,19,0,0,100.0,0.0,17.90594665912732,17.90594665912732,0.0,0.0,0.0,1.5920897338719238
municipio,NORDESTE,BA,Bahia,292110,Medeiros Neto,22801,1,1,1,66,66,0,0,100.0,0.0,28.946098855313366,28.946098855313366,0.0,0.0,0.0,3.421094903591908
municipio,NORDESTE,BA,Bahia,292120,Miguel Calmon,25263,1,1,1,88,88,0,0,100.0,0.0,34.833551043027356,34.833551043027356,0.0,0.0,0.0,3.7904969321276423
municipio,NORDESTE,BA,Bahia,292130,Milagres,11436,1,1,1,16,16,0,0,100.0,0.0,13.990905911157748,13.990905911157748,0.0,0.0,2.943093786954095,1.715873922962899
municipio,NORDESTE,BA,Bahia,292140,Mirangaba,16167,0,0,0,0,0,0,0,0.0,0.0,0.0,0.0,0.0,0.0,26.779730434914907,2.4257199818591455
municipio,NORDESTE,BA,Bahia,292145,Mirante,10526,0,0,0,0,0,0,0,0.0,0.0,0.0,0.0,0.0,0.0,17.435729730804372,1.5793362113595204
municipio,NORDESTE,BA,Bahia,292150,Monte Santo,49807,1,1,1,69,68,0,0,98.55072463768117,0.0,13.853474411227337,13.652699419760275,0.0,0.0,14.50250719192223,7.473114067944484
municipio,NORDESTE,BA,Bahia,292160,Morpará,8220,0,0,0,0,0,0,0,0.0,0.0,0.0,0.0,0.0,0.0,13.615969825879912,1.2333406476700794
municipio,NORDESTE,BA,Bahia,292170,Morro do Chapéu,35235,1,1,1,58,58,0,0,100.0,0.0,16.46090534979424,16.46090534979424,0.0,0.0,0.36480496531370865,5.286710184994557
municipio,NORDESTE,BA,Bahia,292180,Mortugaba,11477,1,1,1,24,24,0,0,100.0,0.0,20.911387993378064,20.911387993378064,0.0,0.0,0.0,1.7220256220571173
municipio,NORDESTE,BA,Bahia,292190,Mucugê,12712,1,1,1,32,32,0,0,100.0,0.0,25.173064820641915,25.173064820641915,0.0,0.0,0.0,1.907326802090274
municipio,NORDESTE,BA,Bahia,292200,Mucuri,40114,2,2,1,65,47,0,0,72.3076923076923,0.0,16.203819115520766,11.716607668145784,0.0,0.0,19.44659532790107,6.018762377206516
municipio,NORDESTE,BA,Bahia,292205,Mulungu do Morro,13648,1,1,1,34,34,0,0,100.0,0.0,24.912075029308326,24.912075029308326,0.0,0.0,0.0,2.047765591168035
municipio,NORDESTE,BA,Bahia,292210,Mundo Novo,17197,1,1,1,34,34,0,0,100.0,0.0,19.77089027155899,19.77089027155899,0.0,0.0,0.0,2.5802626664212114
municipio,NORDESTE,BA,Bahia,292220,Muniz Ferreira,7453,0,0,0,0,0,0,0,0.0,0.0,0.0,0.0,0.0,0.0,12.345477264268002,1.1182588621758032
municipio,NORDESTE,BA,Bahia,292225,Muquém do São Francisco,10803,0,0,0,0,0,0,0,0.0,0.0,0.0,0.0,0.0,0.0,17.894564723720276,1.6208976906058237
municipio,NORDESTE,BA,Bahia,292230,Muritiba,30180,2,2,1,23,23,0,0,100.0,0.0,7.620941020543406,7.620941020543406,0.0,0.0,26.991480455602886,4.528250699109854
municipio,NORDESTE,BA,Bahia,292240,Mutuípe,20590,1,1,1,45,45,0,0,100.0,0.0,21.85526954832443,21.85526954832443,0.0,0.0,0.0,3.0893532768280942
municipio,NORDESTE,BA,Bahia,292250,Nazaré,28427,1,1,1,50,50,0,0,100.0,0.0,17.58891194990678,17.58891194990678,0.0,0.0,0.0,4.265228052471698
municipio,NORDESTE,BA,Bahia,292260,Nilo Peçanha,12399,0,0,0,0,0,0,0,0.0,0.0,0.0,0.0,0.0,0.0,20.53824937604441,1.8603638309563644
municipio,NORDESTE,BA,Bahia,292265,Nordestina,19711,1,1,1,30,30,0,0,100.0,0.0,15.219927959007661,15.219927959007661,0.0,0.0,2.6501680338100884,2.95746684990571
municipio,NORDESTE,BA,Bahia,292270,Nova Canaã,13970,1,1,1,35,35,0,0,100.0,0.0,25.053686471009307,25.053686471009307,0.0,0.0,0.0,2.0960789352738454
municipio,NORDESTE,BA,Bahia,292273,Nova Fátima,8283,1,1,1,15,15,0,0,100.0,0.0,18.109380659181454,18.109380659181454,0.0,0.0,0.0,1.2427932584733905
municipio,NORDESTE,BA,Bahia,292275,Nova Ibiá,6696,0,0,0,0,0,0,0,0.0,0.0,0.0,0.0,0.0,0.0,11.091549142833564,1.004677491094751
municipio,NORDESTE,BA,Bahia,292280,Nova Itarana,8073,0,0,0,0,0,0,0,0.0,0.0,0.0,0.0,0.0,0.0,13.372472555271111,1.2112845557956877
municipio,NORDESTE,BA,Bahia,292285,Nova Redenção,7670,0,0,0,0,0,0,0,0.0,0.0,0.0,0.0,0.0,0.0,12.704925616119091,1.1508178549427628
municipio,NORDESTE,BA,Bahia,292290,Nova Soure,24865,1,1,1,19,19,0,0,100.0,0.0,7.641262819223809,7.641262819223809,0.0,0.0,22.187480501277857,3.7307804384813297
municipio,NORDESTE,BA,Bahia,292300,Nova Viçosa,41629,2,2,1,67,67,0,0,100.0,0.0,16.09454947272334,16.09454947272334,0.0,0.0,1.956108014787699,6.246075160809944
municipio,NORDESTE,BA,Bahia,292303,Novo Horizonte,11586,0,0,0,0,0,0,0,0.0,0.0,0.0,0.0,0.0,0.0,19.191560389616136,1.738380139161258
municipio,NORDESTE,BA,Bahia,292305,Novo Triunfo,11060,0,0,0,0,0,0,0,0.0,0.0,0.0,0.0,0.0,0.0,18.320270836281242,1.659458341025679
municipio,NORDESTE,BA,Bahia,292310,Olindina,22956,1,1,1,38,38,0,0,100.0,0.0,16.553406516814775,16.553406516814775,0.0,0.0,0.02532887139893777,3.444351326996879
municipio,NORDESTE,BA,Bahia,292320,Oliveira dos Brejinhos,21323,1,1,1,20,20,0,0,100.0,0.0,9.379543216245368,9.379543216245368,0.0,0.0,15.320355790418171,3.1993336533174093
municipio,NORDESTE,BA,Bahia,292330,Ouriçangas,7925,1,1,1,15,15,0,0,100.0,0.0,18.92744479495268,18.92744479495268,0.0,0.0,0.0,1.1890784224799733
municipio,NORDESTE,BA,Bahia,292335,Ourolândia,20141,1,1,1,17,17,0,0,100.0,0.0,8.440494513678566,8.440494513678566,0.0,0.0,16.362438961441278,3.0219846696743398
municipio,NORDESTE,BA,Bahia,292340,Palmas de Monte Alto,20666,1,1,1,54,54,0,0,100.0,0.0,26.12987515726314,26.12987515726314,0.0,0.0,0.0,3.100756426368597
municipio,NORDESTE,BA,Bahia,292350,Palmeiras,10894,0,0,0,0,0,0,0,0.0,0.0,0.0,0.0,0.0,0.0,18.04530112933525,1.6345514617661614
municipio,NORDESTE,BA,Bahia,292360,Paramirim,21025,3,3,1,90,82,0,0,91.11111111111111,0.0,42.80618311533888,39.00118906064209,0.0,0.0,0.0,3.1546213038033364
municipio,NORDESTE,BA,Bahia,292370,Paratinga,30680,1,1,1,37,37,0,0,100.0,0.0,12.059973924380705,12.059973924380705,0.0,0.0,13.819702464476359,4.603271419771051
municipio,NORDESTE,BA,Bahia,292380,Paripiranga,27860,1,1,1,18,18,0,0,100.0,0.0,6.460875807609476,6.460875807609476,0.0,0.0,28.148530334429967,4.1801545552418995
municipio,NORDESTE,BA,Bahia,292390,Pau Brasil,9537,1,1,1,13,13,0,0,100.0,0.0,13.631120897556885,13.631120897556885,0.0,0.0,2.7975065972526405,1.4309452258916726
municipio,NORDESTE,BA,Bahia,292400,Paulo Afonso,119418,9,9,1,287,183,34,10,63.76306620209059,29.411764705882355,24.033227821601432,15.324322966386978,28.471419718970342,8.373946976167746,14.809231711305005,7.9176488398376605
municipio,NORDESTE,BA,Bahia,292420,Pedro Alexandre,14226,0,0,0,0,0,0,0,0.0,0.0,0.0,0.0,0.0,0.0,23.564572596468082,2.1344895442523786
municipio,NORDESTE,BA,Bahia,292410,Pedrão,6403,0,0,0,0,0,0,0,0.0,0.0,0.0,0.0,0.0,0.0,10.606211045633708,0.9607153487872894
municipio,NORDESTE,BA,Bahia,292430,Piatã,20938,1,1,1,26,26,0,0,100.0,0.0,12.417613907727578,12.417613907727578,0.0,0.0,8.682624843585591,3.141567698408288
municipio,NORDESTE,BA,Bahia,292440,Pilão Arcado,37388,1,1,1,30,30,0,0,100.0,0.0,8.0239649085268,8.0239649085268,0.0,0.0,31.93112893552289,5.609749408161671
municipio,NORDESTE,BA,Bahia,292450,Pindaí,15125,1,1,1,25,25,0,0,100.0,0.0,16.52892561983471,16.52892561983471,0.0,0.0,0.05371576842258889,2.269376800001211
municipio,NORDESTE,BA,Bahia,292460,Pindobaçu,19601,1,1,1,58,58,0,0,100.0,0.0,29.590327024131422,29.590327024131422,0.0,0.0,0.0,2.9409622913602465
municipio,NORDESTE,BA,Bahia,292465,Pintadas,10654,1,1,1,15,6,0,0,40.0,0.0,14.07921907264877,5.631687629059508,0.0,0.0,11.647754565075983,1.5985415158487868
municipio,NORDESTE,BA,Bahia,292467,Piraí do Norte,11481,0,0,0,0,0,0,0,0.0,0.0,0.0,0.0,0.0,0.0,19.017633767752706,1.722625787822407
municipio,NORDESTE,BA,Bahia,292470,Piripá,9143,1,1,1,17,17,0,0,100.0,0.0,18.59345947719567,18.59345947719567,0.0,0.0,0.0,1.3718288980106494
municipio,NORDESTE,BA,Bahia,292480,Piritiba,17697,1,1,1,25,25,0,0,100.0,0.0,14.126688139232638,14.126688139232638,0.0,0.0,4.314089782067738,2.655283387082408
municipio,NORDESTE,BA,Bahia,292490,Planaltino,8239,2,2,1,36,36,0,0,100.0,0.0,43.69462313387547,43.69462313387547,0.0,0.0,0.0,1.236191435055205
municipio,NORDESTE,BA,Bahia,292500,Planalto,24026,1,1,1,32,32,0,0,100.0,0.0,13.318904520103223,13.318904520103223,0.0,0.0,7.797723970388167,3.6048956692118406
municipio,NORDESTE,BA,Bahia,292520,Pojuca,33573,2,2,1,150,138,0,0,92.0,0.0,44.678759717630236,41.10445894021982,0.0,0.0,0.0,5.037341309516737
municipio,NORDESTE,BA,Bahia,292525,Ponto Novo,18763,2,2,1,37,37,0,0,100.0,0.0,19.719661035015722,19.719661035015722,0.0,0.0,0.0,2.8152275635320803
municipio,NORDESTE,BA,Bahia,292530,Porto Seguro,182630,5,5,1,263,190,40,20,72.24334600760456,50.0,14.400700870612715,10.403548157476864,21.90220664731972,10.95110332365986,112.51637096112512,7.4020684287088345
municipio,NORDESTE,BA,Bahia,292540,Potiraguá,10651,1,1,1,21,21,0,0,100.0,0.0,19.7164585484931,19.7164585484931,0.0,0.0,0.0,1.5980913915248198
municipio,NORDESTE,BA,Bahia,292510,Poções,50773,1,1,1,59,59,0,0,100.0,0.0,11.620349398302247,11.620349398302247,0.0,0.0,25.102632113065784,7.618054100261916
municipio,NORDESTE,BA,Bahia,292550,Prado,37533,2,2,1,40,40,0,0,100.0,0.0,10.657288253004024,10.657288253004024,0.0,0.0,22.17131331809619,5.631505417153418
municipio,NORDESTE,BA,Bahia,292560,Presidente Dutra,15677,1,1,1,17,17,0,0,100.0,0.0,10.843911462652294,10.843911462652294,0.0,0.0,8.9680728662189,2.3521996756111725
municipio,NORDESTE,BA,Bahia,292570,Presidente Jânio Quadros,12963,1,1,1,37,37,0,0,100.0,0.0,28.542775592069738,28.542775592069738,0.0,0.0,0.0,1.9449872038621947
municipio,NORDESTE,BA,Bahia,292575,Presidente Tancredo Neves,29489,1,1,1,17,17,0,0,100.0,0.0,5.764861473769881,5.764861473769881,0.0,0.0,31.84687763933975,4.42457206315608
municipio,NORDESTE,BA,Bahia,292405,Pé de Serra,13677,1,1,1,8,8,0,0,100.0,0.0,5.8492359435548735,5.8492359435548735,0.0,0.0,14.655184830725004,2.052116792966384
municipio,NORDESTE,BA,Bahia,292580,Queimadas,27429,1,1,1,25,25,0,0,100.0,0.0,9.114440920193955,9.114440920193955,0.0,0.0,20.434602962781035,4.115486694031948
municipio,NORDESTE,BA,Bahia,292590,Quijingue,26443,1,1,1,18,18,0,0,100.0,0.0,6.807094505162047,6.807094505162047,0.0,0.0,25.80134916128254,3.9675458328880673
municipio,NORDESTE,BA,Bahia,292593,Quixabeira,9839,0,0,0,0,0,0,0,0.0,0.0,0.0,0.0,0.0,0.0,16.29775269061222,1.4762577411710358
municipio,NORDESTE,BA,Bahia,292595,Rafael Jambeiro,20081,1,1,1,22,22,0,0,100.0,0.0,10.95562969971615,10.95562969971615,0.0,0.0,11.26305232037646,3.012982183194996
municipio,NORDESTE,BA,Bahia,292600,Remanso,42855,3,3,1,121,97,10,10,80.16528925619835,100.0,28.23474507058686,22.634465056586162,23.33450005833625,23.33450005833625,0.0,0.0
municipio,NORDESTE,BA,Bahia,292610,Retirolândia,14174,1,1,1,24,24,0,0,100.0,0.0,16.93241145759842,16.93241145759842,0.0,0.0,0.0,2.1266873893036142
municipio,NORDESTE,BA,Bahia,292640,Riacho de Santana,32060,1,1,1,60,60,0,0,100.0,0.0,18.714909544603866,18.714909544603866,0.0,0.0,0.0,4.810328608795955
municipio,NORDESTE,BA,Bahia,292620,Riachão das Neves,22329,1,1,1,29,29,0,0,100.0,0.0,12.987594607908997,12.987594607908997,0.0,0.0,7.986738472271599,3.350275343287738
municipio,NORDESTE,BA,Bahia,292630,Riachão do Jacuípe,35188,3,3,1,127,121,0,0,95.2755905511811,0.0,36.091849494145734,34.38672274639082,0.0,0.0,0.0,5.279658237252404
municipio,NORDESTE,BA,Bahia,292650,Ribeira do Amparo,14528,1,1,1,10,10,0,0,100.0,0.0,6.883259911894274,6.883259911894274,0.0,0.0,14.064818689827655,2.1798020595317413
municipio,NORDESTE,BA,Bahia,292660,Ribeira do Pombal,56316,2,2,1,122,101,14,10,82.78688524590164,71.42857142857143,21.66347041693302,17.93451239434619,24.859720150578877,17.7569429646992,0.0,0.0
municipio,NORDESTE,BA,Bahia,292665,Ribeirão do Largo,10029,0,0,0,0,0,0,0,0.0,0.0,0.0,0.0,0.0,0.0,16.61247705398414,1.5047656150222903
municipio,NORDESTE,BA,Bahia,292700,Rio Real,36966,1,1,1,55,55,0,0,100.0,0.0,14.878537034031272,14.878537034031272,0.0,0.0,6.232109560033676,5.54643191992362
municipio,NORDESTE,BA,Bahia,292670,Rio de Contas,13634,1,1,1,16,16,0,0,100.0,0.0,11.735367463693706,11.735367463693706,0.0,0.0,6.583957737961889,2.0456650109895214
municipio,NORDESTE,BA,Bahia,292680,Rio do Antônio,13495,0,0,0,0,0,0,0,0.0,0.0,0.0,0.0,0.0,0.0,22.35371201949506,2.0248092506457085
municipio,NORDESTE,BA,Bahia,292690,Rio do Pires,10781,2,2,1,56,56,0,0,100.0,0.0,51.943233466283274,51.943233466283274,0.0,0.0,0.0,1.617596778896731
municipio,NORDESTE,BA,Bahia,292710,Rodelas,10884,1,1,1,2,2,0,0,100.0,0.0,1.8375597206909227,1.8375597206909227,0.0,0.0,16.028736689157782,1.6330510473529374
municipio,NORDESTE,BA,Bahia,292720,Ruy Barbosa,29590,1,1,1,115,105,10,0,91.30434782608695,0.0,38.8644812436634,35.48496113551876,33.79520108144643,0.0,0.0,4.439726248729642
municipio,NORDESTE,BA,Bahia,292730,Salinas da Margarida,15629,1,1,1,9,9,0,0,100.0,0.0,5.7585258173907485,5.7585258173907485,0.0,0.0,16.88856355336705,2.3449976864276976
municipio,NORDESTE,BA,Bahia,292740,Salvador,2564204,59,59,1,9305,6581,1606,779,70.7254164427727,48.50560398505604,36.28806444417059,25.66488469716138,62.631522296977934,30.379798175184188,0.0,0.0
municipio,NORDESTE,BA,Bahia,292760,Santa Brígida,15417,0,0,0,0,0,0,0,0.0,0.0,0.0,0.0,0.0,0.0,25.537397421604695,2.31318890086735
municipio,NORDESTE,BA,Bahia,292750,Santa Bárbara,21787,1,1,1,10,10,0,0,100.0,0.0,4.589893055491808,4.589893055491808,0.0,0.0,26.088945814652753,3.2689528820910003
municipio,NORDESTE,BA,Bahia,292770,Santa Cruz Cabrália,31007,1,1,1,25,25,0,0,100.0,0.0,8.062695520366368,8.062695520366368,0.0,0.0,26.361359658279614,4.652334971083474
municipio,NORDESTE,BA,Bahia,292780,Santa Cruz da Vitória,4663,0,0,0,0,0,0,0,0.0,0.0,0.0,0.0,0.0,0.0,7.723998454754018,0.6996432408863238
municipio,NORDESTE,BA,Bahia,292790,Santa Inês,10625,1,1,1,42,42,0,0,100.0,0.0,39.52941176470588,39.52941176470588,0.0,0.0,0.0,1.5941903140504372
municipio,NORDESTE,BA,Bahia,292805,Santa Luzia,14392,0,0,0,0,0,0,0,0.0,0.0,0.0,0.0,0.0,0.0,23.839542303414074,2.159396423511896
municipio,NORDESTE,BA,Bahia,292810,Santa Maria da Vitória,40474,2,2,1,55,51,0,0,92.72727272727272,0.0,13.588970697237734,12.600681919256807,0.0,0.0,16.042915174289963,6.072777296082579
municipio,NORDESTE,BA,Bahia,292840,Santa Rita de Cássia,28890,1,1,1,24,24,0,0,100.0,0.0,8.307372793354102,8.307372793354102,0.0,0.0,23.854667672709322,4.334697239803965
municipio,NORDESTE,BA,Bahia,292850,Santa Terezinha,10882,1,1,1,28,28,0,0,100.0,0.0,25.730564234515715,25.730564234515715,0.0,0.0,0.0,1.6327509644702927
municipio,NORDESTE,BA,Bahia,292800,Santaluz,40066,3,3,1,110,83,0,0,75.45454545454545,0.0,27.454699745420058,20.715818898816952,0.0,0.0,0.0,6.0115603880230415
municipio,NORDESTE,BA,Bahia,292820,Santana,25521,1,1,1,37,37,0,0,100.0,0.0,14.497864503742017,14.497864503742017,0.0,0.0,5.2741077769198546,3.82920762398882
municipio,NORDESTE,BA,Bahia,292830,Santanópolis,9035,1,1,1,9,9,0,0,100.0,0.0,9.961261759822913,9.961261759822913,0.0,0.0,5.9659717003436725,1.3556244223478309
municipio,NORDESTE,BA,Bahia,292860,Santo Amaro,58398,6,6,1,93,86,0,0,92.47311827956989,0.0,15.925202917908146,14.726531730538717,0.0,0.0,10.73301774838626,8.76212009034517
municipio,NORDESTE,BA,Bahia,292870,Santo Antônio de Jesus,109791,7,7,1,574,415,58,30,72.29965156794425,51.724137931034484,52.28115237132369,37.79909100017306,52.827645253253905,27.324644096510642,0.0,0.0
municipio,NORDESTE,BA,Bahia,292880,Santo Estêvão,55146,1,1,1,66,66,0,0,100.0,0.0,11.96822979001197,11.96822979001197,0.0,0.0,25.34626180267318,8.274185323164746
municipio,NORDESTE,BA,Bahia,292960,Sapeaçu,18656,2,2,1,72,72,0,0,100.0,0.0,38.59348198970841,38.59348198970841,0.0,0.0,0.0,2.7991731293105846
municipio,NORDESTE,BA,Bahia,292975,Saubara,11859,1,1,1,13,13,0,0,100.0,0.0,10.962138460241166,10.962138460241166,0.0,0.0,6.643769606461055,1.7793414526422717
municipio,NORDESTE,BA,Bahia,292980,Saúde,10661,1,1,1,39,39,0,0,100.0,0.0,36.58193415251853,36.58193415251853,0.0,0.0,0.0,1.5995918059380436
municipio,NORDESTE,BA,Bahia,292990,Seabra,48721,2,2,1,131,112,10,10,85.49618320610686,100.0,26.887789659489748,22.988033907350015,20.525030274419656,20.525030274419656,0.0,0.0
municipio,NORDESTE,BA,Bahia,293000,Sebastião Laranjeiras,9581,1,1,1,20,20,0,0,100.0,0.0,20.874647740319382,20.874647740319382,0.0,0.0,0.0,1.4375470493098579
municipio,NORDESTE,BA,Bahia,293010,Senhor do Bonfim,78090,2,2,1,141,93,20,10,65.95744680851064,50.0,18.05608912792931,11.909335382251248,25.611473940325265,12.805736970162632,36.35171334585917,1.716736152865756
municipio,NORDESTE,BA,Bahia,293020,Sento Sé,40232,1,1,1,32,32,0,0,100.0,0.0,7.95386756810499,7.95386756810499,0.0,0.0,34.64205572199521,6.03646726728256
municipio,NORDESTE,BA,Bahia,293030,Serra Dourada,17574,1,1,1,43,43,0,0,100.0,0.0,24.467964037783087,24.467964037783087,0.0,0.0,0.0,2.6368282897997544
municipio,NORDESTE,BA,Bahia,293040,Serra Preta,18754,1,1,1,27,27,0,0,100.0,0.0,14.396928655220218,14.396928655220218,0.0,0.0,4.064951108826262,2.8138771905601794
municipio,NORDESTE,BA,Bahia,293015,Serra do Ramalho,36252,1,1,1,35,35,0,0,100.0,0.0,9.654639744014125,9.654639744014125,0.0,0.0,25.04940853136235,5.439302330819431
municipio,NORDESTE,BA,Bahia,293050,Serrinha,84690,5,5,1,227,136,0,0,59.91189427312775,0.0,26.803636793009797,16.058566536781203,0.0,0.0,4.284243862989002,12.707009665593556
municipio,NORDESTE,BA,Bahia,293060,Serrolândia,13863,1,1,1,33,33,0,0,100.0,0.0,23.804371348193033,23.804371348193033,0.0,0.0,0.0,2.0800245010523497
municipio,NORDESTE,BA,Bahia,293070,Simões Filho,120419,1,1,1,90,80,10,0,88.88888888888889,0.0,7.473903619860653,6.643469884320581,8.304337355400726,0.0,119.4673321730697,18.067840322601377
municipio,NORDESTE,BA,Bahia,293077,Sobradinho,27097,1,1,1,37,37,0,0,100.0,0.0,13.654648116027605,13.654648116027605,0.0,0.0,7.884663548889044,4.0656729355129135
municipio,NORDESTE,BA,Bahia,293080,Souto Soares,17724,1,1,1,15,15,0,0,100.0,0.0,8.463100880162491,8.463100880162491,0.0,0.0,14.358813770546904,2.6593345059981135
municipio,NORDESTE,BA,Bahia,292970,Sátiro Dias,16476,1,1,1,25,25,0,0,100.0,0.0,15.173585821801408,15.173585821801408,0.0,0.0,2.2915716363987126,2.4720827872277655
municipio,NORDESTE,BA,Bahia,292890,São Desidério,34982,1,1,1,31,31,0,0,100.0,0.0,8.861700303012979,8.861700303012979,0.0,0.0,26.94572462882373,5.2487497003399906
municipio,NORDESTE,BA,Bahia,292895,São Domingos,8690,1,1,1,14,14,0,0,100.0,0.0,16.11047180667434,16.11047180667434,0.0,0.0,0.39449851422097515,1.3038601250916049
municipio,NORDESTE,BA,Bahia,292910,São Felipe,20923,1,1,1,18,18,0,0,100.0,0.0,8.602972805047077,8.602972805047077,0.0,0.0,16.65777818331939,3.139317076788452
municipio,NORDESTE,BA,Bahia,292920,São Francisco do Conde,41110,1,1,1,34,34,0,0,100.0,0.0,8.270493797129653,8.270493797129653,0.0,0.0,34.096413569577024,6.168203652763622
municipio,NORDESTE,BA,Bahia,292900,São Félix,11102,1,1,1,105,98,14,12,93.33333333333333,85.71428571428571,94.57755359394703,88.27238335435058,126.10340479192938,108.08863267879661,0.0,0.0
municipio,NORDESTE,BA,Bahia,292905,São Félix do Coribe,15780,2,2,1,47,44,0,0,93.61702127659575,0.0,29.78453738910013,27.88339670468948,0.0,0.0,0.0,2.367653944067379
municipio,NORDESTE,BA,Bahia,292925,São Gabriel,19229,1,1,1,34,34,0,0,100.0,0.0,17.68162670965729,17.68162670965729,0.0,0.0,0.0,2.8851468751883163
municipio,NORDESTE,BA,Bahia,292930,São Gonçalo dos Campos,42171,1,1,1,43,43,0,0,100.0,0.0,10.196580588556117,10.196580588556117,0.0,0.0,26.85390067240654,6.327397622006682
municipio,NORDESTE,BA,Bahia,292935,São José da Vitória,5432,0,0,0,0,0,0,0,0.0,0.0,0.0,0.0,0.0,0.0,8.99780390440142,0.8150251092632448
municipio,NORDESTE,BA,Bahia,292937,São José do Jacuípe,10576,0,0,0,0,0,0,0,0.0,0.0,0.0,0.0,0.0,0.0,17.51855193169172,1.58683828342564
municipio,NORDESTE,BA,Bahia,292940,São Miguel das Matas,10615,1,1,1,29,29,0,0,100.0,0.0,27.31983042863872,27.31983042863872,0.0,0.0,0.0,1.5926898996372134
municipio,NORDESTE,BA,Bahia,292950,São Sebastião do Passé,42944,1,1,1,53,53,0,0,100.0,0.0,12.341654247391952,12.341654247391952,0.0,0.0,18.13433189812493,6.443379656148893
municipio,NORDESTE,BA,Bahia,293075,Sítio do Mato,13982,1,1,1,19,19,0,0,100.0,0.0,13.588900014304105,13.588900014304105,0.0,0.0,4.160400256137825,2.097879432569714
municipio,NORDESTE,BA,Bahia,293076,Sítio do Quinto,14435,0,0,0,0,0,0,0,0.0,0.0,0.0,0.0,0.0,0.0,23.910769396177194,2.165848205488759
municipio,NORDESTE,BA,Bahia,293090,Tabocas do Brejo Velho,12368,1,1,1,32,32,0,0,100.0,0.0,25.8732212160414,25.8732212160414,0.0,0.0,0.0,1.8557125462753703
municipio,NORDESTE,BA,Bahia,293100,Tanhaçu,21787,1,1,1,24,24,0,0,100.0,0.0,11.015743333180337,11.015743333180337,0.0,0.0,12.088945814652753,3.2689528820910003
municipio,NORDESTE,BA,Bahia,293105,Tanque Novo,17812,1,1,1,35,35,0,0,100.0,0.0,19.649674376824613,19.649674376824613,0.0,0.0,0.0,2.6725381528344836
municipio,NORDESTE,BA,Bahia,293110,Tanquinho,7991,1,1,1,20,20,0,0,100.0,0.0,25.028156676260792,25.028156676260792,0.0,0.0,0.0,1.1989811576072513
municipio,NORDESTE,BA,Bahia,293120,Taperoá,18556,1,1,1,26,26,0,0,100.0,0.0,14.011640439749945,14.011640439749945,0.0,0.0,4.736975193312367,2.784168985178345
municipio,NORDESTE,BA,Bahia,293130,Tapiramutá,16226,1,1,1,34,34,0,0,100.0,0.0,20.954024405275486,20.954024405275486,0.0,0.0,0.0,2.4345724268971667
municipio,NORDESTE,BA,Bahia,293135,Teixeira de Freitas,153738,8,8,1,540,391,90,58,72.4074074074074,64.44444444444444,35.12469265893923,25.43287931415785,58.541154431565396,37.72652174478659,0.0,0.0
municipio,NORDESTE,BA,Bahia,293140,Teodoro Sampaio,7280,0,0,0,0,0,0,0,0.0,0.0,0.0,0.0,0.0,0.0,12.058912449197779,1.092301692827029
municipio,NORDESTE,BA,Bahia,293150,Teofilândia,21825,1,1,1,18,18,0,0,100.0,0.0,8.247422680412372,8.247422680412372,0.0,0.0,18.151890687327132,3.2746544568612515
municipio,NORDESTE,BA,Bahia,293160,Teolândia,15978,1,1,1,24,24,0,0,100.0,0.0,15.020653398422832,15.020653398422832,0.0,0.0,2.466662515560732,2.397362149449213
municipio,NORDESTE,BA,Bahia,293170,Terra Nova,10976,1,1,1,5,5,0,0,100.0,0.0,4.555393586005831,4.555393586005831,0.0,0.0,13.1811295387905,1.6468548599545978
municipio,NORDESTE,BA,Bahia,293180,Tremedal,16646,1,1,1,19,19,0,0,100.0,0.0,11.414153550402498,11.414153550402498,0.0,0.0,8.573167119415697,2.4975898322525723
municipio,NORDESTE,BA,Bahia,293190,Tucano,51016,2,2,1,58,30,0,0,51.724137931034484,0.0,11.368982280068996,5.880508075897757,0.0,0.0,54.50514800937829,7.6545141705032576
municipio,NORDESTE,BA,Bahia,293200,Uauá,25449,1,1,1,24,24,0,0,100.0,0.0,9.430625957797949,9.430625957797949,0.0,0.0,18.154843807642077,3.818404640213607
municipio,NORDESTE,BA,Bahia,293220,Ubaitaba,17878,1,1,1,67,67,0,0,100.0,0.0,37.47622776596935,37.47622776596935,0.0,0.0,0.0,2.682440887961762
municipio,NORDESTE,BA,Bahia,293230,Ubatã,15839,1,1,1,43,43,0,0,100.0,0.0,27.148178546625417,27.148178546625417,0.0,0.0,0.0,2.3765063891054004
municipio,NORDESTE,BA,Bahia,293210,Ubaíra,19142,1,1,1,71,71,0,0,100.0,0.0,37.09121303938982,37.09121303938982,0.0,0.0,0.0,2.8720932697932677
municipio,NORDESTE,BA,Bahia,293240,Uibaí,13886,1,1,1,38,38,0,0,100.0,0.0,27.3656920639493,27.3656920639493,0.0,0.0,0.0,2.0834754542027647
municipio,NORDESTE,BA,Bahia,293245,Umburanas,13785,0,0,0,0,0,0,0,0.0,0.0,0.0,0.0,0.0,0.0,22.834080784641674,2.0683212686292025
municipio,NORDESTE,BA,Bahia,293250,Una,18254,1,1,1,47,47,0,0,100.0,0.0,25.74778130820642,25.74778130820642,0.0,0.0,0.0,2.7388564698989817
municipio,NORDESTE,BA,Bahia,293260,Urandi,15776,1,1,1,36,36,0,0,100.0,0.0,22.81947261663286,22.81947261663286,0.0,0.0,0.0,2.3670537783020893
municipio,NORDESTE,BA,Bahia,293270,Uruçuca,22155,0,0,0,0,0,0,0,0.0,0.0,0.0,0.0,0.0,0.0,36.69851721318363,3.3241681324976415
municipio,NORDESTE,BA,Bahia,293280,Utinga,16645,1,1,1,27,27,0,0,100.0,0.0,16.22108741363773,16.22108741363773,0.0,0.0,0.5715106753979466,2.49743979081125
municipio,NORDESTE,BA,Bahia,293300,Valente,25132,3,3,1,67,32,0,0,47.76119402985074,0.0,26.659239216934587,12.73277096928219,0.0,0.0,9.62975105401629,3.7708415033144083
municipio,NORDESTE,BA,Bahia,293290,Valença,90053,1,1,1,100,78,10,0,78.0,0.0,11.104571752190376,8.661565966708494,11.104571752190378,0.0,71.16775313016589,13.511681915405555
municipio,NORDESTE,BA,Bahia,293317,Varzedo,10328,0,0,0,0,0,0,0,0.0,0.0,0.0,0.0,0.0,0.0,17.107753815290476,1.5496280059776864
municipio,NORDESTE,BA,Bahia,293320,Vera Cruz,45191,0,0,0,0,0,0,0,0.0,0.0,0.0,0.0,0.0,0.0,74.85636160600232,6.780522774800312
municipio,NORDESTE,BA,Bahia,293325,Vereda,6157,1,1,1,16,16,0,0,100.0,0.0,25.986681825564396,25.986681825564396,0.0,0.0,0.0,0.9238051542219805
municipio,NORDESTE,BA,Bahia,293330,Vitória da Conquista,396613,14,14,1,1191,859,182,80,72.12426532325776,43.956043956043956,30.029272868009873,21.6583924379685,45.88856139360031,20.170796216967172,0.0,0.0
municipio,NORDESTE,BA,Bahia,293315,Várzea Nova,13866,1,1,1,17,17,0,0,100.0,0.0,12.260204817539305,12.260204817539305,0.0,0.0,5.968252750079178,2.0804746253763167
municipio,NORDESTE,BA,Bahia,293305,Várzea da Roça,14294,1,1,1,21,21,0,0,100.0,0.0,14.691478942213516,14.691478942213516,0.0,0.0,2.6772107896748727,2.1446923622623015
municipio,NORDESTE,BA,Bahia,293310,Várzea do Poço,8334,1,1,1,30,30,0,0,100.0,0.0,35.99712023038157,35.99712023038157,0.0,0.0,0.0,1.2504453719808324
municipio,NORDESTE,BA,Bahia,293340,Wagner,9866,2,2,1,45,43,0,0,95.55555555555556,0.0,45.611189945266574,43.584025947699175,0.0,0.0,0.0,1.4803088600867402
municipio,NORDESTE,BA,Bahia,293345,Wanderley,13460,1,1,1,30,30,0,0,100.0,0.0,22.288261515601782,22.288261515601782,0.0,0.0,0.0,2.0195578001994248
municipio,NORDESTE,BA,Bahia,293350,Wenceslau Guimarães,25535,1,1,1,44,44,0,0,100.0,0.0,17.231251223810457,17.231251223810457,0.0,0.0,0.0,3.831308204167333
municipio,NORDESTE,BA,Bahia,293360,Xique-Xique,47019,1,1,1,61,61,0,0,100.0,0.0,12.97347880643995,12.97347880643995,0.0,0.0,16.88434127044374,7.054798529537648
municipio,NORDESTE,BA,Bahia,290040,Água Fria,14833,1,1,1,20,20,0,0,100.0,0.0,13.483449066271152,13.483449066271152,0.0,0.0,4.570034115240477,2.225564699135072
municipio,NORDESTE,BA,Bahia,290050,Érico Cardoso,10947,1,1,1,10,10,0,0,100.0,0.0,9.134922809902257,9.134922809902257,0.0,0.0,8.133092662275837,1.6425036581562482
municipio,NORDESTE,CE,Ceará,230010,Abaiara,10269,0,0,0,0,0,0,0,0.0,0.0,0.0,0.0,0.0,0.0,17.01002361824341,1.540775560939665
municipio,NORDESTE,CE,Ceará,230015,Acarape,14340,0,0,0,0,0,0,0,0.0,0.0,0.0,0.0,0.0,0.0,23.753407214491233,2.1515942685631315
municipio,NORDESTE,CE,Ceará,230020,Acaraú,69317,2,2,1,215,200,10,10,93.02325581395348,100.0,31.016922255723703,28.852950935556937,14.426475467778467,14.426475467778467,0.0,0.40042258814439263
municipio,NORDESTE,CE,Ceará,230030,Acopiara,45937,1,1,1,94,94,0,0,100.0,0.0,20.462807758451795,20.462807758451795,0.0,0.0,0.0,6.8924536900268185
municipio,NORDESTE,CE,Ceará,230040,Aiuaba,14115,1,1,1,35,35,0,0,100.0,0.0,24.79631597591215,24.79631597591215,0.0,0.0,0.0,2.1178349442655926
municipio,NORDESTE,CE,Ceará,230050,Alcântaras,11795,1,1,1,6,6,0,0,100.0,0.0,5.086901229334464,5.086901229334464,0.0,0.0,13.53775718932525,1.7697388003976384
municipio,NORDESTE,CE,Ceará,230060,Altaneira,6974,1,1,1,19,19,0,0,100.0,0.0,27.244049326068254,27.244049326068254,0.0,0.0,0.0,1.0463890117823764
municipio,NORDESTE,CE,Ceará,230070,Alto Santo,14372,1,1,1,31,31,0,0,100.0,0.0,21.569718897856944,21.569718897856944,0.0,0.0,0.0,2.1563955946854483
municipio,NORDESTE,CE,Ceará,230075,Amontada,44584,2,2,1,23,23,0,0,100.0,0.0,5.1588013637179255,5.1588013637179255,0.0,0.0,50.850900087229924,6.689447619917619
municipio,NORDESTE,CE,Ceará,230080,Antonina do Norte,7507,1,1,1,16,16,0,0,100.0,0.0,21.313440788597312,21.313440788597312,0.0,0.0,0.0,1.1263611000072125
municipio,NORDESTE,CE,Ceará,230090,Apuiarés,13193,1,1,1,13,13,0,0,100.0,0.0,9.853710300917152,9.853710300917152,0.0,0.0,8.853465926135485,1.9794967353663453
municipio,NORDESTE,CE,Ceará,230100,Aquiraz,85316,4,4,1,140,46,0,0,32.857142857142854,0.0,16.40958319658681,5.391720193164237,0.0,0.0,95.3211778180986,12.800935607861376
municipio,NORDESTE,CE,Ceará,230110,Aracati,79205,2,2,1,138,129,0,0,93.47826086956522,0.0,17.423142478378892,16.28685057761505,0.0,0.0,2.1986484256470127,11.884032359940226
municipio,NORDESTE,CE,Ceará,230120,Aracoiaba,26752,1,1,1,70,70,10,10,100.0,100.0,26.166267942583733,26.166267942583733,37.380382775119614,37.380382775119614,0.0,0.0
municipio,NORDESTE,CE,Ceará,230125,Ararendá,11532,1,1,1,29,29,0,0,100.0,0.0,25.14741588622962,25.14741588622962,0.0,0.0,0.0,1.730277901329849
municipio,NORDESTE,CE,Ceará,230130,Araripe,20194,1,1,1,44,44,0,0,100.0,0.0,21.788650094087355,21.788650094087355,0.0,0.0,0.0,3.0299368660644266
municipio,NORDESTE,CE,Ceará,230140,Aratuba,11427,1,1,1,11,11,0,0,100.0,0.0,9.626323619497681,9.626323619497681,0.0,0.0,7.928185790794373,1.7145235499909974
municipio,NORDESTE,CE,Ceará,230150,Arneiroz,7615,1,1,1,21,21,0,0,100.0,0.0,27.577150361129352,27.577150361129352,0.0,0.0,0.0,1.142565575670031
municipio,NORDESTE,CE,Ceará,230160,Assaré,22195,1,1,1,50,50,0,0,100.0,0.0,22.52759630547421,22.52759630547421,0.0,0.0,0.0,3.330169790150537
municipio,NORDESTE,CE,Ceará,230170,Aurora,24244,1,1,1,105,105,10,10,100.0,100.0,43.309684870483416,43.309684870483416,41.24731892426992,41.24731892426992,0.0,0.0
municipio,NORDESTE,CE,Ceará,230180,Baixio,5821,1,1,1,19,19,0,0,100.0,0.0,32.640439786978185,32.640439786978185,0.0,0.0,0.0,0.873391229937656
municipio,NORDESTE,CE,Ceará,230185,Banabuiú,17667,1,1,1,17,17,0,0,100.0,0.0,9.622459953585782,9.622459953585782,0.0,0.0,12.264396461535327,2.650782143842737
municipio,NORDESTE,CE,Ceará,230190,Barbalha,81441,3,3,1,600,493,120,110,82.16666666666667,91.66666666666666,73.67296570523447,60.53462015446765,147.34593141046892,135.06710379292986,0.0,0.0
municipio,NORDESTE,CE,Ceará,230195,Barreira,23474,1,1,1,21,21,0,0,100.0,0.0,8.946067990116726,8.946067990116726,0.0,0.0,17.88336687259185,3.5220727936018794
municipio,NORDESTE,CE,Ceará,230200,Barro,19569,1,1,1,27,27,0,0,100.0,0.0,13.797332515713629,13.797332515713629,0.0,0.0,5.414952983290021,2.93616096523793
municipio,NORDESTE,CE,Ceará,230205,Barroquinha,14998,1,1,1,14,9,0,0,64.28571428571429,0.0,9.33457794372583,6.000800106680891,0.0,0.0,15.843347378168724,2.2503215369532668
municipio,NORDESTE,CE,Ceará,230210,Baturité,37147,1,1,1,85,85,0,0,100.0,0.0,22.882063154494304,22.882063154494304,0.0,0.0,0.0,5.573589420802974
municipio,NORDESTE,CE,Ceará,230220,Beberibe,55977,1,1,1,60,60,0,0,100.0,0.0,10.718688032584812,10.718688032584812,0.0,0.0,32.7227667814209,8.398869760903654
municipio,NORDESTE,CE,Ceará,230230,Bela Cruz,34613,1,1,1,31,31,0,0,100.0,0.0,8.95617253633028,8.95617253633028,0.0,0.0,26.334496786275103,5.193384408492028
municipio,NORDESTE,CE,Ceará,230240,Boa Viagem,52133,1,1,1,75,69,0,0,92.0,0.0,14.38628124220743,13.235378742830838,0.0,0.0,17.355395977201628,7.822110460460372
municipio,NORDESTE,CE,Ceará,230250,Brejo Santo,54192,4,4,1,314,270,20,18,85.98726114649682,90.0,57.94213167995276,49.822852081488044,36.90581635665781,33.21523472099203,0.0,0.0
municipio,NORDESTE,CE,Ceará,230260,Camocim,65251,1,1,1,86,85,0,0,98.83720930232558,0.0,13.179874637936583,13.026620281681508,0.0,0.0,23.084628602006088,9.790354087727538
municipio,NORDESTE,CE,Ceará,230270,Campos Sales,26049,1,1,1,48,48,0,0,100.0,0.0,18.426811010019577,18.426811010019577,0.0,0.0,0.0,3.908429505007044
municipio,NORDESTE,CE,Ceará,230280,Canindé,77376,1,1,1,152,142,10,10,93.42105263157895,100.0,19.644334160463192,18.35194375516956,12.923904052936312,12.923904052936312,0.0,1.609606563761566
municipio,NORDESTE,CE,Ceará,230290,Capistrano,17795,1,1,1,14,14,0,0,100.0,0.0,7.867378477100309,7.867378477100309,0.0,0.0,15.476421295806935,2.669987448332003
municipio,NORDESTE,CE,Ceará,230300,Caridade,16234,1,1,1,21,21,0,0,100.0,0.0,12.935813724282369,12.935813724282369,0.0,0.0,5.890712184103954,2.435772758427746
municipio,NORDESTE,CE,Ceará,230320,Caririaçu,27532,1,1,1,50,50,0,0,100.0,0.0,18.160685747493826,18.160685747493826,0.0,0.0,0.0,4.130940962488155
municipio,NORDESTE,CE,Ceará,230310,Cariré,18074,1,1,1,30,30,0,0,100.0,0.0,16.598428682084762,16.598428682084762,0.0,0.0,0.0,2.711849010460951
municipio,NORDESTE,CE,Ceará,230330,Cariús,17277,1,1,1,23,23,0,0,100.0,0.0,13.31249638247381,13.31249638247381,0.0,0.0,5.6183832946140155,2.592265981727003
municipio,NORDESTE,CE,Ceará,230340,Carnaubal,17815,1,1,1,17,17,0,0,100.0,0.0,9.54252034802133,9.54252034802133,0.0,0.0,12.509550176161875,2.672988277158451
municipio,NORDESTE,CE,Ceará,230350,Cascavel,76866,1,1,1,62,57,0,0,91.93548387096774,0.0,8.065984960840945,7.415502302708609,0.0,0.0,70.32422586813689,11.533085428687146
municipio,NORDESTE,CE,Ceará,230360,Catarina,9110,1,1,1,20,20,0,0,100.0,0.0,21.953896816684964,21.953896816684964,0.0,0.0,0.0,1.3668775304470104
municipio,NORDESTE,CE,Ceará,230365,Catunda,10864,1,1,1,20,20,0,0,100.0,0.0,18.40942562592047,18.40942562592047,0.0,0.0,0.0,1.6300502185264896
municipio,NORDESTE,CE,Ceará,230370,Caucaia,378406,3,3,1,300,213,10,10,71.0,100.0,7.927992685105416,5.628874806424846,2.642664228368472,2.642664228368472,413.8083549795515,46.776581645041865
municipio,NORDESTE,CE,Ceará,230380,Cedro,22564,1,1,1,67,57,0,0,85.07462686567165,0.0,29.69331678780358,25.26147846126573,0.0,0.0,0.0,3.3855350819985004
municipio,NORDESTE,CE,Ceará,230390,Chaval,12811,1,1,1,25,25,0,0,100.0,0.0,19.514479743970025,19.514479743970025,0.0,0.0,0.0,1.9221809047811909
municipio,NORDESTE,CE,Ceará,230395,Chorozinho,20808,1,1,1,12,12,0,0,100.0,0.0,5.767012687427912,5.767012687427912,0.0,0.0,22.467287121278492,3.1220623110363768
municipio,NORDESTE,CE,Ceará,230393,Choró,12352,1,1,1,16,16,0,0,100.0,0.0,12.953367875647668,12.953367875647668,0.0,0.0,4.4603965072103,1.8533118832142121
municipio,NORDESTE,CE,Ceará,230400,Coreaú,21417,1,1,1,39,39,0,0,100.0,0.0,18.209833309987392,18.209833309987392,0.0,0.0,0.0,3.2134375488017146
municipio,NORDESTE,CE,Ceará,230410,Crateús,80130,2,2,1,244,192,20,10,78.68852459016394,50.0,30.450517908398854,23.961063272182702,24.95944090852365,12.479720454261825,0.0,2.0228206931634394
municipio,NORDESTE,CE,Ceará,230420,Crato,139027,4,4,1,440,353,75,60,80.22727272727272,80.0,31.648528703057682,25.390751436771275,53.946355743848315,43.15708459507865,0.0,0.0
municipio,NORDESTE,CE,Ceará,230423,Croatá,18050,1,1,1,46,46,0,0,100.0,0.0,25.484764542936286,25.484764542936286,0.0,0.0,0.0,2.7082480158692137
municipio,NORDESTE,CE,Ceará,230425,Cruz,32288,1,1,1,56,56,0,0,100.0,0.0,17.34390485629336,17.34390485629336,0.0,0.0,0.0,4.844538057417461
municipio,NORDESTE,CE,Ceará,230426,Deputado Irapuan Pinheiro,9173,1,1,1,22,22,0,0,100.0,0.0,23.983429630437154,23.983429630437154,0.0,0.0,0.0,1.3763301412503213
municipio,NORDESTE,CE,Ceará,230427,Ereré,6381,1,1,1,9,9,0,0,100.0,0.0,14.104372355430183,14.104372355430183,0.0,0.0,1.5697692772432748,0.9574144370781967
municipio,NORDESTE,CE,Ceará,230428,Eusébio,82016,2,2,1,130,80,10,10,61.53846153846154,100.0,15.850565743269605,9.754194303550527,12.192742879438159,12.192742879438159,55.85491255953368,2.305798851497475
municipio,NORDESTE,CE,Ceará,230430,Farias Brito,18498,1,1,1,44,44,0,0,100.0,0.0,23.78635528165207,23.78635528165207,0.0,0.0,0.0,2.7754665815816466
municipio,NORDESTE,CE,Ceará,230435,Forquilha,25298,0,0,0,0,0,0,0,0.0,0.0,0.0,0.0,0.0,0.0,41.904720760962284,3.7957483825739264
municipio,NORDESTE,CE,Ceará,230440,Fortaleza,2578483,79,79,1,10016,6654,1083,548,66.43370607028754,50.60018467220684,38.844545416820665,25.80587112654999,42.00144038180589,21.25280639818064,0.0,0.0
municipio,NORDESTE,CE,Ceará,230445,Fortim,18213,1,1,1,17,17,0,0,100.0,0.0,9.333992203371219,9.333992203371219,0.0,0.0,13.16881489522516,2.732704770804764
municipio,NORDESTE,CE,Ceará,230450,Frecheirinha,16516,1,1,1,24,24,0,0,100.0,0.0,14.53136352627755,14.53136352627755,0.0,0.0,3.3578293971085884,2.478084444880661
municipio,NORDESTE,CE,Ceará,230460,General Sampaio,6929,1,1,1,13,13,0,0,100.0,0.0,18.76172607879925,18.76172607879925,0.0,0.0,0.0,1.0396371469228687
municipio,NORDESTE,CE,Ceará,230470,Granja,55809,1,1,1,50,50,0,0,100.0,0.0,8.959128455983802,8.959128455983802,0.0,0.0,42.44448418643941,8.373662798761492
municipio,NORDESTE,CE,Ceará,230480,Granjeiro,4955,1,1,1,25,25,0,0,100.0,0.0,50.45408678102927,50.45408678102927,0.0,0.0,0.0,0.7434553417524629
municipio,NORDESTE,CE,Ceará,230465,Graça,14176,0,0,0,0,0,0,0,0.0,0.0,0.0,0.0,0.0,0.0,23.481750395580733,2.1269874721862587
municipio,NORDESTE,CE,Ceará,230490,Groaíras,11369,1,1,1,19,19,0,0,100.0,0.0,16.712111883191135,16.712111883191135,0.0,0.0,0.0,1.7058211463942987
municipio,NORDESTE,CE,Ceará,230495,Guaiúba,25158,1,1,1,20,20,0,0,100.0,0.0,7.949757532395261,7.949757532395261,0.0,0.0,21.67281859847772,3.774742580788791
municipio,NORDESTE,CE,Ceará,230500,Guaraciaba do Norte,44565,1,1,1,42,42,0,0,100.0,0.0,9.424436216762032,9.424436216762032,0.0,0.0,31.819427650892735,6.686596832532494
municipio,NORDESTE,CE,Ceará,230510,Guaramiranga,5826,1,1,1,11,11,0,0,100.0,0.0,18.880878819086853,18.880878819086853,0.0,0.0,0.0,0.8741414371442682
municipio,NORDESTE,CE,Ceará,230520,Hidrolândia,18186,1,1,1,40,40,0,0,100.0,0.0,21.99494116353239,21.99494116353239,0.0,0.0,0.0,2.728653651889059
municipio,NORDESTE,CE,Ceará,230523,Horizonte,81161,1,1,1,50,50,0,0,100.0,0.0,6.160594374145218,6.160594374145218,0.0,0.0,84.43865292436003,12.177513419166829
municipio,NORDESTE,CE,Ceará,230526,Ibaretama,12149,1,1,1,21,21,0,0,100.0,0.0,17.285373281751585,17.285373281751585,0.0,0.0,0.0,1.822853470625766
municipio,NORDESTE,CE,Ceará,230530,Ibiapina,24689,1,1,1,34,34,0,0,100.0,0.0,13.771315160597837,13.771315160597837,0.0,0.0,6.895946354154396,3.704373144808588
municipio,NORDESTE,CE,Ceará,230533,Ibicuitinga,12008,1,1,1,9,9,0,0,100.0,0.0,7.495003331112591,7.495003331112591,0.0,0.0,10.890579765105349,1.8016976273993086
municipio,NORDESTE,CE,Ceará,230535,Icapuí,22562,1,1,1,14,14,0,0,100.0,0.0,6.205123659250067,6.205123659250067,0.0,0.0,23.372689928406636,3.385234999115856
municipio,NORDESTE,CE,Ceará,230540,Icó,64745,1,1,1,103,103,0,0,100.0,0.0,15.908564367904859,15.908564367904859,0.0,0.0,4.246467929026131,9.714433118418405
municipio,NORDESTE,CE,Ceará,230550,Iguatu,102588,4,4,1,313,220,42,30,70.28753993610223,71.42857142857143,30.51039107887862,21.445003314227787,40.940460872616676,29.243186337583346,0.0,0.0
municipio,NORDESTE,CE,Ceará,230560,Independência,24463,1,1,1,47,47,0,0,100.0,0.0,19.212688550055184,19.212688550055184,0.0,0.0,0.0,3.670463779069727
municipio,NORDESTE,CE,Ceará,230565,Ipaporanga,11963,1,1,1,18,18,0,0,100.0,0.0,15.046393045222771,15.046393045222771,0.0,0.0,1.8160397843067355,1.7949457625398009
municipio,NORDESTE,CE,Ceará,230570,Ipaumirim,12459,1,1,1,26,26,0,0,100.0,0.0,20.868448511116462,20.868448511116462,0.0,0.0,0.0,1.8693663174357082
municipio,NORDESTE,CE,Ceará,230580,Ipu,43084,5,5,1,151,65,0,0,43.04635761589404,0.0,35.047813573484355,15.086807167393928,0.0,0.0,6.3662340606095,6.4643854579340285
municipio,NORDESTE,CE,Ceará,230590,Ipueiras,38287,2,2,1,47,40,0,0,85.1063829787234,0.0,12.275707159087942,10.44741034815995,0.0,0.0,23.42027210747739,5.744636663910503
municipio,NORDESTE,CE,Ceará,230600,Iracema,14440,1,1,1,37,37,0,0,100.0,0.0,25.62326869806094,25.62326869806094,0.0,0.0,0.0,2.166598412695371
municipio,NORDESTE,CE,Ceará,230610,Irauçuba,24867,1,1,1,30,30,0,0,100.0,0.0,12.064181445288938,12.064181445288938,0.0,0.0,11.19079338931335,3.731080521363974
municipio,NORDESTE,CE,Ceará,230625,Itaitinga,72512,1,1,1,40,40,0,0,100.0,0.0,5.5163283318623115,5.5163283318623115,0.0,0.0,80.11206861486669,10.87980499316944
municipio,NORDESTE,CE,Ceará,230620,Itaiçaba,7801,1,1,1,17,17,0,0,100.0,0.0,21.792077938725804,21.792077938725804,0.0,0.0,0.0,1.1704732837559964
municipio,NORDESTE,CE,Ceará,230630,Itapajé,49073,1,1,1,41,41,0,0,100.0,0.0,8.354899843090905,8.354899843090905,0.0,0.0,40.28667728289597,7.362983650013846
municipio,NORDESTE,CE,Ceará,230640,Itapipoca,138978,3,3,1,265,241,30,20,90.9433962264151,66.66666666666666,19.067766121256604,17.34087409518053,21.586150325950868,14.390766883967247,0.0,0.8524594321036875
municipio,NORDESTE,CE,Ceará,230650,Itapiúna,18197,1,1,1,15,15,0,0,100.0,0.0,8.243116997307249,8.243116997307249,0.0,0.0,15.14231179094121,2.7303041077436054
municipio,NORDESTE,CE,Ceará,230655,Itarema,45852,1,1,1,48,48,0,0,100.0,0.0,10.468463752944254,10.468463752944254,0.0,0.0,27.95127110173306,6.8797001675144145
municipio,NORDESTE,CE,Ceará,230660,Itatira,21160,0,0,0,0,0,0,0,0.0,0.0,0.0,0.0,0.0,0.0,35.050355415525416,3.174876898381859
municipio,NORDESTE,CE,Ceará,230670,Jaguaretama,17604,1,1,1,39,39,0,0,100.0,0.0,22.154055896387188,22.154055896387188,0.0,0.0,0.0,2.6413295330394257
municipio,NORDESTE,CE,Ceará,230680,Jaguaribara,10668,1,1,1,41,41,0,0,100.0,0.0,38.432695913010875,38.432695913010875,0.0,0.0,0.0,1.6006420960273002
municipio,NORDESTE,CE,Ceará,230690,Jaguaribe,35143,2,2,1,55,55,0,0,100.0,0.0,15.65034288478502,15.65034288478502,0.0,0.0,3.2124121156809906,5.272906372392896
municipio,NORDESTE,CE,Ceará,230700,Jaguaruana,33115,1,1,1,26,26,0,0,100.0,0.0,7.851426845840254,7.851426845840254,0.0,0.0,28.853143647690175,4.968622329391081
municipio,NORDESTE,CE,Ceará,230710,Jardim,28801,1,1,1,50,50,0,0,100.0,0.0,17.360508315683482,17.360508315683482,0.0,0.0,0.0,4.321343551526272
municipio,NORDESTE,CE,Ceará,230720,Jati,8114,1,1,1,33,33,0,0,100.0,0.0,40.6704461424698,40.6704461424698,0.0,0.0,0.0,1.2174362548899058
municipio,NORDESTE,CE,Ceará,230725,Jijoca de Jericoacoara,28198,1,1,1,22,22,0,0,100.0,0.0,7.801971771047592,7.801971771047592,0.0,0.0,24.708408412428437,4.230868562408869
municipio,NORDESTE,CE,Ceará,230730,Juazeiro do Norte,305531,9,9,1,618,505,66,58,81.71521035598705,87.87878787878788,20.22708006716176,16.52860102575516,21.601735994056252,18.98334375235246,1.094997186242694,0.0
municipio,NORDESTE,CE,Ceará,230740,Jucás,24624,1,1,1,51,51,0,0,100.0,0.0,20.71150097465887,20.71150097465887,0.0,0.0,0.0,3.694620451122632
municipio,NORDESTE,CE,Ceará,230750,Lavras da Mangabeira,32163,1,1,1,55,51,0,0,92.72727272727272,0.0,17.100394863663215,15.856729782669527,0.0,0.0,2.276208942795084,4.825782877252162
municipio,NORDESTE,CE,Ceará,230760,Limoeiro do Norte,62623,3,3,1,250,231,40,40,92.4,100.0,39.92143461667439,36.88740558580713,63.87429538667901,63.87429538667901,0.0,0.0
municipio,NORDESTE,CE,Ceará,230763,Madalena,17235,1,1,1,24,24,0,0,100.0,0.0,13.92515230635335,13.92515230635335,0.0,0.0,4.548812645868646,2.5859642411914625
municipio,NORDESTE,CE,Ceará,230765,Maracanaú,251613,8,8,1,339,260,20,10,76.69616519174042,50.0,13.473071741126255,10.333329358975886,7.948714891519914,3.974357445759957,156.78284863736283,27.75237717545155
municipio,NORDESTE,CE,Ceará,230770,Maranguape,108622,1,1,1,44,44,0,0,100.0,0.0,4.050744784666089,4.050744784666089,0.0,0.0,135.92626209570895,16.29780143932109
municipio,NORDESTE,CE,Ceará,230780,Marco,27177,1,1,1,31,31,0,0,100.0,0.0,11.40670419840306,11.40670419840306,0.0,0.0,14.017179070308805,4.077676250818705
municipio,NORDESTE,CE,Ceará,230790,Martinópole,11280,1,1,1,12,12,0,0,100.0,0.0,10.638297872340425,10.638297872340425,0.0,0.0,6.684688520185572,1.6924674581166055
municipio,NORDESTE,CE,Ceará,230800,Massapê,39840,1,1,1,36,36,0,0,100.0,0.0,9.036144578313253,9.036144578313253,0.0,0.0,29.9927296670384,5.977651022284181
municipio,NORDESTE,CE,Ceará,230810,Mauriti,47501,1,1,1,42,42,0,0,100.0,0.0,8.841919117492264,8.841919117492264,0.0,0.0,36.68274728699777,7.1271185042550425
municipio,NORDESTE,CE,Ceará,230820,Meruoca,15853,1,1,1,20,20,0,0,100.0,0.0,12.615908660821296,12.615908660821296,0.0,0.0,6.2596070133423645,2.3786069692839136
municipio,NORDESTE,CE,Ceará,230830,Milagres,26819,1,1,1,50,50,0,0,100.0,0.0,18.64349901189455,18.64349901189455,0.0,0.0,0.0,4.023961414825288
municipio,NORDESTE,CE,Ceará,230835,Milhã,14713,1,1,1,28,28,0,0,100.0,0.0,19.030789098076532,19.030789098076532,0.0,0.0,0.0,2.2075597261763846
municipio,NORDESTE,CE,Ceará,230837,Miraíma,14826,1,1,1,8,8,0,0,100.0,0.0,5.395926075812762,5.395926075812762,0.0,0.0,16.55843900711625,2.224514409045815
municipio,NORDESTE,CE,Ceará,230840,Missão Velha,38997,1,1,1,82,82,0,0,100.0,0.0,21.027258507064648,21.027258507064648,0.0,0.0,0.0,5.851166087249403
municipio,NORDESTE,CE,Ceará,230850,Mombaça,38451,2,2,1,52,52,0,0,100.0,0.0,13.523705495305713,13.523705495305713,0.0,0.0,11.691928926387897,5.769243460287376
municipio,NORDESTE,CE,Ceará,230860,Monsenhor Tabosa,17705,1,1,1,47,45,0,0,95.74468085106383,0.0,26.546173397345385,25.416548997458346,0.0,0.0,0.0,2.6564837186129875
municipio,NORDESTE,CE,Ceará,230870,Morada Nova,65390,2,2,1,180,56,0,0,31.11111111111111,0.0,27.527144823367486,8.564000611714329,0.0,0.0,52.314874320472924,9.81120984807135
municipio,NORDESTE,CE,Ceará,230880,Moraújo,8537,1,1,1,17,17,0,0,100.0,0.0,19.91331849595877,19.91331849595877,0.0,0.0,0.0,1.2809037845692786
municipio,NORDESTE,CE,Ceará,230890,Morrinhos,23747,1,1,1,24,24,0,0,100.0,0.0,10.106539773445066,10.106539773445066,0.0,0.0,15.335576089436774,3.563034107082893
municipio,NORDESTE,CE,Ceará,230900,Mucambo,13999,1,1,1,50,50,0,0,100.0,0.0,35.71683691692264,35.71683691692264,0.0,0.0,0.0,2.100430137072195
municipio,NORDESTE,CE,Ceará,230910,Mulungu,11064,1,1,1,9,9,0,0,100.0,0.0,8.134490238611713,8.134490238611713,0.0,0.0,9.326896612352233,1.6600585067909686
municipio,NORDESTE,CE,Ceará,230920,Nova Olinda,16045,1,1,1,20,20,0,0,100.0,0.0,12.464942349641632,12.464942349641632,0.0,0.0,6.57764426474978,2.4074149260178137
municipio,NORDESTE,CE,Ceará,230930,Nova Russas,32053,1,1,1,64,64,0,0,100.0,0.0,19.96692977256419,19.96692977256419,0.0,0.0,0.0,4.809278318706698
municipio,NORDESTE,CE,Ceará,230940,Novo Oriente,29097,1,1,1,28,28,0,0,100.0,0.0,9.622985187476372,9.622985187476372,0.0,0.0,20.197551584382943,4.365755818157702
municipio,NORDESTE,CE,Ceará,230945,Ocara,25272,1,1,1,25,24,0,0,96.0,0.0,9.892371003482115,9.49667616334283,0.0,0.0,17.861653216500866,3.791847305099544
municipio,NORDESTE,CE,Ceará,230950,Orós,19943,1,1,1,45,45,0,0,100.0,0.0,22.564308278593995,22.564308278593995,0.0,0.0,0.0,2.9922764642925053
municipio,NORDESTE,CE,Ceará,230960,Pacajus,75454,2,2,1,59,58,0,0,98.30508474576271,0.0,7.819333633737112,7.686802555199194,0.0,0.0,66.98532691507822,11.321226913539926
municipio,NORDESTE,CE,Ceará,230970,Pacatuba,86564,1,1,1,51,51,0,0,100.0,0.0,5.89159465828751,5.89159465828751,0.0,0.0,92.3884199522468,12.988187326631722
municipio,NORDESTE,CE,Ceará,230980,Pacoti,11421,1,1,1,20,20,0,0,100.0,0.0,17.511601435951317,17.511601435951317,0.0,0.0,0.0,1.713623301343063
municipio,NORDESTE,CE,Ceará,230990,Pacujá,6348,0,0,0,0,0,0,0,0.0,0.0,0.0,0.0,0.0,0.0,10.515106624657625,0.9524630695145577
municipio,NORDESTE,CE,Ceará,231000,Palhano,9709,1,1,1,12,12,0,0,100.0,0.0,12.359666289010196,12.359666289010196,0.0,0.0,4.082414968305118,1.4567523537991243
municipio,NORDESTE,CE,Ceará,231010,Palmácia,10252,1,1,1,16,16,0,0,100.0,0.0,15.606710885680844,15.606710885680844,0.0,0.0,0.9818640699417083,1.5382248564371845
municipio,NORDESTE,CE,Ceará,231020,Paracuru,41894,2,2,1,68,57,0,0,83.82352941176471,0.0,16.23144125650451,13.60576693559937,0.0,0.0,12.395065679490635,6.285836142760379
municipio,NORDESTE,CE,Ceará,231025,Paraipaba,34086,1,1,1,28,28,0,0,100.0,0.0,8.214516223669541,8.214516223669541,0.0,0.0,28.46155078892247,5.114312568915126
municipio,NORDESTE,CE,Ceará,231030,Parambu,32867,1,1,1,53,52,0,0,98.11320754716981,0.0,16.125597103477652,15.821340554355434,0.0,0.0,2.442345531288931,4.931412051943127
municipio,NORDESTE,CE,Ceará,231040,Paramoti,10462,1,1,1,28,28,0,0,100.0,0.0,26.763525138596826,26.763525138596826,0.0,0.0,0.0,1.569733559114887
municipio,NORDESTE,CE,Ceará,231050,Pedra Branca,42227,1,1,1,86,72,14,0,83.72093023255815,0.0,20.36611646576835,17.050702157387455,33.15414308380893,0.0,0.0,6.335799942720736
municipio,NORDESTE,CE,Ceará,231060,Penaforte,9357,1,1,1,25,25,0,0,100.0,0.0,26.71796515977343,26.71796515977343,0.0,0.0,0.0,1.4039377664536414
municipio,NORDESTE,CE,Ceará,231070,Pentecoste,39903,1,1,1,51,51,0,0,100.0,0.0,12.780993910232313,12.780993910232313,0.0,0.0,15.097085640156461,5.987103633087492
municipio,NORDESTE,CE,Ceará,231080,Pereiro,15858,1,1,1,25,25,0,0,100.0,0.0,15.764913608273426,15.764913608273426,0.0,0.0,1.2678892334310996,2.379357176490526
municipio,NORDESTE,CE,Ceará,231085,Pindoretama,24919,1,1,1,16,16,0,0,100.0,0.0,6.420803403025803,6.420803403025803,0.0,0.0,25.27692847823619,3.738882676312739
municipio,NORDESTE,CE,Ceará,231090,Piquet Carneiro,17285,1,1,1,26,26,0,0,100.0,0.0,15.041943881978595,15.041943881978595,0.0,0.0,2.6316348467559925,2.593466313257582
municipio,NORDESTE,CE,Ceará,231095,Pires Ferreira,10984,0,0,0,0,0,0,0,0.0,0.0,0.0,0.0,0.0,0.0,18.194381090932477,1.6480551914851769
municipio,NORDESTE,CE,Ceará,231100,Poranga,12441,1,1,1,22,22,0,0,100.0,0.0,17.68346595932803,17.68346595932803,0.0,0.0,0.0,1.8666655714919052
municipio,NORDESTE,CE,Ceará,231110,Porteiras,17877,1,1,1,31,31,0,0,100.0,0.0,17.340717122559713,17.340717122559713,0.0,0.0,0.0,2.6822908465204396
municipio,NORDESTE,CE,Ceará,231120,Potengi,8854,1,1,1,27,27,0,0,100.0,0.0,30.494691664784277,30.494691664784277,0.0,0.0,0.0,1.3284669214684774
municipio,NORDESTE,CE,Ceará,231123,Potiretama,6128,1,1,1,13,13,0,0,100.0,0.0,21.214099216710185,21.214099216710185,0.0,0.0,0.0,0.9194539524236311
municipio,NORDESTE,CE,Ceará,231126,Quiterianópolis,20545,1,1,1,30,29,0,0,96.66666666666667,0.0,14.602092966658553,14.115356534436604,0.0,0.0,5.031642344611042,3.082601411968587
municipio,NORDESTE,CE,Ceará,231130,Quixadá,88846,2,2,1,193,187,20,20,96.89119170984456,100.0,21.722981338495824,21.04765549377575,22.510861490669246,22.510861490669246,0.0,0.0
municipio,NORDESTE,CE,Ceará,231135,Quixelô,16998,1,1,1,34,34,0,0,100.0,0.0,20.00235321802565,20.00235321802565,0.0,0.0,0.0,2.550404419598055
municipio,NORDESTE,CE,Ceará,231140,Quixeramobim,86431,3,3,1,374,334,40,20,89.3048128342246,50.0,43.2715113790191,38.64354224757321,46.27969131445893,23.139845657229465,0.0,0.0
municipio,NORDESTE,CE,Ceará,231150,Quixeré,21659,1,1,1,22,22,0,0,100.0,0.0,10.15744032503809,10.15744032503809,0.0,0.0,13.876920980381145,3.249747577601734
municipio,NORDESTE,CE,Ceará,231160,Redenção,28382,1,1,1,53,53,0,0,100.0,0.0,18.673807342681982,18.673807342681982,0.0,0.0,0.0,4.25847618761219
municipio,NORDESTE,CE,Ceará,231170,Reriutaba,19051,1,1,1,30,30,0,0,100.0,0.0,15.747204871135374,15.747204871135374,0.0,0.0,1.556914982097103,2.8584394986329302
municipio,NORDESTE,CE,Ceará,231180,Russas,74834,1,1,1,105,105,0,0,100.0,0.0,14.031055402624476,14.031055402624476,0.0,0.0,18.95833162407509,11.228201219920042
municipio,NORDESTE,CE,Ceará,231190,Saboeiro,13943,1,1,1,38,38,0,0,100.0,0.0,27.253819120705728,27.253819120705728,0.0,0.0,0.0,2.092027816358141
municipio,NORDESTE,CE,Ceará,231195,Salitre,17303,1,1,1,14,14,0,0,100.0,0.0,8.091082471247761,8.091082471247761,0.0,0.0,14.661450839075437,2.596167059201385
municipio,NORDESTE,CE,Ceará,231220,Santa Quitéria,41569,1,1,1,55,53,0,0,96.36363636363636,0.0,13.231013495633766,12.749885732156175,0.0,0.0,15.856721373722872,6.237072674330601
municipio,NORDESTE,CE,Ceará,231200,Santana do Acaraú,32133,1,1,1,44,44,0,0,100.0,0.0,13.693088102573677,13.693088102573677,0.0,0.0,9.226515622262678,4.8212816340124895
municipio,NORDESTE,CE,Ceará,231210,Santana do Cariri,17391,1,1,1,21,21,0,0,100.0,0.0,12.075211316198034,12.075211316198034,0.0,0.0,7.807217912637169,2.609370706037756
municipio,NORDESTE,CE,Ceará,231270,Senador Pompeu,25108,1,1,1,54,54,0,0,100.0,0.0,21.507089373904734,21.507089373904734,0.0,0.0,0.0,3.7672405087226712
municipio,NORDESTE,CE,Ceará,231280,Senador Sá,7551,1,1,1,6,6,0,0,100.0,0.0,7.945967421533572,7.945967421533572,0.0,0.0,6.5078087780072025,1.132962923425398
municipio,NORDESTE,CE,Ceará,231290,Sobral,216519,5,5,1,1035,937,179,171,90.53140096618357,95.53072625698324,47.80180954096407,43.27564786462158,82.67172857809246,78.97690271985368,0.0,0.0
municipio,NORDESTE,CE,Ceará,231300,Solonópole,18785,1,1,1,31,31,0,0,100.0,0.0,16.502528613255258,16.502528613255258,0.0,0.0,0.1163008733764132,2.8185284752411732
municipio,NORDESTE,CE,Ceará,231230,São Benedito,50058,2,2,1,74,68,0,0,91.8918918918919,0.0,14.782851891805505,13.584242278956411,0.0,0.0,14.918274640376712,7.510774469716405
municipio,NORDESTE,CE,Ceará,231240,São Gonçalo do Amarante,58191,1,1,1,72,72,10,10,100.0,100.0,12.373047378460585,12.373047378460585,17.1847880256397,17.1847880256397,24.39013383671265,0.0
municipio,NORDESTE,CE,Ceará,231250,São João do Jaguaribe,5683,0,0,0,0,0,0,0,0.0,0.0,0.0,0.0,0.0,0.0,9.413571352855906,0.8526855110351657
municipio,NORDESTE,CE,Ceará,231260,São Luís do Curu,10888,2,2,1,23,23,0,0,100.0,0.0,21.12417340191036,21.12417340191036,0.0,0.0,0.0,1.633651213118227
municipio,NORDESTE,CE,Ceará,231310,Tabuleiro do Norte,32122,1,1,1,82,82,0,0,100.0,0.0,25.527675736255524,25.527675736255524,0.0,0.0,0.0,4.819631178157944
municipio,NORDESTE,CE,Ceará,231320,Tamboril,25287,1,1,1,41,41,0,0,100.0,0.0,16.21386483173172,16.21386483173172,0.0,0.0,0.8864998767670722,3.7940979267193797
municipio,NORDESTE,CE,Ceará,231325,Tarrafas,7574,1,1,1,14,14,0,0,100.0,0.0,18.484288354898336,18.484288354898336,0.0,0.0,0.0,1.136413876575813
municipio,NORDESTE,CE,Ceará,231330,Tauá,64655,1,1,1,181,173,10,10,95.58011049723757,100.0,27.994741319310183,26.757404686412496,15.466707911221096,15.466707911221096,0.0,0.0
municipio,NORDESTE,CE,Ceará,231335,Tejuçuoca,17646,1,1,1,16,16,0,0,100.0,0.0,9.067210699308625,9.067210699308625,0.0,0.0,13.229611137162644,2.6476312735749663
municipio,NORDESTE,CE,Ceará,231340,Tianguá,86968,1,1,1,141,131,20,20,92.90780141843972,100.0,16.212859902492873,15.063011682457915,22.99696440069911,22.99696440069911,13.057623335416562,0.0
municipio,NORDESTE,CE,Ceará,231350,Trairi,62004,1,1,1,26,26,0,0,100.0,0.0,4.19327785304174,4.19327785304174,0.0,0.0,76.70615487638175,9.303169527753724
municipio,NORDESTE,CE,Ceará,231355,Tururu,15524,1,1,1,10,10,0,0,100.0,0.0,6.441638752898738,6.441638752898738,0.0,0.0,15.714636931503616,2.3292433350888464
municipio,NORDESTE,CE,Ceará,231360,Ubajara,34424,1,1,1,51,50,0,0,98.0392156862745,0.0,14.815245177782943,14.524750174297003,0.0,0.0,7.02142886692093,5.165026576082095
municipio,NORDESTE,CE,Ceará,231370,Umari,6963,1,1,1,21,21,0,0,100.0,0.0,30.15941404566997,30.15941404566997,0.0,0.0,0.0,1.0447385559278302
municipio,NORDESTE,CE,Ceará,231375,Umirim,17751,1,1,1,13,13,0,0,100.0,0.0,7.323531068672188,7.323531068672188,0.0,0.0,16.40353775902607,2.663385624913818
municipio,NORDESTE,CE,Ceará,231380,Uruburetama,21331,1,1,1,27,27,0,0,100.0,0.0,12.657634428765647,12.657634428765647,0.0,0.0,8.333607342560144,3.2005339848479886
municipio,NORDESTE,CE,Ceará,231390,Uruoca,14308,1,1,1,21,21,0,0,100.0,0.0,14.677103718199607,14.677103718199607,0.0,0.0,2.700401005923332,2.1467929424408148
municipio,NORDESTE,CE,Ceará,231395,Varjota,18708,0,0,0,0,0,0,0,0.0,0.0,0.0,0.0,0.0,0.0,30.988754684009898,2.806975284259349
municipio,NORDESTE,CE,Ceará,231410,Viçosa do Ceará,62972,1,1,1,78,78,0,0,100.0,0.0,12.386457473162675,12.386457473162675,0.0,0.0,26.3095926855608,9.448409642953802
municipio,NORDESTE,CE,Ceará,231400,Várzea Alegre,40878,1,1,1,73,71,0,0,97.26027397260275,0.0,17.858016537012574,17.368755809971134,0.0,0.0,0.0,6.133394038376827
municipio,CENTRO-OESTE,DF,Distrito Federal,530010,Brasília,2996899,66,66,1,10314,5637,2089,613,54.653868528214076,29.344183820009572,34.41557423189771,18.809442693931295,69.70538546677749,20.454476443817427,0.0,0.0
municipio,SUDESTE,ES,Espírito Santo,320010,Afonso Cláudio,32456,1,1,1,63,57,0,0,90.47619047619048,0.0,19.41089474981513,17.5622381069756,0.0,0.0,0.0,4.869745019559623
municipio,SUDESTE,ES,Espírito Santo,320020,Alegre,30702,1,1,1,48,41,0,0,85.41666666666666,0.0,15.634160641000586,13.354178880854667,0.0,0.0,9.856144232866795,4.606572331480144
municipio,SUDESTE,ES,Espírito Santo,320030,Alfredo Chaves,14376,0,0,0,0,0,0,0,0.0,0.0,0.0,0.0,0.0,0.0,23.813039199130124,2.1569957604507377
municipio,SUDESTE,ES,Espírito Santo,320035,Alto Rio Novo,7760,0,0,0,0,0,0,0,0.0,0.0,0.0,0.0,0.0,0.0,12.854005577716316,1.1643215846617783
municipio,SUDESTE,ES,Espírito Santo,320040,Anchieta,33017,1,1,1,56,54,0,0,96.42857142857143,0.0,16.96095950570918,16.355210951933852,0.0,0.0,0.6908121339509773,4.953918268141487
municipio,SUDESTE,ES,Espírito Santo,320050,Apiacá,7462,1,1,1,30,19,9,0,63.33333333333333,0.0,40.2036987402841,25.46234253551327,120.61109622085232,0.0,0.0,1.119609235147705
municipio,SUDESTE,ES,Espírito Santo,320060,Aracruz,103363,2,2,1,174,141,20,18,81.03448275862068,90.0,16.83387672571423,13.64124493290636,19.349283592774977,17.41435523349748,30.215023006377752,0.0
municipio,SUDESTE,ES,Espírito Santo,320070,Atílio Vivácqua,11046,1,1,1,13,13,0,0,100.0,0.0,11.768966141589715,11.768966141589715,0.0,0.0,5.297080620032787,1.6573577608471652
municipio,SUDESTE,ES,Espírito Santo,320080,Baixo Guandu,32829,1,1,1,58,58,0,0,100.0,0.0,17.667306344999847,17.667306344999847,0.0,0.0,0.0,4.925710477172876
municipio,SUDESTE,ES,Espírito Santo,320090,Barra de São Francisco,45415,2,2,1,137,112,10,10,81.75182481751825,100.0,30.166244632830562,24.661455466255642,22.01915666629968,22.01915666629968,0.0,0.0
municipio,SUDESTE,ES,Espírito Santo,320100,Boa Esperança,14054,0,0,0,0,0,0,0,0.0,0.0,0.0,0.0,0.0,0.0,23.279664225415605,2.108682416344927
municipio,SUDESTE,ES,Espírito Santo,320110,Bom Jesus do Norte,10820,0,0,0,0,0,0,0,0.0,0.0,0.0,0.0,0.0,0.0,17.922724272021973,1.623448395108304
municipio,SUDESTE,ES,Espírito Santo,320115,Brejetuba,13718,0,0,0,0,0,0,0,0.0,0.0,0.0,0.0,0.0,0.0,22.72309903545263,2.0582684920606025
municipio,SUDESTE,ES,Espírito Santo,320120,Cachoeiro de Itapemirim,198342,6,6,1,859,667,195,136,77.64842840512223,69.74358974358974,43.30903187423743,33.62878260781882,98.31503161206402,68.56843230379849,0.0,0.0
municipio,SUDESTE,ES,Espírito Santo,320130,Cariacica,376200,3,3,1,448,227,71,6,50.66964285714286,8.450704225352112,11.90855927698033,6.034024455077087,18.872939925571504,1.5948963317384373,396.15423947640176,50.44559022548466
municipio,SUDESTE,ES,Espírito Santo,320140,Castelo,39575,1,1,1,39,39,0,0,100.0,0.0,9.8547062539482,9.8547062539482,0.0,0.0,26.553772002335464,5.937890040333747
municipio,SUDESTE,ES,Espírito Santo,320150,Colatina,129301,7,7,1,611,412,143,101,67.43044189852701,70.62937062937063,47.25408156162752,31.863636012095807,110.59465897402185,78.1123115830504,0.0,0.0
municipio,SUDESTE,ES,Espírito Santo,320160,Conceição da Barra,28923,1,1,1,30,30,0,0,100.0,0.0,10.372368011617054,10.372368011617054,0.0,0.0,17.909330325294967,4.339648607367605
municipio,SUDESTE,ES,Espírito Santo,320170,Conceição do Castelo,12472,1,1,1,21,21,0,0,100.0,0.0,16.837716484926233,16.837716484926233,0.0,0.0,0.0,1.8713168561728994
municipio,SUDESTE,ES,Espírito Santo,320180,Divino de São Lourenço,5397,0,0,0,0,0,0,0,0.0,0.0,0.0,0.0,0.0,0.0,8.939828363780277,0.809773658816961
municipio,SUDESTE,ES,Espírito Santo,320190,Domingos Martins,38236,1,1,1,102,95,0,0,93.13725490196079,0.0,26.676430588973744,24.845695156397113,0.0,0.0,0.0,5.7369845504030605
municipio,SUDESTE,ES,Espírito Santo,320200,Dores do Rio Preto,6902,0,0,0,0,0,0,0,0.0,0.0,0.0,0.0,0.0,0.0,11.432776610489434,1.035586028007164
municipio,SUDESTE,ES,Espírito Santo,320210,Ecoporanga,22611,1,1,1,49,42,0,0,85.71428571428571,0.0,21.670868161514306,18.575029852726548,0.0,0.0,0.0,3.3925870297406533
municipio,SUDESTE,ES,Espírito Santo,320220,Fundão,18898,0,0,0,0,0,0,0,0.0,0.0,0.0,0.0,0.0,0.0,31.30347904738182,2.8354831581106037
municipio,SUDESTE,ES,Espírito Santo,320225,Governador Lindenberg,11484,0,0,0,0,0,0,0,0.0,0.0,0.0,0.0,0.0,0.0,19.02260309980595,1.723075912146374
municipio,SUDESTE,ES,Espírito Santo,320240,Guarapari,136311,2,2,1,190,130,40,10,68.42105263157895,25.0,13.938713676812583,9.53701462097703,29.344660372237016,7.336165093059254,95.7915405031042,10.452298908096864
municipio,SUDESTE,ES,Espírito Santo,320230,Guaçuí,31418,1,1,1,95,86,20,20,90.52631578947368,100.0,30.237443503723977,27.372843592844866,63.65777579731365,63.65777579731365,0.0,0.0
municipio,SUDESTE,ES,Espírito Santo,320245,Ibatiba,27543,1,1,1,29,29,0,0,100.0,0.0,10.528991032204189,10.528991032204189,0.0,0.0,16.623437580804186,4.132591418342701
municipio,SUDESTE,ES,Espírito Santo,320250,Ibiraçu,12304,0,0,0,0,0,0,0,0.0,0.0,0.0,0.0,0.0,0.0,20.380887194358447,1.846109894030737
municipio,SUDESTE,ES,Espírito Santo,320255,Ibitirama,10015,0,0,0,0,0,0,0,0.0,0.0,0.0,0.0,0.0,0.0,16.58928683773568,1.502665034843777
municipio,SUDESTE,ES,Espírito Santo,320260,Iconha,12790,0,0,0,0,0,0,0,0.0,0.0,0.0,0.0,0.0,0.0,21.185918986983463,1.9190300345134206
municipio,SUDESTE,ES,Espírito Santo,320265,Irupi,14647,0,0,0,0,0,0,0,0.0,0.0,0.0,0.0,0.0,0.0,24.261935527939546,2.1976569910491066
municipio,SUDESTE,ES,Espírito Santo,320270,Itaguaçu,14042,1,1,1,15,15,0,0,100.0,0.0,10.682238997293833,10.682238997293833,0.0,0.0,8.259786897202641,2.106881919049058
municipio,SUDESTE,ES,Espírito Santo,320280,Itapemirim,44020,2,2,1,124,108,30,20,87.09677419354838,66.66666666666666,28.169014084507044,24.53430258973194,68.15084052703317,45.433893684688776,0.0,0.0
municipio,SUDESTE,ES,Espírito Santo,320290,Itarana,10975,1,1,1,39,37,0,0,94.87179487179486,0.0,35.535307517084284,33.712984054669704,0.0,0.0,0.0,1.6467048185132753
municipio,SUDESTE,ES,Espírito Santo,320300,Iúna,30556,1,1,1,57,37,0,0,64.91228070175438,0.0,18.65427411964917,12.10891477942139,0.0,0.0,13.61430340627574,4.584666281047075
municipio,SUDESTE,ES,Espírito Santo,320305,Jaguaré,31551,1,1,1,22,22,0,0,100.0,0.0,6.972837627967419,6.972837627967419,0.0,0.0,30.262465203933946,4.733957515162857
municipio,SUDESTE,ES,Espírito Santo,320310,Jerônimo Monteiro,12108,1,1,1,50,50,0,0,100.0,0.0,41.29501156260324,41.29501156260324,0.0,0.0,0.0,1.8167017715315477
municipio,SUDESTE,ES,Espírito Santo,320313,João Neiva,14295,1,1,1,51,33,0,0,64.70588235294117,0.0,35.67681007345226,23.08499475341028,0.0,0.0,0.0,2.144842403703624
municipio,SUDESTE,ES,Espírito Santo,320316,Laranja da Terra,11597,1,1,1,29,29,0,0,100.0,0.0,25.006467189790463,25.006467189790463,0.0,0.0,0.0,1.7400305950158046
municipio,SUDESTE,ES,Espírito Santo,320320,Linhares,183797,4,4,1,496,327,81,46,65.92741935483872,56.79012345679012,26.986294662045626,17.791367650179275,44.07036023438903,25.02761198496167,0.0,0.0
municipio,SUDESTE,ES,Espírito Santo,320330,Mantenópolis,13131,0,0,0,0,0,0,0,0.0,0.0,0.0,0.0,0.0,0.0,21.75076639703517,1.9701941660043572
municipio,SUDESTE,ES,Espírito Santo,320332,Marataízes,45953,0,0,0,0,0,0,0,0.0,0.0,0.0,0.0,0.0,0.0,76.1185719475255,6.894854353087976
municipio,SUDESTE,ES,Espírito Santo,320334,Marechal Floriano,18964,0,0,0,0,0,0,0,0.0,0.0,0.0,0.0,0.0,0.0,31.41280435255312,2.8453858932378817
municipio,SUDESTE,ES,Espírito Santo,320335,Marilândia,13087,0,0,0,0,0,0,0,0.0,0.0,0.0,0.0,0.0,0.0,21.677882860254307,1.9635923425861717
municipio,SUDESTE,ES,Espírito Santo,320340,Mimoso do Sul,25088,1,1,1,55,50,0,0,90.9090909090909,0.0,21.92283163265306,19.929846938775512,0.0,0.0,0.0,3.764239679896223
municipio,SUDESTE,ES,Espírito Santo,320350,Montanha,19830,1,1,1,35,32,0,0,91.42857142857143,0.0,17.650025214321733,16.137165910237012,0.0,0.0,0.8472848719219803,2.975321781423075
municipio,SUDESTE,ES,Espírito Santo,320360,Mucurici,5653,1,1,1,19,19,0,0,100.0,0.0,33.610472315584644,33.610472315584644,0.0,0.0,0.0,0.8481842677954939
municipio,SUDESTE,ES,Espírito Santo,320370,Muniz Freire,18809,1,1,1,23,20,0,0,86.95652173913044,0.0,12.228188633101174,10.6332075070445,0.0,0.0,11.156055529802343,2.8221294698329107
municipio,SUDESTE,ES,Espírito Santo,320380,Muqui,14185,1,1,1,21,21,0,0,100.0,0.0,14.804370814240395,14.804370814240395,0.0,0.0,2.4966583917404552,2.1283378451581605
municipio,SUDESTE,ES,Espírito Santo,320390,Nova Venécia,52324,1,1,1,65,54,0,0,83.07692307692308,0.0,12.422597660729302,10.320311902759729,0.0,0.0,32.671776784591295,7.850768375752949
municipio,SUDESTE,ES,Espírito Santo,320400,Pancas,19120,1,1,1,20,20,0,0,100.0,0.0,10.460251046025103,10.460251046025103,0.0,0.0,11.671209619321646,2.8687923580841757
municipio,SUDESTE,ES,Espírito Santo,320405,Pedro Canário,21923,1,1,1,30,30,0,0,100.0,0.0,13.684258541258039,13.684258541258039,0.0,0.0,6.314222201066339,3.2893585181108462
municipio,SUDESTE,ES,Espírito Santo,320410,Pinheiros,24843,1,1,1,33,33,0,0,100.0,0.0,13.283419876826471,13.283419876826471,0.0,0.0,8.151038732887423,3.7274795267722367
municipio,SUDESTE,ES,Espírito Santo,320420,Piúma,23912,1,1,1,25,25,0,0,100.0,0.0,10.455001672800268,10.455001672800268,0.0,0.0,14.608889352365015,3.5877909449010876
municipio,SUDESTE,ES,Espírito Santo,320425,Ponto Belo,6671,0,0,0,0,0,0,0,0.0,0.0,0.0,0.0,0.0,0.0,11.05013804238989,1.000926455061691
municipio,SUDESTE,ES,Espírito Santo,320430,Presidente Kennedy,14852,0,0,0,0,0,0,0,0.0,0.0,0.0,0.0,0.0,0.0,24.601506551577668,2.2284154865201975
municipio,SUDESTE,ES,Espírito Santo,320435,Rio Bananal,20350,1,1,1,28,28,0,0,100.0,0.0,13.759213759213758,13.759213759213758,0.0,0.0,5.708635761150392,3.0533433309107196
municipio,SUDESTE,ES,Espírito Santo,320440,Rio Novo do Sul,11471,0,0,0,0,0,0,0,0.0,0.0,0.0,0.0,0.0,0.0,19.001069327575237,1.721125373409183
municipio,SUDESTE,ES,Espírito Santo,320450,Santa Leopoldina,13813,1,1,1,25,24,0,0,96.0,0.0,18.098892347788315,17.374936653876784,0.0,0.0,0.0,2.07252242898623
municipio,SUDESTE,ES,Espírito Santo,320455,Santa Maria de Jetibá,45575,1,1,1,60,28,0,0,46.666666666666664,0.0,13.165112452002193,6.143719144267691,0.0,0.0,47.492436108817145,6.838138688268111
municipio,SUDESTE,ES,Espírito Santo,320460,Santa Teresa,23872,1,1,1,76,66,10,9,86.8421052631579,90.0,31.83646112600536,27.64745308310992,41.89008042895443,37.70107238605898,0.0,0.0
municipio,SUDESTE,ES,Espírito Santo,320500,Serra,579720,8,8,1,1257,785,303,158,62.4502784407319,52.14521452145215,21.682881391016352,13.541019802663355,52.26661146760505,27.254536672876558,175.2737259682606,0.0
municipio,SUDESTE,ES,Espírito Santo,320501,Sooretama,28668,0,0,0,0,0,0,0,0.0,0.0,0.0,0.0,0.0,0.0,47.4869371007695,4.301388039830394
municipio,SUDESTE,ES,Espírito Santo,320465,São Domingos do Norte,9051,0,0,0,0,0,0,0,0.0,0.0,0.0,0.0,0.0,0.0,14.992474804627625,1.358025085408989
municipio,SUDESTE,ES,Espírito Santo,320470,São Gabriel da Palha,34272,3,3,1,171,21,0,0,12.280701754385964,0.0,49.89495798319327,6.127450980392156,0.0,0.0,35.7696493762234,5.1422202770010905
municipio,SUDESTE,ES,Espírito Santo,320480,São José do Calçado,11411,1,1,1,119,97,20,20,81.5126050420168,100.0,104.28533870826395,85.00569625799666,175.2694768206117,175.2694768206117,0.0,0.0
municipio,SUDESTE,ES,Espírito Santo,320490,São Mateus,134423,3,3,1,406,281,81,38,69.21182266009852,46.913580246913575,30.203164637004082,20.904160746300853,60.25754521175691,28.268971827737815,0.0,0.0
municipio,SUDESTE,ES,Espírito Santo,320495,São Roque do Canaã,11256,0,0,0,0,0,0,0,0.0,0.0,0.0,0.0,0.0,0.0,18.644933863759647,1.688866463524868
municipio,SUDESTE,ES,Espírito Santo,320503,Vargem Alta,20390,1,1,1,30,30,0,0,100.0,0.0,14.713094654242276,14.713094654242276,0.0,0.0,3.7748935218602653,3.059344988563616
municipio,SUDESTE,ES,Espírito Santo,320506,Venda Nova do Imigrante,25395,1,1,1,83,70,20,19,84.33734939759037,95.0,32.68359913368773,27.56448119708604,78.75566056310298,74.81787753494783,0.0,0.0
municipio,SUDESTE,ES,Espírito Santo,320510,Viana,79043,0,0,0,0,0,0,0,0.0,0.0,0.0,0.0,0.0,0.0,130.930304494772,11.859725646445998
municipio,SUDESTE,ES,Espírito Santo,320515,Vila Pavão,9319,0,0,0,0,0,0,0,0.0,0.0,0.0,0.0,0.0,0.0,15.436401801383807,1.3982361916833908
municipio,SUDESTE,ES,Espírito Santo,320517,Vila Valério,14267,0,0,0,0,0,0,0,0.0,0.0,0.0,0.0,0.0,0.0,23.632486801195707,2.1406412433465967
municipio,SUDESTE,ES,Espírito Santo,320520,Vila Velha,506779,11,11,1,1272,630,248,119,49.528301886792455,47.983870967741936,25.099698290576367,12.431454342030747,48.93651867974008,23.48163597939141,209.45104286978048,0.0
municipio,SUDESTE,ES,Espírito Santo,320530,Vitória,343378,22,22,1,2274,1406,409,203,61.829375549692166,49.63325183374083,66.224394107951,40.946129338513245,119.11071763479313,59.11852244465283,0.0,0.0
municipio,SUDESTE,ES,Espírito Santo,320016,Água Doce do Norte,12585,1,1,1,34,0,0,0,0.0,0.0,27.01628923321414,0.0,0.0,0.0,20.846347963345337,1.88827153904233
municipio,SUDESTE,ES,Espírito Santo,320013,Águia Branca,10143,0,0,0,0,0,0,0,0.0,0.0,0.0,0.0,0.0,0.0,16.80131167200729,1.5218703393330433
municipio,CENTRO-OESTE,GO,Goiás,520005,Abadia de Goiás,22052,0,0,0,0,0,0,0,0.0,0.0,0.0,0.0,0.0,0.0,36.52790347935569,3.308713864041435
municipio,CENTRO-OESTE,GO,Goiás,520010,Abadiânia,17738,1,1,1,9,9,0,0,100.0,0.0,5.073852745518097,5.073852745518097,0.0,0.0,20.382003986795365,2.6614350861766267
municipio,CENTRO-OESTE,GO,Goiás,520013,Acreúna,22079,2,2,1,60,28,0,0,46.666666666666664,0.0,27.175143801802616,12.681733774174553,0.0,0.0,8.572627467834865,3.3127649829571397
municipio,CENTRO-OESTE,GO,Goiás,520015,Adelândia,2282,1,1,1,15,15,0,0,100.0,0.0,65.73181419807186,65.73181419807186,0.0,0.0,0.0,0.3423945690977033
municipio,CENTRO-OESTE,GO,Goiás,520030,Alexânia,28244,1,1,1,28,28,0,0,100.0,0.0,9.91360997025917,9.91360997025917,0.0,0.0,18.784604837244796,4.2377704687097
municipio,CENTRO-OESTE,GO,Goiás,520050,Aloândia,1977,1,1,1,14,14,0,0,100.0,0.0,70.81436519979768,70.81436519979768,0.0,0.0,0.0,0.29663192949437317
municipio,CENTRO-OESTE,GO,Goiás,520055,Alto Horizonte,6487,1,1,1,24,24,0,0,100.0,0.0,36.99707106520734,36.99707106520734,0.0,0.0,0.0,0.9733188298583706
municipio,CENTRO-OESTE,GO,Goiás,520060,Alto Paraíso de Goiás,11182,1,1,1,6,6,0,0,100.0,0.0,5.365766410302271,5.365766410302271,0.0,0.0,12.522357006446372,1.677763396867011
municipio,CENTRO-OESTE,GO,Goiás,520080,Alvorada do Norte,8619,1,1,1,32,32,0,0,100.0,0.0,37.12727694628147,37.12727694628147,0.0,0.0,0.0,1.2932071827577147
municipio,CENTRO-OESTE,GO,Goiás,520082,Amaralina,3267,0,0,0,0,0,0,0,0.0,0.0,0.0,0.0,0.0,0.0,5.411602605979279,0.4901853888002616
municipio,CENTRO-OESTE,GO,Goiás,520085,Americano do Brasil,5260,1,1,1,17,17,0,0,100.0,0.0,32.31939163498099,32.31939163498099,0.0,0.0,0.0,0.789217981355793
municipio,CENTRO-OESTE,GO,Goiás,520090,Amorinópolis,2906,1,1,1,11,11,0,0,100.0,0.0,37.852718513420506,37.852718513420506,0.0,0.0,0.0,0.43602042848287725
municipio,CENTRO-OESTE,GO,Goiás,520120,Anhanguera,913,0,0,0,0,0,0,0,0.0,0.0,0.0,0.0,0.0,0.0,1.5123333882029635,0.1369878359273458
municipio,CENTRO-OESTE,GO,Goiás,520130,Anicuns,18306,1,1,1,21,21,0,0,100.0,0.0,11.471648639790233,11.471648639790233,0.0,0.0,9.322864188875625,2.7466586248477465
municipio,CENTRO-OESTE,GO,Goiás,520110,Anápolis,420300,14,14,1,1080,577,195,97,53.425925925925924,49.743589743589745,25.69593147751606,13.728289317154413,46.39543183440399,23.078753271472756,119.2034206590422,0.0
municipio,CENTRO-OESTE,GO,Goiás,520140,Aparecida de Goiânia,556021,14,14,1,1396,1080,167,94,77.36389684813754,56.287425149700596,25.106965384400947,19.42372680168555,30.03483681371747,16.90583629035594,0.0,0.0
municipio,CENTRO-OESTE,GO,Goiás,520145,Aparecida do Rio Doce,3045,1,1,1,12,12,0,0,100.0,0.0,39.408866995073886,39.408866995073886,0.0,0.0,0.0,0.45687618882669007
municipio,CENTRO-OESTE,GO,Goiás,520150,Aporé,4488,1,1,1,19,19,0,0,100.0,0.0,42.33511586452763,42.33511586452763,0.0,0.0,0.0,0.6733859886549048
municipio,CENTRO-OESTE,GO,Goiás,520170,Aragarças,18601,1,1,1,37,37,0,0,100.0,0.0,19.891403687973767,19.891403687973767,0.0,0.0,0.0,2.790920850037853
municipio,CENTRO-OESTE,GO,Goiás,520180,Aragoiânia,12806,1,1,1,7,7,0,0,100.0,0.0,5.466187724504139,5.466187724504139,0.0,0.0,14.212422091267415,1.9214306975745787
municipio,CENTRO-OESTE,GO,Goiás,520215,Araguapaz,7152,1,1,1,10,10,0,0,100.0,0.0,13.982102908277406,13.982102908277406,0.0,0.0,1.8468876149261697,1.0730963883377627
municipio,CENTRO-OESTE,GO,Goiás,520160,Araçu,3840,1,1,1,17,17,0,0,100.0,0.0,44.270833333333336,44.270833333333336,0.0,0.0,0.0,0.5761591346779934
municipio,CENTRO-OESTE,GO,Goiás,520235,Arenópolis,2904,1,1,1,14,14,0,0,100.0,0.0,48.209366391184574,48.209366391184574,0.0,0.0,0.0,0.4357203456002325
municipio,CENTRO-OESTE,GO,Goiás,520250,Aruanã,8570,1,1,1,16,16,0,0,100.0,0.0,18.66977829638273,18.66977829638273,0.0,0.0,0.0,1.2858551521329173
municipio,CENTRO-OESTE,GO,Goiás,520260,Aurilândia,3237,0,0,0,0,0,0,0,0.0,0.0,0.0,0.0,0.0,0.0,5.36190928544687,0.48568414556058975
municipio,CENTRO-OESTE,GO,Goiás,520280,Avelinópolis,2993,1,1,1,12,12,0,0,100.0,0.0,40.093551620447705,40.093551620447705,0.0,0.0,0.0,0.44907403387792555
municipio,CENTRO-OESTE,GO,Goiás,520310,Baliza,3306,0,0,0,0,0,0,0,0.0,0.0,0.0,0.0,0.0,0.0,5.476203922671409,0.4960370050118349
municipio,CENTRO-OESTE,GO,Goiás,520320,Barro Alto,10853,1,1,1,23,23,0,0,100.0,0.0,21.192297060720538,21.192297060720538,0.0,0.0,0.0,1.628399762671943
municipio,CENTRO-OESTE,GO,Goiás,520330,Bela Vista de Goiás,37305,1,1,1,41,41,0,0,100.0,0.0,10.990483849349953,10.990483849349953,0.0,0.0,20.793644082049887,5.597295968531912
municipio,CENTRO-OESTE,GO,Goiás,520340,Bom Jardim de Goiás,7775,1,1,1,23,23,0,0,100.0,0.0,29.581993569131832,29.581993569131832,0.0,0.0,0.0,1.1665722062816142
municipio,CENTRO-OESTE,GO,Goiás,520350,Bom Jesus de Goiás,24925,1,1,1,28,28,0,0,100.0,0.0,11.23370110330993,11.23370110330993,0.0,0.0,13.286867142342677,3.739782924960673
municipio,CENTRO-OESTE,GO,Goiás,520355,Bonfinópolis,11025,0,0,0,0,0,0,0,0.0,0.0,0.0,0.0,0.0,0.0,18.2622952956601,1.6542068905793952
municipio,CENTRO-OESTE,GO,Goiás,520357,Bonópolis,3289,0,0,0,0,0,0,0,0.0,0.0,0.0,0.0,0.0,0.0,5.448044374369712,0.4934863005093542
municipio,CENTRO-OESTE,GO,Goiás,520360,Brazabrantes,4201,0,0,0,0,0,0,0,0.0,0.0,0.0,0.0,0.0,0.0,6.958721318554928,0.6303240949953777
municipio,CENTRO-OESTE,GO,Goiás,520380,Britânia,5798,1,1,1,24,24,0,0,100.0,0.0,41.393583994480856,41.393583994480856,0.0,0.0,0.0,0.8699402767872411
municipio,CENTRO-OESTE,GO,Goiás,520390,Buriti Alegre,10930,1,1,1,34,25,0,0,73.52941176470588,0.0,31.107044830741078,22.872827081427268,0.0,0.0,0.0,1.6399529536537674
municipio,CENTRO-OESTE,GO,Goiás,520393,Buriti de Goiás,2800,1,1,1,14,14,0,0,100.0,0.0,50.0,50.0,0.0,0.0,0.0,0.4201160357027035
municipio,CENTRO-OESTE,GO,Goiás,520396,Buritinópolis,3140,0,0,0,0,0,0,0,0.0,0.0,0.0,0.0,0.0,0.0,5.2012342157254166,0.4711301257523175
municipio,CENTRO-OESTE,GO,Goiás,520400,Cabeceiras,7689,1,1,1,12,12,0,0,100.0,0.0,15.606710885680844,15.606710885680844,0.0,0.0,0.7363980524562811,1.1536686423278881
municipio,CENTRO-OESTE,GO,Goiás,520410,Cachoeira Alta,11854,1,1,1,46,46,0,0,100.0,0.0,38.805466509195206,38.805466509195206,0.0,0.0,0.0,1.7785912454356596
municipio,CENTRO-OESTE,GO,Goiás,520425,Cachoeira Dourada,7762,1,1,1,18,18,0,0,100.0,0.0,23.189899510435456,23.189899510435456,0.0,0.0,0.0,1.1646216675444232
municipio,CENTRO-OESTE,GO,Goiás,520420,Cachoeira de Goiás,1417,0,0,0,0,0,0,0,0.0,0.0,0.0,0.0,0.0,0.0,2.3471811731474252,0.21260872235383246
municipio,CENTRO-OESTE,GO,Goiás,520440,Caiapônia,16628,1,1,1,48,48,0,0,100.0,0.0,28.866971373586722,28.866971373586722,0.0,0.0,0.0,2.494889086308769
municipio,CENTRO-OESTE,GO,Goiás,520450,Caldas Novas,106820,6,6,1,259,188,20,5,72.58687258687259,25.0,24.246395806028833,17.599700430630968,18.72308556450103,4.6807713911252575,0.0,11.027426762058136
municipio,CENTRO-OESTE,GO,Goiás,520455,Caldazinha,4819,0,0,0,0,0,0,0,0.0,0.0,0.0,0.0,0.0,0.0,7.982403721522541,0.7230497057326172
municipio,CENTRO-OESTE,GO,Goiás,520460,Campestre de Goiás,3879,0,0,0,0,0,0,0,0.0,0.0,0.0,0.0,0.0,0.0,6.425346344840411,0.5820107508895668
municipio,CENTRO-OESTE,GO,Goiás,520465,Campinaçu,3760,1,1,1,31,31,0,0,100.0,0.0,82.44680851063829,82.44680851063829,0.0,0.0,0.0,0.5641558193722018
municipio,CENTRO-OESTE,GO,Goiás,520470,Campinorte,12983,1,1,1,12,12,0,0,100.0,0.0,9.242856042517138,9.242856042517138,0.0,0.0,9.505612682408625,1.9479880326886425
municipio,CENTRO-OESTE,GO,Goiás,520480,Campo Alegre de Goiás,7807,1,1,1,18,18,0,0,100.0,0.0,23.056231587037274,23.056231587037274,0.0,0.0,0.0,1.1713735324039307
municipio,CENTRO-OESTE,GO,Goiás,520485,Campo Limpo de Goiás,8579,0,0,0,0,0,0,0,0.0,0.0,0.0,0.0,0.0,0.0,14.210633228251064,1.2872055251048191
municipio,CENTRO-OESTE,GO,Goiás,520490,Campos Belos,18227,3,3,1,55,41,0,0,74.54545454545455,0.0,30.175015087507543,22.494102156141988,0.0,0.0,0.0,2.7348053509832773
municipio,CENTRO-OESTE,GO,Goiás,520495,Campos Verdes,3822,0,0,0,0,0,0,0,0.0,0.0,0.0,0.0,0.0,0.0,6.330929035828834,0.5734583887341903
municipio,CENTRO-OESTE,GO,Goiás,520500,Carmo do Rio Verde,9988,1,1,1,18,18,0,0,100.0,0.0,18.02162595114137,18.02162595114137,0.0,0.0,0.0,1.4986139159280722
municipio,CENTRO-OESTE,GO,Goiás,520505,Castelândia,2871,1,1,1,7,7,0,0,100.0,0.0,24.381748519679554,24.381748519679554,0.0,0.0,0.0,0.4307689780365935
municipio,CENTRO-OESTE,GO,Goiás,520510,Catalão,122760,5,5,1,418,216,78,20,51.674641148325364,25.64102564102564,34.05017921146953,17.59530791788856,63.5386119257087,16.291951775822742,0.0,0.0
municipio,CENTRO-OESTE,GO,Goiás,520520,Caturaí,5352,1,1,1,18,18,0,0,100.0,0.0,33.6322869955157,33.6322869955157,0.0,0.0,0.0,0.8030217939574532
municipio,CENTRO-OESTE,GO,Goiás,520530,Cavalcante,9730,1,1,1,16,16,0,0,100.0,0.0,16.44398766700925,16.44398766700925,0.0,0.0,0.1172002926778028,1.4599032240668945
municipio,CENTRO-OESTE,GO,Goiás,520430,Caçu,14034,2,2,1,36,28,0,0,77.77777777777779,0.0,25.651988029072253,19.951546244833974,0.0,0.0,0.0,2.105681587518479
municipio,CENTRO-OESTE,GO,Goiás,520540,Ceres,22570,11,11,1,354,132,48,14,37.28813559322034,29.166666666666668,156.84536996012406,58.48471422241914,212.67168808152414,62.029242357111215,0.0,0.0
municipio,CENTRO-OESTE,GO,Goiás,520545,Cezarina,8301,1,1,1,16,16,0,0,100.0,0.0,19.274786170340924,19.274786170340924,0.0,0.0,0.0,1.2454940044171936
municipio,CENTRO-OESTE,GO,Goiás,520547,Chapadão do Céu,14321,1,1,1,25,25,0,0,100.0,0.0,17.45688150268836,17.45688150268836,0.0,0.0,0.0,2.148743481178006
municipio,CENTRO-OESTE,GO,Goiás,520549,Cidade Ocidental,101570,1,1,1,24,20,0,0,83.33333333333334,0.0,2.3629024318204195,1.9690853598503495,0.0,0.0,148.2450188825575,15.23970919511557
municipio,CENTRO-OESTE,GO,Goiás,520551,Cocalzinho de Goiás,27196,1,1,1,23,23,0,0,100.0,0.0,8.457126047948229,8.457126047948229,0.0,0.0,22.04865150664599,4.08052703820383
municipio,CENTRO-OESTE,GO,Goiás,520552,Colinas do Sul,4188,1,1,1,12,12,0,0,100.0,0.0,28.653295128939828,28.653295128939828,0.0,0.0,0.0,0.6283735562581865
municipio,CENTRO-OESTE,GO,Goiás,520590,Corumbaíba,9484,1,1,1,27,27,0,0,100.0,0.0,28.46900042176297,28.46900042176297,0.0,0.0,0.0,1.4229930295015858
municipio,CENTRO-OESTE,GO,Goiás,520580,Corumbá de Goiás,10724,2,2,1,25,14,0,0,56.00000000000001,0.0,23.312196941439762,13.054830287206267,0.0,0.0,3.7637056463182685,1.6090444167413545
municipio,CENTRO-OESTE,GO,Goiás,520620,Cristalina,66827,2,2,1,77,64,0,0,83.11688311688312,0.0,11.522288895207026,9.576967393418828,0.0,0.0,46.69518437397528,10.02681939925163
municipio,CENTRO-OESTE,GO,Goiás,520630,Cristianópolis,3670,1,1,1,8,8,0,0,100.0,0.0,21.798365122615806,21.798365122615806,0.0,0.0,0.0,0.5506520896531863
municipio,CENTRO-OESTE,GO,Goiás,520640,Crixás,17532,3,3,1,86,46,0,0,53.48837209302325,0.0,49.05315993611681,26.23773671001597,0.0,0.0,0.0,2.6305265492642134
municipio,CENTRO-OESTE,GO,Goiás,520650,Cromínia,3999,1,1,1,11,11,0,0,100.0,0.0,27.506876719179797,27.506876719179797,0.0,0.0,0.0,0.6000157238482541
municipio,CENTRO-OESTE,GO,Goiás,520660,Cumari,2951,1,1,1,14,14,0,0,100.0,0.0,47.441545238902066,47.441545238902066,0.0,0.0,0.0,0.442772293342385
municipio,CENTRO-OESTE,GO,Goiás,520570,Córrego do Ouro,2441,1,1,1,9,9,0,0,100.0,0.0,36.870135190495695,36.870135190495695,0.0,0.0,0.0,0.366251158267964
municipio,CENTRO-OESTE,GO,Goiás,520670,Damianópolis,3917,1,1,1,13,13,0,0,100.0,0.0,33.188664794485575,33.188664794485575,0.0,0.0,0.0,0.5877123256598177
municipio,CENTRO-OESTE,GO,Goiás,520680,Damolândia,2753,1,1,1,15,15,0,0,100.0,0.0,54.48601525608427,54.48601525608427,0.0,0.0,0.0,0.413064087960551
municipio,CENTRO-OESTE,GO,Goiás,520690,Davinópolis,1889,0,0,0,0,0,0,0,0.0,0.0,0.0,0.0,0.0,0.0,3.129022749523984,0.28342828265800246
municipio,CENTRO-OESTE,GO,Goiás,520710,Diorama,1991,1,1,1,14,14,0,0,100.0,0.0,70.31642390758412,70.31642390758412,0.0,0.0,0.0,0.29873250967288667
municipio,CENTRO-OESTE,GO,Goiás,520830,Divinópolis de Goiás,4405,1,1,1,28,28,0,0,100.0,0.0,63.56413166855846,63.56413166855846,0.0,0.0,0.0,0.660932549025146
municipio,CENTRO-OESTE,GO,Goiás,520725,Doverlândia,6823,1,1,1,24,24,0,0,100.0,0.0,35.17514289901803,35.17514289901803,0.0,0.0,0.0,1.023732754142695
municipio,CENTRO-OESTE,GO,Goiás,520735,Edealina,4104,1,1,1,10,10,0,0,100.0,0.0,24.366471734892787,24.366471734892787,0.0,0.0,0.0,0.6157700751871054
municipio,CENTRO-OESTE,GO,Goiás,520740,Edéia,11982,1,1,1,30,30,0,0,100.0,0.0,25.037556334501755,25.037556334501755,0.0,0.0,0.0,1.797796549924926
municipio,CENTRO-OESTE,GO,Goiás,520750,Estrela do Norte,3214,1,1,1,18,18,0,0,100.0,0.0,56.004978220286254,56.004978220286254,0.0,0.0,0.0,0.48223319241017465
municipio,CENTRO-OESTE,GO,Goiás,520753,Faina,7167,1,1,1,20,20,0,0,100.0,0.0,27.90567880563695,27.90567880563695,0.0,0.0,0.0,1.0753470099575986
municipio,CENTRO-OESTE,GO,Goiás,520760,Fazenda Nova,5842,1,1,1,16,16,0,0,100.0,0.0,27.387880862718244,27.387880862718244,0.0,0.0,0.0,0.8765421002054264
municipio,CENTRO-OESTE,GO,Goiás,520780,Firminópolis,10274,1,1,1,16,16,0,0,100.0,0.0,15.57329180455519,15.57329180455519,0.0,0.0,1.0183058383321402,1.541525768146277
municipio,CENTRO-OESTE,GO,Goiás,520790,Flores de Goiás,14273,1,1,1,7,7,0,0,100.0,0.0,4.904364884747426,4.904364884747426,0.0,0.0,16.642425465302185,2.141541491994531
municipio,CENTRO-OESTE,GO,Goiás,520800,Formosa,121559,3,3,1,140,71,20,10,50.71428571428571,50.0,11.517041107610297,5.840785133145222,16.452915868014706,8.226457934007353,130.35567835330122,8.238887565708907
municipio,CENTRO-OESTE,GO,Goiás,520810,Formoso,4662,1,1,1,25,25,0,0,100.0,0.0,53.625053625053624,53.625053625053624,0.0,0.0,0.0,0.6994931994450013
municipio,CENTRO-OESTE,GO,Goiás,520815,Gameleira de Goiás,3563,0,0,0,0,0,0,0,0.0,0.0,0.0,0.0,0.0,0.0,5.901910035232375,0.5345976554316902
municipio,CENTRO-OESTE,GO,Goiás,520850,Goiandira,4962,1,1,1,34,27,0,0,79.41176470588235,0.0,68.52075775896816,54.41354292623942,0.0,0.0,0.0,0.7445056318417196
municipio,CENTRO-OESTE,GO,Goiás,520880,Goianira,81495,1,1,1,63,62,0,0,98.4126984126984,0.0,7.730535615681944,7.607828701147309,0.0,0.0,72.99190522628753,12.227627260568507
municipio,CENTRO-OESTE,GO,Goiás,520840,Goianápolis,14758,1,1,1,31,31,0,0,100.0,0.0,21.00555630844288,21.00555630844288,0.0,0.0,0.0,2.214311591035892
municipio,CENTRO-OESTE,GO,Goiás,520860,Goianésia,78009,4,4,1,222,130,10,5,58.55855855855856,50.0,28.45825481675191,16.66474381161148,12.819033701239599,6.4095168506197995,0.0,6.704582796118643
municipio,CENTRO-OESTE,GO,Goiás,520910,Goiatuba,36984,4,4,1,120,46,0,0,38.333333333333336,0.0,32.44646333549643,12.43781094527363,0.0,0.0,15.261925552353123,5.549132665867424
municipio,CENTRO-OESTE,GO,Goiás,520890,Goiás,24172,1,1,1,61,55,10,10,90.1639344262295,100.0,25.235810028131723,22.753599205692538,41.37018037398643,41.37018037398643,0.0,0.0
municipio,CENTRO-OESTE,GO,Goiás,520870,Goiânia,1503256,114,114,1,7454,3864,1144,545,51.83793936141669,47.63986013986014,49.58569930870058,25.70420473957862,76.10147573001538,36.254636602148935,0.0,0.0
municipio,CENTRO-OESTE,GO,Goiás,520915,Gouvelândia,4313,0,0,0,0,0,0,0,0.0,0.0,0.0,0.0,0.0,0.0,7.144243048542586,0.6471287364234858
municipio,CENTRO-OESTE,GO,Goiás,520920,Guapó,20985,0,0,0,0,0,0,0,0.0,0.0,0.0,0.0,0.0,0.0,34.7604777124197,3.14861964615044
municipio,CENTRO-OESTE,GO,Goiás,520940,Guarani de Goiás,4091,0,0,0,0,0,0,0,0.0,0.0,0.0,0.0,0.0,0.0,6.776512476602764,0.6138195364499143
municipio,CENTRO-OESTE,GO,Goiás,520929,Guaraíta,2170,0,0,0,0,0,0,0,0.0,0.0,0.0,0.0,0.0,0.0,3.594483518510877,0.3255899276695952
municipio,CENTRO-OESTE,GO,Goiás,520945,Guarinos,2154,0,0,0,0,0,0,0,0.0,0.0,0.0,0.0,0.0,0.0,3.5679804142269256,0.3231892646084369
municipio,CENTRO-OESTE,GO,Goiás,520960,Heitoraí,3342,1,1,1,10,10,0,0,100.0,0.0,29.922202274087372,29.922202274087372,0.0,0.0,0.0,0.5014384968994411
municipio,CENTRO-OESTE,GO,Goiás,520980,Hidrolina,3477,1,1,1,28,28,0,0,100.0,0.0,80.5291918320391,80.5291918320391,0.0,0.0,0.0,0.5216940914779643
municipio,CENTRO-OESTE,GO,Goiás,520970,Hidrolândia,30587,1,1,1,25,25,0,0,100.0,0.0,8.17340700297512,8.17340700297512,0.0,0.0,25.665653170825895,4.589317565728068
municipio,CENTRO-OESTE,GO,Goiás,520990,Iaciara,10289,1,1,1,17,17,0,0,100.0,0.0,16.52249975702206,16.52249975702206,0.0,0.0,0.04315249859834801,1.5437763897661128
municipio,CENTRO-OESTE,GO,Goiás,520993,Inaciolândia,6076,1,1,1,16,16,0,0,100.0,0.0,26.333113890717577,26.333113890717577,0.0,0.0,0.0,0.9116517974748666
municipio,CENTRO-OESTE,GO,Goiás,520995,Indiara,17985,2,2,1,52,21,0,0,40.38461538461539,0.0,28.912983041423406,11.676396997497916,0.0,0.0,8.791145659178856,2.698495322183258
municipio,CENTRO-OESTE,GO,Goiás,521000,Inhumas,53884,5,5,1,112,71,0,0,63.39285714285714,0.0,20.785390839581325,13.176453121520302,0.0,0.0,18.255829452276544,8.084833024215884
municipio,CENTRO-OESTE,GO,Goiás,521010,Ipameri,26223,4,4,1,139,115,0,0,82.73381294964028,0.0,53.00690233764253,43.85463143042367,0.0,0.0,0.0,3.9345367157971407
municipio,CENTRO-OESTE,GO,Goiás,521015,Ipiranga de Goiás,2968,0,0,0,0,0,0,0,0.0,0.0,0.0,0.0,0.0,0.0,4.916325844672942,0.4453229978448657
municipio,CENTRO-OESTE,GO,Goiás,521020,Iporá,37283,4,4,1,89,30,0,0,33.70786516853933,0.0,23.871469570581766,8.046562776600595,0.0,0.0,31.757202313659455,5.593995056822819
municipio,CENTRO-OESTE,GO,Goiás,521030,Israelândia,2515,2,2,1,8,8,0,0,100.0,0.0,31.809145129224653,31.809145129224653,0.0,0.0,0.0,0.37735422492582116
municipio,CENTRO-OESTE,GO,Goiás,521040,Itaberaí,47603,2,2,1,67,29,0,0,43.28358208955223,0.0,14.074743188454509,6.09205302186837,0.0,0.0,49.85170457680796,7.142422731269926
municipio,CENTRO-OESTE,GO,Goiás,521056,Itaguari,5120,0,0,0,0,0,0,0,0.0,0.0,0.0,0.0,0.0,0.0,8.480993370864374,0.7682121795706579
municipio,CENTRO-OESTE,GO,Goiás,521060,Itaguaru,4837,1,1,1,10,10,0,0,100.0,0.0,20.673971469919373,20.673971469919373,0.0,0.0,0.0,0.7257504516764204
municipio,CENTRO-OESTE,GO,Goiás,521080,Itajá,4276,1,1,1,12,12,0,0,100.0,0.0,28.06361085126286,28.06361085126286,0.0,0.0,0.0,0.6415772030945572
municipio,CENTRO-OESTE,GO,Goiás,521090,Itapaci,21891,1,1,1,43,43,0,0,100.0,0.0,19.642775569868896,19.642775569868896,0.0,0.0,0.0,3.2845571919885295
municipio,CENTRO-OESTE,GO,Goiás,521100,Itapirapuã,8133,1,1,1,23,23,0,0,100.0,0.0,28.279847534735033,28.279847534735033,0.0,0.0,0.0,1.2202870422750314
municipio,CENTRO-OESTE,GO,Goiás,521120,Itapuranga,26553,2,2,1,93,39,0,0,41.935483870967744,0.0,35.02429104056039,14.687605920235002,0.0,0.0,4.9835580032347035,3.984050391433531
municipio,CENTRO-OESTE,GO,Goiás,521130,Itarumã,6124,1,1,1,20,20,0,0,100.0,0.0,32.65839320705422,32.65839320705422,0.0,0.0,0.0,0.9188537866583416
municipio,CENTRO-OESTE,GO,Goiás,521140,Itauçu,7636,1,1,1,18,18,0,0,100.0,0.0,23.572551073860662,23.572551073860662,0.0,0.0,0.0,1.1457164459378013
municipio,CENTRO-OESTE,GO,Goiás,521150,Itumbiara,113322,3,3,1,368,297,59,50,80.70652173913044,84.7457627118644,32.47383561885601,26.208503203261504,52.064029932405006,44.12205926475001,0.0,0.0
municipio,CENTRO-OESTE,GO,Goiás,521160,Ivolândia,2731,1,1,1,16,16,0,0,100.0,0.0,58.58659831563529,58.58659831563529,0.0,0.0,0.0,0.4097631762514583
municipio,CENTRO-OESTE,GO,Goiás,521170,Jandaia,6365,1,1,1,14,14,0,0,100.0,0.0,21.99528672427337,21.99528672427337,0.0,0.0,0.0,0.9550137740170386
municipio,CENTRO-OESTE,GO,Goiás,521180,Jaraguá,46633,2,2,1,80,62,10,0,77.5,0.0,17.1552334183947,13.295305899255892,21.444041772993376,0.0,15.244953879593417,6.996882533187204
municipio,CENTRO-OESTE,GO,Goiás,521190,Jataí,111634,3,3,1,194,149,30,27,76.80412371134021,90.0,17.37821810559507,13.34718813264776,26.873533152982066,24.18617983768386,35.91547147716277,0.0
municipio,CENTRO-OESTE,GO,Goiás,521200,Jaupaci,2939,1,1,1,10,10,0,0,100.0,0.0,34.02517863218782,34.02517863218782,0.0,0.0,0.0,0.44097179604651626
municipio,CENTRO-OESTE,GO,Goiás,521205,Jesúpolis,2112,0,0,0,0,0,0,0,0.0,0.0,0.0,0.0,0.0,0.0,3.498409765481554,0.31688752407289633
municipio,CENTRO-OESTE,GO,Goiás,521210,Joviânia,7247,2,2,1,18,18,0,0,100.0,0.0,24.837863943700842,24.837863943700842,0.0,0.0,0.0,1.08735032526339
municipio,CENTRO-OESTE,GO,Goiás,521220,Jussara,19926,2,2,1,45,32,0,0,71.11111111111111,0.0,22.58355916892502,16.059419853457793,0.0,0.0,1.0063034976256837,2.989725759790025
municipio,CENTRO-OESTE,GO,Goiás,521225,Lagoa Santa,1435,1,1,1,3,3,0,0,100.0,0.0,20.905923344947734,20.905923344947734,0.0,0.0,0.0,0.21530946829763553
municipio,CENTRO-OESTE,GO,Goiás,521230,Leopoldo de Bulhões,9123,0,0,0,0,0,0,0,0.0,0.0,0.0,0.0,0.0,0.0,15.111738773905405,1.3688280691842014
municipio,CENTRO-OESTE,GO,Goiás,521250,Luziânia,221262,6,6,1,178,100,30,7,56.17977528089888,23.333333333333332,8.044761414070196,4.5195288843091,13.5585866529273,3.1636702190163692,266.50811625472517,26.198469389875562
municipio,CENTRO-OESTE,GO,Goiás,521260,Mairipotaba,2631,1,1,1,10,10,0,0,100.0,0.0,38.00836183960471,38.00836183960471,0.0,0.0,0.0,0.3947590321192189
municipio,CENTRO-OESTE,GO,Goiás,521270,Mambaí,8493,1,1,1,15,15,0,0,100.0,0.0,17.661603673613563,17.661603673613563,0.0,0.0,0.0,1.274301961151093
municipio,CENTRO-OESTE,GO,Goiás,521280,Mara Rosa,10806,2,2,1,48,22,0,0,45.83333333333333,0.0,44.41976679622432,20.359059781602813,0.0,0.0,0.0,1.6213478149297906
municipio,CENTRO-OESTE,GO,Goiás,521290,Marzagão,2942,1,1,1,24,24,0,0,100.0,0.0,81.57715839564922,81.57715839564922,0.0,0.0,0.0,0.4414219203704835
municipio,CENTRO-OESTE,GO,Goiás,521295,Matrinchã,4004,1,1,1,14,14,0,0,100.0,0.0,34.96503496503497,34.96503496503497,0.0,0.0,0.0,0.600765931054866
municipio,CENTRO-OESTE,GO,Goiás,521300,Maurilândia,10145,1,1,1,12,12,0,0,100.0,0.0,11.828486939379005,11.828486939379005,0.0,0.0,4.804624560042786,1.5221704222156882
municipio,CENTRO-OESTE,GO,Goiás,521305,Mimoso de Goiás,2626,0,0,0,0,0,0,0,0.0,0.0,0.0,0.0,0.0,0.0,4.349821990603485,0.39400882491260697
municipio,CENTRO-OESTE,GO,Goiás,521308,Minaçu,26616,3,3,1,108,55,0,0,50.92592592592593,0.0,40.57709648331831,20.664262097986175,0.0,0.0,0.0,3.993503002236842
municipio,CENTRO-OESTE,GO,Goiás,521310,Mineiros,74999,4,4,1,206,145,10,10,70.3883495145631,100.0,27.467032893771915,19.333591114548195,13.333511113481514,13.333511113481514,0.0,1.2529580577382353
municipio,CENTRO-OESTE,GO,Goiás,521340,Moiporá,1687,0,0,0,0,0,0,0,0.0,0.0,0.0,0.0,0.0,0.0,2.794421057939101,0.25311991151087887
municipio,CENTRO-OESTE,GO,Goiás,521350,Monte Alegre de Goiás,6534,1,1,1,15,15,0,0,100.0,0.0,22.95684113865932,22.95684113865932,0.0,0.0,0.0,0.9803707776005232
municipio,CENTRO-OESTE,GO,Goiás,521370,Montes Claros de Goiás,9024,1,1,1,24,24,0,0,100.0,0.0,26.595744680851062,26.595744680851062,0.0,0.0,0.0,1.3539739664932844
municipio,CENTRO-OESTE,GO,Goiás,521375,Montividiu,13094,1,1,1,27,27,0,0,100.0,0.0,20.620131357873838,20.620131357873838,0.0,0.0,0.0,1.9646426326754285
municipio,CENTRO-OESTE,GO,Goiás,521377,Montividiu do Norte,3743,0,0,0,0,0,0,0,0.0,0.0,0.0,0.0,0.0,0.0,6.200069958426826,0.5616051148697212
municipio,CENTRO-OESTE,GO,Goiás,521380,Morrinhos,54326,3,3,1,113,84,10,10,74.33628318584071,100.0,20.800353421934247,15.46220962338475,18.40739240879137,18.40739240879137,5.987977708120698,0.0
municipio,CENTRO-OESTE,GO,Goiás,521385,Morro Agudo de Goiás,2505,1,1,1,19,19,0,0,100.0,0.0,75.84830339321357,75.84830339321357,0.0,0.0,0.0,0.37585381051259725
municipio,CENTRO-OESTE,GO,Goiás,521390,Mossâmedes,4626,1,1,1,20,20,0,0,100.0,0.0,43.2338953739732,43.2338953739732,0.0,0.0,0.0,0.6940917075573951
municipio,CENTRO-OESTE,GO,Goiás,521400,Mozarlândia,15199,1,1,1,26,26,0,0,100.0,0.0,17.106388578195933,17.106388578195933,0.0,0.0,0.0,2.2804798666590678
municipio,CENTRO-OESTE,GO,Goiás,521405,Mundo Novo,6202,1,1,1,18,18,0,0,100.0,0.0,29.022895840051596,29.022895840051596,0.0,0.0,0.0,0.9305570190814882
municipio,CENTRO-OESTE,GO,Goiás,521410,Mutunópolis,3540,1,1,1,19,19,0,0,100.0,0.0,53.67231638418079,53.67231638418079,0.0,0.0,0.0,0.5311467022812751
municipio,CENTRO-OESTE,GO,Goiás,521440,Nazário,8349,1,1,1,16,16,0,0,100.0,0.0,19.163971733141693,19.163971733141693,0.0,0.0,0.0,1.2526959936006685
municipio,CENTRO-OESTE,GO,Goiás,521450,Nerópolis,34273,2,2,1,190,111,50,48,58.42105263157895,96.0,55.43722463746973,32.38701018294284,145.8874332564993,140.0519359262393,0.0,0.0
municipio,CENTRO-OESTE,GO,Goiás,521460,Niquelândia,33890,3,3,1,106,57,0,0,53.77358490566038,0.0,31.277663027441722,16.819120684567718,0.0,0.0,0.0,5.084904446415936
municipio,CENTRO-OESTE,GO,Goiás,521470,Nova América,2380,1,1,1,4,4,0,0,100.0,0.0,16.80672268907563,16.80672268907563,0.0,0.0,0.0,0.35709863034729794
municipio,CENTRO-OESTE,GO,Goiás,521480,Nova Aurora,2132,0,0,0,0,0,0,0,0.0,0.0,0.0,0.0,0.0,0.0,3.5315386458364926,0.31988835289934425
municipio,CENTRO-OESTE,GO,Goiás,521483,Nova Crixás,13153,1,1,1,45,45,0,0,100.0,0.0,34.21272713449403,34.21272713449403,0.0,0.0,0.0,1.9734950777134497
municipio,CENTRO-OESTE,GO,Goiás,521486,Nova Glória,8356,0,0,0,0,0,0,0,0.0,0.0,0.0,0.0,0.0,0.0,13.841246212293496,1.2537462836899251
municipio,CENTRO-OESTE,GO,Goiás,521487,Nova Iguaçu de Goiás,3084,0,0,0,0,0,0,0,0.0,0.0,0.0,0.0,0.0,0.0,5.108473350731587,0.4627278050382634
municipio,CENTRO-OESTE,GO,Goiás,521490,Nova Roma,3022,0,0,0,0,0,0,0,0.0,0.0,0.0,0.0,0.0,0.0,5.005773821631276,0.45342523567627496
municipio,CENTRO-OESTE,GO,Goiás,521500,Nova Veneza,9883,1,1,1,7,7,0,0,100.0,0.0,7.082869574015986,7.082869574015986,0.0,0.0,9.370636227393085,1.482859564589221
municipio,CENTRO-OESTE,GO,Goiás,521520,Novo Brasil,3567,1,1,1,10,10,0,0,100.0,0.0,28.034763106251752,28.034763106251752,0.0,0.0,0.0,0.5351978211969798
municipio,CENTRO-OESTE,GO,Goiás,521523,Novo Gama,107663,2,2,1,64,64,0,0,100.0,0.0,5.944474889237714,5.944474889237714,0.0,0.0,114.33773228268963,16.15391169709292
municipio,CENTRO-OESTE,GO,Goiás,521525,Novo Planalto,3703,0,0,0,0,0,0,0,0.0,0.0,0.0,0.0,0.0,0.0,6.133812197716948,0.5556034572168254
municipio,CENTRO-OESTE,GO,Goiás,521530,Orizona,17035,1,1,1,24,23,0,0,95.83333333333334,0.0,14.088641033167008,13.501614323451717,0.0,0.0,5.217523842319257,2.5559559529269835
municipio,CENTRO-OESTE,GO,Goiás,521540,Ouro Verde de Goiás,4109,0,0,0,0,0,0,0,0.0,0.0,0.0,0.0,0.0,0.0,6.806328468922208,0.6165202823937174
municipio,CENTRO-OESTE,GO,Goiás,521550,Ouvidor,7665,1,1,1,19,19,0,0,100.0,0.0,24.787997390737118,24.787997390737118,0.0,0.0,0.0,1.1500676477361509
municipio,CENTRO-OESTE,GO,Goiás,521560,Padre Bernardo,37207,1,1,1,32,32,0,0,100.0,0.0,8.600532157927272,8.600532157927272,0.0,0.0,29.63131256831069,5.582591907282318
municipio,CENTRO-OESTE,GO,Goiás,521565,Palestina de Goiás,3113,1,1,1,19,19,0,0,100.0,0.0,61.034371988435595,61.034371988435595,0.0,0.0,0.0,0.4670790068366128
municipio,CENTRO-OESTE,GO,Goiás,521570,Palmeiras de Goiás,34375,1,1,1,67,66,0,0,98.50746268656717,0.0,19.49090909090909,19.2,0.0,0.0,0.0,5.157674545457297
municipio,CENTRO-OESTE,GO,Goiás,521580,Palmelo,2266,1,1,1,9,9,0,0,100.0,0.0,39.717563989408646,39.717563989408646,0.0,0.0,0.0,0.339993906036545
municipio,CENTRO-OESTE,GO,Goiás,521590,Palminópolis,3959,1,1,1,19,19,0,0,100.0,0.0,47.99191715079565,47.99191715079565,0.0,0.0,0.0,0.5940140661953582
municipio,CENTRO-OESTE,GO,Goiás,521600,Panamá,2432,1,1,1,9,9,0,0,100.0,0.0,37.00657894736842,37.00657894736842,0.0,0.0,0.0,0.36490078529606246
municipio,CENTRO-OESTE,GO,Goiás,521630,Paranaiguara,7356,1,1,1,30,30,0,0,100.0,0.0,40.783034257748774,40.783034257748774,0.0,0.0,0.0,1.103704842367531
municipio,CENTRO-OESTE,GO,Goiás,521640,Paraúna,10727,1,1,1,21,21,0,0,100.0,0.0,19.57676890090426,19.57676890090426,0.0,0.0,0.0,1.6094945410653216
municipio,CENTRO-OESTE,GO,Goiás,521645,Perolândia,2999,0,0,0,0,0,0,0,0.0,0.0,0.0,0.0,0.0,0.0,4.967675609223097,0.44997428252585997
municipio,CENTRO-OESTE,GO,Goiás,521680,Petrolina de Goiás,9519,2,2,1,31,29,0,0,93.54838709677419,0.0,32.566446055257906,30.465385019434812,0.0,0.0,0.0,1.4282444799478695
municipio,CENTRO-OESTE,GO,Goiás,521690,Pilar de Goiás,2254,0,0,0,0,0,0,0,0.0,0.0,0.0,0.0,0.0,0.0,3.7336248160016208,0.3381934087406763
municipio,CENTRO-OESTE,GO,Goiás,521710,Piracanjuba,25373,2,2,1,76,66,0,0,86.8421052631579,0.0,29.953099751704567,26.011902415953966,0.0,0.0,0.0,3.807001490673106
municipio,CENTRO-OESTE,GO,Goiás,521720,Piranhas,11940,1,1,1,30,30,0,0,100.0,0.0,25.12562814070352,25.12562814070352,0.0,0.0,0.0,1.7914948093893857
municipio,CENTRO-OESTE,GO,Goiás,521730,Pirenópolis,28028,1,1,1,34,34,0,0,100.0,0.0,12.130726416440703,12.130726416440703,0.0,0.0,12.42681292941145,4.205361517384063
municipio,CENTRO-OESTE,GO,Goiás,521740,Pires do Rio,33736,1,1,1,35,35,0,0,100.0,0.0,10.374673938819065,10.374673938819065,0.0,0.0,20.881795382711037,5.0617980644522875
municipio,CENTRO-OESTE,GO,Goiás,521760,Planaltina,112304,4,4,1,90,77,10,0,85.55555555555556,0.0,8.013962102863657,6.856389799116683,8.904402336515172,0.0,109.02528896905324,16.850254026270147
municipio,CENTRO-OESTE,GO,Goiás,521770,Pontalina,18763,1,1,1,28,28,0,0,100.0,0.0,14.922986729201087,14.922986729201087,0.0,0.0,3.079859104985983,2.8152275635320803
municipio,CENTRO-OESTE,GO,Goiás,521800,Porangatu,45512,2,2,1,81,52,0,0,64.19753086419753,0.0,17.797503955000877,11.425558094568466,0.0,0.0,23.38808013569909,6.8286860774648
municipio,CENTRO-OESTE,GO,Goiás,521805,Porteirão,4276,1,1,1,16,16,0,0,100.0,0.0,37.418147801683816,37.418147801683816,0.0,0.0,0.0,0.6415772030945572
municipio,CENTRO-OESTE,GO,Goiás,521810,Portelândia,3191,1,1,1,17,17,0,0,100.0,0.0,53.2748354747728,53.2748354747728,0.0,0.0,0.0,0.4787822392597596
municipio,CENTRO-OESTE,GO,Goiás,521830,Posse,36291,3,3,1,82,66,0,0,80.48780487804879,0.0,22.595133779725,18.186327188559147,0.0,0.0,0.0,5.445153947031004
municipio,CENTRO-OESTE,GO,Goiás,521839,Professor Jamil,3750,0,0,0,0,0,0,0,0.0,0.0,0.0,0.0,0.0,0.0,6.211665066551054,0.5626554049589779
municipio,CENTRO-OESTE,GO,Goiás,521850,Quirinópolis,50329,3,3,1,101,45,9,0,44.554455445544555,0.0,20.067952870114645,8.941167120348108,17.882334240696217,0.0,38.36717096918614,7.551435700314773
municipio,CENTRO-OESTE,GO,Goiás,521860,Rialma,12665,1,1,1,26,26,0,0,100.0,0.0,20.529016975917884,20.529016975917884,0.0,0.0,0.0,1.9002748543481214
municipio,CENTRO-OESTE,GO,Goiás,521870,Rianápolis,3893,0,0,0,0,0,0,0,0.0,0.0,0.0,0.0,0.0,0.0,6.448536561088868,0.5841113310680802
municipio,CENTRO-OESTE,GO,Goiás,521878,Rio Quente,4033,1,1,1,9,9,0,0,100.0,0.0,22.315893875526903,22.315893875526903,0.0,0.0,0.0,0.6051171328532154
municipio,CENTRO-OESTE,GO,Goiás,521880,Rio Verde,241494,10,10,1,645,403,89,40,62.48062015503876,44.9438202247191,26.708738105294543,16.687785203773178,36.85391769567774,16.563558514911342,0.0,0.0
municipio,CENTRO-OESTE,GO,Goiás,521890,Rubiataba,20186,2,2,1,80,50,0,0,62.5,0.0,39.631427722183695,24.769642326364806,0.0,0.0,0.0,3.0287365345338477
municipio,CENTRO-OESTE,GO,Goiás,521900,Sanclerlândia,8085,1,1,1,17,17,0,0,100.0,0.0,21.026592455163883,21.026592455163883,0.0,0.0,0.0,1.2130850530915562
municipio,CENTRO-OESTE,GO,Goiás,521910,Santa Bárbara de Goiás,6306,1,1,1,17,17,0,0,100.0,0.0,26.958452267681572,26.958452267681572,0.0,0.0,0.0,0.9461613289790173
municipio,CENTRO-OESTE,GO,Goiás,521920,Santa Cruz de Goiás,3004,1,1,1,16,16,0,0,100.0,0.0,53.26231691078562,53.26231691078562,0.0,0.0,0.0,0.4507244897324719
municipio,CENTRO-OESTE,GO,Goiás,521925,Santa Fé de Goiás,5047,1,1,1,21,21,0,0,100.0,0.0,41.60887656033287,41.60887656033287,0.0,0.0,0.0,0.757259154354123
municipio,CENTRO-OESTE,GO,Goiás,521930,Santa Helena de Goiás,39601,3,3,1,153,124,18,18,81.04575163398692,100.0,38.63538799525265,31.31234059745966,45.4533976414737,45.4533976414737,0.0,0.0
municipio,CENTRO-OESTE,GO,Goiás,521935,Santa Isabel,3543,0,0,0,0,0,0,0,0.0,0.0,0.0,0.0,0.0,0.0,5.8687811548774365,0.5315968266052423
municipio,CENTRO-OESTE,GO,Goiás,521940,Santa Rita do Araguaia,5765,0,0,0,0,0,0,0,0.0,0.0,0.0,0.0,0.0,0.0,9.549399762311154,0.864988909223602
municipio,CENTRO-OESTE,GO,Goiás,521945,Santa Rita do Novo Destino,2611,0,0,0,0,0,0,0,0.0,0.0,0.0,0.0,0.0,0.0,4.324975330337281,0.391758203292771
municipio,CENTRO-OESTE,GO,Goiás,521950,Santa Rosa de Goiás,2828,1,1,1,16,16,0,0,100.0,0.0,56.57708628005658,56.57708628005658,0.0,0.0,0.0,0.42431719605973056
municipio,CENTRO-OESTE,GO,Goiás,521960,Santa Tereza de Goiás,3172,1,1,1,17,17,0,0,100.0,0.0,53.593947036569986,53.593947036569986,0.0,0.0,0.0,0.4759314518746341
municipio,CENTRO-OESTE,GO,Goiás,521970,Santa Terezinha de Goiás,10837,1,1,1,38,38,0,0,100.0,0.0,35.06505490449386,35.06505490449386,0.0,0.0,0.0,1.625999099610785
municipio,CENTRO-OESTE,GO,Goiás,521971,Santo Antônio da Barra,4279,0,0,0,0,0,0,0,0.0,0.0,0.0,0.0,0.0,0.0,7.08792395193919,0.6420273274185244
municipio,CENTRO-OESTE,GO,Goiás,521973,Santo Antônio de Goiás,8066,1,1,1,19,19,0,0,100.0,0.0,23.55566575750062,23.55566575750062,0.0,0.0,0.0,1.210234265706431
municipio,CENTRO-OESTE,GO,Goiás,521975,Santo Antônio do Descoberto,75221,1,1,1,21,21,0,0,100.0,0.0,2.7917735738689995,2.7917735738689995,0.0,0.0,103.59937545894317,11.286267257711808
municipio,CENTRO-OESTE,GO,Goiás,522045,Senador Canedo,175042,3,3,1,74,70,10,8,94.5945945945946,80.0,4.227556814935844,3.999040230344717,5.7129146147781675,4.570331691822534,219.94727375446124,18.263553971954508
municipio,CENTRO-OESTE,GO,Goiás,522050,Serranópolis,8237,1,1,1,13,13,0,0,100.0,0.0,15.782445064950831,15.782445064950831,0.0,0.0,0.6441293741816095,1.2358913521725603
municipio,CENTRO-OESTE,GO,Goiás,522060,Silvânia,23150,1,1,1,44,44,0,0,100.0,0.0,19.00647948164147,19.00647948164147,0.0,0.0,0.0,3.4734593666134232
municipio,CENTRO-OESTE,GO,Goiás,522068,Simolândia,5634,1,1,1,20,20,0,0,100.0,0.0,35.49875754348598,35.49875754348598,0.0,0.0,0.0,0.8453334804103684
municipio,CENTRO-OESTE,GO,Goiás,521980,São Domingos,9457,1,1,1,22,22,0,0,100.0,0.0,23.263191286877444,23.263191286877444,0.0,0.0,0.0,1.418941910585881
municipio,CENTRO-OESTE,GO,Goiás,521990,São Francisco de Goiás,6507,2,2,1,12,12,0,0,100.0,0.0,18.441678192715536,18.441678192715536,0.0,0.0,0.0,0.9763196586848184
municipio,CENTRO-OESTE,GO,Goiás,522000,São João d'Aliança,15026,1,1,1,26,26,0,0,100.0,0.0,17.303340875815255,17.303340875815255,0.0,0.0,0.0,2.2545226973102936
municipio,CENTRO-OESTE,GO,Goiás,522005,São João da Paraúna,1812,0,0,0,0,0,0,0,0.0,0.0,0.0,0.0,0.0,0.0,3.0014765601574696,0.2718750916761781
municipio,CENTRO-OESTE,GO,Goiás,522015,São Luiz do Norte,4939,1,1,1,28,28,0,0,100.0,0.0,56.69163798339745,56.69163798339745,0.0,0.0,0.0,0.7410546786913045
municipio,CENTRO-OESTE,GO,Goiás,522010,São Luís de Montes Belos,35288,2,2,1,89,60,19,10,67.41573033707866,52.63157894736842,25.22103831330764,17.00294717751077,53.84266606211744,28.33824529585128,0.0,0.0
municipio,CENTRO-OESTE,GO,Goiás,522020,São Miguel do Araguaia,22040,2,2,1,74,39,0,0,52.702702702702695,0.0,33.57531760435572,17.695099818511796,0.0,0.0,0.0,3.306913366745566
municipio,CENTRO-OESTE,GO,Goiás,522026,São Miguel do Passa Quatro,4671,1,1,1,11,11,0,0,100.0,0.0,23.549561121815458,23.549561121815458,0.0,0.0,0.0,0.7008435724169029
municipio,CENTRO-OESTE,GO,Goiás,522028,São Patrício,2200,0,0,0,0,0,0,0,0.0,0.0,0.0,0.0,0.0,0.0,3.644176839043285,0.33009117090926704
municipio,CENTRO-OESTE,GO,Goiás,522040,São Simão,17181,1,1,1,52,52,0,0,100.0,0.0,30.26599150224085,30.26599150224085,0.0,0.0,0.0,2.5778620033600532
municipio,CENTRO-OESTE,GO,Goiás,522070,Sítio d'Abadia,2978,0,0,0,0,0,0,0,0.0,0.0,0.0,0.0,0.0,0.0,4.93289028485041,0.4468234122580897
municipio,CENTRO-OESTE,GO,Goiás,522100,Taquaral de Goiás,4180,2,2,1,46,25,0,0,54.347826086956516,0.0,110.04784688995215,59.80861244019139,0.0,0.0,0.0,0.6271732247276074
municipio,CENTRO-OESTE,GO,Goiás,522108,Teresina de Goiás,2660,0,0,0,0,0,0,0,0.0,0.0,0.0,0.0,0.0,0.0,4.406141087206882,0.39911023391756834
municipio,CENTRO-OESTE,GO,Goiás,522119,Terezópolis de Goiás,8340,0,0,0,0,0,0,0,0.0,0.0,0.0,0.0,0.0,0.0,13.814743108009544,1.251345620628767
municipio,CENTRO-OESTE,GO,Goiás,522140,Trindade,153560,5,5,1,576,504,10,0,87.5,0.0,37.50976816879396,32.82104714769471,6.512112529304506,0.0,0.0,23.040363729466836
municipio,CENTRO-OESTE,GO,Goiás,522145,Trombas,3080,1,1,1,15,15,0,0,100.0,0.0,48.7012987012987,48.7012987012987,0.0,0.0,0.0,0.46212763927297384
municipio,CENTRO-OESTE,GO,Goiás,522130,Três Ranchos,2976,0,0,0,0,0,0,0,0.0,0.0,0.0,0.0,0.0,0.0,4.929577396814916,0.44652332937544487
municipio,CENTRO-OESTE,GO,Goiás,522155,Turvelândia,5171,1,1,1,19,19,0,0,100.0,0.0,36.743376522916265,36.743376522916265,0.0,0.0,0.0,0.7758642930780999
municipio,CENTRO-OESTE,GO,Goiás,522150,Turvânia,4449,1,1,1,14,14,0,0,100.0,0.0,31.467745560800182,31.467745560800182,0.0,0.0,0.0,0.6675343724433314
municipio,CENTRO-OESTE,GO,Goiás,522157,Uirapuru,2798,0,0,0,0,0,0,0,0.0,0.0,0.0,0.0,0.0,0.0,4.63473036165596,0.41981595282005874
municipio,CENTRO-OESTE,GO,Goiás,522170,Uruana,13857,1,1,1,20,20,0,0,100.0,0.0,14.433138485963774,14.433138485963774,0.0,0.0,2.9533447539194553,2.0791242524044153
municipio,CENTRO-OESTE,GO,Goiás,522160,Uruaçu,44533,4,4,1,535,392,78,40,73.27102803738318,51.28205128205128,120.13562975770778,88.02461096265691,175.1510116093683,89.82103159454786,0.0,0.0
municipio,CENTRO-OESTE,GO,Goiás,522180,Urutaí,3700,0,0,0,0,0,0,0,0.0,0.0,0.0,0.0,0.0,0.0,6.1288428656637075,0.5551533328928582
municipio,CENTRO-OESTE,GO,Goiás,522185,Valparaíso de Goiás,218416,3,3,1,66,23,0,0,34.84848484848485,0.0,3.0217566478646254,1.0530364075891876,0.0,0.0,338.79387658021733,32.77145144787203
municipio,CENTRO-OESTE,GO,Goiás,522190,Varjão,3770,0,0,0,0,0,0,0,0.0,0.0,0.0,0.0,0.0,0.0,6.244793946905993,0.5656562337854258
municipio,CENTRO-OESTE,GO,Goiás,522200,Vianópolis,15644,2,2,1,40,32,0,0,80.0,0.0,25.568908207619536,20.45512656609563,0.0,0.0,0.0,2.3472483080475337
municipio,CENTRO-OESTE,GO,Goiás,522205,Vicentinópolis,9175,1,1,1,16,16,0,0,100.0,0.0,17.43869209809264,17.43869209809264,0.0,0.0,0.0,1.376630224132966
municipio,CENTRO-OESTE,GO,Goiás,522220,Vila Boa,4145,1,1,1,12,12,0,0,100.0,0.0,28.950542822677928,28.950542822677928,0.0,0.0,0.0,0.6219217742813236
municipio,CENTRO-OESTE,GO,Goiás,522230,Vila Propício,6028,0,0,0,0,0,0,0,0.0,0.0,0.0,0.0,0.0,0.0,9.985044538978602,0.9044498082913917
municipio,CENTRO-OESTE,GO,Goiás,520017,Água Fria de Goiás,4979,1,1,1,10,10,0,0,100.0,0.0,20.084354288009642,20.084354288009642,0.0,0.0,0.0,0.7470563363442002
municipio,CENTRO-OESTE,GO,Goiás,520020,Água Limpa,1843,0,0,0,0,0,0,0,0.0,0.0,0.0,0.0,0.0,0.0,3.052826324707625,0.27652637635717237
municipio,CENTRO-OESTE,GO,Goiás,520025,Águas Lindas de Goiás,245352,2,2,1,139,91,40,0,65.46762589928058,0.0,5.665329811862141,3.7089569271903224,16.303107372265156,0.0,315.4118526422492,36.81296771133204
municipio,NORDESTE,MA,Maranhão,210010,Afonso Cunha,6303,1,1,1,24,24,0,0,100.0,0.0,38.07710613993336,38.07710613993336,0.0,0.0,0.0,0.9457112046550501
municipio,NORDESTE,MA,Maranhão,210020,Alcântara,18721,1,1,1,20,20,0,0,100.0,0.0,10.68319000053416,10.68319000053416,0.0,0.0,11.01028845624061,2.80892582299654
municipio,NORDESTE,MA,Maranhão,210030,Aldeias Altas,23776,1,1,1,24,24,0,0,100.0,0.0,10.09421265141319,10.09421265141319,0.0,0.0,15.383612965951428,3.5673853088812426
municipio,NORDESTE,MA,Maranhão,210040,Altamira do Maranhão,6549,0,0,0,0,0,0,0,0.0,0.0,0.0,0.0,0.0,0.0,10.848051872224762,0.9826213992203591
municipio,NORDESTE,MA,Maranhão,210043,Alto Alegre do Maranhão,24528,1,1,1,66,58,0,0,87.87878787878788,0.0,26.908023483365948,23.64644487932159,0.0,0.0,0.0,3.6802164727556828
municipio,NORDESTE,MA,Maranhão,210047,Alto Alegre do Pindaré,26321,1,1,1,50,50,0,0,100.0,0.0,18.996238744728544,18.996238744728544,0.0,0.0,0.0,3.949240777046735
municipio,NORDESTE,MA,Maranhão,210050,Alto Parnaíba,11392,2,2,1,33,26,0,0,78.78787878787878,0.0,28.967696629213485,22.823033707865168,0.0,0.0,0.0,1.7092720995447135
municipio,NORDESTE,MA,Maranhão,210055,Amapá do Maranhão,7380,1,1,1,14,14,0,0,100.0,0.0,18.97018970189702,18.97018970189702,0.0,0.0,0.0,1.1073058369592685
municipio,NORDESTE,MA,Maranhão,210060,Amarante do Maranhão,38335,1,1,1,59,51,0,0,86.4406779661017,0.0,15.390635189774358,13.303769401330378,0.0,0.0,12.499781420329242,5.751838653093978
municipio,NORDESTE,MA,Maranhão,210070,Anajatuba,26250,1,1,1,25,25,0,0,100.0,0.0,9.523809523809524,9.523809523809524,0.0,0.0,18.481655465857383,3.9385878347128456
municipio,NORDESTE,MA,Maranhão,210080,Anapurus,14113,1,1,1,26,26,0,0,100.0,0.0,18.422730815560122,18.422730815560122,0.0,0.0,0.0,2.117534861382948
municipio,NORDESTE,MA,Maranhão,210083,Apicum-Açu,18033,1,1,1,16,16,0,0,100.0,0.0,8.872622414462375,8.872622414462375,0.0,0.0,13.870654972030708,2.705697311366733
municipio,NORDESTE,MA,Maranhão,210087,Araguanã,11297,1,1,1,17,17,0,0,100.0,0.0,15.048242896344162,15.048242896344162,0.0,0.0,1.7128480684872707,1.695018162619086
municipio,NORDESTE,MA,Maranhão,210090,Araioses,40231,2,2,1,119,119,0,0,100.0,0.0,29.579180234147795,29.579180234147795,0.0,0.0,0.0,6.036317225841238
municipio,NORDESTE,MA,Maranhão,210095,Arame,26089,1,1,1,50,50,0,0,100.0,0.0,19.16516539537736,19.16516539537736,0.0,0.0,0.0,3.9144311626599397
municipio,NORDESTE,MA,Maranhão,210100,Arari,30555,1,1,1,44,44,0,0,100.0,0.0,14.400261822942236,14.400261822942236,0.0,0.0,6.6126469622579895,4.584516239605752
municipio,NORDESTE,MA,Maranhão,210110,Axixá,12091,1,1,1,25,25,0,0,100.0,0.0,20.67653626664461,20.67653626664461,0.0,0.0,0.0,1.8141510670290673
municipio,NORDESTE,MA,Maranhão,210005,Açailândia,110611,4,4,1,286,183,19,10,63.98601398601399,52.63157894736842,25.856379564419452,16.544466644366295,17.177315095243692,9.040692155391417,0.22092924700761937,6.596233866111334
municipio,NORDESTE,MA,Maranhão,210120,Bacabal,107755,4,4,1,229,219,20,10,95.63318777292577,50.0,21.25191406431256,20.323882882464854,18.5606236369542,9.2803118184771,0.0,6.1677155096945775
municipio,NORDESTE,MA,Maranhão,210125,Bacabeira,17459,1,1,1,26,26,0,0,100.0,0.0,14.892032762472077,14.892032762472077,0.0,0.0,2.9198561058439636,2.619573524047679
municipio,NORDESTE,MA,Maranhão,210130,Bacuri,16591,1,1,1,23,23,0,0,100.0,0.0,13.862937737327467,13.862937737327467,0.0,0.0,4.482062698439611,2.4893375529798405
municipio,NORDESTE,MA,Maranhão,210135,Bacurituba,5375,0,0,0,0,0,0,0,0.0,0.0,0.0,0.0,0.0,0.0,8.903386595389845,0.8064727471078683
municipio,NORDESTE,MA,Maranhão,210140,Balsas,105974,3,3,1,211,167,23,14,79.14691943127961,60.86956521739131,19.91054409572159,15.75858229377017,21.703436692018798,13.210787551663614,8.539998336715056,1.9004917026993946
municipio,NORDESTE,MA,Maranhão,210160,Barra do Corda,87757,5,5,1,254,208,20,10,81.88976377952756,50.0,28.94356005788712,23.70181296078945,22.790204769989856,11.395102384994928,0.0,3.1671867661293405
municipio,NORDESTE,MA,Maranhão,210170,Barreirinhas,68234,1,1,1,66,64,12,10,96.96969696969697,83.33333333333334,9.672597238913152,9.37948823167336,17.586540434387548,14.655450361989624,49.02580110694523,0.23792770719223935
municipio,NORDESTE,MA,Maranhão,210150,Barão de Grajaú,19493,1,1,1,31,31,0,0,100.0,0.0,15.903144718616941,15.903144718616941,0.0,0.0,1.289063237941251,2.9247578156974283
municipio,NORDESTE,MA,Maranhão,210177,Bela Vista do Maranhão,12104,1,1,1,20,20,0,0,100.0,0.0,16.523463317911435,16.523463317911435,0.0,0.0,0.04959839080905536,1.8161016057662582
municipio,NORDESTE,MA,Maranhão,210173,Belágua,8751,1,1,1,14,13,0,0,92.85714285714286,0.0,15.99817163752714,14.855445091989488,0.0,0.0,1.49554159930354,1.3130126530122708
municipio,NORDESTE,MA,Maranhão,210180,Benedito Leite,5599,1,1,1,16,16,0,0,100.0,0.0,28.576531523486338,28.576531523486338,0.0,0.0,0.0,0.8400820299640847
municipio,NORDESTE,MA,Maranhão,210190,Bequimão,19968,1,1,1,18,18,0,0,100.0,0.0,9.014423076923077,9.014423076923077,0.0,0.0,15.075874146371055,2.996027500325565
municipio,NORDESTE,MA,Maranhão,210193,Bernardo do Mearim,5989,1,1,1,15,15,0,0,100.0,0.0,25.04591751544498,25.04591751544498,0.0,0.0,0.0,0.8985981920798183
municipio,NORDESTE,MA,Maranhão,210197,Boa Vista do Gurupi,7781,1,1,1,16,16,0,0,100.0,0.0,20.562909651715717,20.562909651715717,0.0,0.0,0.0,1.1674724549295485
municipio,NORDESTE,MA,Maranhão,210200,Bom Jardim,33936,1,1,1,34,34,0,0,100.0,0.0,10.01885902876002,10.01885902876002,0.0,0.0,22.21308418626042,5.091806352716766
municipio,NORDESTE,MA,Maranhão,210203,Bom Jesus das Selvas,29606,1,1,1,22,22,0,0,100.0,0.0,7.430926163615484,7.430926163615484,0.0,0.0,27.040681589416135,4.4421269117908
municipio,NORDESTE,MA,Maranhão,210207,Bom Lugar,12371,0,0,0,0,0,0,0,0.0,0.0,0.0,0.0,0.0,0.0,20.49186894354749,1.8561626705993375
municipio,NORDESTE,MA,Maranhão,210210,Brejo,35354,1,1,1,37,37,0,0,100.0,0.0,10.465576738134297,10.465576738134297,0.0,0.0,21.561921803425598,5.304565116511921
municipio,NORDESTE,MA,Maranhão,210215,Brejo de Areia,9363,0,0,0,0,0,0,0,0.0,0.0,0.0,0.0,0.0,0.0,15.509285338164673,1.4048380151015762
municipio,NORDESTE,MA,Maranhão,210220,Buriti,30866,1,1,1,27,27,0,0,100.0,0.0,8.747489146633836,8.747489146633836,0.0,0.0,24.127801051777297,4.631179127857016
municipio,NORDESTE,MA,Maranhão,210230,Buriti Bravo,22938,1,1,1,44,44,0,0,100.0,0.0,19.182143168541284,19.182143168541284,0.0,0.0,0.0,3.4416505810530764
municipio,NORDESTE,MA,Maranhão,210232,Buriticupu,56733,1,1,1,76,66,0,0,86.8421052631579,0.0,13.396083408245643,11.633440854529109,0.0,0.0,27.9750384588376,8.512301090543385
municipio,NORDESTE,MA,Maranhão,210235,Buritirana,13125,1,1,1,32,32,0,0,100.0,0.0,24.38095238095238,24.38095238095238,0.0,0.0,0.0,1.9692939173564228
municipio,NORDESTE,MA,Maranhão,210237,Cachoeira Grande,10032,0,0,0,0,0,0,0,0.0,0.0,0.0,0.0,0.0,0.0,16.61744638603738,1.5052157393462577
municipio,NORDESTE,MA,Maranhão,210240,Cajapió,10336,1,1,1,19,19,0,0,100.0,0.0,18.38235294117647,18.38235294117647,0.0,0.0,0.0,1.5508283375082654
municipio,NORDESTE,MA,Maranhão,210250,Cajari,16680,1,1,1,22,22,0,0,100.0,0.0,13.189448441247004,13.189448441247004,0.0,0.0,5.629486216019087,2.502691241257534
municipio,NORDESTE,MA,Maranhão,210255,Campestre do Maranhão,12536,1,1,1,21,21,0,0,100.0,0.0,16.751754945756222,16.751754945756222,0.0,0.0,0.0,1.8809195084175325
municipio,NORDESTE,MA,Maranhão,210270,Cantanhede,25059,1,1,1,59,59,0,0,100.0,0.0,23.544435133085916,23.544435133085916,0.0,0.0,0.0,3.759888478097874
municipio,NORDESTE,MA,Maranhão,210275,Capinzal do Norte,11681,1,1,1,12,12,0,0,100.0,0.0,10.273093057101274,10.273093057101274,0.0,0.0,7.348922571302099,1.7526340760868855
municipio,NORDESTE,MA,Maranhão,210280,Carolina,24619,1,1,1,43,43,0,0,100.0,0.0,17.466184654128924,17.466184654128924,0.0,0.0,0.0,3.6938702439160203
municipio,NORDESTE,MA,Maranhão,210290,Carutapera,24906,1,1,1,34,34,0,0,100.0,0.0,13.651328997028827,13.651328997028827,0.0,0.0,7.255394706005487,3.7369321375755478
municipio,NORDESTE,MA,Maranhão,210300,Caxias,163546,5,5,1,431,416,51,41,96.51972157772622,80.3921568627451,26.3534418451078,25.436268695046042,31.183887102099714,25.069399435021342,0.0,0.0
municipio,NORDESTE,MA,Maranhão,210310,Cedral,10446,1,1,1,13,13,0,0,100.0,0.0,12.44495500670113,12.44495500670113,0.0,0.0,4.303214209384616,1.5673328960537287
municipio,NORDESTE,MA,Maranhão,210312,Central do Maranhão,7220,1,1,1,15,15,0,0,100.0,0.0,20.775623268698062,20.775623268698062,0.0,0.0,0.0,1.0832992063476854
municipio,NORDESTE,MA,Maranhão,210317,Centro Novo do Maranhão,16477,1,1,1,14,14,0,0,100.0,0.0,8.496692359045943,8.496692359045943,0.0,0.0,13.293228080416458,2.4722328286690876
municipio,NORDESTE,MA,Maranhão,210315,Centro do Guilherme,12693,1,1,1,4,4,0,0,100.0,0.0,3.151343260064603,3.151343260064603,0.0,0.0,17.025243917262006,1.9044760147051485
municipio,NORDESTE,MA,Maranhão,210320,Chapadinha,84395,3,3,1,184,147,10,10,79.8913043478261,100.0,21.802239469162863,17.418093488950767,11.849043189762428,11.849043189762428,0.0,2.6627474404034497
municipio,NORDESTE,MA,Maranhão,210325,Cidelândia,13141,1,1,1,21,21,0,0,100.0,0.0,15.980518986378511,15.980518986378511,0.0,0.0,0.7673308372126401,1.971694580417581
municipio,NORDESTE,MA,Maranhão,210330,Codó,118283,1,1,1,115,115,10,10,100.0,100.0,9.72244532181294,9.72244532181294,8.454300279837339,8.454300279837339,80.92916775116224,7.747351803936743
municipio,NORDESTE,MA,Maranhão,210340,Coelho Neto,42841,2,2,1,134,109,0,0,81.34328358208955,0.0,31.278448215494503,25.442916832006723,0.0,0.0,0.0,6.427925387692685
municipio,NORDESTE,MA,Maranhão,210350,Colinas,41788,3,3,1,140,136,4,0,97.14285714285714,0.0,33.50244089212214,32.54522829520437,9.572125969177755,0.0,0.0,6.269931749980206
municipio,NORDESTE,MA,Maranhão,210355,Conceição do Lago-Açu,15278,1,1,1,15,15,0,0,100.0,0.0,9.818039010341668,9.818039010341668,0.0,0.0,10.307151703137869,2.2923331405235374
municipio,NORDESTE,MA,Maranhão,210360,Coroatá,61337,1,1,1,129,129,24,24,100.0,100.0,21.031351386601887,21.031351386601887,39.12809560298025,39.12809560298025,0.0,0.0
municipio,NORDESTE,MA,Maranhão,210370,Cururupu,32602,1,1,1,109,103,0,0,94.4954128440367,0.0,33.43353168517269,31.593153794245755,0.0,0.0,0.0,4.891651069992693
municipio,NORDESTE,MA,Maranhão,210260,Cândido Mendes,20440,1,1,1,23,23,0,0,100.0,0.0,11.252446183953033,11.252446183953033,0.0,0.0,10.857715722747614,3.0668470606297356
municipio,NORDESTE,MA,Maranhão,210375,Davinópolis,14828,1,1,1,32,32,0,0,100.0,0.0,21.58079309414621,21.58079309414621,0.0,0.0,0.0,2.22481449192846
municipio,NORDESTE,MA,Maranhão,210380,Dom Pedro,23594,1,1,1,29,29,0,0,100.0,0.0,12.291260489955073,12.291260489955073,0.0,0.0,10.082140154721488,3.5400777665605663
municipio,NORDESTE,MA,Maranhão,210390,Duque Bacelar,10443,1,1,1,26,26,0,0,100.0,0.0,24.897060231734176,24.897060231734176,0.0,0.0,0.0,1.5668827717297618
municipio,NORDESTE,MA,Maranhão,210400,Esperantinópolis,18734,1,1,1,30,30,0,0,100.0,0.0,16.013664994128323,16.013664994128323,0.0,0.0,1.0318222284713205,2.8108763617337313
municipio,NORDESTE,MA,Maranhão,210405,Estreito,34321,2,2,1,57,50,0,0,87.71929824561403,0.0,16.60790769499723,14.568340083330904,0.0,0.0,6.850815133093002,5.149572307625888
municipio,NORDESTE,MA,Maranhão,210407,Feira Nova do Maranhão,8237,1,1,1,20,20,0,0,100.0,0.0,24.280684715308972,24.280684715308972,0.0,0.0,0.0,1.2358913521725603
municipio,NORDESTE,MA,Maranhão,210408,Fernando Falcão,11219,1,1,1,18,18,0,0,100.0,0.0,16.044210713967377,16.044210713967377,0.0,0.0,0.5836454351030074,1.6833149301959394
municipio,NORDESTE,MA,Maranhão,210409,Formosa da Serra Negra,18150,1,1,1,13,13,0,0,100.0,0.0,7.1625344352617075,7.1625344352617075,0.0,0.0,17.0644589221071,2.723252160001453
municipio,NORDESTE,MA,Maranhão,210410,Fortaleza dos Nogueiras,12963,1,1,1,32,32,0,0,100.0,0.0,24.685643755303555,24.685643755303555,0.0,0.0,0.0,1.9449872038621947
municipio,NORDESTE,MA,Maranhão,210420,Fortuna,17347,1,1,1,22,22,0,0,100.0,0.0,12.682308180088777,12.682308180088777,0.0,0.0,6.734334375856303,2.6027688826195705
municipio,NORDESTE,MA,Maranhão,210430,Godofredo Viana,10424,0,0,0,0,0,0,0,0.0,0.0,0.0,0.0,0.0,0.0,17.266772440994185,1.5640319843446362
municipio,NORDESTE,MA,Maranhão,210440,Gonçalves Dias,17580,1,1,1,30,30,0,0,100.0,0.0,17.064846416382252,17.064846416382252,0.0,0.0,0.0,2.6377285384476883
municipio,NORDESTE,MA,Maranhão,210450,Governador Archer,10476,1,1,1,24,24,0,0,100.0,0.0,22.90950744558992,22.90950744558992,0.0,0.0,0.0,1.5718341392934008
municipio,NORDESTE,MA,Maranhão,210455,Governador Edison Lobão,18963,1,1,1,35,35,0,0,100.0,0.0,18.456995201181247,18.456995201181247,0.0,0.0,0.0,2.8452358517965592
municipio,NORDESTE,MA,Maranhão,210460,Governador Eugênio Barros,14264,1,1,1,35,30,0,0,85.71428571428571,0.0,24.537296690970273,21.031968592260235,0.0,0.0,0.0,2.1401911190226297
municipio,NORDESTE,MA,Maranhão,210462,Governador Luiz Rocha,7216,1,1,1,19,19,0,0,100.0,0.0,26.33037694013304,26.33037694013304,0.0,0.0,0.0,1.0826990405823957
municipio,NORDESTE,MA,Maranhão,210465,Governador Newton Bello,10993,1,1,1,25,25,0,0,100.0,0.0,22.741744746656963,22.741744746656963,0.0,0.0,0.0,1.6494055644570782
municipio,NORDESTE,MA,Maranhão,210467,Governador Nunes Freire,23526,1,1,1,206,202,0,0,98.05825242718447,0.0,87.5626965910057,85.86245005525801,0.0,0.0,0.0,3.5298749485506438
municipio,NORDESTE,MA,Maranhão,210480,Grajaú,76837,4,4,1,291,291,20,20,100.0,100.0,37.8723791923162,37.8723791923162,26.029126592657185,26.029126592657185,0.0,0.0
municipio,NORDESTE,MA,Maranhão,210470,Graça Aranha,6160,1,1,1,18,18,0,0,100.0,0.0,29.22077922077922,29.22077922077922,0.0,0.0,0.0,0.9242552785459477
municipio,NORDESTE,MA,Maranhão,210490,Guimarães,10439,1,1,1,36,32,0,0,88.88888888888889,0.0,34.48606188332216,30.654277229619698,0.0,0.0,0.0,1.566282605964472
municipio,NORDESTE,MA,Maranhão,210500,Humberto de Campos,26550,1,1,1,30,30,0,0,100.0,0.0,11.299435028248588,11.299435028248588,0.0,0.0,13.978588671181464,3.9836002671095634
municipio,NORDESTE,MA,Maranhão,210510,Icatu,25332,1,1,1,34,30,0,0,88.23529411764706,0.0,13.421759039949471,11.842728564661298,0.0,0.0,11.961039857565682,3.8008497915788872
municipio,NORDESTE,MA,Maranhão,210520,Igarapé Grande,10461,1,1,1,37,37,0,0,100.0,0.0,35.369467546123694,35.369467546123694,0.0,0.0,0.0,1.5695835176735649
municipio,NORDESTE,MA,Maranhão,210515,Igarapé do Meio,14383,1,1,1,42,42,0,0,100.0,0.0,29.201140234999652,29.201140234999652,0.0,0.0,0.0,2.1580460505399945
municipio,NORDESTE,MA,Maranhão,210530,Imperatriz,285806,11,11,1,1203,910,211,115,75.64422277639235,54.502369668246445,42.09148863214908,31.83977943080271,73.82630175713597,40.23708389606936,0.0,0.0
municipio,NORDESTE,MA,Maranhão,210535,Itaipava do Grajaú,14142,1,1,1,25,25,0,0,100.0,0.0,17.67783906095319,17.67783906095319,0.0,0.0,0.0,2.1218860631812975
municipio,NORDESTE,MA,Maranhão,210540,Itapecuru Mirim,62264,1,1,1,78,78,0,0,100.0,0.0,12.527303096492355,12.527303096492355,0.0,0.0,25.13683032099596,9.342180302497546
municipio,NORDESTE,MA,Maranhão,210542,Itinga do Maranhão,22896,1,1,1,45,45,0,0,100.0,0.0,19.654088050314467,19.654088050314467,0.0,0.0,0.0,3.4353488405175354
municipio,NORDESTE,MA,Maranhão,210545,Jatobá,7593,1,1,1,16,16,0,0,100.0,0.0,21.07204003687607,21.07204003687607,0.0,0.0,0.0,1.1392646639609385
municipio,NORDESTE,MA,Maranhão,210547,Jenipapo dos Vieiras,17529,1,1,1,20,20,0,0,100.0,0.0,11.409663985395632,11.409663985395632,0.0,0.0,9.035807187086247,2.6300764249402464
municipio,NORDESTE,MA,Maranhão,210560,Joselândia,15227,1,1,1,22,22,0,0,100.0,0.0,14.448019964536677,14.448019964536677,0.0,0.0,3.2226730582327776,2.284681027016095
municipio,NORDESTE,MA,Maranhão,210550,João Lisboa,25311,2,2,1,64,60,0,0,93.75,0.0,25.28544901426257,23.705108450871162,0.0,0.0,0.0,3.797698921311117
municipio,NORDESTE,MA,Maranhão,210565,Junco do Maranhão,5282,1,1,1,4,4,0,0,100.0,0.0,7.572889057175312,7.572889057175312,0.0,0.0,4.749337301739379,0.7925188930648857
municipio,NORDESTE,MA,Maranhão,210590,Lago Verde,15069,1,1,1,45,45,0,0,100.0,0.0,29.86263189329086,29.86263189329086,0.0,0.0,0.0,2.2609744792871567
municipio,NORDESTE,MA,Maranhão,210570,Lago da Pedra,45865,4,4,1,157,109,10,10,69.42675159235668,100.0,34.23089501798757,23.76539845197863,21.803117845851958,21.803117845851958,0.0,0.0
municipio,NORDESTE,MA,Maranhão,210580,Lago do Junco,9687,1,1,1,20,20,0,0,100.0,0.0,20.646226902033654,20.646226902033654,0.0,0.0,0.0,1.4534514420900317
municipio,NORDESTE,MA,Maranhão,210594,Lago dos Rodrigues,8962,1,1,1,22,22,0,0,100.0,0.0,24.54809194376255,24.54809194376255,0.0,0.0,0.0,1.344671397131296
municipio,NORDESTE,MA,Maranhão,210596,Lagoa Grande do Maranhão,11731,1,1,1,19,19,0,0,100.0,0.0,16.196402693717502,16.196402693717502,0.0,0.0,0.43174477218944357,1.7601361481530053
municipio,NORDESTE,MA,Maranhão,210592,Lagoa do Mato,10806,2,2,1,23,23,0,0,100.0,0.0,21.284471589857485,21.284471589857485,0.0,0.0,0.0,1.6213478149297906
municipio,NORDESTE,MA,Maranhão,210598,Lajeado Novo,7232,0,0,0,0,0,0,0,0.0,0.0,0.0,0.0,0.0,0.0,11.979403136345928,1.0850997036435543
municipio,NORDESTE,MA,Maranhão,210600,Lima Campos,11559,1,1,1,31,31,0,0,100.0,0.0,26.818928973094557,26.818928973094557,0.0,0.0,0.0,1.7343290202455535
municipio,NORDESTE,MA,Maranhão,210610,Loreto,11884,1,1,1,22,22,0,0,100.0,0.0,18.512285425782565,18.512285425782565,0.0,0.0,0.0,1.7830924886753317
municipio,NORDESTE,MA,Maranhão,210620,Luís Domingues,7366,1,1,1,12,12,0,0,100.0,0.0,16.29106706489275,16.29106706489275,0.0,0.0,0.2013666347240177,1.105205256780755
municipio,NORDESTE,MA,Maranhão,210630,Magalhães de Almeida,13933,1,1,1,21,21,0,0,100.0,0.0,15.07213091222278,15.07213091222278,0.0,0.0,2.079234499268224,2.090527401944917
municipio,NORDESTE,MA,Maranhão,210632,Maracaçumé,21730,1,1,1,11,11,0,0,100.0,0.0,5.062126092959042,5.062126092959042,0.0,0.0,24.994528505641178,3.2604005199356236
municipio,NORDESTE,MA,Maranhão,210635,Marajá do Sena,7153,0,0,0,0,0,0,0,0.0,0.0,0.0,0.0,0.0,0.0,11.848544058943919,1.073246429779085
municipio,NORDESTE,MA,Maranhão,210637,Maranhãozinho,14092,1,1,1,18,18,0,0,100.0,0.0,12.773204655123473,12.773204655123473,0.0,0.0,5.342609098089991,2.1143839911151776
municipio,NORDESTE,MA,Maranhão,210640,Mata Roma,17581,1,1,1,23,23,0,0,100.0,0.0,13.08230476082134,13.08230476082134,0.0,0.0,6.121942276009091,2.6378785798890108
municipio,NORDESTE,MA,Maranhão,210650,Matinha,22540,1,1,1,17,17,0,0,100.0,0.0,7.542147293700088,7.542147293700088,0.0,0.0,20.336248160016204,3.381934087406763
municipio,NORDESTE,MA,Maranhão,210660,Matões,33327,1,1,1,51,51,0,0,100.0,0.0,15.302907552434963,15.302907552434963,0.0,0.0,4.20430977945253,5.000431114951429
municipio,NORDESTE,MA,Maranhão,210663,Matões do Norte,18021,0,0,0,0,0,0,0,0.0,0.0,0.0,0.0,0.0,0.0,29.850777643817743,2.7038968140708644
municipio,NORDESTE,MA,Maranhão,210667,Milagres do Maranhão,9065,1,1,1,12,12,0,0,100.0,0.0,13.237727523441809,13.237727523441809,0.0,0.0,3.015665020876083,1.3601256655875027
municipio,NORDESTE,MA,Maranhão,210670,Mirador,21536,2,2,1,22,22,0,0,100.0,0.0,10.215453194650818,10.215453194650818,0.0,0.0,13.673178366198266,3.2312924803190795
municipio,NORDESTE,MA,Maranhão,210675,Miranda do Norte,24373,1,1,1,52,44,0,0,84.61538461538461,0.0,21.335083904320353,18.052763303655684,0.0,0.0,0.0,3.6569600493507117
municipio,NORDESTE,MA,Maranhão,210680,Mirinzal,14298,1,1,1,20,20,0,0,100.0,0.0,13.987970345502866,13.987970345502866,0.0,0.0,3.683836565745863,2.145292528027591
municipio,NORDESTE,MA,Maranhão,210700,Montes Altos,9306,1,1,1,32,32,0,0,100.0,0.0,34.386417365140765,34.386417365140765,0.0,0.0,0.0,1.3962856529461998
municipio,NORDESTE,MA,Maranhão,210690,Monção,28563,2,2,1,67,67,0,0,100.0,0.0,23.456919791338443,23.456919791338443,0.0,0.0,0.0,4.285633688491543
municipio,NORDESTE,MA,Maranhão,210710,Morros,19015,2,2,1,38,34,0,0,89.47368421052632,0.0,19.98422298185643,17.88062056271365,0.0,0.0,0.0,2.8530380067453236
municipio,NORDESTE,MA,Maranhão,210720,Nina Rodrigues,14589,1,1,1,21,21,0,0,100.0,0.0,14.394406744807732,14.394406744807732,0.0,0.0,3.1658617749102222,2.1889545874524075
municipio,NORDESTE,MA,Maranhão,210725,Nova Colinas,5148,1,1,1,25,25,0,0,100.0,0.0,48.562548562548564,48.562548562548564,0.0,0.0,0.0,0.7724133399276849
municipio,NORDESTE,MA,Maranhão,210730,Nova Iorque,4409,1,1,1,16,16,0,0,100.0,0.0,36.28940802903153,36.28940802903153,0.0,0.0,0.0,0.6615327147904355
municipio,NORDESTE,MA,Maranhão,210735,Nova Olinda do Maranhão,14379,1,1,1,64,64,0,0,100.0,0.0,44.509353918909525,44.509353918909525,0.0,0.0,0.0,2.1574458847747047
municipio,NORDESTE,MA,Maranhão,210740,Olho d'Água das Cunhãs,18288,1,1,1,20,20,0,0,100.0,0.0,10.936132983377078,10.936132983377078,0.0,0.0,10.293048196556182,2.7439578789039434
municipio,NORDESTE,MA,Maranhão,210745,Olinda Nova do Maranhão,13921,1,1,1,50,42,0,0,84.0,0.0,35.91695998850658,30.17024639034552,0.0,0.0,0.0,2.0887269046490484
municipio,NORDESTE,MA,Maranhão,210760,Palmeirândia,21657,1,1,1,21,19,0,0,90.47619047619048,0.0,9.696633882809254,8.773144941589324,0.0,0.0,16.87360809234565,3.2494474947190892
municipio,NORDESTE,MA,Maranhão,210770,Paraibano,18589,1,1,1,48,48,0,0,100.0,0.0,25.82172252407338,25.82172252407338,0.0,0.0,0.0,2.789120352741984
municipio,NORDESTE,MA,Maranhão,210780,Parnarama,32232,1,1,1,53,53,0,0,100.0,0.0,16.443286175229584,16.443286175229584,0.0,0.0,0.3905035800196272,4.836135736703407
municipio,NORDESTE,MA,Maranhão,210790,Passagem Franca,17591,2,2,1,111,85,0,0,76.57657657657657,0.0,63.10044909328634,48.32016372008413,0.0,0.0,0.0,2.6393789943022345
municipio,NORDESTE,MA,Maranhão,210800,Pastos Bons,19266,2,2,1,55,55,0,0,100.0,0.0,28.547700612477943,28.547700612477943,0.0,0.0,0.0,2.890698408517245
municipio,NORDESTE,MA,Maranhão,210805,Paulino Neves,17578,1,1,1,21,21,0,0,100.0,0.0,11.946751621344863,11.946751621344863,0.0,0.0,8.116972943955851,2.637428455565044
municipio,NORDESTE,MA,Maranhão,210810,Paulo Ramos,20798,1,1,1,35,35,0,0,100.0,0.0,16.82854120588518,16.82854120588518,0.0,0.0,0.0,3.1205618966231525
municipio,NORDESTE,MA,Maranhão,210750,Paço do Lumiar,153158,1,1,1,26,26,0,0,100.0,0.0,1.6975933349873986,1.6975933349873986,0.0,0.0,227.69765287008704,22.980047070055235
municipio,NORDESTE,MA,Maranhão,210820,Pedreiras,38252,4,4,1,174,147,10,9,84.48275862068965,90.0,45.4878176304507,38.429363170553174,26.142423925546375,23.528181532991738,0.0,0.0
municipio,NORDESTE,MA,Maranhão,210825,Pedro do Rosário,24955,1,1,1,36,36,0,0,100.0,0.0,14.425966740132239,14.425966740132239,0.0,0.0,5.336560462875082,3.744284168200345
municipio,NORDESTE,MA,Maranhão,210830,Penalva,33496,2,2,1,65,65,0,0,100.0,0.0,19.40530212562694,19.40530212562694,0.0,0.0,0.0,5.025788118534913
municipio,NORDESTE,MA,Maranhão,210840,Peri Mirim,11229,1,1,1,30,30,0,0,100.0,0.0,26.71653753673524,26.71653753673524,0.0,0.0,0.0,1.6848153446091634
municipio,NORDESTE,MA,Maranhão,210845,Peritoró,20903,1,1,1,69,65,0,0,94.20289855072464,0.0,33.0096158446156,31.096014926087165,0.0,0.0,0.0,3.136316247962004
municipio,NORDESTE,MA,Maranhão,210850,Pindaré-Mirim,32542,1,1,1,41,41,0,0,100.0,0.0,12.599102698051748,12.599102698051748,0.0,0.0,12.904001225521178,4.882648583513349
municipio,NORDESTE,MA,Maranhão,210860,Pinheiro,88091,4,4,1,272,261,25,23,95.95588235294117,92.0,30.877161117480785,29.628452395817963,28.379743674155137,26.109364180222727,0.0,0.0
municipio,NORDESTE,MA,Maranhão,210870,Pio XII,22374,1,1,1,44,44,0,0,100.0,0.0,19.665683382497544,19.665683382497544,0.0,0.0,0.0,3.3570272081472456
municipio,NORDESTE,MA,Maranhão,210880,Pirapemas,18132,1,1,1,20,20,0,0,100.0,0.0,11.030222810500772,11.030222810500772,0.0,0.0,10.034642929787656,2.72055141405765
municipio,NORDESTE,MA,Maranhão,210900,Porto Franco,24571,1,1,1,75,67,10,10,89.33333333333333,100.0,30.523788205608238,27.267917463676692,40.69838427414432,40.69838427414432,0.0,0.0
municipio,NORDESTE,MA,Maranhão,210905,Porto Rico do Maranhão,6092,1,1,1,28,28,0,0,100.0,0.0,45.961917268548916,45.961917268548916,0.0,0.0,0.0,0.9140524605360248
municipio,NORDESTE,MA,Maranhão,210890,Poção de Pedras,17394,1,1,1,39,39,0,0,100.0,0.0,22.42152466367713,22.42152466367713,0.0,0.0,0.0,2.6098208303617234
municipio,NORDESTE,MA,Maranhão,210910,Presidente Dutra,46606,2,2,1,215,211,20,20,98.13953488372093,100.0,46.131399390636396,45.273140797322235,42.912929665708276,42.912929665708276,0.0,0.0
municipio,NORDESTE,MA,Maranhão,210920,Presidente Juscelino,11616,1,1,1,18,18,0,0,100.0,0.0,15.495867768595042,15.495867768595042,0.0,0.0,1.241253710148545,1.74288138240093
municipio,NORDESTE,MA,Maranhão,210923,Presidente Médici,4717,1,1,1,24,24,0,0,100.0,0.0,50.87979648081407,50.87979648081407,0.0,0.0,0.0,0.7077454787177331
municipio,NORDESTE,MA,Maranhão,210927,Presidente Sarney,17925,1,1,1,20,20,0,0,100.0,0.0,11.157601115760112,11.157601115760112,0.0,0.0,9.69175901811404,2.689492835703914
municipio,NORDESTE,MA,Maranhão,210930,Presidente Vargas,10791,1,1,1,22,22,0,0,100.0,0.0,20.387359836901123,20.387359836901123,0.0,0.0,0.0,1.619097193309955
municipio,NORDESTE,MA,Maranhão,210940,Primeira Cruz,13920,1,1,1,20,20,0,0,100.0,0.0,14.367816091954023,14.367816091954023,0.0,0.0,3.0577007270375147,2.088576863207726
municipio,NORDESTE,MA,Maranhão,210945,Raposa,32156,2,2,1,55,20,0,0,36.36363636363637,0.0,17.10411742754074,6.219679064560268,0.0,0.0,33.26461383467086,4.824732587162905
municipio,NORDESTE,MA,Maranhão,210950,Riachão,22740,1,1,1,51,51,0,0,100.0,0.0,22.427440633245386,22.427440633245386,0.0,0.0,0.0,3.411942375671242
municipio,NORDESTE,MA,Maranhão,210955,Ribamar Fiquene,7601,1,1,1,7,7,0,0,100.0,0.0,9.209314563873175,9.209314563873175,0.0,0.0,5.59063097889455,1.1404649954915176
municipio,NORDESTE,MA,Maranhão,210960,Rosário,39761,2,2,1,149,139,0,0,93.28859060402685,0.0,37.473906591886525,34.95887930384045,0.0,0.0,0.0,5.965797748419712
municipio,NORDESTE,MA,Maranhão,210970,Sambaíba,6234,1,1,1,34,34,0,0,100.0,0.0,54.539621430863015,54.539621430863015,0.0,0.0,0.0,0.9353583452038049
municipio,NORDESTE,MA,Maranhão,210975,Santa Filomena do Maranhão,6833,1,1,1,17,17,0,0,100.0,0.0,24.87926240304405,24.87926240304405,0.0,0.0,0.0,1.025233168555919
municipio,NORDESTE,MA,Maranhão,210980,Santa Helena,43200,1,1,1,62,62,0,0,100.0,0.0,14.351851851851851,14.351851851851851,0.0,0.0,9.558381566668151,6.481790265127425
municipio,NORDESTE,MA,Maranhão,210990,Santa Inês,88249,3,3,1,344,260,16,14,75.5813953488372,87.5,38.9806116783193,29.46209022198552,18.130517059683395,15.864202427222972,0.0,0.0
municipio,NORDESTE,MA,Maranhão,211000,Santa Luzia,58839,1,1,1,63,63,0,0,100.0,0.0,10.707184010605213,10.707184010605213,0.0,0.0,34.46350956021266,8.828288365968348
municipio,NORDESTE,MA,Maranhão,211003,Santa Luzia do Paruá,24890,2,2,1,86,86,10,10,100.0,100.0,34.552028927280034,34.552028927280034,40.17677782241864,40.17677782241864,0.0,0.0
municipio,NORDESTE,MA,Maranhão,211010,Santa Quitéria do Maranhão,24495,1,1,1,50,50,0,0,100.0,0.0,20.412329046744237,20.412329046744237,0.0,0.0,0.0,3.6752651051920435
municipio,NORDESTE,MA,Maranhão,211020,Santa Rita,38542,1,1,1,35,35,0,0,100.0,0.0,9.081002542680713,9.081002542680713,0.0,0.0,28.842665332002863,5.7828972314477145
municipio,NORDESTE,MA,Maranhão,211023,Santana do Maranhão,10759,1,1,1,17,17,0,0,100.0,0.0,15.800724974440003,15.800724974440003,0.0,0.0,0.8216811869394125,1.6142958671876382
municipio,NORDESTE,MA,Maranhão,211027,Santo Amaro do Maranhão,14287,1,1,1,20,20,0,0,100.0,0.0,13.998740113389793,13.998740113389793,0.0,0.0,3.665615681550646,2.1436420721730447
municipio,NORDESTE,MA,Maranhão,211030,Santo Antônio dos Lopes,14628,1,1,1,30,30,0,0,100.0,0.0,20.50861361771944,20.50861361771944,0.0,0.0,0.0,2.194806203663981
municipio,NORDESTE,MA,Maranhão,211172,Satubinha,8821,1,1,1,39,39,0,0,100.0,0.0,44.21267429996599,44.21267429996599,0.0,0.0,0.0,1.3235155539048384
municipio,NORDESTE,MA,Maranhão,211174,Senador Alexandre Costa,10447,1,1,1,20,20,0,0,100.0,0.0,19.14425193835551,19.14425193835551,0.0,0.0,0.0,1.5674829374950514
municipio,NORDESTE,MA,Maranhão,211176,Senador La Rocque,15044,0,0,0,0,0,0,0,0.0,0.0,0.0,0.0,0.0,0.0,24.919543802985082,2.257223443254097
municipio,NORDESTE,MA,Maranhão,211178,Serrano do Maranhão,10475,1,1,1,22,22,0,0,100.0,0.0,21.002386634844868,21.002386634844868,0.0,0.0,0.0,1.5716840978520783
municipio,NORDESTE,MA,Maranhão,211190,Sucupira do Norte,10471,1,1,1,24,22,0,0,91.66666666666666,0.0,22.9204469487155,21.010409702989207,0.0,0.0,0.0,1.5710839320867886
municipio,NORDESTE,MA,Maranhão,211195,Sucupira do Riachão,5081,1,1,1,16,16,0,0,100.0,0.0,31.48986419996064,31.48986419996064,0.0,0.0,0.0,0.7623605633590845
municipio,NORDESTE,MA,Maranhão,211040,São Benedito do Rio Preto,18810,1,1,1,32,32,0,0,100.0,0.0,17.01222753854333,17.01222753854333,0.0,0.0,0.0,2.822279511274233
municipio,NORDESTE,MA,Maranhão,211050,São Bento,48166,1,1,1,50,50,0,0,100.0,0.0,10.380766515799527,10.380766515799527,0.0,0.0,29.78428255879949,7.2268960627344345
municipio,NORDESTE,MA,Maranhão,211060,São Bernardo,27910,1,1,1,28,28,0,0,100.0,0.0,10.032246506628448,10.032246506628448,0.0,0.0,18.231352535317313,4.187656627308019
municipio,NORDESTE,MA,Maranhão,211065,São Domingos do Azeitão,8236,1,1,1,20,20,0,0,100.0,0.0,24.283632831471586,24.283632831471586,0.0,0.0,0.0,1.2357413107312378
municipio,NORDESTE,MA,Maranhão,211070,São Domingos do Maranhão,35247,1,1,1,49,45,0,0,91.83673469387756,0.0,13.901892359633443,12.767044003745,0.0,0.0,13.384682293526671,5.288510682290425
municipio,NORDESTE,MA,Maranhão,211085,São Francisco do Brejão,9202,1,1,1,24,24,0,0,100.0,0.0,26.08128667680939,26.08128667680939,0.0,0.0,0.0,1.3806813430486706
municipio,NORDESTE,MA,Maranhão,211090,São Francisco do Maranhão,12360,1,1,1,25,25,0,0,100.0,0.0,20.226537216828476,20.226537216828476,0.0,0.0,0.0,1.8545122147447912
municipio,NORDESTE,MA,Maranhão,211080,São Félix de Balsas,4491,1,1,1,22,22,0,0,100.0,0.0,48.98686261411712,48.98686261411712,0.0,0.0,0.0,0.6738361129788719
municipio,NORDESTE,MA,Maranhão,211120,São José de Ribamar,259164,3,3,1,111,77,0,0,69.36936936936937,0.0,4.283002268833634,2.971091663965674,0.0,0.0,352.29065741537005,38.885340098876945
municipio,NORDESTE,MA,Maranhão,211125,São José dos Basílios,7094,1,1,1,20,20,0,0,100.0,0.0,28.1928390188892,28.1928390188892,0.0,0.0,0.0,1.0643939847410637
municipio,NORDESTE,MA,Maranhão,211100,São João Batista,18889,1,1,1,50,50,0,0,100.0,0.0,26.47043252686749,26.47043252686749,0.0,0.0,0.0,2.834132785138702
municipio,NORDESTE,MA,Maranhão,211102,São João do Carú,12360,1,1,1,35,35,0,0,100.0,0.0,28.317152103559874,28.317152103559874,0.0,0.0,0.0,1.8545122147447912
municipio,NORDESTE,MA,Maranhão,211105,São João do Paraíso,10091,1,1,1,21,21,0,0,100.0,0.0,20.81062332771777,20.81062332771777,0.0,0.0,0.0,1.514068184384279
municipio,NORDESTE,MA,Maranhão,211107,São João do Soter,17253,1,1,1,20,20,0,0,100.0,0.0,11.59218686605228,11.59218686605228,0.0,0.0,8.578628638188091,2.5886649871352656
municipio,NORDESTE,MA,Maranhão,211110,São João dos Patos,25910,1,1,1,47,47,0,0,100.0,0.0,18.139714395986104,18.139714395986104,0.0,0.0,0.0,3.8875737446632312
municipio,NORDESTE,MA,Maranhão,211130,São Luís,1089215,52,52,1,5124,3731,554,424,72.81420765027322,76.53429602888086,47.043053942518235,34.254026982735276,50.86231827508802,38.92711723580744,0.0,0.0
municipio,NORDESTE,MA,Maranhão,211140,São Luís Gonzaga do Maranhão,18123,1,1,1,31,31,0,0,100.0,0.0,17.10533576118744,17.10533576118744,0.0,0.0,0.0,2.7192010410857486
municipio,NORDESTE,MA,Maranhão,211150,São Mateus do Maranhão,40177,2,2,1,93,93,0,0,100.0,0.0,23.147571993926874,23.147571993926874,0.0,0.0,0.0,6.028214988009829
municipio,NORDESTE,MA,Maranhão,211153,São Pedro da Água Branca,14786,1,1,1,34,34,0,0,100.0,0.0,22.994724739618558,22.994724739618558,0.0,0.0,0.0,2.218512751392919
municipio,NORDESTE,MA,Maranhão,211157,São Pedro dos Crentes,5993,1,1,1,18,18,0,0,100.0,0.0,30.035040881027864,30.035040881027864,0.0,0.0,0.0,0.8991983578451078
municipio,NORDESTE,MA,Maranhão,211160,São Raimundo das Mangabeiras,19158,1,1,1,37,37,0,0,100.0,0.0,19.313080697358807,19.313080697358807,0.0,0.0,0.0,2.874493932854426
municipio,NORDESTE,MA,Maranhão,211163,São Raimundo do Doca Bezerra,5761,1,1,1,12,12,0,0,100.0,0.0,20.829717063009895,20.829717063009895,0.0,0.0,0.0,0.8643887434583124
municipio,NORDESTE,MA,Maranhão,211167,São Roberto,4577,0,0,0,0,0,0,0,0.0,0.0,0.0,0.0,0.0,0.0,7.581544269227781,0.6867396769325977
municipio,NORDESTE,MA,Maranhão,211170,São Vicente Ferrer,19865,1,1,1,61,61,0,0,100.0,0.0,30.70727410017619,30.70727410017619,0.0,0.0,0.0,2.980573231869359
municipio,NORDESTE,MA,Maranhão,211180,Sítio Novo,17464,1,1,1,36,36,0,0,100.0,0.0,20.61383417315621,20.61383417315621,0.0,0.0,0.0,2.6203237312542904
municipio,NORDESTE,MA,Maranhão,211200,Tasso Fragoso,9130,1,1,1,18,18,0,0,100.0,0.0,19.715224534501644,19.715224534501644,0.0,0.0,0.0,1.3698783592734582
municipio,NORDESTE,MA,Maranhão,211210,Timbiras,27328,1,1,1,58,58,0,0,100.0,0.0,21.223653395784545,21.223653395784545,0.0,0.0,0.0,4.100332508458386
municipio,NORDESTE,MA,Maranhão,211220,Timon,182711,2,2,1,158,158,14,14,100.0,100.0,8.647536273130791,8.647536273130791,7.662373912900701,7.662373912900701,144.65054292656257,13.414221785455949
municipio,NORDESTE,MA,Maranhão,211223,Trizidela do Vale,23097,1,1,1,27,27,0,0,100.0,0.0,11.689829848032213,11.689829848032213,0.0,0.0,11.258887477901252,3.4655071702233364
municipio,NORDESTE,MA,Maranhão,211227,Tufilândia,5633,1,1,1,30,30,0,0,100.0,0.0,53.25758920646192,53.25758920646192,0.0,0.0,0.0,0.845183438969046
municipio,NORDESTE,MA,Maranhão,211230,Tuntum,37364,1,1,1,56,56,0,0,100.0,0.0,14.987688684295042,14.987688684295042,0.0,0.0,5.891374279096963,5.606148413569933
municipio,NORDESTE,MA,Maranhão,211240,Turiaçu,38993,1,1,1,48,48,0,0,100.0,0.0,12.309901777242068,12.309901777242068,0.0,0.0,16.589721584006742,5.8505659214841135
municipio,NORDESTE,MA,Maranhão,211245,Turilândia,33219,2,2,1,35,35,0,0,100.0,0.0,10.53613895662121,10.53613895662121,0.0,0.0,20.025413825535864,4.98422663928861
municipio,NORDESTE,MA,Maranhão,211250,Tutóia,55076,1,1,1,42,42,0,0,100.0,0.0,7.625826131164209,7.625826131164209,0.0,0.0,49.2303107214309,8.263682422272177
municipio,NORDESTE,MA,Maranhão,211260,Urbano Santos,34143,1,1,1,37,37,0,0,100.0,0.0,10.836774741528277,10.836774741528277,0.0,0.0,19.55596809793404,5.122864931070502
municipio,NORDESTE,MA,Maranhão,211270,Vargem Grande,44444,1,1,1,45,45,0,0,100.0,0.0,10.125101251012511,10.125101251012511,0.0,0.0,28.618997924745344,6.668441818132483
municipio,NORDESTE,MA,Maranhão,211280,Viana,53176,2,2,1,117,112,5,0,95.72649572649573,0.0,22.002407100947796,21.062133293214984,9.402738077328118,0.0,0.0,7.97860368375963
municipio,NORDESTE,MA,Maranhão,211285,Vila Nova dos Martírios,10561,1,1,1,35,33,0,0,94.28571428571428,0.0,33.14080106050563,31.247040999905312,0.0,0.0,0.0,1.5845876618058041
municipio,NORDESTE,MA,Maranhão,211300,Vitorino Freire,31920,1,1,1,48,44,0,0,91.66666666666666,0.0,15.037593984962406,13.784461152882205,0.0,0.0,8.873693046482577,4.789322807010819
municipio,NORDESTE,MA,Maranhão,211290,Vitória do Mearim,31859,1,1,1,32,32,0,0,100.0,0.0,10.044257509651905,10.044257509651905,0.0,0.0,20.77264996140001,4.780170279090154
municipio,NORDESTE,MA,Maranhão,211400,Zé Doca,41815,1,1,1,50,50,0,0,100.0,0.0,11.957431543704413,11.957431543704413,0.0,0.0,19.26420660208862,6.273982868895909
municipio,NORDESTE,MA,Maranhão,210015,Água Doce do Maranhão,12461,0,0,0,0,0,0,0,0.0,0.0,0.0,0.0,0.0,0.0,20.640948905144715,1.869666400318353
municipio,SUDESTE,MG,Minas Gerais,310010,Abadia dos Dourados,6345,1,1,1,12,12,0,0,100.0,0.0,18.912529550827422,18.912529550827422,0.0,0.0,0.0,0.9520129451905905
municipio,SUDESTE,MG,Minas Gerais,310020,Abaeté,23173,1,1,1,63,58,0,0,92.06349206349206,0.0,27.186812238380874,25.029128727398266,0.0,0.0,0.0,3.4769103197638387
municipio,SUDESTE,MG,Minas Gerais,310030,Abre Campo,14354,1,1,1,76,68,0,0,89.47368421052632,0.0,52.94691375226417,47.37355440992059,0.0,0.0,0.0,2.153694848741645
municipio,SUDESTE,MG,Minas Gerais,310040,Acaiaca,3998,0,0,0,0,0,0,0,0.0,0.0,0.0,0.0,0.0,0.0,6.6224631829522975,0.5998656824069316
municipio,SUDESTE,MG,Minas Gerais,310080,Aguanil,4509,0,0,0,0,0,0,0,0.0,0.0,0.0,0.0,0.0,0.0,7.468906076020987,0.676536858922675
municipio,SUDESTE,MG,Minas Gerais,310110,Aimorés,26212,1,1,1,53,43,0,0,81.13207547169812,0.0,20.21974668090951,16.404700137341678,0.0,0.0,0.4187105931829916,3.9328862599425944
municipio,SUDESTE,MG,Minas Gerais,310120,Aiuruoca,6389,1,1,1,49,36,10,0,73.46938775510205,0.0,76.6943183596807,56.34684614180623,156.51901706057288,0.0,0.0,0.9586147686087759
municipio,SUDESTE,MG,Minas Gerais,310130,Alagoa,2820,1,1,1,17,13,0,0,76.47058823529412,0.0,60.283687943262414,46.09929078014184,0.0,0.0,0.0,0.42311686452915137
municipio,SUDESTE,MG,Minas Gerais,310140,Albertina,3027,0,0,0,0,0,0,0,0.0,0.0,0.0,0.0,0.0,0.0,5.0140560417200115,0.4541754428828869
municipio,SUDESTE,MG,Minas Gerais,310160,Alfenas,82303,3,3,1,372,272,54,53,73.11827956989248,98.14814814814815,45.19883843845303,33.04861305177211,65.61121708807698,64.39619454940889,0.0,0.0
municipio,SUDESTE,MG,Minas Gerais,310163,Alfredo Vasconcelos,7236,0,0,0,0,0,0,0,0.0,0.0,0.0,0.0,0.0,0.0,11.986028912416915,1.0856998694088438
municipio,SUDESTE,MG,Minas Gerais,310170,Almenara,42019,1,1,1,95,89,10,9,93.6842105263158,90.0,22.60881981960542,21.18089435731455,23.798757704847805,21.41888193436303,0.0,0.0
municipio,SUDESTE,MG,Minas Gerais,310180,Alpercata,7019,0,0,0,0,0,0,0,0.0,0.0,0.0,0.0,0.0,0.0,11.626580560565827,1.0531408766418842
municipio,SUDESTE,MG,Minas Gerais,310190,Alpinópolis,18673,1,1,1,44,40,0,0,90.9090909090909,0.0,23.563433834948853,21.42130348631714,0.0,0.0,0.0,2.8017238338130652
municipio,SUDESTE,MG,Minas Gerais,310200,Alterosa,14272,1,1,1,27,21,0,0,77.77777777777779,0.0,18.91816143497758,14.714125560538116,0.0,0.0,2.6407690212844397,2.1413914505532086
municipio,SUDESTE,MG,Minas Gerais,310205,Alto Caparaó,6014,0,0,0,0,0,0,0,0.0,0.0,0.0,0.0,0.0,0.0,9.961854322730144,0.9023492281128782
municipio,SUDESTE,MG,Minas Gerais,315350,Alto Jequitibá,8606,0,0,0,0,0,0,0,0.0,0.0,0.0,0.0,0.0,0.0,14.255357216730234,1.2912566440205238
municipio,SUDESTE,MG,Minas Gerais,310210,Alto Rio Doce,10931,1,1,1,19,18,0,0,94.73684210526315,0.0,17.381758302076662,16.46692891775684,0.0,0.0,0.1065895579918865,1.64010299509509
municipio,SUDESTE,MG,Minas Gerais,310220,Alvarenga,3983,0,0,0,0,0,0,0,0.0,0.0,0.0,0.0,0.0,0.0,6.597616522686093,0.5976150607870957
municipio,SUDESTE,MG,Minas Gerais,310230,Alvinópolis,15358,1,1,1,35,30,0,0,85.71428571428571,0.0,22.789425706472194,19.533793462690454,0.0,0.0,0.0,2.3043364558293287
municipio,SUDESTE,MG,Minas Gerais,310240,Alvorada de Minas,4359,0,0,0,0,0,0,0,0.0,0.0,0.0,0.0,0.0,0.0,7.2204394733589465,0.6540306427243159
municipio,SUDESTE,MG,Minas Gerais,310150,Além Paraíba,31159,1,1,1,96,55,8,5,57.291666666666664,62.5,30.809717898520493,17.651400879360697,25.67476491543374,16.046728072146088,0.0,0.0
municipio,SUDESTE,MG,Minas Gerais,310250,Amparo do Serra,4574,0,0,0,0,0,0,0,0.0,0.0,0.0,0.0,0.0,0.0,7.576574937174539,0.6862895526086307
municipio,SUDESTE,MG,Minas Gerais,310260,Andradas,42501,1,1,1,52,37,0,0,71.15384615384616,0.0,12.23500623514741,8.705677513470272,0.0,0.0,33.40052719826303,6.376911297643072
municipio,SUDESTE,MG,Minas Gerais,310280,Andrelândia,12163,2,2,1,54,38,0,0,70.37037037037037,0.0,44.396941544026966,31.242292197648606,0.0,0.0,0.0,1.8249540508042794
municipio,SUDESTE,MG,Minas Gerais,310285,Angelândia,7849,0,0,0,0,0,0,0,0.0,0.0,0.0,0.0,0.0,0.0,13.001429095295792,1.1776752729394713
municipio,SUDESTE,MG,Minas Gerais,310290,Antônio Carlos,11350,1,1,1,13,12,0,0,92.3076923076923,0.0,11.45374449339207,10.572687224669602,0.0,0.0,6.80063960142786,1.7029703590091732
municipio,SUDESTE,MG,Minas Gerais,310300,Antônio Dias,9375,0,0,0,0,0,0,0,0.0,0.0,0.0,0.0,0.0,0.0,15.529162666377635,1.406638512397445
municipio,SUDESTE,MG,Minas Gerais,310310,Antônio Prado de Minas,1552,0,0,0,0,0,0,0,0.0,0.0,0.0,0.0,0.0,0.0,2.5708011155432633,0.23286431693235565
municipio,SUDESTE,MG,Minas Gerais,310330,Aracitaba,2095,0,0,0,0,0,0,0,0.0,0.0,0.0,0.0,0.0,0.0,3.470250217179856,0.31433681957041565
municipio,SUDESTE,MG,Minas Gerais,310350,Araguari,123432,4,4,1,582,418,82,55,71.8213058419244,67.07317073170732,47.151468014777365,33.86480005185041,66.43333981463478,44.558947436645276,0.0,0.0
municipio,SUDESTE,MG,Minas Gerais,310360,Arantina,2998,0,0,0,0,0,0,0,0.0,0.0,0.0,0.0,0.0,0.0,4.966019165205349,0.4498242410845375
municipio,SUDESTE,MG,Minas Gerais,310370,Araponga,8218,0,0,0,0,0,0,0,0.0,0.0,0.0,0.0,0.0,0.0,13.612656937844417,1.2330405647874347
municipio,SUDESTE,MG,Minas Gerais,310375,Araporã,9069,1,1,1,14,14,0,0,100.0,0.0,15.437203660822583,15.437203660822583,0.0,0.0,1.0222907969470698,1.3607258313527921
municipio,SUDESTE,MG,Minas Gerais,310380,Arapuá,2668,0,0,0,0,0,0,0,0.0,0.0,0.0,0.0,0.0,0.0,4.419392639348857,0.40031056544814747
municipio,SUDESTE,MG,Minas Gerais,310400,Araxá,118786,3,3,1,220,144,33,17,65.45454545454545,51.515151515151516,18.520701092721364,12.122640715235802,27.781051639082047,14.3114508443756,52.76235909208895,0.8228226489219068
municipio,SUDESTE,MG,Minas Gerais,310320,Araçaí,2222,0,0,0,0,0,0,0,0.0,0.0,0.0,0.0,0.0,0.0,3.680618607433718,0.33339208261835973
municipio,SUDESTE,MG,Minas Gerais,310340,Araçuaí,35185,1,1,1,85,72,1,0,84.70588235294117,0.0,24.158021884325706,20.46326559613472,2.8421202216853776,0.0,0.0,5.279208112928437
municipio,SUDESTE,MG,Minas Gerais,310390,Araújos,9634,0,0,0,0,0,0,0,0.0,0.0,0.0,0.0,0.0,0.0,15.958181666974095,1.4454992456999447
municipio,SUDESTE,MG,Minas Gerais,310410,Arceburgo,9335,1,1,1,9,9,0,0,100.0,0.0,9.6411355115158,9.6411355115158,0.0,0.0,6.4629049056677585,1.400636854744549
municipio,SUDESTE,MG,Minas Gerais,310420,Arcos,43653,2,2,1,75,44,10,0,58.666666666666664,0.0,17.180949762902895,10.079490527569698,22.90793301720386,0.0,28.30875070670751,6.549759038046471
municipio,SUDESTE,MG,Minas Gerais,310430,Areado,14229,1,1,1,16,16,0,0,100.0,0.0,11.244641225665895,11.244641225665895,0.0,0.0,7.5695419285213195,2.1349396685763455
municipio,SUDESTE,MG,Minas Gerais,310440,Argirita,2715,0,0,0,0,0,0,0,0.0,0.0,0.0,0.0,0.0,0.0,4.497245508182964,0.40736251319030004
municipio,SUDESTE,MG,Minas Gerais,310445,Aricanduva,4820,0,0,0,0,0,0,0,0.0,0.0,0.0,0.0,0.0,0.0,7.984060165540289,0.7231997471739395
municipio,SUDESTE,MG,Minas Gerais,310450,Arinos,17586,1,1,1,34,33,0,0,97.05882352941177,0.0,19.33356078698965,18.76492664619584,0.0,0.0,0.0,2.638628787095623
municipio,SUDESTE,MG,Minas Gerais,310460,Astolfo Dutra,14633,0,0,0,0,0,0,0,0.0,0.0,0.0,0.0,0.0,0.0,24.238745311691087,2.195556410870593
municipio,SUDESTE,MG,Minas Gerais,310470,Ataléia,13936,1,1,1,44,44,0,0,100.0,0.0,31.572904707233064,31.572904707233064,0.0,0.0,0.0,2.090977526268884
municipio,SUDESTE,MG,Minas Gerais,310480,Augusto de Lima,4572,0,0,0,0,0,0,0,0.0,0.0,0.0,0.0,0.0,0.0,7.573262049139045,0.6859894697259858
municipio,SUDESTE,MG,Minas Gerais,310050,Açucena,8926,0,0,0,0,0,0,0,0.0,0.0,0.0,0.0,0.0,0.0,14.785419302409256,1.3392699052436898
municipio,SUDESTE,MG,Minas Gerais,310490,Baependi,18782,1,1,1,74,63,10,10,85.13513513513513,100.0,39.39942498136514,33.5427537003514,53.24246619103397,53.24246619103397,0.0,0.0
municipio,SUDESTE,MG,Minas Gerais,310500,Baldim,7595,0,0,0,0,0,0,0,0.0,0.0,0.0,0.0,0.0,0.0,12.580692314788068,1.1395647468435832
municipio,SUDESTE,MG,Minas Gerais,310510,Bambuí,24203,2,2,1,93,77,0,0,82.79569892473118,0.0,38.42498863777218,31.814237904392016,0.0,0.0,0.0,3.6314530043259046
municipio,SUDESTE,MG,Minas Gerais,310520,Bandeira,4811,0,0,0,0,0,0,0,0.0,0.0,0.0,0.0,0.0,0.0,7.969152169380566,0.721849374202038
municipio,SUDESTE,MG,Minas Gerais,310530,Bandeira do Sul,6183,1,1,1,9,9,0,0,100.0,0.0,14.55604075691412,14.55604075691412,0.0,0.0,1.241793361729378,0.9277062316963628
municipio,SUDESTE,MG,Minas Gerais,310560,Barbacena,129695,9,9,1,755,401,85,60,53.11258278145695,70.58823529411765,58.213500905971706,30.918693858668416,65.53837850341185,46.26238482593778,0.0,0.0
municipio,SUDESTE,MG,Minas Gerais,310570,Barra Longa,5717,0,0,0,0,0,0,0,0.0,0.0,0.0,0.0,0.0,0.0,9.469890449459301,0.8577869200401271
municipio,SUDESTE,MG,Minas Gerais,310590,Barroso,20604,1,1,1,44,34,0,0,77.27272727272727,0.0,21.355076684139004,16.501650165016503,0.0,0.0,0.12937254165811013,3.0914538570066084
municipio,SUDESTE,MG,Minas Gerais,310540,Barão de Cocais,32264,1,1,1,35,35,0,0,100.0,0.0,10.848003967270023,10.848003967270023,0.0,0.0,18.443509788587523,4.840937062825724
municipio,SUDESTE,MG,Minas Gerais,310550,Barão do Monte Alto,4952,0,0,0,0,0,0,0,0.0,0.0,0.0,0.0,0.0,0.0,8.202710775882887,0.7430052174284957
municipio,SUDESTE,MG,Minas Gerais,310600,Bela Vista de Minas,10427,0,0,0,0,0,0,0,0.0,0.0,0.0,0.0,0.0,0.0,17.271741773047427,1.5644821086686034
municipio,SUDESTE,MG,Minas Gerais,310610,Belmiro Braga,3292,0,0,0,0,0,0,0,0.0,0.0,0.0,0.0,0.0,0.0,5.4530137064229525,0.49393642483332145
municipio,SUDESTE,MG,Minas Gerais,310620,Belo Horizonte,2415872,62,62,1,11174,6389,1795,900,57.17737605154824,50.13927576601671,46.25245046095157,26.44593753311434,74.30029405531418,37.253629331355306,0.0,0.0
municipio,SUDESTE,MG,Minas Gerais,310630,Belo Oriente,24546,1,1,1,50,47,0,0,94.0,0.0,20.36991770553247,19.14772264320052,0.0,0.0,0.0,3.6829172186994854
municipio,SUDESTE,MG,Minas Gerais,310640,Belo Vale,9012,1,1,1,22,22,0,0,100.0,0.0,24.411895250776745,24.411895250776745,0.0,0.0,0.0,1.3521734691974157
municipio,SUDESTE,MG,Minas Gerais,310650,Berilo,9638,1,1,1,40,40,0,0,100.0,0.0,41.502386387217264,41.502386387217264,0.0,0.0,0.0,1.4460994114652344
municipio,SUDESTE,MG,Minas Gerais,310665,Berizal,4270,0,0,0,0,0,0,0,0.0,0.0,0.0,0.0,0.0,0.0,7.073015955779467,0.6406769544466229
municipio,SUDESTE,MG,Minas Gerais,310660,Bertópolis,4546,0,0,0,0,0,0,0,0.0,0.0,0.0,0.0,0.0,0.0,7.530194504677625,0.6820883922516037
municipio,SUDESTE,MG,Minas Gerais,310670,Betim,431433,4,4,1,1146,475,192,66,41.44851657940663,34.375,26.56264124441107,11.009820760118025,44.502854440898126,15.29785621405873,239.64461190861897,0.0
municipio,SUDESTE,MG,Minas Gerais,310680,Bias Fortes,3367,0,0,0,0,0,0,0,0.0,0.0,0.0,0.0,0.0,0.0,5.577247007753973,0.5051895329325009
municipio,SUDESTE,MG,Minas Gerais,310690,Bicas,14358,1,1,1,32,21,0,0,65.625,0.0,22.287226633235825,14.625992478061011,0.0,0.0,2.783223206810677,2.1542950145069346
municipio,SUDESTE,MG,Minas Gerais,310700,Biquinhas,2397,0,0,0,0,0,0,0,0.0,0.0,0.0,0.0,0.0,0.0,3.970496310539434,0.3596493348497787
municipio,SUDESTE,MG,Minas Gerais,310710,Boa Esperança,41443,1,1,1,80,68,9,9,85.0,100.0,19.303621842048116,16.408078565740897,21.71657457230413,21.71657457230413,0.6480094274867586,0.0
municipio,SUDESTE,MG,Minas Gerais,310720,Bocaina de Minas,5530,0,0,0,0,0,0,0,0.0,0.0,0.0,0.0,0.0,0.0,9.160135418140621,0.8297291705128395
municipio,SUDESTE,MG,Minas Gerais,310730,Bocaiúva,49797,1,1,1,70,70,0,0,100.0,0.0,14.057071711147259,14.057071711147259,0.0,0.0,12.485942751744757,7.47161365353126
municipio,SUDESTE,MG,Minas Gerais,310740,Bom Despacho,54377,1,1,1,112,78,20,9,69.64285714285714,45.0,20.59694356069662,14.344299979770858,36.78025635838682,16.551115361274068,12.07245635302579,0.0
municipio,SUDESTE,MG,Minas Gerais,310750,Bom Jardim de Minas,6988,1,1,1,19,19,0,0,100.0,0.0,27.189467658843732,27.189467658843732,0.0,0.0,0.0,1.0484895919608899
municipio,SUDESTE,MG,Minas Gerais,310760,Bom Jesus da Penha,4677,0,0,0,0,0,0,0,0.0,0.0,0.0,0.0,0.0,0.0,7.747188671002474,0.7017438210648372
municipio,SUDESTE,MG,Minas Gerais,310770,Bom Jesus do Amparo,5786,0,0,0,0,0,0,0,0.0,0.0,0.0,0.0,0.0,0.0,9.58418508668384,0.8681397794913723
municipio,SUDESTE,MG,Minas Gerais,310780,Bom Jesus do Galho,14719,1,1,1,40,33,0,0,82.5,0.0,27.175759222773287,22.42000135878796,0.0,0.0,0.0,2.208459974824319
municipio,SUDESTE,MG,Minas Gerais,310790,Bom Repouso,13312,0,0,0,0,0,0,0,0.0,0.0,0.0,0.0,0.0,0.0,22.05058276424737,1.9973516668837104
municipio,SUDESTE,MG,Minas Gerais,310800,Bom Sucesso,17515,1,1,1,48,38,0,0,79.16666666666666,0.0,27.405081358835282,21.695689409077932,0.0,0.0,0.0,2.6279758447617327
municipio,SUDESTE,MG,Minas Gerais,310810,Bonfim,7710,0,0,0,0,0,0,0,0.0,0.0,0.0,0.0,0.0,0.0,12.771183376828969,1.1568195125956586
municipio,SUDESTE,MG,Minas Gerais,310820,Bonfinópolis de Minas,5600,1,1,1,7,7,0,0,100.0,0.0,12.5,12.5,0.0,0.0,2.276086499382908,0.840232071405407
municipio,SUDESTE,MG,Minas Gerais,310825,Bonito de Minas,10525,1,1,1,1,1,0,0,100.0,0.0,0.9501187648456056,0.9501187648456056,0.0,0.0,16.434073286786624,1.579186169918198
municipio,SUDESTE,MG,Minas Gerais,310830,Borda da Mata,17837,0,0,0,0,0,0,0,0.0,0.0,0.0,0.0,0.0,0.0,29.545991944552306,2.6762891888675435
municipio,SUDESTE,MG,Minas Gerais,310840,Botelhos,15141,1,1,1,19,19,0,0,100.0,0.0,12.548708803909914,12.548708803909914,0.0,0.0,6.080218872706536,2.271777463062369
municipio,SUDESTE,MG,Minas Gerais,310850,Botumirim,5806,0,0,0,0,0,0,0,0.0,0.0,0.0,0.0,0.0,0.0,9.617313967038779,0.8711406083178201
municipio,SUDESTE,MG,Minas Gerais,310855,Brasilândia de Minas,15485,0,0,0,0,0,0,0,0.0,0.0,0.0,0.0,0.0,0.0,25.650035614811486,2.323391718877273
municipio,SUDESTE,MG,Minas Gerais,310860,Brasília de Minas,33262,2,2,1,118,108,10,10,91.52542372881356,100.0,35.47591846551621,32.46948469725212,30.064337682640854,30.064337682640854,0.0,0.0
municipio,SUDESTE,MG,Minas Gerais,310890,Brazópolis,14491,1,1,1,31,24,0,0,77.41935483870968,0.0,21.39258850320889,16.5620040024843,0.0,0.0,0.0035302611710211294,2.174250526202813
municipio,SUDESTE,MG,Minas Gerais,310880,Braúnas,4445,0,0,0,0,0,0,0,0.0,0.0,0.0,0.0,0.0,0.0,7.362893658885183,0.6669342066780418
municipio,SUDESTE,MG,Minas Gerais,310900,Brumadinho,41090,1,1,1,65,65,8,8,100.0,100.0,15.818934047213435,15.818934047213435,19.469457288878072,19.469457288878072,3.0632846892220806,0.0
municipio,SUDESTE,MG,Minas Gerais,310870,Brás Pires,4296,0,0,0,0,0,0,0,0.0,0.0,0.0,0.0,0.0,0.0,7.116083500240888,0.644578031921005
municipio,SUDESTE,MG,Minas Gerais,310910,Bueno Brandão,11168,1,1,1,29,22,0,0,75.86206896551724,0.0,25.96704871060172,19.69914040114613,0.0,0.0,0.0,1.6756628166884973
municipio,SUDESTE,MG,Minas Gerais,310920,Buenópolis,9171,0,0,0,0,0,0,0,0.0,0.0,0.0,0.0,0.0,0.0,15.191248086757259,1.3760300583676763
municipio,SUDESTE,MG,Minas Gerais,310925,Bugre,4159,0,0,0,0,0,0,0,0.0,0.0,0.0,0.0,0.0,0.0,6.889150669809556,0.6240223544598371
municipio,SUDESTE,MG,Minas Gerais,310930,Buritis,24779,2,2,1,34,24,0,0,70.58823529411765,0.0,13.721296258928932,9.685620888655716,0.0,0.0,17.045026315751624,3.7178768745276036
municipio,SUDESTE,MG,Minas Gerais,310940,Buritizeiro,23908,1,1,1,10,10,0,0,100.0,0.0,4.1827003513468295,4.1827003513468295,0.0,0.0,29.60226357629403,3.587190779135798
municipio,SUDESTE,MG,Minas Gerais,310945,Cabeceira Grande,6811,0,0,0,0,0,0,0,0.0,0.0,0.0,0.0,0.0,0.0,11.282040204874463,1.021932256846826
municipio,SUDESTE,MG,Minas Gerais,310950,Cabo Verde,11269,1,1,1,42,30,0,0,71.42857142857143,0.0,37.27038778951105,26.621705563936462,0.0,0.0,0.0,1.6908170022620592
municipio,SUDESTE,MG,Minas Gerais,310980,Cachoeira Dourada,2337,0,0,0,0,0,0,0,0.0,0.0,0.0,0.0,0.0,0.0,3.871109669474617,0.350646848370435
municipio,SUDESTE,MG,Minas Gerais,310960,Cachoeira da Prata,3785,0,0,0,0,0,0,0,0.0,0.0,0.0,0.0,0.0,0.0,6.269640607172198,0.5679068554052616
municipio,SUDESTE,MG,Minas Gerais,310970,Cachoeira de Minas,12302,0,0,0,0,0,0,0,0.0,0.0,0.0,0.0,0.0,0.0,20.377574306322952,1.8458098111480923
municipio,SUDESTE,MG,Minas Gerais,310270,Cachoeira de Pajeú,9347,1,1,1,37,37,0,0,100.0,0.0,39.58489354873221,39.58489354873221,0.0,0.0,0.0,1.4024373520404176
municipio,SUDESTE,MG,Minas Gerais,310990,Caetanópolis,11906,1,1,1,36,33,0,0,91.66666666666666,0.0,30.236855367041827,27.717117419788345,0.0,0.0,0.0,1.7863934003844244
municipio,SUDESTE,MG,Minas Gerais,311000,Caeté,39775,1,1,1,61,54,0,0,88.52459016393442,0.0,15.336266499057198,13.576367064739157,0.0,0.0,11.885060805884851,5.967898328598226
municipio,SUDESTE,MG,Minas Gerais,311010,Caiana,5484,0,0,0,0,0,0,0,0.0,0.0,0.0,0.0,0.0,0.0,9.083938993324262,0.8228272642120094
municipio,SUDESTE,MG,Minas Gerais,311020,Cajuri,4191,0,0,0,0,0,0,0,0.0,0.0,0.0,0.0,0.0,0.0,6.942156878377458,0.6288236805821537
municipio,SUDESTE,MG,Minas Gerais,311030,Caldas,14628,1,1,1,40,33,0,0,82.5,0.0,27.344818156959256,22.559474979491387,0.0,0.0,0.0,2.194806203663981
municipio,SUDESTE,MG,Minas Gerais,311040,Camacho,2851,0,0,0,0,0,0,0,0.0,0.0,0.0,0.0,0.0,0.0,4.722521894596548,0.42776814921014555
municipio,SUDESTE,MG,Minas Gerais,311050,Camanducaia,27860,2,2,1,24,20,0,0,83.33333333333334,0.0,8.614501076812635,7.178750897343862,0.0,0.0,26.148530334429967,4.1801545552418995
municipio,SUDESTE,MG,Minas Gerais,311070,Cambuquira,12551,1,1,1,38,31,0,0,81.57894736842105,0.0,30.276471994263407,24.699227153214885,0.0,0.0,0.0,1.8831701300373684
municipio,SUDESTE,MG,Minas Gerais,311060,Cambuí,31066,1,1,1,50,40,0,0,80.0,0.0,16.09476598210262,12.875812785682097,0.0,0.0,11.45908985532668,4.6611874161214955
municipio,SUDESTE,MG,Minas Gerais,311090,Campanha,16372,1,1,1,23,21,0,0,91.30434782608695,0.0,14.048375274859515,12.826777424871732,0.0,0.0,6.119301458553029,2.4564784773302364
municipio,SUDESTE,MG,Minas Gerais,311080,Campanário,2884,0,0,0,0,0,0,0,0.0,0.0,0.0,0.0,0.0,0.0,4.777184547182197,0.4327195167737846
municipio,SUDESTE,MG,Minas Gerais,311100,Campestre,21155,1,1,1,50,44,0,0,88.0,0.0,23.63507445048452,20.79886551642638,0.0,0.0,0.0,3.1741266911752475
municipio,SUDESTE,MG,Minas Gerais,311110,Campina Verde,18188,1,1,1,40,29,0,0,72.5,0.0,21.992522542335603,15.944578843193314,0.0,0.0,1.1274037947814877,2.728953734771704
municipio,SUDESTE,MG,Minas Gerais,311115,Campo Azul,3806,0,0,0,0,0,0,0,0.0,0.0,0.0,0.0,0.0,0.0,6.304425931544883,0.5710577256730319
municipio,SUDESTE,MG,Minas Gerais,311120,Campo Belo,54027,2,2,1,137,102,22,20,74.45255474452554,90.9090909090909,25.357691524608068,18.879449164306738,40.72038055046551,37.01852777315046,0.0,0.0
municipio,SUDESTE,MG,Minas Gerais,311140,Campo Florido,8931,0,0,0,0,0,0,0,0.0,0.0,0.0,0.0,0.0,0.0,14.79370152249799,1.3400201124503017
municipio,SUDESTE,MG,Minas Gerais,311130,Campo do Meio,11625,1,1,1,20,20,0,0,100.0,0.0,17.204301075268816,17.204301075268816,0.0,0.0,0.0,1.7442317553728315
municipio,SUDESTE,MG,Minas Gerais,311150,Campos Altos,13076,1,1,1,39,36,0,0,92.3076923076923,0.0,29.825634750688288,27.531355154481492,0.0,0.0,0.0,1.9619418867316254
municipio,SUDESTE,MG,Minas Gerais,311160,Campos Gerais,26749,1,1,1,51,45,0,0,88.23529411764706,0.0,19.066133313394893,16.82305880593667,0.0,0.0,0.0,4.01345851393272
municipio,SUDESTE,MG,Minas Gerais,311190,Cana Verde,5342,0,0,0,0,0,0,0,0.0,0.0,0.0,0.0,0.0,0.0,8.848723942804195,0.8015213795442293
municipio,SUDESTE,MG,Minas Gerais,311170,Canaã,4839,0,0,0,0,0,0,0,0.0,0.0,0.0,0.0,0.0,0.0,8.015532601877482,0.7260505345590651
municipio,SUDESTE,MG,Minas Gerais,311200,Candeias,14211,1,1,1,18,14,0,0,77.77777777777779,0.0,12.66624445851805,9.85152346773626,0.0,0.0,9.539725936201876,2.132238922632543
municipio,SUDESTE,MG,Minas Gerais,311205,Cantagalo,4029,0,0,0,0,0,0,0,0.0,0.0,0.0,0.0,0.0,0.0,6.673812947502453,0.6045169670879259
municipio,SUDESTE,MG,Minas Gerais,311180,Canápolis,10716,1,1,1,23,23,0,0,100.0,0.0,21.463232549458755,21.463232549458755,0.0,0.0,0.0,1.6078440852107754
municipio,SUDESTE,MG,Minas Gerais,311210,Caparaó,5138,0,0,0,0,0,0,0,0.0,0.0,0.0,0.0,0.0,0.0,8.510809363183819,0.770912925514461
municipio,SUDESTE,MG,Minas Gerais,311220,Capela Nova,4397,0,0,0,0,0,0,0,0.0,0.0,0.0,0.0,0.0,0.0,7.28338434603333,0.6597322174945669
municipio,SUDESTE,MG,Minas Gerais,311230,Capelinha,41858,1,1,1,68,62,9,9,91.17647058823529,100.0,16.245401118065843,14.811983372354149,21.501266185675377,21.501266185675377,7.335433694851746,0.0
municipio,SUDESTE,MG,Minas Gerais,311240,Capetinga,6627,1,1,1,11,11,0,0,100.0,0.0,16.598762637694282,16.598762637694282,0.0,0.0,0.0,0.9943246316435057
municipio,SUDESTE,MG,Minas Gerais,311250,Capim Branco,11210,0,0,0,0,0,0,0,0.0,0.0,0.0,0.0,0.0,0.0,18.568737438943288,1.681964557224038
municipio,SUDESTE,MG,Minas Gerais,311260,Capinópolis,14872,1,1,1,30,26,0,0,86.66666666666667,0.0,20.17213555675094,17.482517482517483,0.0,0.0,0.0,2.231416315346645
municipio,SUDESTE,MG,Minas Gerais,311265,Capitão Andrade,4634,0,0,0,0,0,0,0,0.0,0.0,0.0,0.0,0.0,0.0,7.675961578239357,0.6952920390879742
municipio,SUDESTE,MG,Minas Gerais,311270,Capitão Enéas,14403,0,0,0,0,0,0,0,0.0,0.0,0.0,0.0,0.0,0.0,23.85776318760929,2.1610468793664426
municipio,SUDESTE,MG,Minas Gerais,311280,Capitólio,10991,1,1,1,19,16,0,0,84.21052631578947,0.0,17.286871076335185,14.55736511691384,0.0,0.0,2.205976199056703,1.6491054815744335
municipio,SUDESTE,MG,Minas Gerais,311290,Caputira,9128,0,0,0,0,0,0,0,0.0,0.0,0.0,0.0,0.0,0.0,15.120020993994139,1.3695782763908133
municipio,SUDESTE,MG,Minas Gerais,311310,Caranaíba,2942,0,0,0,0,0,0,0,0.0,0.0,0.0,0.0,0.0,0.0,4.87325830021152,0.4414219203704835
municipio,SUDESTE,MG,Minas Gerais,311320,Carandaí,24403,1,1,1,41,34,0,0,82.92682926829268,0.0,16.801212965618983,13.932713191001106,0.0,0.0,6.4222033650787695,3.6614612925903836
municipio,SUDESTE,MG,Minas Gerais,311330,Carangola,32134,2,2,1,241,181,40,35,75.10373443983403,87.5,74.99844401568433,56.326632227547144,124.47874525424784,108.91890209746686,0.0,0.0
municipio,SUDESTE,MG,Minas Gerais,311340,Caratinga,90890,3,3,1,323,217,59,44,67.18266253869969,74.57627118644068,35.537462867202116,23.875013752888105,64.91363186269116,48.41016613488833,0.0,0.0
municipio,SUDESTE,MG,Minas Gerais,311300,Caraí,19511,1,1,1,45,44,0,0,97.77777777777777,0.0,23.06391266465071,22.551381272102915,0.0,0.0,0.0,2.927458561641232
municipio,SUDESTE,MG,Minas Gerais,311350,Carbonita,8603,1,1,1,21,21,0,0,100.0,0.0,24.410089503661514,24.410089503661514,0.0,0.0,0.0,1.2908065196965566
municipio,SUDESTE,MG,Minas Gerais,311360,Careaçu,7062,1,1,1,20,14,0,0,70.0,0.0,28.320589068252623,19.824412347776835,0.0,0.0,0.0,1.0595926586187472
municipio,SUDESTE,MG,Minas Gerais,311370,Carlos Chagas,18783,1,1,1,50,44,0,0,88.0,0.0,26.61981579087473,23.425437895969758,0.0,0.0,0.0,2.8182283923585283
municipio,SUDESTE,MG,Minas Gerais,311390,Carmo da Cachoeira,11767,1,1,1,37,37,0,0,100.0,0.0,31.4438684456531,31.4438684456531,0.0,0.0,0.0,1.7655376400406115
municipio,SUDESTE,MG,Minas Gerais,311400,Carmo da Mata,11291,1,1,1,26,20,0,0,76.92307692307693,0.0,23.0271897971836,17.713222920910457,0.0,0.0,0.0,1.694117913971152
municipio,SUDESTE,MG,Minas Gerais,311410,Carmo de Minas,14125,1,1,1,30,26,0,0,86.66666666666667,0.0,21.238938053097346,18.4070796460177,0.0,0.0,0.0,2.119335358678817
municipio,SUDESTE,MG,Minas Gerais,311420,Carmo do Cajuru,24581,0,0,0,0,0,0,0,0.0,0.0,0.0,0.0,0.0,0.0,40.717050400237724,3.6881686691457696
municipio,SUDESTE,MG,Minas Gerais,311430,Carmo do Paranaíba,29885,1,1,1,42,31,0,0,73.80952380952381,0.0,14.053873180525347,10.373096871340136,0.0,0.0,18.502829470367537,4.483988473919748
municipio,SUDESTE,MG,Minas Gerais,311440,Carmo do Rio Claro,21506,1,1,1,30,28,0,0,93.33333333333333,0.0,13.94959546173161,13.019622430949502,0.0,0.0,7.623485045665862,3.2267912370794076
municipio,SUDESTE,MG,Minas Gerais,311380,Carmésia,2693,0,0,0,0,0,0,0,0.0,0.0,0.0,0.0,0.0,0.0,4.460803739792531,0.40406160148120734
municipio,SUDESTE,MG,Minas Gerais,311450,Carmópolis de Minas,18561,1,1,1,42,30,0,0,71.42857142857143,0.0,22.628091158881524,16.162922256343947,0.0,0.0,0.7452574134010991,2.7849191923849568
municipio,SUDESTE,MG,Minas Gerais,311455,Carneirinho,9633,0,0,0,0,0,0,0,0.0,0.0,0.0,0.0,0.0,0.0,15.956525222956348,1.4453492042586225
municipio,SUDESTE,MG,Minas Gerais,311460,Carrancas,4161,1,1,1,22,19,0,0,86.36363636363636,0.0,52.87190579187695,45.662100456621005,0.0,0.0,0.0,0.6243224373424818
municipio,SUDESTE,MG,Minas Gerais,311480,Carvalhos,4503,0,0,0,0,0,0,0,0.0,0.0,0.0,0.0,0.0,0.0,7.4589674119145055,0.6756366102747406
municipio,SUDESTE,MG,Minas Gerais,311470,Carvalhópolis,3419,0,0,0,0,0,0,0,0.0,0.0,0.0,0.0,0.0,0.0,5.6633820966768145,0.5129916878812655
municipio,SUDESTE,MG,Minas Gerais,311490,Casa Grande,2260,0,0,0,0,0,0,0,0.0,0.0,0.0,0.0,0.0,0.0,3.7435634801081017,0.33909365738861064
municipio,SUDESTE,MG,Minas Gerais,311500,Cascalho Rico,2751,0,0,0,0,0,0,0,0.0,0.0,0.0,0.0,0.0,0.0,4.556877492821854,0.41276400507790617
municipio,SUDESTE,MG,Minas Gerais,311530,Cataguases,67732,2,2,1,128,86,10,9,67.1875,90.0,18.898009803342585,12.6971003366208,14.764070158861394,13.287663142975257,26.194266210036275,1.1626069036483966
municipio,SUDESTE,MG,Minas Gerais,311535,Catas Altas,5706,0,0,0,0,0,0,0,0.0,0.0,0.0,0.0,0.0,0.0,9.451669565264085,0.8561364641855809
municipio,SUDESTE,MG,Minas Gerais,311540,Catas Altas da Noruega,3124,0,0,0,0,0,0,0,0.0,0.0,0.0,0.0,0.0,0.0,5.174731111441465,0.4687294626911592
municipio,SUDESTE,MG,Minas Gerais,311545,Catuji,7248,0,0,0,0,0,0,0,0.0,0.0,0.0,0.0,0.0,0.0,12.005906240629878,1.0875003667047125
municipio,SUDESTE,MG,Minas Gerais,311547,Catuti,4788,0,0,0,0,0,0,0,0.0,0.0,0.0,0.0,0.0,0.0,7.931053956972385,0.718398421051623
municipio,SUDESTE,MG,Minas Gerais,311550,Caxambu,21412,1,1,1,35,32,0,0,91.42857142857143,0.0,16.345974220063514,14.944890715486641,0.0,0.0,3.467779307997651,3.2126873415951023
municipio,SUDESTE,MG,Minas Gerais,311560,Cedro do Abaeté,1084,0,0,0,0,0,0,0,0.0,0.0,0.0,0.0,0.0,0.0,1.7955853152376917,0.16264492239347522
municipio,SUDESTE,MG,Minas Gerais,311570,Central de Minas,6213,1,1,1,22,22,0,0,100.0,0.0,35.409624979880896,35.409624979880896,0.0,0.0,0.0,0.9322074749360345
municipio,SUDESTE,MG,Minas Gerais,311580,Centralina,10447,1,1,1,20,20,0,0,100.0,0.0,19.14425193835551,19.14425193835551,0.0,0.0,0.0,1.5674829374950514
municipio,SUDESTE,MG,Minas Gerais,311600,Chalé,6289,0,0,0,0,0,0,0,0.0,0.0,0.0,0.0,0.0,0.0,10.417376427610554,0.9436106244765364
municipio,SUDESTE,MG,Minas Gerais,311615,Chapada Gaúcha,12904,1,1,1,18,18,0,0,100.0,0.0,13.949163050216987,13.949163050216987,0.0,0.0,3.3747536050066156,1.9361347588241735
municipio,SUDESTE,MG,Minas Gerais,311610,Chapada do Norte,9763,0,0,0,0,0,0,0,0.0,0.0,0.0,0.0,0.0,0.0,16.171862945263452,1.4648545916305338
municipio,SUDESTE,MG,Minas Gerais,311620,Chiador,2868,0,0,0,0,0,0,0,0.0,0.0,0.0,0.0,0.0,0.0,4.750681442898246,0.4303188537126263
municipio,SUDESTE,MG,Minas Gerais,311590,Chácara,3194,0,0,0,0,0,0,0,0.0,0.0,0.0,0.0,0.0,0.0,5.290682192683752,0.4792323635837268
municipio,SUDESTE,MG,Minas Gerais,311630,Cipotânea,5549,1,1,1,14,14,0,0,100.0,0.0,25.229771129933322,25.229771129933322,0.0,0.0,0.0,0.8325799578979649
municipio,SUDESTE,MG,Minas Gerais,311640,Claraval,4786,0,0,0,0,0,0,0,0.0,0.0,0.0,0.0,0.0,0.0,7.927741068936893,0.7180983381689783
municipio,SUDESTE,MG,Minas Gerais,311650,Claro dos Poções,7230,0,0,0,0,0,0,0,0.0,0.0,0.0,0.0,0.0,0.0,11.976090248310433,1.0847996207609094
municipio,SUDESTE,MG,Minas Gerais,311660,Cláudio,31936,1,1,1,49,41,0,0,83.6734693877551,0.0,15.34318637274549,12.83817635270541,0.0,0.0,11.900196150766527,4.791723470071978
municipio,SUDESTE,MG,Minas Gerais,311670,Coimbra,7293,0,0,0,0,0,0,0,0.0,0.0,0.0,0.0,0.0,0.0,12.080446221428492,1.0942522315642202
municipio,SUDESTE,MG,Minas Gerais,311680,Coluna,8206,1,1,1,38,38,0,0,100.0,0.0,46.30757981964416,46.30757981964416,0.0,0.0,0.0,1.231240067491566
municipio,SUDESTE,MG,Minas Gerais,311690,Comendador Gomes,2804,0,0,0,0,0,0,0,0.0,0.0,0.0,0.0,0.0,0.0,4.6446690257624414,0.4207162014679931
municipio,SUDESTE,MG,Minas Gerais,311700,Comercinho,6540,0,0,0,0,0,0,0,0.0,0.0,0.0,0.0,0.0,0.0,10.833143876065039,0.9812710262484575
municipio,SUDESTE,MG,Minas Gerais,311710,Conceição da Aparecida,10705,1,1,1,19,19,0,0,100.0,0.0,17.748715553479684,17.748715553479684,0.0,0.0,0.0,1.606193629356229
municipio,SUDESTE,MG,Minas Gerais,311520,Conceição da Barra de Minas,3576,0,0,0,0,0,0,0,0.0,0.0,0.0,0.0,0.0,0.0,5.9234438074630855,0.5365481941688813
municipio,SUDESTE,MG,Minas Gerais,311730,Conceição das Alagoas,30278,1,1,1,26,22,0,0,84.61538461538461,0.0,8.587092938767421,7.266001717418588,0.0,0.0,28.15381196934209,4.542954760359449
municipio,SUDESTE,MG,Minas Gerais,311720,Conceição das Pedras,2840,0,0,0,0,0,0,0,0.0,0.0,0.0,0.0,0.0,0.0,4.704301010401331,0.42611769335559924
municipio,SUDESTE,MG,Minas Gerais,311740,Conceição de Ipanema,4503,0,0,0,0,0,0,0,0.0,0.0,0.0,0.0,0.0,0.0,7.4589674119145055,0.6756366102747406
municipio,SUDESTE,MG,Minas Gerais,311750,Conceição do Mato Dentro,24559,1,1,1,43,39,0,0,90.69767441860465,0.0,17.508856223787614,15.880125412272488,0.0,0.0,1.6806086318472895,3.6848677574366766
municipio,SUDESTE,MG,Minas Gerais,311760,Conceição do Pará,5584,0,0,0,0,0,0,0,0.0,0.0,0.0,0.0,0.0,0.0,9.249583395098957,0.8378314083442486
municipio,SUDESTE,MG,Minas Gerais,311770,Conceição do Rio Verde,12765,1,1,1,50,40,0,0,80.0,0.0,39.169604386995694,31.335683509596553,0.0,0.0,0.0,1.9152789984803609
municipio,SUDESTE,MG,Minas Gerais,311780,Conceição dos Ouros,11218,0,0,0,0,0,0,0,0.0,0.0,0.0,0.0,0.0,0.0,18.58198899108526,1.6831648887546171
municipio,SUDESTE,MG,Minas Gerais,311787,Confins,7758,0,0,0,0,0,0,0,0.0,0.0,0.0,0.0,0.0,0.0,12.850692689680821,1.1640215017791335
municipio,SUDESTE,MG,Minas Gerais,311790,Congonhal,11444,0,0,0,0,0,0,0,0.0,0.0,0.0,0.0,0.0,0.0,18.95634533909607,1.7170742544934783
municipio,SUDESTE,MG,Minas Gerais,311800,Congonhas,55272,1,1,1,79,61,10,6,77.21518987341773,60.0,14.292951223042408,11.036329425387176,18.092343320306846,10.855405992184108,30.554973748909298,2.2930905447713665
municipio,SUDESTE,MG,Minas Gerais,311810,Congonhas do Norte,4924,0,0,0,0,0,0,0,0.0,0.0,0.0,0.0,0.0,0.0,8.15633034338597,0.7388040570714686
municipio,SUDESTE,MG,Minas Gerais,311820,Conquista,6878,1,1,1,15,11,0,0,73.33333333333333,0.0,21.808665309683047,15.9930212271009,0.0,0.0,0.393021954063508,1.0319850334154268
municipio,SUDESTE,MG,Minas Gerais,311830,Conselheiro Lafaiete,138946,4,4,1,225,160,20,15,71.11111111111111,75.0,16.19334129805824,11.515264923063636,14.394081153829545,10.795560865372158,70.15627048986741,5.847658105981373
municipio,SUDESTE,MG,Minas Gerais,311840,Conselheiro Pena,21052,1,1,1,50,45,0,0,90.0,0.0,23.750712521375643,21.375641269238077,0.0,0.0,0.0,3.158672422719041
municipio,SUDESTE,MG,Minas Gerais,311850,Consolação,1569,0,0,0,0,0,0,0,0.0,0.0,0.0,0.0,0.0,0.0,2.598960663844961,0.23541502143483634
municipio,SUDESTE,MG,Minas Gerais,311860,Contagem,651718,5,5,1,703,496,120,81,70.5547652916074,67.5,10.7868740774384,7.610653687637905,18.412871824930413,12.428688481828031,583.5343823580054,16.784708055748037
municipio,SUDESTE,MG,Minas Gerais,311870,Coqueiral,9188,0,0,0,0,0,0,0,0.0,0.0,0.0,0.0,0.0,0.0,15.219407635058957,1.3785807628701572
municipio,SUDESTE,MG,Minas Gerais,311880,Coração de Jesus,26138,1,1,1,50,50,0,0,100.0,0.0,19.129237126023416,19.129237126023416,0.0,0.0,0.0,3.921783193284737
municipio,SUDESTE,MG,Minas Gerais,311890,Cordisburgo,7535,0,0,0,0,0,0,0,0.0,0.0,0.0,0.0,0.0,0.0,12.481305673723252,1.1305622603642396
municipio,SUDESTE,MG,Minas Gerais,311900,Cordislândia,3236,0,0,0,0,0,0,0,0.0,0.0,0.0,0.0,0.0,0.0,5.360252841429124,0.48553410411926734
municipio,SUDESTE,MG,Minas Gerais,311910,Corinto,23988,0,0,0,0,0,0,0,0.0,0.0,0.0,0.0,0.0,0.0,39.73477909771378,3.5991940944415894
municipio,SUDESTE,MG,Minas Gerais,311920,Coroaci,11240,0,0,0,0,0,0,0,0.0,0.0,0.0,0.0,0.0,0.0,18.618430759475693,1.6864658004637096
municipio,SUDESTE,MG,Minas Gerais,311930,Coromandel,30114,1,1,1,43,30,0,0,69.76744186046511,0.0,14.279072856478715,9.962143853357244,0.0,0.0,19.882155150431583,4.518347963982576
municipio,SUDESTE,MG,Minas Gerais,311940,Coronel Fabriciano,108708,2,2,1,167,82,29,19,49.101796407185624,65.51724137931035,15.362254847849284,7.54314309894396,26.676969496265222,17.478014497553076,98.0687162812352,0.0
municipio,SUDESTE,MG,Minas Gerais,311950,Coronel Murta,8237,0,0,0,0,0,0,0,0.0,0.0,0.0,0.0,0.0,0.0,13.64412937418161,1.2358913521725603
municipio,SUDESTE,MG,Minas Gerais,311960,Coronel Pacheco,2789,0,0,0,0,0,0,0,0.0,0.0,0.0,0.0,0.0,0.0,4.619822365496238,0.41846557984815713
municipio,SUDESTE,MG,Minas Gerais,311970,Coronel Xavier Chaves,3599,0,0,0,0,0,0,0,0.0,0.0,0.0,0.0,0.0,0.0,5.961542019871265,0.5399991473192964
municipio,SUDESTE,MG,Minas Gerais,312010,Couto de Magalhães de Minas,4351,0,0,0,0,0,0,0,0.0,0.0,0.0,0.0,0.0,0.0,7.2071879212169705,0.6528303111937368
municipio,SUDESTE,MG,Minas Gerais,312020,Cristais,12634,1,1,1,19,19,0,0,100.0,0.0,15.038784233022003,15.038784233022003,0.0,0.0,1.9275137202149402,1.895623569667127
municipio,SUDESTE,MG,Minas Gerais,312040,Cristiano Otoni,4719,0,0,0,0,0,0,0,0.0,0.0,0.0,0.0,0.0,0.0,7.816759319747848,0.7080455616003778
municipio,SUDESTE,MG,Minas Gerais,312050,Cristina,10643,1,1,1,25,23,0,0,92.0,0.0,23.48961758902565,21.6104481819036,0.0,0.0,0.0,1.5968910599942403
municipio,SUDESTE,MG,Minas Gerais,312030,Cristália,5133,0,0,0,0,0,0,0,0.0,0.0,0.0,0.0,0.0,0.0,8.502527143095083,0.770162718307849
municipio,SUDESTE,MG,Minas Gerais,312015,Crisólita,5256,0,0,0,0,0,0,0,0.0,0.0,0.0,0.0,0.0,0.0,8.706269757277958,0.7886178155905035
municipio,SUDESTE,MG,Minas Gerais,312060,Crucilândia,5674,1,1,1,4,4,0,0,100.0,0.0,7.049700387733521,7.049700387733521,0.0,0.0,5.398663356696182,0.8513351380632642
municipio,SUDESTE,MG,Minas Gerais,312070,Cruzeiro da Fortaleza,3616,0,0,0,0,0,0,0,0.0,0.0,0.0,0.0,0.0,0.0,5.989701568172964,0.5425498518217772
municipio,SUDESTE,MG,Minas Gerais,312080,Cruzília,15831,1,1,1,66,61,0,0,92.42424242424242,0.0,41.69035436801213,38.53199418861727,0.0,0.0,0.0,2.375306057574821
municipio,SUDESTE,MG,Minas Gerais,312083,Cuparaque,3958,0,0,0,0,0,0,0,0.0,0.0,0.0,0.0,0.0,0.0,6.556205422242419,0.5938640247540359
municipio,SUDESTE,MG,Minas Gerais,312087,Curral de Dentro,7662,0,0,0,0,0,0,0,0.0,0.0,0.0,0.0,0.0,0.0,12.691674063977114,1.1496175234121837
municipio,SUDESTE,MG,Minas Gerais,312090,Curvelo,84297,3,3,1,230,175,36,29,76.08695652173914,80.55555555555556,27.28448224729231,20.759932144678935,42.706146126196664,34.402173268325086,0.0,0.0
municipio,SUDESTE,MG,Minas Gerais,311510,Cássia,17491,1,1,1,56,50,0,0,89.28571428571429,0.0,32.0164656108856,28.586130009719287,0.0,0.0,0.0,2.6243748501699953
municipio,SUDESTE,MG,Minas Gerais,311980,Córrego Danta,2956,0,0,0,0,0,0,0,0.0,0.0,0.0,0.0,0.0,0.0,4.896448516459977,0.443522500548997
municipio,SUDESTE,MG,Minas Gerais,311995,Córrego Fundo,6333,0,0,0,0,0,0,0,0.0,0.0,0.0,0.0,0.0,0.0,10.49025996439142,0.9502124478947218
municipio,SUDESTE,MG,Minas Gerais,312000,Córrego Novo,2900,0,0,0,0,0,0,0,0.0,0.0,0.0,0.0,0.0,0.0,4.803687651466149,0.4351201798349429
municipio,SUDESTE,MG,Minas Gerais,311990,Córrego do Bom Jesus,4462,0,0,0,0,0,0,0,0.0,0.0,0.0,0.0,0.0,0.0,7.391053207186881,0.6694849111805224
municipio,SUDESTE,MG,Minas Gerais,311783,Cônego Marinho,7433,0,0,0,0,0,0,0,0.0,0.0,0.0,0.0,0.0,0.0,12.312348383913063,1.1152580333493554
municipio,SUDESTE,MG,Minas Gerais,312100,Datas,5635,1,1,1,21,21,0,0,100.0,0.0,37.267080745341616,37.267080745341616,0.0,0.0,0.0,0.8454835218516907
municipio,SUDESTE,MG,Minas Gerais,312110,Delfim Moreira,8133,0,0,0,0,0,0,0,0.0,0.0,0.0,0.0,0.0,0.0,13.471859196335927,1.2202870422750314
municipio,SUDESTE,MG,Minas Gerais,312120,Delfinópolis,8851,1,1,1,21,21,0,0,100.0,0.0,23.726132640379618,23.726132640379618,0.0,0.0,0.0,1.3280167971445103
municipio,SUDESTE,MG,Minas Gerais,312125,Delta,11143,0,0,0,0,0,0,0,0.0,0.0,0.0,0.0,0.0,0.0,18.45775568975424,1.6719117806554376
municipio,SUDESTE,MG,Minas Gerais,312130,Descoberto,5070,0,0,0,0,0,0,0,0.0,0.0,0.0,0.0,0.0,0.0,8.398171169977026,0.7607101075045382
municipio,SUDESTE,MG,Minas Gerais,312140,Desterro de Entre Rios,7941,0,0,0,0,0,0,0,0.0,0.0,0.0,0.0,0.0,0.0,13.153821944928513,1.1914790855411317
municipio,SUDESTE,MG,Minas Gerais,312150,Desterro do Melo,3060,0,0,0,0,0,0,0,0.0,0.0,0.0,0.0,0.0,0.0,5.068718694305661,0.459126810446526
municipio,SUDESTE,MG,Minas Gerais,312160,Diamantina,49493,2,2,1,333,284,88,58,85.28528528528528,65.9090909090909,67.28224193320267,57.38185197906775,177.80292162528033,117.18828925302569,0.0,0.0
municipio,SUDESTE,MG,Minas Gerais,312170,Diogo de Vasconcelos,3581,0,0,0,0,0,0,0,0.0,0.0,0.0,0.0,0.0,0.0,5.93172602755182,0.5372984013754932
municipio,SUDESTE,MG,Minas Gerais,312180,Dionísio,6689,1,1,1,9,0,0,0,0.0,0.0,13.45492599790701,0.0,0.0,0.0,11.079954034709333,1.003627201005494
municipio,SUDESTE,MG,Minas Gerais,312200,Divino,21428,1,1,1,38,32,0,0,84.21052631578947,0.0,17.73380623483293,14.933731566175098,0.0,0.0,3.4942824122815987,3.2150880046562613
municipio,SUDESTE,MG,Minas Gerais,312210,Divino das Laranjeiras,4147,1,1,1,21,21,0,0,100.0,0.0,50.63901615625753,50.63901615625753,0.0,0.0,0.0,0.6222218571639684
municipio,SUDESTE,MG,Minas Gerais,312220,Divinolândia de Minas,6583,0,0,0,0,0,0,0,0.0,0.0,0.0,0.0,0.0,0.0,10.904370968828157,0.9877228082253204
municipio,SUDESTE,MG,Minas Gerais,312190,Divinésia,4481,0,0,0,0,0,0,0,0.0,0.0,0.0,0.0,0.0,0.0,7.422525643524073,0.672335698565648
municipio,SUDESTE,MG,Minas Gerais,312230,Divinópolis,243583,6,6,1,901,318,172,43,35.294117647058826,25.0,36.98944507621632,13.055098262193995,70.61248116658388,17.65312029164597,85.4816031748548,0.0
municipio,SUDESTE,MG,Minas Gerais,312235,Divisa Alegre,6541,0,0,0,0,0,0,0,0.0,0.0,0.0,0.0,0.0,0.0,10.834800320082786,0.9814210676897799
municipio,SUDESTE,MG,Minas Gerais,312240,Divisa Nova,6002,1,1,1,7,0,0,0,0.0,0.0,11.662779073642119,0.0,0.0,0.0,9.94197699451718,0.9005487308170095
municipio,SUDESTE,MG,Minas Gerais,312245,Divisópolis,10659,1,1,1,1,1,0,0,100.0,0.0,0.9381743127873159,0.9381743127873159,0.0,0.0,16.656036785164716,1.599291723055399
municipio,SUDESTE,MG,Minas Gerais,312247,Dom Bosco,3763,0,0,0,0,0,0,0,0.0,0.0,0.0,0.0,0.0,0.0,6.233198838781765,0.564605943696169
municipio,SUDESTE,MG,Minas Gerais,312250,Dom Cavati,4967,0,0,0,0,0,0,0,0.0,0.0,0.0,0.0,0.0,0.0,8.22755743614909,0.7452558390483316
municipio,SUDESTE,MG,Minas Gerais,312260,Dom Joaquim,5074,1,1,1,20,20,0,0,100.0,0.0,39.41663381947182,39.41663381947182,0.0,0.0,0.0,0.7613102732698277
municipio,SUDESTE,MG,Minas Gerais,312270,Dom Silvério,5355,1,1,1,41,35,0,0,85.36585365853658,0.0,76.56395891690009,65.359477124183,0.0,0.0,0.0,0.8034719182814205
municipio,SUDESTE,MG,Minas Gerais,312280,Dom Viçoso,3184,0,0,0,0,0,0,0,0.0,0.0,0.0,0.0,0.0,0.0,5.274117752506282,0.4777319491705028
municipio,SUDESTE,MG,Minas Gerais,312290,Dona Euzébia,6250,0,0,0,0,0,0,0,0.0,0.0,0.0,0.0,0.0,0.0,10.352775110918424,0.9377590082649632
municipio,SUDESTE,MG,Minas Gerais,312300,Dores de Campos,10359,0,0,0,0,0,0,0,0.0,0.0,0.0,0.0,0.0,0.0,17.159103579840632,1.5542792906586806
municipio,SUDESTE,MG,Minas Gerais,312310,Dores de Guanhães,5114,0,0,0,0,0,0,0,0.0,0.0,0.0,0.0,0.0,0.0,8.471054706757892,0.7673119309227234
municipio,SUDESTE,MG,Minas Gerais,312320,Dores do Indaiá,12730,1,1,1,36,27,0,0,75.0,0.0,28.279654359780046,21.209740769835037,0.0,0.0,0.0,1.9100275480340771
municipio,SUDESTE,MG,Minas Gerais,312330,Dores do Turvo,5192,0,0,0,0,0,0,0,0.0,0.0,0.0,0.0,0.0,0.0,8.600257340142152,0.7790151633458703
municipio,SUDESTE,MG,Minas Gerais,312340,Doresópolis,1498,0,0,0,0,0,0,0,0.0,0.0,0.0,0.0,0.0,0.0,2.481353138584928,0.22476207910094637
municipio,SUDESTE,MG,Minas Gerais,312350,Douradoquara,1869,0,0,0,0,0,0,0,0.0,0.0,0.0,0.0,0.0,0.0,3.0958938691690454,0.2804274538315546
municipio,SUDESTE,MG,Minas Gerais,312352,Durandé,8065,0,0,0,0,0,0,0,0.0,0.0,0.0,0.0,0.0,0.0,13.359221003129136,1.2100842242651084
municipio,SUDESTE,MG,Minas Gerais,312360,Elói Mendes,27429,1,1,1,41,41,0,0,100.0,0.0,14.947683109118087,14.947683109118087,0.0,0.0,4.434602962781033,4.115486694031948
municipio,SUDESTE,MG,Minas Gerais,312370,Engenheiro Caldas,14501,0,0,0,0,0,0,0,0.0,0.0,0.0,0.0,0.0,0.0,24.02009470134849,2.175750940616037
municipio,SUDESTE,MG,Minas Gerais,312380,Engenheiro Navarro,6373,1,1,1,1,1,0,0,100.0,0.0,1.5691197238349288,1.5691197238349288,0.0,0.0,9.556517725101298,0.9562141055476177
municipio,SUDESTE,MG,Minas Gerais,312385,Entre Folhas,5295,0,0,0,0,0,0,0,0.0,0.0,0.0,0.0,0.0,0.0,8.77087107397009,0.7944694318020767
municipio,SUDESTE,MG,Minas Gerais,312390,Entre Rios de Minas,15157,1,1,1,50,48,0,0,96.0,0.0,32.98805832288711,31.66853598997163,0.0,0.0,0.0,2.2741781261235277
municipio,SUDESTE,MG,Minas Gerais,312400,Ervália,21091,1,1,1,24,20,0,0,83.33333333333334,0.0,11.379261296287515,9.482717746906262,0.0,0.0,14.936060778300881,3.164524038930614
municipio,SUDESTE,MG,Minas Gerais,312410,Esmeraldas,93103,1,1,1,55,53,0,0,96.36363636363636,0.0,5.907435850617058,5.692620001503711,0.0,0.0,101.21990738429409,13.969308311438859
municipio,SUDESTE,MG,Minas Gerais,312420,Espera Feliz,24844,1,1,1,49,44,0,0,89.79591836734694,0.0,19.7230719690871,17.71051360489454,0.0,0.0,0.0,3.727629568213559
municipio,SUDESTE,MG,Minas Gerais,312430,Espinosa,31375,1,1,1,40,40,0,0,100.0,0.0,12.749003984063746,12.749003984063746,0.0,0.0,11.970931056810485,4.707550221490115
municipio,SUDESTE,MG,Minas Gerais,312440,Espírito Santo do Dourado,7132,0,0,0,0,0,0,0,0.0,0.0,0.0,0.0,0.0,0.0,11.813758734571232,1.0700955595113149
municipio,SUDESTE,MG,Minas Gerais,312450,Estiva,11880,1,1,1,25,20,0,0,80.0,0.0,21.043771043771045,16.835016835016834,0.0,0.0,0.0,1.7824923229100422
municipio,SUDESTE,MG,Minas Gerais,312460,Estrela Dalva,2189,0,0,0,0,0,0,0,0.0,0.0,0.0,0.0,0.0,0.0,3.625955954848069,0.3284407150547207
municipio,SUDESTE,MG,Minas Gerais,312470,Estrela do Indaiá,2711,1,1,1,21,21,0,0,100.0,0.0,77.46219107340465,77.46219107340465,0.0,0.0,0.0,0.40676234742501044
municipio,SUDESTE,MG,Minas Gerais,312480,Estrela do Sul,6897,0,0,0,0,0,0,0,0.0,0.0,0.0,0.0,0.0,0.0,11.4244943904007,1.0348358208005521
municipio,SUDESTE,MG,Minas Gerais,312490,Eugenópolis,11096,1,1,1,22,18,0,0,81.81818181818183,0.0,19.826964671953856,16.22206200432588,0.0,0.0,0.3799028209201356,1.664859832913285
municipio,SUDESTE,MG,Minas Gerais,312500,Ewbank da Câmara,3986,0,0,0,0,0,0,0,0.0,0.0,0.0,0.0,0.0,0.0,6.602585854739333,0.5980651851110629
municipio,SUDESTE,MG,Minas Gerais,312510,Extrema,59336,2,2,1,81,51,10,9,62.96296296296296,90.0,13.651071861938789,8.595119320479979,16.853175138196036,15.167857624376433,47.286762237032896,0.0
municipio,SUDESTE,MG,Minas Gerais,312520,Fama,2676,0,0,0,0,0,0,0,0.0,0.0,0.0,0.0,0.0,0.0,4.432644191490833,0.4015108969787266
municipio,SUDESTE,MG,Minas Gerais,312530,Faria Lemos,3230,0,0,0,0,0,0,0,0.0,0.0,0.0,0.0,0.0,0.0,5.350314177322642,0.4846338554713329
municipio,SUDESTE,MG,Minas Gerais,312560,Felisburgo,6575,1,1,1,50,50,0,0,100.0,0.0,76.04562737642586,76.04562737642586,0.0,0.0,0.0,0.9865224766947412
municipio,SUDESTE,MG,Minas Gerais,312570,Felixlândia,14280,0,0,0,0,0,0,0,0.0,0.0,0.0,0.0,0.0,0.0,23.654020573426415,2.142591782083788
municipio,SUDESTE,MG,Minas Gerais,312540,Felício dos Santos,5251,0,0,0,0,0,0,0,0.0,0.0,0.0,0.0,0.0,0.0,8.697987537189224,0.7878676083838915
municipio,SUDESTE,MG,Minas Gerais,312580,Fernandes Tourinho,2814,0,0,0,0,0,0,0,0.0,0.0,0.0,0.0,0.0,0.0,4.661233465939912,0.422216615881217
municipio,SUDESTE,MG,Minas Gerais,312590,Ferros,9603,1,1,1,25,24,0,0,96.0,0.0,26.03353118817036,24.99218994064355,0.0,0.0,0.0,1.4408479610189506
municipio,SUDESTE,MG,Minas Gerais,312595,Fervedouro,10705,1,1,1,14,14,0,0,100.0,0.0,13.078000934142924,13.078000934142924,0.0,0.0,3.7322332099810764,1.606193629356229
municipio,SUDESTE,MG,Minas Gerais,312600,Florestal,8469,0,0,0,0,0,0,0,0.0,0.0,0.0,0.0,0.0,0.0,14.028424386298902,1.2707009665593558
municipio,SUDESTE,MG,Minas Gerais,312610,Formiga,70897,2,2,1,131,89,38,32,67.93893129770993,84.21052631578947,18.477509626641464,12.553422570771684,53.59888288644089,45.13590137805549,28.436911526205357,0.0
municipio,SUDESTE,MG,Minas Gerais,312620,Formoso,8095,1,1,1,10,10,0,0,100.0,0.0,12.353304508956146,12.353304508956146,0.0,0.0,3.4089143236615427,1.2145854675047802
municipio,SUDESTE,MG,Minas Gerais,312630,Fortaleza de Minas,3453,0,0,0,0,0,0,0,0.0,0.0,0.0,0.0,0.0,0.0,5.719701193280211,0.5180930968862268
municipio,SUDESTE,MG,Minas Gerais,312640,Fortuna de Minas,3230,0,0,0,0,0,0,0,0.0,0.0,0.0,0.0,0.0,0.0,5.350314177322642,0.4846338554713329
municipio,SUDESTE,MG,Minas Gerais,312650,Francisco Badaró,7053,1,1,1,11,11,0,0,100.0,0.0,15.596200198497094,15.596200198497094,0.0,0.0,0.6828996571692227,1.0582422856468456
municipio,SUDESTE,MG,Minas Gerais,312660,Francisco Dumont,4547,0,0,0,0,0,0,0,0.0,0.0,0.0,0.0,0.0,0.0,7.5318509486953715,0.682238433692926
municipio,SUDESTE,MG,Minas Gerais,312670,Francisco Sá,23753,1,1,1,50,50,0,0,100.0,0.0,21.049972635035573,21.049972635035573,0.0,0.0,0.0,3.563934355730827
municipio,SUDESTE,MG,Minas Gerais,312675,Franciscópolis,5023,0,0,0,0,0,0,0,0.0,0.0,0.0,0.0,0.0,0.0,8.320318301142919,0.7536581597623856
municipio,SUDESTE,MG,Minas Gerais,312680,Frei Gaspar,5731,0,0,0,0,0,0,0,0.0,0.0,0.0,0.0,0.0,0.0,9.493080665707758,0.8598875002186407
municipio,SUDESTE,MG,Minas Gerais,312690,Frei Inocêncio,8301,1,1,1,16,16,0,0,100.0,0.0,19.274786170340924,19.274786170340924,0.0,0.0,0.0,1.2454940044171936
municipio,SUDESTE,MG,Minas Gerais,312695,Frei Lagonegro,3481,0,0,0,0,0,0,0,0.0,0.0,0.0,0.0,0.0,0.0,5.766081625777126,0.5222942572432538
municipio,SUDESTE,MG,Minas Gerais,312700,Fronteira,14946,0,0,0,0,0,0,0,0.0,0.0,0.0,0.0,0.0,0.0,24.757212289245885,2.2425193820045024
municipio,SUDESTE,MG,Minas Gerais,312705,Fronteira dos Vales,4389,0,0,0,0,0,0,0,0.0,0.0,0.0,0.0,0.0,0.0,7.270132793891354,0.6585318859639877
municipio,SUDESTE,MG,Minas Gerais,312707,Fruta de Leite,4538,0,0,0,0,0,0,0,0.0,0.0,0.0,0.0,0.0,0.0,7.516942952535649,0.6808880607210245
municipio,SUDESTE,MG,Minas Gerais,312710,Frutal,61275,2,2,1,80,45,0,0,56.25,0.0,13.055895552835576,7.343941248470012,0.0,0.0,56.49860718744423,9.1937893170297
municipio,SUDESTE,MG,Minas Gerais,312720,Funilândia,4934,0,0,0,0,0,0,0,0.0,0.0,0.0,0.0,0.0,0.0,8.172894783563441,0.7403044714846925
municipio,SUDESTE,MG,Minas Gerais,312730,Galiléia,6244,0,0,0,0,0,0,0,0.0,0.0,0.0,0.0,0.0,0.0,10.342836446811942,0.9368587596170288
municipio,SUDESTE,MG,Minas Gerais,312733,Gameleiras,4847,0,0,0,0,0,0,0,0.0,0.0,0.0,0.0,0.0,0.0,8.028784154019457,0.7272508660896443
municipio,SUDESTE,MG,Minas Gerais,312735,Glaucilândia,2991,0,0,0,0,0,0,0,0.0,0.0,0.0,0.0,0.0,0.0,4.9544240570811215,0.4487739509952808
municipio,SUDESTE,MG,Minas Gerais,312737,Goiabeira,2859,0,0,0,0,0,0,0,0.0,0.0,0.0,0.0,0.0,0.0,4.735773446738524,0.42896848074072474
municipio,SUDESTE,MG,Minas Gerais,312738,Goianá,4214,0,0,0,0,0,0,0,0.0,0.0,0.0,0.0,0.0,0.0,6.980255090785637,0.6322746337325688
municipio,SUDESTE,MG,Minas Gerais,312750,Gonzaga,5235,0,0,0,0,0,0,0,0.0,0.0,0.0,0.0,0.0,0.0,8.671484432905272,0.7854669453227331
municipio,SUDESTE,MG,Minas Gerais,312740,Gonçalves,4922,0,0,0,0,0,0,0,0.0,0.0,0.0,0.0,0.0,0.0,8.153017455350478,0.7385039741888237
municipio,SUDESTE,MG,Minas Gerais,312760,Gouveia,11536,1,1,1,28,26,0,0,92.85714285714286,0.0,24.271844660194173,22.538141470180303,0.0,0.0,0.0,1.7308780670951385
municipio,SUDESTE,MG,Minas Gerais,312770,Governador Valadares,266561,9,9,1,705,459,111,80,65.1063829787234,72.07207207207207,26.447980012079785,17.219323156800883,41.64150044455115,30.011892212289123,0.0,0.0
municipio,SUDESTE,MG,Minas Gerais,312790,Grupiara,1428,0,0,0,0,0,0,0,0.0,0.0,0.0,0.0,0.0,0.0,2.3654020573426418,0.2142591782083788
municipio,SUDESTE,MG,Minas Gerais,312780,Grão Mogol,14037,1,1,1,50,50,0,0,100.0,0.0,35.620146755004626,35.620146755004626,0.0,0.0,0.0,2.106131711842446
municipio,SUDESTE,MG,Minas Gerais,312800,Guanhães,33517,1,1,1,75,57,10,9,76.0,90.0,22.37670435898201,17.006295312826325,29.835605811976013,26.852045230778412,0.0,0.0
municipio,SUDESTE,MG,Minas Gerais,312810,Guapé,14076,1,1,1,29,24,0,0,82.75862068965517,0.0,20.602443876101166,17.050298380221655,0.0,0.0,0.0,2.1119833280540194
municipio,SUDESTE,MG,Minas Gerais,312820,Guaraciaba,9901,1,1,1,23,23,0,0,100.0,0.0,23.229976770023228,23.229976770023228,0.0,0.0,0.0,1.485560310533024
municipio,SUDESTE,MG,Minas Gerais,312825,Guaraciama,5224,0,0,0,0,0,0,0,0.0,0.0,0.0,0.0,0.0,0.0,8.653263548710056,0.7838164894681868
municipio,SUDESTE,MG,Minas Gerais,312840,Guarani,7731,0,0,0,0,0,0,0,0.0,0.0,0.0,0.0,0.0,0.0,12.805968701201653,1.159970382863429
municipio,SUDESTE,MG,Minas Gerais,312830,Guaranésia,19646,1,1,1,37,25,0,0,67.56756756756756,0.0,18.833350300315583,12.725236689402422,0.0,0.0,7.542499172656539,2.9477141562197544
municipio,SUDESTE,MG,Minas Gerais,312850,Guarará,3091,0,0,0,0,0,0,0,0.0,0.0,0.0,0.0,0.0,0.0,5.120068458855815,0.4637780951275202
municipio,SUDESTE,MG,Minas Gerais,312860,Guarda-Mor,6687,1,1,1,19,19,0,0,100.0,0.0,28.41333931508898,28.41333931508898,0.0,0.0,0.0,1.0033271181228494
municipio,SUDESTE,MG,Minas Gerais,312870,Guaxupé,52744,2,2,1,129,64,10,9,49.6124031007752,90.0,24.457758228424087,12.134081601698771,18.95950250265433,17.063552252388895,23.36748327204502,0.0
municipio,SUDESTE,MG,Minas Gerais,312880,Guidoval,7285,0,0,0,0,0,0,0,0.0,0.0,0.0,0.0,0.0,0.0,12.067194669286515,1.093051900033641
municipio,SUDESTE,MG,Minas Gerais,312890,Guimarânia,8880,0,0,0,0,0,0,0,0.0,0.0,0.0,0.0,0.0,0.0,14.709222877592897,1.3323679989428596
municipio,SUDESTE,MG,Minas Gerais,312900,Guiricema,7803,0,0,0,0,0,0,0,0.0,0.0,0.0,0.0,0.0,0.0,12.925232670479433,1.170773366638641
municipio,SUDESTE,MG,Minas Gerais,312910,Gurinhatã,5154,1,1,1,12,12,0,0,100.0,0.0,23.28288707799767,23.28288707799767,0.0,0.0,0.0,0.7733135885756192
municipio,SUDESTE,MG,Minas Gerais,312920,Heliodora,6278,0,0,0,0,0,0,0,0.0,0.0,0.0,0.0,0.0,0.0,10.399155543415338,0.9419601686219902
municipio,SUDESTE,MG,Minas Gerais,312930,Iapu,12583,0,0,0,0,0,0,0,0.0,0.0,0.0,0.0,0.0,0.0,20.843035075309842,1.887971456159685
municipio,SUDESTE,MG,Minas Gerais,312940,Ibertioga,5346,1,1,1,24,24,0,0,100.0,0.0,44.89337822671156,44.89337822671156,0.0,0.0,0.0,0.8021215453095188
municipio,SUDESTE,MG,Minas Gerais,312960,Ibiaí,6172,1,1,1,2,2,0,0,100.0,0.0,3.240440699935191,3.240440699935191,0.0,0.0,8.223572477534162,0.9260557758418163
municipio,SUDESTE,MG,Minas Gerais,312965,Ibiracatu,5113,0,0,0,0,0,0,0,0.0,0.0,0.0,0.0,0.0,0.0,8.469398262740144,0.767161889481401
municipio,SUDESTE,MG,Minas Gerais,312970,Ibiraci,10996,1,1,1,12,12,0,0,100.0,0.0,10.913059294288832,10.913059294288832,0.0,0.0,6.214258419145438,1.6498556887810456
municipio,SUDESTE,MG,Minas Gerais,312980,Ibirité,179582,1,1,1,100,100,10,10,100.0,100.0,5.5684868193916985,5.5684868193916985,5.5684868193916985,5.5684868193916985,197.4675295950324,16.94474211555818
municipio,SUDESTE,MG,Minas Gerais,312990,Ibitiúra de Minas,3440,0,0,0,0,0,0,0,0.0,0.0,0.0,0.0,0.0,0.0,5.6981674210495,0.5161425581490358
municipio,SUDESTE,MG,Minas Gerais,313000,Ibituruna,2733,0,0,0,0,0,0,0,0.0,0.0,0.0,0.0,0.0,0.0,4.527061500502408,0.4100632591341031
municipio,SUDESTE,MG,Minas Gerais,312950,Ibiá,22554,1,1,1,37,32,0,0,86.48648648648648,0.0,16.405072270994058,14.188170612751618,0.0,0.0,5.359438376264663,3.3840346675852766
municipio,SUDESTE,MG,Minas Gerais,313005,Icaraí de Minas,10914,0,0,0,0,0,0,0,0.0,0.0,0.0,0.0,0.0,0.0,18.078430009690187,1.6375522905926092
municipio,SUDESTE,MG,Minas Gerais,313010,Igarapé,49120,0,0,0,0,0,0,0,0.0,0.0,0.0,0.0,0.0,0.0,81.36453015173008,7.370035597755999
municipio,SUDESTE,MG,Minas Gerais,313020,Igaratinga,11345,0,0,0,0,0,0,0,0.0,0.0,0.0,0.0,0.0,0.0,18.792357381339123,1.702220151802561
municipio,SUDESTE,MG,Minas Gerais,313030,Iguatama,6782,1,1,1,18,18,0,0,100.0,0.0,26.540843409023886,26.540843409023886,0.0,0.0,0.0,1.017581055048477
municipio,SUDESTE,MG,Minas Gerais,313040,Ijaci,7358,0,0,0,0,0,0,0,0.0,0.0,0.0,0.0,0.0,0.0,12.188115082582042,1.1040049252501758
municipio,SUDESTE,MG,Minas Gerais,313050,Ilicínea,13248,1,1,1,45,43,0,0,95.55555555555556,0.0,33.96739130434783,32.457729468599034,0.0,0.0,0.0,1.987749014639077
municipio,SUDESTE,MG,Minas Gerais,313055,Imbé de Minas,7244,0,0,0,0,0,0,0,0.0,0.0,0.0,0.0,0.0,0.0,11.99928046455889,1.0869002009394229
municipio,SUDESTE,MG,Minas Gerais,313060,Inconfidentes,7537,0,0,0,0,0,0,0,0.0,0.0,0.0,0.0,0.0,0.0,12.484618561758746,1.1308623432468845
municipio,SUDESTE,MG,Minas Gerais,313065,Indaiabira,6328,0,0,0,0,0,0,0,0.0,0.0,0.0,0.0,0.0,0.0,10.481977744302686,0.9494622406881099
municipio,SUDESTE,MG,Minas Gerais,313070,Indianópolis,6311,0,0,0,0,0,0,0,0.0,0.0,0.0,0.0,0.0,0.0,10.453818196000988,0.9469115361856292
municipio,SUDESTE,MG,Minas Gerais,313080,Ingaí,2632,0,0,0,0,0,0,0,0.0,0.0,0.0,0.0,0.0,0.0,4.359760654709967,0.3949090735605413
municipio,SUDESTE,MG,Minas Gerais,313090,Inhapim,22925,1,1,1,40,40,0,0,100.0,0.0,17.448200654307524,17.448200654307524,0.0,0.0,0.0,3.439700042315885
municipio,SUDESTE,MG,Minas Gerais,313100,Inhaúma,6465,0,0,0,0,0,0,0,0.0,0.0,0.0,0.0,0.0,0.0,10.708910574734018,0.9700179181492778
municipio,SUDESTE,MG,Minas Gerais,313110,Inimutaba,7615,0,0,0,0,0,0,0,0.0,0.0,0.0,0.0,0.0,0.0,12.613821195143007,1.142565575670031
municipio,SUDESTE,MG,Minas Gerais,313115,Ipaba,17587,0,0,0,0,0,0,0,0.0,0.0,0.0,0.0,0.0,0.0,29.131880940115575,2.638778828536945
municipio,SUDESTE,MG,Minas Gerais,313120,Ipanema,20181,2,2,1,98,48,0,0,48.97959183673469,0.0,48.56052722858134,23.784748030325552,0.0,0.0,0.0,3.0279863273272354
municipio,SUDESTE,MG,Minas Gerais,313130,Ipatinga,235311,2,2,1,767,477,118,71,62.190352020860495,60.16949152542372,32.59516129717693,20.27104555248161,50.14640199565682,30.17283509908164,0.0,0.0
municipio,SUDESTE,MG,Minas Gerais,313140,Ipiaçu,3807,0,0,0,0,0,0,0,0.0,0.0,0.0,0.0,0.0,0.0,6.306082375562631,0.5712077671143544
municipio,SUDESTE,MG,Minas Gerais,313150,Ipuiúna,9283,0,0,0,0,0,0,0,0.0,0.0,0.0,0.0,0.0,0.0,15.376769816744915,1.3928346997957846
municipio,SUDESTE,MG,Minas Gerais,313160,Iraí de Minas,7467,0,0,0,0,0,0,0,0.0,0.0,0.0,0.0,0.0,0.0,12.36866748051646,1.1203594423543168
municipio,SUDESTE,MG,Minas Gerais,313170,Itabira,118053,2,2,1,296,224,40,31,75.67567567567568,77.5,25.073483943652427,18.974528389791026,33.88308641034112,26.259391968014366,0.0,0.0
municipio,SUDESTE,MG,Minas Gerais,313180,Itabirinha,10548,1,1,1,21,18,0,0,85.71428571428571,0.0,19.908987485779292,17.064846416382252,0.0,0.0,0.0,1.582637123068613
municipio,SUDESTE,MG,Minas Gerais,313190,Itabirito,56369,1,1,1,92,47,10,0,51.08695652173913,0.0,16.32102751512356,8.337916230552255,17.740247299047347,0.0,46.3720928363777,8.457686005902033
municipio,SUDESTE,MG,Minas Gerais,313200,Itacambira,4227,0,0,0,0,0,0,0,0.0,0.0,0.0,0.0,0.0,0.0,7.001788863016349,0.6342251724697598
municipio,SUDESTE,MG,Minas Gerais,313210,Itacarambi,17502,1,1,1,50,50,0,0,100.0,0.0,28.568163638441323,28.568163638441323,0.0,0.0,0.0,2.6260253060245415
municipio,SUDESTE,MG,Minas Gerais,313220,Itaguara,14415,1,1,1,45,40,0,0,88.88888888888889,0.0,31.21748178980229,27.74887270204648,0.0,0.0,0.0,2.1628473766623113
municipio,SUDESTE,MG,Minas Gerais,313230,Itaipé,10482,1,1,1,28,28,0,0,100.0,0.0,26.712459454302614,26.712459454302614,0.0,0.0,0.0,1.5727343879413351
municipio,SUDESTE,MG,Minas Gerais,313240,Itajubá,96855,2,2,1,241,173,56,42,71.78423236514523,75.0,24.882556398740387,17.86175210366011,57.81838831242579,43.36379123431934,0.0,0.0
municipio,SUDESTE,MG,Minas Gerais,313250,Itamarandiba,34210,2,2,1,97,73,0,0,75.25773195876289,0.0,28.35428237357498,21.33878982753581,0.0,0.0,0.0,5.132917707639103
municipio,SUDESTE,MG,Minas Gerais,313260,Itamarati de Minas,3710,0,0,0,0,0,0,0,0.0,0.0,0.0,0.0,0.0,0.0,6.145407305841176,0.5566537473060822
municipio,SUDESTE,MG,Minas Gerais,313270,Itambacuri,21210,2,2,1,85,80,0,0,94.11764705882352,0.0,40.07543611504008,37.71805752003772,0.0,0.0,0.0,3.182378970447979
municipio,SUDESTE,MG,Minas Gerais,313280,Itambé do Mato Dentro,2168,0,0,0,0,0,0,0,0.0,0.0,0.0,0.0,0.0,0.0,3.5911706304753834,0.32528984478695044
municipio,SUDESTE,MG,Minas Gerais,313290,Itamogi,11092,1,1,1,15,15,0,0,100.0,0.0,13.523260007212405,13.523260007212405,0.0,0.0,3.3732770448491456,1.6642596671479954
municipio,SUDESTE,MG,Minas Gerais,313300,Itamonte,15245,1,1,1,47,47,0,0,100.0,0.0,30.82978025582158,30.82978025582158,0.0,0.0,0.0,2.287381772959898
municipio,SUDESTE,MG,Minas Gerais,313310,Itanhandu,15751,1,1,1,60,52,0,0,86.66666666666667,0.0,38.092819503523586,33.013776903053774,0.0,0.0,0.0,2.3633027422690294
municipio,SUDESTE,MG,Minas Gerais,313320,Itanhomi,11264,1,1,1,20,18,0,0,90.0,0.0,17.755681818181817,15.980113636363637,0.0,0.0,0.6581854159016202,1.690066795055447
municipio,SUDESTE,MG,Minas Gerais,313330,Itaobim,19263,1,1,1,70,65,0,0,92.85714285714286,0.0,36.33909567564761,33.74344598452993,0.0,0.0,0.0,2.890248284193278
municipio,SUDESTE,MG,Minas Gerais,313340,Itapagipe,14014,0,0,0,0,0,0,0,0.0,0.0,0.0,0.0,0.0,0.0,23.213406464705727,2.1026807586920313
municipio,SUDESTE,MG,Minas Gerais,313350,Itapecerica,21456,1,1,1,51,37,0,0,72.54901960784314,0.0,23.769574944071586,17.244593586875467,0.0,0.0,0.0,3.219289165013288
municipio,SUDESTE,MG,Minas Gerais,313360,Itapeva,13561,0,0,0,0,0,0,0,0.0,0.0,0.0,0.0,0.0,0.0,22.46303732466636,2.0347119857729865
municipio,SUDESTE,MG,Minas Gerais,313370,Itatiaiuçu,13779,0,0,0,0,0,0,0,0.0,0.0,0.0,0.0,0.0,0.0,22.824142120535193,2.067421019981268
municipio,SUDESTE,MG,Minas Gerais,313390,Itaverava,5747,0,0,0,0,0,0,0,0.0,0.0,0.0,0.0,0.0,0.0,9.519583769991709,0.8622881632797988
municipio,SUDESTE,MG,Minas Gerais,313375,Itaú de Minas,14634,1,1,1,40,34,0,0,85.0,0.0,27.333606669400027,23.233565668990025,0.0,0.0,0.0,2.1957064523119154
municipio,SUDESTE,MG,Minas Gerais,313380,Itaúna,103272,1,1,1,148,98,20,19,66.21621621621621,95.0,14.331086838639708,9.489503447207374,19.366333565729335,18.398016887442868,73.0642866007628,0.0
municipio,SUDESTE,MG,Minas Gerais,313400,Itinga,13954,1,1,1,1,1,0,0,100.0,0.0,0.7166403898523721,0.7166403898523721,0.0,0.0,22.114019823640913,2.093678272212687
municipio,SUDESTE,MG,Minas Gerais,313410,Itueta,6234,0,0,0,0,0,0,0,0.0,0.0,0.0,0.0,0.0,0.0,10.326272006634474,0.9353583452038049
municipio,SUDESTE,MG,Minas Gerais,313420,Ituiutaba,106775,7,7,1,261,166,32,19,63.601532567049816,59.375,24.44392413954577,15.546710372278156,29.969562163427767,17.794427534535238,10.866809994930348,0.0
municipio,SUDESTE,MG,Minas Gerais,313430,Itumirim,6876,0,0,0,0,0,0,0,0.0,0.0,0.0,0.0,0.0,0.0,11.389709066028015,1.0316849505327819
municipio,SUDESTE,MG,Minas Gerais,313440,Iturama,40259,2,2,1,82,50,0,0,60.97560975609756,0.0,20.368116446012074,12.41958319878785,0.0,0.0,16.68677971047437,6.040518386198265
municipio,SUDESTE,MG,Minas Gerais,313450,Itutinga,4366,0,0,0,0,0,0,0,0.0,0.0,0.0,0.0,0.0,0.0,7.232034581483174,0.6550809328135726
municipio,SUDESTE,MG,Minas Gerais,313460,Jaboticatubas,21407,1,1,1,32,31,0,0,96.875,0.0,14.948381370579716,14.4812444527491,0.0,0.0,4.459497087908913,3.211937134388491
municipio,SUDESTE,MG,Minas Gerais,313470,Jacinto,11115,1,1,1,50,49,0,0,98.0,0.0,44.9842555105713,44.08457040035988,0.0,0.0,0.0,1.6677106202984104
municipio,SUDESTE,MG,Minas Gerais,313490,Jacutinga,26888,1,1,1,37,26,0,0,70.27027027027027,0.0,13.760785480511752,9.669741148467718,0.0,0.0,18.538466749179932,4.034314274276533
municipio,SUDESTE,MG,Minas Gerais,313480,Jacuí,7668,1,1,1,1,1,0,0,100.0,0.0,1.3041210224308815,1.3041210224308815,0.0,0.0,11.701612728083596,1.150517772060118
municipio,SUDESTE,MG,Minas Gerais,313500,Jaguaraçu,3181,0,0,0,0,0,0,0,0.0,0.0,0.0,0.0,0.0,0.0,5.269148420453041,0.4772818248465357
municipio,SUDESTE,MG,Minas Gerais,313507,Jampruca,4266,0,0,0,0,0,0,0,0.0,0.0,0.0,0.0,0.0,0.0,7.066390179708479,0.6400767886813332
municipio,SUDESTE,MG,Minas Gerais,313510,Janaúba,73555,4,4,1,261,216,50,40,82.75862068965517,80.0,35.48365168921215,29.36578070831351,67.97634423220718,54.381075385765755,0.0,0.0
municipio,SUDESTE,MG,Minas Gerais,313520,Januária,67123,1,1,1,73,69,0,0,94.52054794520548,0.0,10.875556813610835,10.27963589231709,0.0,0.0,42.18549180322838,10.07123166588306
municipio,SUDESTE,MG,Minas Gerais,313530,Japaraíba,4706,0,0,0,0,0,0,0,0.0,0.0,0.0,0.0,0.0,0.0,7.795225547517136,0.7060950228631866
municipio,SUDESTE,MG,Minas Gerais,313535,Japonvar,8385,1,1,1,1,1,0,0,100.0,0.0,1.1926058437686344,1.1926058437686344,0.0,0.0,12.889283088808158,1.2580974854882745
municipio,SUDESTE,MG,Minas Gerais,313505,Jaíba,39639,1,1,1,27,25,0,0,92.5925925925926,0.0,6.81147354877772,6.3069199525719615,0.0,0.0,40.65978441947127,5.94749269257838
municipio,SUDESTE,MG,Minas Gerais,313540,Jeceaba,6476,1,1,1,28,28,0,0,100.0,0.0,43.236565781346506,43.236565781346506,0.0,0.0,0.0,0.9716683740038243
municipio,SUDESTE,MG,Minas Gerais,313545,Jenipapo de Minas,6072,0,0,0,0,0,0,0,0.0,0.0,0.0,0.0,0.0,0.0,10.057928075759468,0.911051631709577
municipio,SUDESTE,MG,Minas Gerais,313550,Jequeri,12636,0,0,0,0,0,0,0,0.0,0.0,0.0,0.0,0.0,0.0,20.93082660825043,1.895923652549772
municipio,SUDESTE,MG,Minas Gerais,313560,Jequitaí,6379,0,0,0,0,0,0,0,0.0,0.0,0.0,0.0,0.0,0.0,10.56645638920778,0.957114354195552
municipio,SUDESTE,MG,Minas Gerais,313570,Jequitibá,6142,0,0,0,0,0,0,0,0.0,0.0,0.0,0.0,0.0,0.0,10.173879157001753,0.9215545326021446
municipio,SUDESTE,MG,Minas Gerais,313580,Jequitinhonha,24516,1,1,1,78,52,0,0,66.66666666666666,0.0,31.815956926089083,21.210637950726056,0.0,0.0,0.0,3.678415975459814
municipio,SUDESTE,MG,Minas Gerais,313590,Jesuânia,5320,0,0,0,0,0,0,0,0.0,0.0,0.0,0.0,0.0,0.0,8.812282174413763,0.7982204678351367
municipio,SUDESTE,MG,Minas Gerais,313610,Joanésia,4246,0,0,0,0,0,0,0,0.0,0.0,0.0,0.0,0.0,0.0,7.0332612993535415,0.6370759598548854
municipio,SUDESTE,MG,Minas Gerais,313640,Joaquim Felício,3868,0,0,0,0,0,0,0,0.0,0.0,0.0,0.0,0.0,0.0,6.407125460645194,0.5803602950350204
municipio,SUDESTE,MG,Minas Gerais,313600,Joaíma,14035,1,1,1,33,33,0,0,100.0,0.0,23.51264695404346,23.51264695404346,0.0,0.0,0.0,2.1058316289598014
municipio,SUDESTE,MG,Minas Gerais,313650,Jordânia,10541,1,1,1,27,27,0,0,100.0,0.0,25.614268096006075,25.614268096006075,0.0,0.0,0.0,1.5815868329793563
municipio,SUDESTE,MG,Minas Gerais,313657,Josenópolis,3557,0,0,0,0,0,0,0,0.0,0.0,0.0,0.0,0.0,0.0,5.891971371125893,0.5336974067837559
municipio,SUDESTE,MG,Minas Gerais,313652,José Gonçalves de Minas,3963,0,0,0,0,0,0,0,0.0,0.0,0.0,0.0,0.0,0.0,6.564487642331153,0.5946142319606478
municipio,SUDESTE,MG,Minas Gerais,313655,José Raydan,4349,0,0,0,0,0,0,0,0.0,0.0,0.0,0.0,0.0,0.0,7.203875033181476,0.652530228311092
municipio,SUDESTE,MG,Minas Gerais,313620,João Monlevade,83791,1,1,1,136,100,10,8,73.52941176470588,80.0,16.2308601162416,11.934455967824707,11.934455967824707,9.547564774259765,38.795100691034506,4.572122409844725
municipio,SUDESTE,MG,Minas Gerais,313630,João Pinheiro,48725,2,2,1,76,59,9,9,77.63157894736842,100.0,15.59774243201642,12.108773730118008,18.471010774756287,18.471010774756287,21.710234764720038,0.0
municipio,SUDESTE,MG,Minas Gerais,313665,Juatuba,33249,0,0,0,0,0,0,0,0.0,0.0,0.0,0.0,0.0,0.0,55.07510714606827,4.9887278825282815
municipio,SUDESTE,MG,Minas Gerais,313670,Juiz de Fora,567730,16,16,1,2900,1679,407,234,57.896551724137936,57.49385749385749,51.0806193084741,29.573917178940693,71.68900709844468,41.21677557994117,0.0,0.0
municipio,SUDESTE,MG,Minas Gerais,313680,Juramento,3798,0,0,0,0,0,0,0,0.0,0.0,0.0,0.0,0.0,0.0,6.291174379402908,0.5698573941424528
municipio,SUDESTE,MG,Minas Gerais,313690,Juruaia,11652,1,1,1,16,15,0,0,93.75,0.0,13.731548232063165,12.873326467559219,0.0,0.0,4.300885694787435,1.7482828742885363
municipio,SUDESTE,MG,Minas Gerais,313695,Juvenília,5937,1,1,1,1,1,0,0,100.0,0.0,1.684352366515075,1.684352366515075,0.0,0.0,8.83430813336363,0.8907960371310537
municipio,SUDESTE,MG,Minas Gerais,313700,Ladainha,14263,1,1,1,24,24,0,0,100.0,0.0,16.826754539718152,16.826754539718152,0.0,0.0,0.0,2.1400410775813072
municipio,SUDESTE,MG,Minas Gerais,313710,Lagamar,6622,1,1,1,10,10,0,0,100.0,0.0,15.101177891875567,15.101177891875567,0.0,0.0,0.9689722855202881,0.9935744244368937
municipio,SUDESTE,MG,Minas Gerais,313740,Lagoa Dourada,13152,0,0,0,0,0,0,0,0.0,0.0,0.0,0.0,0.0,0.0,21.785551721407856,1.9733450362721272
municipio,SUDESTE,MG,Minas Gerais,313750,Lagoa Formosa,19614,1,1,1,15,13,0,0,86.66666666666667,0.0,7.647598654022637,6.6279188334862855,0.0,0.0,19.489492964088633,2.9429128300974376
municipio,SUDESTE,MG,Minas Gerais,313753,Lagoa Grande,9235,1,1,1,12,12,0,0,100.0,0.0,12.994044396318353,12.994044396318353,0.0,0.0,3.2972605038930647,1.3856327106123094
municipio,SUDESTE,MG,Minas Gerais,313760,Lagoa Santa,81299,2,2,1,108,64,10,9,59.25925925925925,90.0,13.284296239806148,7.872175549514754,12.300274296116802,11.070246866505125,70.66724219880912,3.198219138069317
municipio,SUDESTE,MG,Minas Gerais,313720,Lagoa da Prata,53927,1,1,1,82,58,12,10,70.73170731707317,83.33333333333334,15.205741094442486,10.75528028631298,22.25230404064754,18.543586700539617,31.32705654503965,0.0
municipio,SUDESTE,MG,Minas Gerais,313730,Lagoa dos Patos,3237,0,0,0,0,0,0,0,0.0,0.0,0.0,0.0,0.0,0.0,5.36190928544687,0.48568414556058975
municipio,SUDESTE,MG,Minas Gerais,313770,Lajinha,21502,1,1,1,53,41,0,0,77.35849056603774,0.0,24.648869872569993,19.067993675006978,0.0,0.0,0.0,3.2261910713141178
municipio,SUDESTE,MG,Minas Gerais,313780,Lambari,21010,1,1,1,50,43,0,0,86.0,0.0,23.798191337458352,20.466444550214185,0.0,0.0,0.0,3.1523706821835003
municipio,SUDESTE,MG,Minas Gerais,313790,Lamim,3213,1,1,1,6,6,0,0,100.0,0.0,18.674136321195146,18.674136321195146,0.0,0.0,0.0,0.4820831509688523
municipio,SUDESTE,MG,Minas Gerais,313800,Laranjal,6018,1,1,1,24,21,0,0,87.5,0.0,39.880358923230304,34.89531405782652,0.0,0.0,0.0,0.9029493938781677
municipio,SUDESTE,MG,Minas Gerais,313810,Lassance,7398,0,0,0,0,0,0,0,0.0,0.0,0.0,0.0,0.0,0.0,12.25437284329192,1.1100065829030716
municipio,SUDESTE,MG,Minas Gerais,313820,Lavras,110682,2,2,1,279,168,57,43,60.215053763440864,75.43859649122807,25.20735078874614,15.17861982978262,51.498888708191025,38.85003885003885,15.33853677226768,0.0
municipio,SUDESTE,MG,Minas Gerais,313830,Leandro Ferreira,3272,0,0,0,0,0,0,0,0.0,0.0,0.0,0.0,0.0,0.0,5.419884826068014,0.49093559600687353
municipio,SUDESTE,MG,Minas Gerais,313835,Leme do Prado,4364,0,0,0,0,0,0,0,0.0,0.0,0.0,0.0,0.0,0.0,7.228721693447681,0.6547808499309279
municipio,SUDESTE,MG,Minas Gerais,313840,Leopoldina,52739,1,1,1,92,61,10,6,66.30434782608695,60.0,17.444395987788923,11.566392991903525,18.96129998672709,11.376779992036255,26.35920105195628,1.9130355739017424
municipio,SUDESTE,MG,Minas Gerais,313850,Liberdade,4744,0,0,0,0,0,0,0,0.0,0.0,0.0,0.0,0.0,0.0,7.85817042019152,0.7117965976334376
municipio,SUDESTE,MG,Minas Gerais,313860,Lima Duarte,17782,1,1,1,31,25,0,0,80.64516129032258,0.0,17.43335957710044,14.059160949274547,0.0,0.0,4.454887523576226,2.6680369095948118
municipio,SUDESTE,MG,Minas Gerais,313862,Limeira do Oeste,9191,0,0,0,0,0,0,0,0.0,0.0,0.0,0.0,0.0,0.0,15.2243769671122,1.3790308871941241
municipio,SUDESTE,MG,Minas Gerais,313865,Lontra,8963,1,1,1,6,6,0,0,100.0,0.0,6.694187214102421,6.694187214102421,0.0,0.0,8.846707731065893,1.3448214385726183
municipio,SUDESTE,MG,Minas Gerais,313867,Luisburgo,7239,0,0,0,0,0,0,0,0.0,0.0,0.0,0.0,0.0,0.0,11.990998244470155,1.086149993732811
municipio,SUDESTE,MG,Minas Gerais,313868,Luislândia,6323,0,0,0,0,0,0,0,0.0,0.0,0.0,0.0,0.0,0.0,10.47369552421395,0.9487120334814979
municipio,SUDESTE,MG,Minas Gerais,313870,Luminárias,5744,0,0,0,0,0,0,0,0.0,0.0,0.0,0.0,0.0,0.0,9.514614437938468,0.8618380389558318
municipio,SUDESTE,MG,Minas Gerais,313880,Luz,18336,1,1,1,40,35,0,0,87.5,0.0,21.81500872600349,19.088132635253054,0.0,0.0,0.0,2.7511598680874183
municipio,SUDESTE,MG,Minas Gerais,313890,Machacalis,6556,1,1,1,50,48,0,0,96.0,0.0,76.2660158633313,73.21537522879805,0.0,0.0,0.0,0.9836716893096158
municipio,SUDESTE,MG,Minas Gerais,313900,Machado,38809,1,1,1,68,56,10,10,82.35294117647058,100.0,17.52170888196037,14.429642608673246,25.767218944059366,25.767218944059366,8.284935884741298,0.0
municipio,SUDESTE,MG,Minas Gerais,313910,Madre de Deus de Minas,5360,0,0,0,0,0,0,0,0.0,0.0,0.0,0.0,0.0,0.0,8.87853993512364,0.8042221254880325
municipio,SUDESTE,MG,Minas Gerais,313920,Malacacheta,17691,1,1,1,43,43,0,0,100.0,0.0,24.306144367192356,24.306144367192356,0.0,0.0,0.0,2.6543831384344743
municipio,SUDESTE,MG,Minas Gerais,313925,Mamonas,6082,0,0,0,0,0,0,0,0.0,0.0,0.0,0.0,0.0,0.0,10.074492515936937,0.9125520461228009
municipio,SUDESTE,MG,Minas Gerais,313930,Manga,19148,1,1,1,50,46,0,0,92.0,0.0,26.11238771673282,24.023396699394194,0.0,0.0,0.0,2.8729935184412025
municipio,SUDESTE,MG,Minas Gerais,313940,Manhuaçu,97328,2,2,1,247,177,31,23,71.65991902834008,74.19354838709677,25.37810290974848,18.185927996054577,31.85106033207299,23.63143185927996,0.0,0.0
municipio,SUDESTE,MG,Minas Gerais,313950,Manhumirim,20939,1,1,1,119,75,11,10,63.02521008403361,90.9090909090909,56.83174936720952,35.81832943311524,52.53354983523568,47.75777257748699,0.0,0.0
municipio,SUDESTE,MG,Minas Gerais,313960,Mantena,27350,2,2,1,92,84,0,0,91.30434782608695,0.0,33.63802559414991,30.712979890310784,0.0,0.0,0.0,4.103633420167479
municipio,SUDESTE,MG,Minas Gerais,313980,Mar de Espanha,13180,1,1,1,43,32,0,0,74.4186046511628,0.0,32.62518968133536,24.279210925644918,0.0,0.0,0.0,1.9775461966291545
municipio,SUDESTE,MG,Minas Gerais,313970,Maravilhas,7532,0,0,0,0,0,0,0,0.0,0.0,0.0,0.0,0.0,0.0,12.476336341670011,1.1301121360402724
municipio,SUDESTE,MG,Minas Gerais,313990,Maria da Fé,14567,1,1,1,30,30,0,0,100.0,0.0,20.59449440516235,20.59449440516235,0.0,0.0,0.0,2.185653675743315
municipio,SUDESTE,MG,Minas Gerais,314000,Mariana,64506,1,1,1,70,57,0,0,81.42857142857143,0.0,10.851703717483645,8.83638731280811,0.0,0.0,49.85057780878462,9.678573213942355
municipio,SUDESTE,MG,Minas Gerais,314010,Marilac,4323,0,0,0,0,0,0,0,0.0,0.0,0.0,0.0,0.0,0.0,7.160807488720055,0.6486291508367097
municipio,SUDESTE,MG,Minas Gerais,314020,Maripá de Minas,3567,0,0,0,0,0,0,0,0.0,0.0,0.0,0.0,0.0,0.0,5.908535811303363,0.5351978211969798
municipio,SUDESTE,MG,Minas Gerais,314030,Marliéria,4796,0,0,0,0,0,0,0,0.0,0.0,0.0,0.0,0.0,0.0,7.944305509114361,0.7195987525822022
municipio,SUDESTE,MG,Minas Gerais,314040,Marmelópolis,3314,0,0,0,0,0,0,0,0.0,0.0,0.0,0.0,0.0,0.0,5.4894554748133855,0.49723733654241403
municipio,SUDESTE,MG,Minas Gerais,314050,Martinho Campos,14546,1,1,1,18,14,0,0,77.77777777777779,0.0,12.37453595490169,9.624639076034649,0.0,0.0,10.094634682147102,2.1825028054755444
municipio,SUDESTE,MG,Minas Gerais,314053,Martins Soares,8797,0,0,0,0,0,0,0,0.0,0.0,0.0,0.0,0.0,0.0,14.571738024119899,1.319914559313101
municipio,SUDESTE,MG,Minas Gerais,314055,Mata Verde,9532,0,0,0,0,0,0,0,0.0,0.0,0.0,0.0,0.0,0.0,15.789224377163906,1.4301950186850605
municipio,SUDESTE,MG,Minas Gerais,314060,Materlândia,3949,0,0,0,0,0,0,0,0.0,0.0,0.0,0.0,0.0,0.0,6.541297426082697,0.5925136517821343
municipio,SUDESTE,MG,Minas Gerais,314070,Mateus Leme,40814,1,1,1,65,49,0,0,75.38461538461539,0.0,15.925907776743273,12.005684324006468,0.0,0.0,18.60610614032393,6.123791386132193
municipio,SUDESTE,MG,Minas Gerais,317150,Mathias Lobato,3053,0,0,0,0,0,0,0,0.0,0.0,0.0,0.0,0.0,0.0,5.057123586181432,0.4580765203572692
municipio,SUDESTE,MG,Minas Gerais,314080,Matias Barbosa,14547,0,0,0,0,0,0,0,0.0,0.0,0.0,0.0,0.0,0.0,24.09629112616485,2.1826528469168673
municipio,SUDESTE,MG,Minas Gerais,314085,Matias Cardoso,8922,0,0,0,0,0,0,0,0.0,0.0,0.0,0.0,0.0,0.0,14.778793526338267,1.3386697394784002
municipio,SUDESTE,MG,Minas Gerais,314090,Matipó,19115,1,1,1,50,45,0,0,90.0,0.0,26.15746795710175,23.541721161391575,0.0,0.0,0.0,2.8680421508775633
municipio,SUDESTE,MG,Minas Gerais,314100,Mato Verde,12210,0,0,0,0,0,0,0,0.0,0.0,0.0,0.0,0.0,0.0,20.225181456690233,1.8320059985464319
municipio,SUDESTE,MG,Minas Gerais,314110,Matozinhos,39529,1,1,1,49,38,0,0,77.55102040816327,0.0,12.395962457942272,9.613195375547066,0.0,0.0,27.4775755775191,5.9309881340329165
municipio,SUDESTE,MG,Minas Gerais,314120,Matutina,3912,1,1,1,10,10,0,0,100.0,0.0,25.56237218813906,25.56237218813906,0.0,0.0,0.0,0.5869621184532058
municipio,SUDESTE,MG,Minas Gerais,314130,Medeiros,4068,0,0,0,0,0,0,0,0.0,0.0,0.0,0.0,0.0,0.0,6.738414264194584,0.6103685832994993
municipio,SUDESTE,MG,Minas Gerais,314140,Medina,20455,1,1,1,50,46,0,0,92.0,0.0,24.443901246638962,22.488389146907846,0.0,0.0,0.0,3.0690976822495717
municipio,SUDESTE,MG,Minas Gerais,314150,Mendes Pimentel,5614,1,1,1,24,22,0,0,91.66666666666666,0.0,42.75026718916993,39.18774492340577,0.0,0.0,0.0,0.8423326515839206
municipio,SUDESTE,MG,Minas Gerais,314160,Mercês,10615,1,1,1,20,12,0,0,60.0,0.0,18.841262364578427,11.304757418747057,0.0,0.0,5.583153248383851,1.5926898996372134
municipio,SUDESTE,MG,Minas Gerais,314170,Mesquita,4984,0,0,0,0,0,0,0,0.0,0.0,0.0,0.0,0.0,0.0,8.255716984450787,0.7478065435508122
municipio,SUDESTE,MG,Minas Gerais,314180,Minas Novas,23843,1,1,1,79,60,0,0,75.9493670886076,0.0,33.13341441932643,25.16461854632387,0.0,0.0,0.0,3.5774380854498427
municipio,SUDESTE,MG,Minas Gerais,314190,Minduri,3811,1,1,1,20,19,0,0,95.0,0.0,52.47966413014957,49.85568092364209,0.0,0.0,0.0,0.5718079328796439
municipio,SUDESTE,MG,Minas Gerais,314200,Mirabela,14071,1,1,1,30,28,0,0,93.33333333333333,0.0,21.32044630800938,19.89908322080876,0.0,0.0,0.0,2.1112331208474076
municipio,SUDESTE,MG,Minas Gerais,314210,Miradouro,8961,0,0,0,0,0,0,0,0.0,0.0,0.0,0.0,0.0,0.0,14.843394843030401,1.3445213556899736
municipio,SUDESTE,MG,Minas Gerais,314225,Miravânia,3982,1,1,1,2,2,0,0,100.0,0.0,5.022601707684581,5.022601707684581,0.0,0.0,4.595960078668346,0.5974650193457733
municipio,SUDESTE,MG,Minas Gerais,314220,Miraí,13921,1,1,1,36,24,0,0,66.66666666666666,0.0,25.86021119172473,17.240140794483153,0.0,0.0,0.0,2.0887269046490484
municipio,SUDESTE,MG,Minas Gerais,314230,Moeda,5314,0,0,0,0,0,0,0,0.0,0.0,0.0,0.0,0.0,0.0,8.802343510307281,0.7973202191872023
municipio,SUDESTE,MG,Minas Gerais,314240,Moema,7812,1,1,1,13,12,0,0,92.3076923076923,0.0,16.6410650281618,15.360983102918587,0.0,0.0,0.9401406666391567,1.1721237396105428
municipio,SUDESTE,MG,Minas Gerais,314250,Monjolos,2187,0,0,0,0,0,0,0,0.0,0.0,0.0,0.0,0.0,0.0,3.622643066812575,0.32814063217207595
municipio,SUDESTE,MG,Minas Gerais,314260,Monsenhor Paulo,8565,1,1,1,45,40,0,0,88.88888888888889,0.0,52.53940455341506,46.70169293636894,0.0,0.0,0.0,1.2851049449263054
municipio,SUDESTE,MG,Minas Gerais,314270,Montalvânia,14068,1,1,1,34,31,0,0,91.17647058823529,0.0,24.16832527722491,22.035825988058004,0.0,0.0,0.0,2.11078299652344
municipio,SUDESTE,MG,Minas Gerais,314280,Monte Alegre de Minas,20708,1,1,1,22,18,0,0,81.81818181818183,0.0,10.62391346339579,8.692292833687464,0.0,0.0,16.301642719503796,3.107058166904137
municipio,SUDESTE,MG,Minas Gerais,314290,Monte Azul,20497,1,1,1,50,48,0,0,96.0,0.0,24.393813728838367,23.41806117968483,0.0,0.0,0.0,3.075399422785112
municipio,SUDESTE,MG,Minas Gerais,314300,Monte Belo,13347,1,1,1,16,14,0,0,87.5,0.0,11.987712594590544,10.489248520266726,0.0,0.0,8.108558304868515,2.0026031173299943
municipio,SUDESTE,MG,Minas Gerais,314310,Monte Carmelo,49500,3,3,1,130,110,10,10,84.61538461538461,100.0,26.262626262626263,22.22222222222222,20.2020202020202,20.2020202020202,0.0,0.0
municipio,SUDESTE,MG,Minas Gerais,314315,Monte Formoso,4437,0,0,0,0,0,0,0,0.0,0.0,0.0,0.0,0.0,0.0,7.349642106743208,0.6657338751474626
municipio,SUDESTE,MG,Minas Gerais,314320,Monte Santo de Minas,21294,1,1,1,50,28,0,0,56.00000000000001,0.0,23.480792711561943,13.149243918474689,0.0,0.0,7.272318913903505,3.19498245151906
municipio,SUDESTE,MG,Minas Gerais,314340,Monte Sião,25107,0,0,0,0,0,0,0,0.0,0.0,0.0,0.0,0.0,0.0,41.588339953572614,3.767090467281349
municipio,SUDESTE,MG,Minas Gerais,314330,Montes Claros,437601,12,12,1,1291,899,227,145,69.63594113090628,63.87665198237885,29.50176073637857,20.543828738965406,51.87373886257116,33.135207643492585,0.0,0.0
municipio,SUDESTE,MG,Minas Gerais,314345,Montezuma,6951,0,0,0,0,0,0,0,0.0,0.0,0.0,0.0,0.0,0.0,11.513942367359034,1.0429380586319614
municipio,SUDESTE,MG,Minas Gerais,314350,Morada Nova de Minas,9414,1,1,1,20,19,0,0,95.0,0.0,21.244954323348203,20.182706607180798,0.0,0.0,0.0,1.412490128609018
municipio,SUDESTE,MG,Minas Gerais,314360,Morro da Garça,2426,0,0,0,0,0,0,0,0.0,0.0,0.0,0.0,0.0,0.0,4.0185331870540955,0.3640005366481281
municipio,SUDESTE,MG,Minas Gerais,314370,Morro do Pilar,3161,0,0,0,0,0,0,0,0.0,0.0,0.0,0.0,0.0,0.0,5.236019540098102,0.4742809960200878
municipio,SUDESTE,MG,Minas Gerais,314380,Munhoz,7930,0,0,0,0,0,0,0,0.0,0.0,0.0,0.0,0.0,0.0,13.135601060733295,1.1898286296865854
municipio,SUDESTE,MG,Minas Gerais,314390,Muriaé,108447,4,4,1,624,374,108,58,59.93589743589743,53.70370370370371,57.53962765221721,34.48689221463019,99.58781709037594,53.48234621520189,0.0,0.0
municipio,SUDESTE,MG,Minas Gerais,314400,Mutum,28749,1,1,1,47,43,0,0,91.48936170212765,0.0,16.348394726773105,14.957041984069011,0.0,0.0,4.621109066207002,4.3135413965775085
municipio,SUDESTE,MG,Minas Gerais,314410,Muzambinho,22620,1,1,1,50,27,0,0,54.0,0.0,22.104332449160037,11.936339522546419,0.0,0.0,10.468763681435961,3.393937402712555
municipio,SUDESTE,MG,Minas Gerais,314015,Mário Campos,16705,0,0,0,0,0,0,0,0.0,0.0,0.0,0.0,0.0,0.0,27.670897316462764,2.5064422772905934
municipio,SUDESTE,MG,Minas Gerais,314420,Nacip Raydan,2400,0,0,0,0,0,0,0,0.0,0.0,0.0,0.0,0.0,0.0,3.975465642592675,0.36009945917374586
municipio,SUDESTE,MG,Minas Gerais,314430,Nanuque,35263,2,2,1,75,46,0,0,61.33333333333333,0.0,21.268751949635593,13.044834529109831,0.0,0.0,12.411185397810625,5.290911345351583
municipio,SUDESTE,MG,Minas Gerais,314435,Naque,6443,0,0,0,0,0,0,0,0.0,0.0,0.0,0.0,0.0,0.0,10.672468806343586,0.9667170064401852
municipio,SUDESTE,MG,Minas Gerais,314437,Natalândia,3642,0,0,0,0,0,0,0,0.0,0.0,0.0,0.0,0.0,0.0,6.032769112634384,0.5464509292961593
municipio,SUDESTE,MG,Minas Gerais,314440,Natércia,4805,0,0,0,0,0,0,0,0.0,0.0,0.0,0.0,0.0,0.0,7.959213505274085,0.7209491255541036
municipio,SUDESTE,MG,Minas Gerais,314450,Nazareno,8407,1,1,1,12,12,0,0,100.0,0.0,14.273819436184132,14.273819436184132,0.0,0.0,1.9257248571985908,1.2613983971973672
municipio,SUDESTE,MG,Minas Gerais,314460,Nepomuceno,25757,1,1,1,50,45,0,0,90.0,0.0,19.412198625616337,17.470978763054703,0.0,0.0,0.0,3.864617404140905
municipio,SUDESTE,MG,Minas Gerais,314465,Ninheira,10965,0,0,0,0,0,0,0,0.0,0.0,0.0,0.0,0.0,0.0,18.162908654595284,1.6452044041000513
municipio,SUDESTE,MG,Minas Gerais,314467,Nova Belém,3126,0,0,0,0,0,0,0,0.0,0.0,0.0,0.0,0.0,0.0,5.17804399947696,0.469029545573804
municipio,SUDESTE,MG,Minas Gerais,314470,Nova Era,17813,1,1,1,45,32,0,0,71.11111111111111,0.0,25.262448773367765,17.964408016617078,0.0,0.0,0.0,2.6726881942758065
municipio,SUDESTE,MG,Minas Gerais,314480,Nova Lima,120959,6,6,1,515,79,114,10,15.339805825242719,8.771929824561402,42.5764101885763,6.531138650286461,94.2468109028679,8.26726411428666,121.36181194265305,8.148862700915467
municipio,SUDESTE,MG,Minas Gerais,314490,Nova Módica,3726,0,0,0,0,0,0,0,0.0,0.0,0.0,0.0,0.0,0.0,6.171910410125128,0.5590544103672405
municipio,SUDESTE,MG,Minas Gerais,314500,Nova Ponte,15220,1,1,1,24,24,0,0,100.0,0.0,15.768725361366622,15.768725361366622,0.0,0.0,1.2110779501085478,2.2836307369268383
municipio,SUDESTE,MG,Minas Gerais,314505,Nova Porteirinha,6746,0,0,0,0,0,0,0,0.0,0.0,0.0,0.0,0.0,0.0,11.17437134372091,1.0121795631608705
municipio,SUDESTE,MG,Minas Gerais,314510,Nova Resende,16919,1,1,1,18,18,0,0,100.0,0.0,10.63892665051126,10.63892665051126,0.0,0.0,10.025376336260608,2.538551145733586
municipio,SUDESTE,MG,Minas Gerais,314520,Nova Serrana,114791,2,2,1,76,51,10,0,67.10526315789474,0.0,6.620728105861958,4.442857018407366,8.711484349818367,0.0,139.14486524118988,17.223407090838943
municipio,SUDESTE,MG,Minas Gerais,313660,Nova União,6107,0,0,0,0,0,0,0,0.0,0.0,0.0,0.0,0.0,0.0,10.11590361638061,0.9163030821558608
municipio,SUDESTE,MG,Minas Gerais,314530,Novo Cruzeiro,27268,1,1,1,36,35,0,0,97.22222222222221,0.0,13.20228839665542,12.835558163414992,0.0,0.0,10.167915475923774,4.091330021979043
municipio,SUDESTE,MG,Minas Gerais,314535,Novo Oriente de Minas,10503,0,0,0,0,0,0,0,0.0,0.0,0.0,0.0,0.0,0.0,17.397631518396192,1.5758852582091052
municipio,SUDESTE,MG,Minas Gerais,314537,Novorizonte,4612,0,0,0,0,0,0,0,0.0,0.0,0.0,0.0,0.0,0.0,7.639519809848923,0.6919911273788817
municipio,SUDESTE,MG,Minas Gerais,314540,Olaria,1986,0,0,0,0,0,0,0,0.0,0.0,0.0,0.0,0.0,0.0,3.2896978192454385,0.2979823024662747
municipio,SUDESTE,MG,Minas Gerais,314545,Olhos-d'Água,5530,0,0,0,0,0,0,0,0.0,0.0,0.0,0.0,0.0,0.0,9.160135418140621,0.8297291705128395
municipio,SUDESTE,MG,Minas Gerais,314560,Oliveira,40576,1,1,1,154,107,20,10,69.48051948051948,50.0,37.95347003154574,26.37026813880126,49.29022082018927,24.645110410094635,0.0,0.0
municipio,SUDESTE,MG,Minas Gerais,314570,Oliveira Fortes,2058,0,0,0,0,0,0,0,0.0,0.0,0.0,0.0,0.0,0.0,3.408961788523219,0.3087852862414871
municipio,SUDESTE,MG,Minas Gerais,314550,Olímpio Noronha,2618,0,0,0,0,0,0,0,0.0,0.0,0.0,0.0,0.0,0.0,4.336570438461509,0.3928084933820277
municipio,SUDESTE,MG,Minas Gerais,314580,Onça de Pitangui,3024,0,0,0,0,0,0,0,0.0,0.0,0.0,0.0,0.0,0.0,5.009086709666771,0.45372531855891973
municipio,SUDESTE,MG,Minas Gerais,314585,Oratórios,5102,0,0,0,0,0,0,0,0.0,0.0,0.0,0.0,0.0,0.0,8.451177378544926,0.7655114336268547
municipio,SUDESTE,MG,Minas Gerais,314587,Orizânia,8828,0,0,0,0,0,0,0,0.0,0.0,0.0,0.0,0.0,0.0,14.623087788670055,1.324565843994095
municipio,SUDESTE,MG,Minas Gerais,314590,Ouro Branco,40638,2,2,1,103,32,10,0,31.06796116504854,0.0,25.34573551848024,7.874403267877356,24.607510212116736,0.0,35.31457199320047,6.097384092459452
municipio,SUDESTE,MG,Minas Gerais,314600,Ouro Fino,33285,1,1,1,53,43,0,0,81.13207547169812,0.0,15.923088478293526,12.91873216163437,0.0,0.0,12.134739130707159,4.994129374415888
municipio,SUDESTE,MG,Minas Gerais,314610,Ouro Preto,77914,1,1,1,136,98,20,19,72.05882352941177,95.0,17.455142849808766,12.577970582950432,25.669327720307006,24.385861334291654,31.060179198735703,0.0
municipio,SUDESTE,MG,Minas Gerais,314620,Ouro Verde de Minas,5847,0,0,0,0,0,0,0,0.0,0.0,0.0,0.0,0.0,0.0,9.685228171766404,0.8772923074120383
municipio,SUDESTE,MG,Minas Gerais,314625,Padre Carvalho,5045,0,0,0,0,0,0,0,0.0,0.0,0.0,0.0,0.0,0.0,8.356760069533351,0.7569590714714782
municipio,SUDESTE,MG,Minas Gerais,314630,Padre Paraíso,17463,1,1,1,41,40,0,0,97.5609756097561,0.0,23.478211074843955,22.905571780335567,0.0,0.0,0.0,2.6201736898129684
municipio,SUDESTE,MG,Minas Gerais,314655,Pai Pedro,5616,0,0,0,0,0,0,0,0.0,0.0,0.0,0.0,0.0,0.0,9.30258960366686,0.8426327344665653
municipio,SUDESTE,MG,Minas Gerais,314640,Paineiras,4253,0,0,0,0,0,0,0,0.0,0.0,0.0,0.0,0.0,0.0,7.044856407477769,0.6381262499441421
municipio,SUDESTE,MG,Minas Gerais,314650,Pains,8353,1,1,1,18,18,0,0,100.0,0.0,21.549144020112532,21.549144020112532,0.0,0.0,0.0,1.253296159365958
municipio,SUDESTE,MG,Minas Gerais,314660,Paiva,1495,0,0,0,0,0,0,0,0.0,0.0,0.0,0.0,0.0,0.0,2.476383806531687,0.22431195477697918
municipio,SUDESTE,MG,Minas Gerais,314670,Palma,5699,1,1,1,27,21,0,0,77.77777777777779,0.0,47.37673276013336,36.848569924548165,0.0,0.0,0.0,0.8550861740963239
municipio,SUDESTE,MG,Minas Gerais,314675,Palmópolis,6342,0,0,0,0,0,0,0,0.0,0.0,0.0,0.0,0.0,0.0,10.505167960551145,0.9515628208666234
municipio,SUDESTE,MG,Minas Gerais,314690,Papagaios,14202,0,0,0,0,0,0,0,0.0,0.0,0.0,0.0,0.0,0.0,23.524817940042155,2.130888549660641
municipio,SUDESTE,MG,Minas Gerais,314700,Paracatu,99005,3,3,1,320,130,20,20,40.625,100.0,32.321599919196,13.130649967173374,20.2009999494975,20.2009999494975,33.99623997703658,0.0
municipio,SUDESTE,MG,Minas Gerais,314720,Paraguaçu,22452,1,1,1,33,30,0,0,90.9090909090909,0.0,14.69802244788883,13.361838588989846,0.0,0.0,7.19048108645447,3.3687304405703924
municipio,SUDESTE,MG,Minas Gerais,314730,Paraisópolis,21076,1,1,1,50,42,0,0,84.0,0.0,23.723666729929775,19.927880053141013,0.0,0.0,0.0,3.1622734173107783
municipio,SUDESTE,MG,Minas Gerais,314740,Paraopeba,24899,0,0,0,0,0,0,0,0.0,0.0,0.0,0.0,0.0,0.0,41.24379959788126,3.735881847486291
municipio,SUDESTE,MG,Minas Gerais,314710,Pará de Minas,102844,1,1,1,147,109,30,25,74.14965986394559,83.33333333333334,14.293493057446229,10.598576484773055,29.17039399478822,24.30866166232352,61.35532856116709,0.0
municipio,SUDESTE,MG,Minas Gerais,314760,Passa Quatro,15847,1,1,1,55,32,0,0,58.18181818181818,0.0,34.7068845838329,20.193096485139144,0.0,0.0,0.0,2.3777067206359797
municipio,SUDESTE,MG,Minas Gerais,314770,Passa Tempo,8716,1,1,1,19,11,0,0,57.89473684210527,0.0,21.798990362551628,12.620468104635153,0.0,0.0,3.4375660586823984,1.307761202565987
municipio,SUDESTE,MG,Minas Gerais,314780,Passa Vinte,2311,0,0,0,0,0,0,0,0.0,0.0,0.0,0.0,0.0,0.0,3.828042125013196,0.3467457708960528
municipio,SUDESTE,MG,Minas Gerais,314750,Passabém,1609,1,1,1,18,18,0,0,100.0,0.0,111.87072715972654,111.87072715972654,0.0,0.0,0.0,0.24141667908773212
municipio,SUDESTE,MG,Minas Gerais,314790,Passos,116951,2,2,1,397,286,85,64,72.04030226700252,75.29411764705883,33.945840565707,24.454686150610083,72.68001128677822,54.72377320416243,0.0,0.0
municipio,SUDESTE,MG,Minas Gerais,314795,Patis,4825,0,0,0,0,0,0,0,0.0,0.0,0.0,0.0,0.0,0.0,7.992342385629023,0.7239499543805515
municipio,SUDESTE,MG,Minas Gerais,314800,Patos de Minas,169173,6,6,1,609,332,105,55,54.51559934318555,52.38095238095239,35.99865226720576,19.624881038936472,62.06664184000993,32.51109810667187,0.0,0.0
municipio,SUDESTE,MG,Minas Gerais,314810,Patrocínio,94357,4,4,1,224,150,27,23,66.96428571428571,85.18518518518519,23.739627160677003,15.897071759381923,28.61472916688746,24.375510031052283,6.297088182548746,0.0
municipio,SUDESTE,MG,Minas Gerais,314820,Patrocínio do Muriaé,5754,0,0,0,0,0,0,0,0.0,0.0,0.0,0.0,0.0,0.0,9.531178878115938,0.8633384533690557
municipio,SUDESTE,MG,Minas Gerais,314830,Paula Cândido,8757,0,0,0,0,0,0,0,0.0,0.0,0.0,0.0,0.0,0.0,14.505480263410023,1.3139129016602051
municipio,SUDESTE,MG,Minas Gerais,314840,Paulistas,4402,0,0,0,0,0,0,0,0.0,0.0,0.0,0.0,0.0,0.0,7.291666566122064,0.6604824247011788
municipio,SUDESTE,MG,Minas Gerais,314850,Pavão,8143,0,0,0,0,0,0,0,0.0,0.0,0.0,0.0,0.0,0.0,13.488423636513396,1.2217874566882552
municipio,SUDESTE,MG,Minas Gerais,314870,Pedra Azul,25045,1,1,1,66,58,0,0,87.87878787878788,0.0,26.352565382311838,23.15831503294071,0.0,0.0,0.0,3.7577878979193606
municipio,SUDESTE,MG,Minas Gerais,314875,Pedra Bonita,7599,0,0,0,0,0,0,0,0.0,0.0,0.0,0.0,0.0,0.0,12.587318090859057,1.1401649126088729
municipio,SUDESTE,MG,Minas Gerais,314900,Pedra Dourada,2916,0,0,0,0,0,0,0,0.0,0.0,0.0,0.0,0.0,0.0,4.8301907557501,0.4375208428961012
municipio,SUDESTE,MG,Minas Gerais,314880,Pedra do Anta,3366,0,0,0,0,0,0,0,0.0,0.0,0.0,0.0,0.0,0.0,5.575590563736227,0.5050394914911785
municipio,SUDESTE,MG,Minas Gerais,314890,Pedra do Indaiá,4247,0,0,0,0,0,0,0,0.0,0.0,0.0,0.0,0.0,0.0,7.034917743371287,0.6372260012962078
municipio,SUDESTE,MG,Minas Gerais,314910,Pedralva,10891,1,1,1,14,9,0,0,64.28571428571429,0.0,12.854650628959693,8.263703975759801,0.0,0.0,9.04033179728201,1.6341013374421944
municipio,SUDESTE,MG,Minas Gerais,314915,Pedras de Maria da Cruz,10601,1,1,1,1,1,0,0,100.0,0.0,0.9433072351664937,0.9433072351664937,0.0,0.0,16.559963032135393,1.5905893194587
municipio,SUDESTE,MG,Minas Gerais,314920,Pedrinópolis,3398,1,1,1,5,5,0,0,100.0,0.0,14.714537963507945,14.714537963507945,0.0,0.0,0.628596772304129,0.5098408176134952
municipio,SUDESTE,MG,Minas Gerais,314930,Pedro Leopoldo,65174,2,2,1,81,69,0,0,85.18518518518519,0.0,12.42826894160248,10.587043913216927,0.0,0.0,38.95708241263957,9.778800896745713
municipio,SUDESTE,MG,Minas Gerais,314940,Pedro Teixeira,1857,0,0,0,0,0,0,0,0.0,0.0,0.0,0.0,0.0,0.0,3.0760165409560822,0.27862695653568587
municipio,SUDESTE,MG,Minas Gerais,314950,Pequeri,3461,0,0,0,0,0,0,0,0.0,0.0,0.0,0.0,0.0,0.0,5.732952745422187,0.519293428416806
municipio,SUDESTE,MG,Minas Gerais,314960,Pequi,4265,0,0,0,0,0,0,0,0.0,0.0,0.0,0.0,0.0,0.0,7.064733735690733,0.6399267472400109
municipio,SUDESTE,MG,Minas Gerais,314970,Perdigão,13118,0,0,0,0,0,0,0,0.0,0.0,0.0,0.0,0.0,0.0,21.72923262480446,1.968243627267166
municipio,SUDESTE,MG,Minas Gerais,314980,Perdizes,17992,2,2,1,20,17,0,0,85.0,0.0,11.116051578479324,9.448643841707426,0.0,0.0,12.802740767303085,2.699545612272515
municipio,SUDESTE,MG,Minas Gerais,314990,Perdões,22075,1,1,1,50,36,0,0,72.0,0.0,22.650056625141563,16.308040770101925,0.0,0.0,0.5660016917638734,3.3121648171918503
municipio,SUDESTE,MG,Minas Gerais,314995,Periquito,6624,0,0,0,0,0,0,0,0.0,0.0,0.0,0.0,0.0,0.0,10.972285173555782,0.9938745073195385
municipio,SUDESTE,MG,Minas Gerais,315000,Pescador,3559,0,0,0,0,0,0,0,0.0,0.0,0.0,0.0,0.0,0.0,5.895284259161388,0.5339974896664007
municipio,SUDESTE,MG,Minas Gerais,314860,Peçanha,17863,1,1,1,62,60,10,9,96.7741935483871,90.0,34.708615574091695,33.588982813637124,55.98163802272854,50.38347422045569,0.0,0.0
municipio,SUDESTE,MG,Minas Gerais,315010,Piau,2854,0,0,0,0,0,0,0,0.0,0.0,0.0,0.0,0.0,0.0,4.727491226649789,0.4282182735341128
municipio,SUDESTE,MG,Minas Gerais,315015,Piedade de Caratinga,8966,0,0,0,0,0,0,0,0.0,0.0,0.0,0.0,0.0,0.0,14.851677063119135,1.3452715628965857
municipio,SUDESTE,MG,Minas Gerais,315020,Piedade de Ponte Nova,4054,0,0,0,0,0,0,0,0.0,0.0,0.0,0.0,0.0,0.0,6.715224047946126,0.6082680031209857
municipio,SUDESTE,MG,Minas Gerais,315030,Piedade do Rio Grande,4694,1,1,1,16,16,0,0,100.0,0.0,34.08606731998295,34.08606731998295,0.0,0.0,0.0,0.7042945255673179
municipio,SUDESTE,MG,Minas Gerais,315040,Piedade dos Gerais,5199,0,0,0,0,0,0,0,0.0,0.0,0.0,0.0,0.0,0.0,8.611852448266383,0.780065453435127
municipio,SUDESTE,MG,Minas Gerais,315050,Pimenta,8817,1,1,1,13,12,0,0,92.3076923076923,0.0,14.744244073948053,13.610071452875127,0.0,0.0,2.60486690447484,1.3229153881395488
municipio,SUDESTE,MG,Minas Gerais,315053,Pingo-d'Água,4864,0,0,0,0,0,0,0,0.0,0.0,0.0,0.0,0.0,0.0,8.056943702321155,0.7298015705921249
municipio,SUDESTE,MG,Minas Gerais,315057,Pintópolis,7228,0,0,0,0,0,0,0,0.0,0.0,0.0,0.0,0.0,0.0,11.97277736027494,1.0844995378782647
municipio,SUDESTE,MG,Minas Gerais,315060,Piracema,6905,0,0,0,0,0,0,0,0.0,0.0,0.0,0.0,0.0,0.0,11.437745942542675,1.0360361523311312
municipio,SUDESTE,MG,Minas Gerais,315070,Pirajuba,5814,0,0,0,0,0,0,0,0.0,0.0,0.0,0.0,0.0,0.0,9.630565519180754,0.8723409398483993
municipio,SUDESTE,MG,Minas Gerais,315080,Piranga,17358,1,1,1,23,21,0,0,91.30434782608695,0.0,13.250374467104505,12.098167991704113,0.0,0.0,7.752555260051522,2.6044193384741168
municipio,SUDESTE,MG,Minas Gerais,315100,Piranguinho,9518,0,0,0,0,0,0,0,0.0,0.0,0.0,0.0,0.0,0.0,15.766034160915451,1.428094438506547
municipio,SUDESTE,MG,Minas Gerais,315090,Piranguçu,6320,0,0,0,0,0,0,0,0.0,0.0,0.0,0.0,0.0,0.0,10.46872619216071,0.9482619091575307
municipio,SUDESTE,MG,Minas Gerais,315110,Pirapetinga,11454,1,1,1,36,36,0,0,100.0,0.0,31.43006809848088,31.43006809848088,0.0,0.0,0.0,1.718574668906702
municipio,SUDESTE,MG,Minas Gerais,315120,Pirapora,57713,2,2,1,165,105,18,18,63.63636363636363,100.0,28.58974581116906,18.193474607107586,31.18881361218443,31.18881361218443,0.0,0.0
municipio,SUDESTE,MG,Minas Gerais,315130,Piraúba,12006,0,0,0,0,0,0,0,0.0,0.0,0.0,0.0,0.0,0.0,19.887266877069855,1.8013975445166637
municipio,SUDESTE,MG,Minas Gerais,315140,Pitangui,27834,1,1,1,50,32,0,0,64.0,0.0,17.96364158942301,11.496730617230725,0.0,0.0,14.105462789968547,4.176253477767517
municipio,SUDESTE,MG,Minas Gerais,315150,Piumhi,38007,1,1,1,79,59,10,10,74.68354430379746,100.0,20.785644749651382,15.52345620543584,26.310942721077698,26.310942721077698,3.956467782508249,0.0
municipio,SUDESTE,MG,Minas Gerais,315160,Planura,11533,1,1,1,6,6,0,0,100.0,0.0,5.202462498916153,5.202462498916153,0.0,0.0,13.10376885667555,1.7304279427711713
municipio,SUDESTE,MG,Minas Gerais,315190,Pocrane,8438,1,1,1,19,19,0,0,100.0,0.0,22.517184166864187,22.517184166864187,0.0,0.0,0.0,1.2660496818783615
municipio,SUDESTE,MG,Minas Gerais,315200,Pompéu,32441,1,1,1,39,30,0,0,76.92307692307693,0.0,12.021824234764651,9.247557103665114,0.0,0.0,23.736700379728738,4.867494397939787
municipio,SUDESTE,MG,Minas Gerais,315210,Ponte Nova,59638,2,2,1,318,257,54,47,80.81761006289308,87.03703703703704,53.321707636070954,43.093329756195715,90.54629598578087,78.80881317280928,0.0,0.0
municipio,SUDESTE,MG,Minas Gerais,315213,Ponto Chique,3797,0,0,0,0,0,0,0,0.0,0.0,0.0,0.0,0.0,0.0,6.2895179353851605,0.5697073527011305
municipio,SUDESTE,MG,Minas Gerais,315217,Ponto dos Volantes,11059,0,0,0,0,0,0,0,0.0,0.0,0.0,0.0,0.0,0.0,18.3186143922635,1.6593082995843564
municipio,SUDESTE,MG,Minas Gerais,315220,Porteirinha,38692,1,1,1,48,40,0,0,83.33333333333334,0.0,12.405665253799233,10.33805437816603,0.0,0.0,24.091131934664904,5.805403447646072
municipio,SUDESTE,MG,Minas Gerais,315230,Porto Firme,10840,0,0,0,0,0,0,0,0.0,0.0,0.0,0.0,0.0,0.0,17.955853152376914,1.6264492239347523
municipio,SUDESTE,MG,Minas Gerais,315240,Poté,13649,1,1,1,33,32,0,0,96.96969696969697,0.0,24.1775954282365,23.44494102132024,0.0,0.0,0.0,2.047915632609357
municipio,SUDESTE,MG,Minas Gerais,315250,Pouso Alegre,162133,3,3,1,479,310,71,52,64.71816283924844,73.23943661971832,29.543646265720117,19.120105098900286,43.79120845232001,32.072434359445644,0.0,0.0
municipio,SUDESTE,MG,Minas Gerais,315260,Pouso Alto,6779,1,1,1,27,26,0,0,96.29629629629629,0.0,39.828883316123324,38.35373948960024,0.0,0.0,0.0,1.0171309307245098
municipio,SUDESTE,MG,Minas Gerais,315170,Poço Fundo,16824,1,1,1,74,74,10,10,100.0,100.0,43.98478364241559,43.98478364241559,59.438896814075136,59.438896814075136,0.0,0.0
municipio,SUDESTE,MG,Minas Gerais,315180,Poços de Caldas,172339,6,6,1,601,291,103,61,48.41930116472546,59.22330097087378,34.87312796291031,16.88532485392163,59.76592645889787,35.39535450478418,0.0,0.0
municipio,SUDESTE,MG,Minas Gerais,315270,Prados,9369,1,1,1,33,30,0,0,90.9090909090909,0.0,35.22254242715338,32.02049311559398,0.0,0.0,0.0,1.4057382637495106
municipio,SUDESTE,MG,Minas Gerais,315280,Prata,29745,1,1,1,29,27,0,0,93.10344827586206,0.0,9.749537737434862,9.07715582450832,0.0,0.0,22.270927307882964,4.462982672134613
municipio,SUDESTE,MG,Minas Gerais,315300,Pratinha,3691,1,1,1,2,2,0,0,100.0,0.0,5.41858574911948,5.41858574911948,0.0,0.0,4.113934869503985,0.5538029599209566
municipio,SUDESTE,MG,Minas Gerais,315290,Pratápolis,8534,1,1,1,17,15,0,0,88.23529411764706,0.0,19.9203187250996,17.576751816264355,0.0,0.0,0.0,1.2804536602453114
municipio,SUDESTE,MG,Minas Gerais,315310,Presidente Bernardes,4847,1,1,1,8,8,0,0,100.0,0.0,16.505054672993605,16.505054672993605,0.0,0.0,0.028784154019455797,0.7272508660896443
municipio,SUDESTE,MG,Minas Gerais,315320,Presidente Juscelino,3471,0,0,0,0,0,0,0,0.0,0.0,0.0,0.0,0.0,0.0,5.749517185599656,0.5207938428300299
municipio,SUDESTE,MG,Minas Gerais,315330,Presidente Kubitschek,3162,0,0,0,0,0,0,0,0.0,0.0,0.0,0.0,0.0,0.0,5.23767598411585,0.4744310374614102
municipio,SUDESTE,MG,Minas Gerais,315340,Presidente Olegário,19192,1,1,1,18,18,0,0,100.0,0.0,9.378907878282618,9.378907878282618,0.0,0.0,13.790473588599422,2.8795953418593876
municipio,SUDESTE,MG,Minas Gerais,315360,Prudente de Morais,12052,0,0,0,0,0,0,0,0.0,0.0,0.0,0.0,0.0,0.0,19.963463301886218,1.8082994508174939
municipio,SUDESTE,MG,Minas Gerais,315370,Quartel Geral,3232,0,0,0,0,0,0,0,0.0,0.0,0.0,0.0,0.0,0.0,5.353627065358135,0.48493393835397774
municipio,SUDESTE,MG,Minas Gerais,315380,Queluzito,1796,0,0,0,0,0,0,0,0.0,0.0,0.0,0.0,0.0,0.0,2.9749734558735184,0.2694744286150198
municipio,SUDESTE,MG,Minas Gerais,315390,Raposos,16796,0,0,0,0,0,0,0,0.0,0.0,0.0,0.0,0.0,0.0,27.821633722077735,2.5200960484509314
municipio,SUDESTE,MG,Minas Gerais,315400,Raul Soares,23874,1,1,1,54,42,0,0,77.77777777777779,0.0,22.618748429253582,17.592359889419452,0.0,0.0,0.0,3.5820893701308374
municipio,SUDESTE,MG,Minas Gerais,315410,Recreio,11383,1,1,1,44,40,0,0,90.9090909090909,0.0,38.654133356760084,35.140121233418256,0.0,0.0,0.0,1.7079217265728122
municipio,SUDESTE,MG,Minas Gerais,315415,Reduto,8246,0,0,0,0,0,0,0,0.0,0.0,0.0,0.0,0.0,0.0,13.659037370341332,1.2372417251444618
municipio,SUDESTE,MG,Minas Gerais,315420,Resende Costa,11544,1,1,1,50,40,0,0,80.0,0.0,43.31254331254331,34.65003465003465,0.0,0.0,0.0,1.7320783986257178
municipio,SUDESTE,MG,Minas Gerais,315430,Resplendor,17629,1,1,1,65,56,0,0,86.15384615384616,0.0,36.87106472289977,31.765840376652108,0.0,0.0,0.0,2.6450805690724857
municipio,SUDESTE,MG,Minas Gerais,315440,Ressaquinha,4640,0,0,0,0,0,0,0,0.0,0.0,0.0,0.0,0.0,0.0,7.685900242345839,0.6961922877359086
municipio,SUDESTE,MG,Minas Gerais,315445,Riachinho,6830,0,0,0,0,0,0,0,0.0,0.0,0.0,0.0,0.0,0.0,11.313512641211654,1.0247830442319519
municipio,SUDESTE,MG,Minas Gerais,315450,Riacho dos Machados,8858,1,1,1,1,1,0,0,100.0,0.0,1.1289230074508918,1.1289230074508918,0.0,0.0,13.672781109202464,1.329067087233767
municipio,SUDESTE,MG,Minas Gerais,315470,Ribeirão Vermelho,4217,1,1,1,9,8,0,0,88.88888888888889,0.0,21.34218638842779,18.970832345269148,0.0,0.0,0.0,0.6327247580565359
municipio,SUDESTE,MG,Minas Gerais,315460,Ribeirão das Neves,346971,1,1,1,104,104,6,6,100.0,100.0,2.9973686561701123,2.9973686561701123,1.7292511477904493,1.7292511477904493,470.73803728167627,46.0600289370724
municipio,SUDESTE,MG,Minas Gerais,315480,Rio Acima,10698,1,1,1,6,6,0,0,100.0,0.0,5.608524957936063,5.608524957936063,0.0,0.0,11.72063810185685,1.605143339266972
municipio,SUDESTE,MG,Minas Gerais,315490,Rio Casca,12851,1,1,1,44,41,0,0,93.18181818181817,0.0,34.23858065520193,31.904131974165438,0.0,0.0,0.0,1.9281825624340865
municipio,SUDESTE,MG,Minas Gerais,315500,Rio Doce,2545,0,0,0,0,0,0,0,0.0,0.0,0.0,0.0,0.0,0.0,4.215650025165982,0.381855468165493
municipio,SUDESTE,MG,Minas Gerais,315520,Rio Espera,5447,1,1,1,19,19,0,0,100.0,0.0,34.88158619423536,34.88158619423536,0.0,0.0,0.0,0.8172757308830807
municipio,SUDESTE,MG,Minas Gerais,315530,Rio Manso,5746,0,0,0,0,0,0,0,0.0,0.0,0.0,0.0,0.0,0.0,9.517927325973963,0.8621381218384765
municipio,SUDESTE,MG,Minas Gerais,315540,Rio Novo,8683,0,0,0,0,0,0,0,0.0,0.0,0.0,0.0,0.0,0.0,14.382903406096748,1.302809835002348
municipio,SUDESTE,MG,Minas Gerais,315550,Rio Paranaíba,15297,1,1,1,21,21,0,0,100.0,0.0,13.728181996469894,13.728181996469894,0.0,0.0,4.338624139475064,2.2951839279086625
municipio,SUDESTE,MG,Minas Gerais,315560,Rio Pardo de Minas,29103,1,1,1,40,40,0,0,100.0,0.0,13.744287530495138,13.744287530495138,0.0,0.0,8.207490248489425,4.366656066805636
municipio,SUDESTE,MG,Minas Gerais,315570,Rio Piracicaba,15036,1,1,1,32,25,0,0,78.125,0.0,21.28225591912743,16.626762436818304,0.0,0.0,0.0,2.2560231117235174
municipio,SUDESTE,MG,Minas Gerais,315580,Rio Pomba,17885,1,1,1,53,26,10,0,49.056603773584904,0.0,29.633771316745875,14.53732177802628,55.91277606933184,0.0,3.6255012574041605,2.6834911780510184
municipio,SUDESTE,MG,Minas Gerais,315590,Rio Preto,5235,1,1,1,17,16,0,0,94.11764705882352,0.0,32.473734479465136,30.563514804202484,0.0,0.0,0.0,0.7854669453227331
municipio,SUDESTE,MG,Minas Gerais,315600,Rio Vermelho,12770,1,1,1,32,32,0,0,100.0,0.0,25.05873140172279,25.05873140172279,0.0,0.0,0.0,1.9160292056869728
municipio,SUDESTE,MG,Minas Gerais,315510,Rio do Prado,4649,0,0,0,0,0,0,0,0.0,0.0,0.0,0.0,0.0,0.0,7.7008082385055605,0.6975426607078101
municipio,SUDESTE,MG,Minas Gerais,315610,Ritápolis,5122,0,0,0,0,0,0,0,0.0,0.0,0.0,0.0,0.0,0.0,8.484306258899867,0.7685122624533027
municipio,SUDESTE,MG,Minas Gerais,315620,Rochedo de Minas,2374,0,0,0,0,0,0,0,0.0,0.0,0.0,0.0,0.0,0.0,3.932398098131254,0.3561983816993636
municipio,SUDESTE,MG,Minas Gerais,315630,Rodeiro,9168,0,0,0,0,0,0,0,0.0,0.0,0.0,0.0,0.0,0.0,15.186278754704018,1.3755799340437092
municipio,SUDESTE,MG,Minas Gerais,315640,Romaria,3430,1,1,1,5,5,0,0,100.0,0.0,14.577259475218659,14.577259475218659,0.0,0.0,0.6816029808720312,0.5146421437358117
municipio,SUDESTE,MG,Minas Gerais,315645,Rosário da Limeira,4926,0,0,0,0,0,0,0,0.0,0.0,0.0,0.0,0.0,0.0,8.159643231421464,0.7391041399541134
municipio,SUDESTE,MG,Minas Gerais,315650,Rubelita,5460,0,0,0,0,0,0,0,0.0,0.0,0.0,0.0,0.0,0.0,9.044184336898335,0.8192262696202718
municipio,SUDESTE,MG,Minas Gerais,315660,Rubim,10602,1,1,1,40,37,0,0,92.5,0.0,37.72873042822109,34.89907564610451,0.0,0.0,0.0,1.5907393609000224
municipio,SUDESTE,MG,Minas Gerais,315670,Sabará,134576,2,2,1,103,99,0,0,96.11650485436894,0.0,7.653667815955297,7.3564379978599455,0.0,0.0,123.91761013231324,20.19197700740251
municipio,SUDESTE,MG,Minas Gerais,315680,Sabinópolis,14309,1,1,1,50,50,0,0,100.0,0.0,34.94304284017052,34.94304284017052,0.0,0.0,0.0,2.1469429838821372
municipio,SUDESTE,MG,Minas Gerais,315690,Sacramento,28076,1,1,1,50,30,0,0,60.0,0.0,17.808804673030348,10.68528280381821,0.0,0.0,16.506322242263302,4.212563506567537
municipio,SUDESTE,MG,Minas Gerais,315700,Salinas,41736,3,3,1,122,84,10,9,68.85245901639344,90.0,29.231359018593064,20.126509488211617,23.960130343109068,21.56411730879816,0.0,0.0
municipio,SUDESTE,MG,Minas Gerais,315710,Salto da Divisa,6126,1,1,1,16,14,0,0,87.5,0.0,26.11818478615736,22.853411687887693,0.0,0.0,0.0,0.9191538695409863
municipio,SUDESTE,MG,Minas Gerais,315720,Santa Bárbara,31916,1,1,1,50,31,0,0,62.0,0.0,15.666123574382754,9.712996616117309,0.0,0.0,21.867067270411585,4.78872264124553
municipio,SUDESTE,MG,Minas Gerais,315725,Santa Bárbara do Leste,8785,0,0,0,0,0,0,0,0.0,0.0,0.0,0.0,0.0,0.0,14.551860695906939,1.3181140620172322
municipio,SUDESTE,MG,Minas Gerais,315727,Santa Bárbara do Monte Verde,3218,0,0,0,0,0,0,0,0.0,0.0,0.0,0.0,0.0,0.0,5.330436849109678,0.48283335817546424
municipio,SUDESTE,MG,Minas Gerais,315730,Santa Bárbara do Tugúrio,4245,0,0,0,0,0,0,0,0.0,0.0,0.0,0.0,0.0,0.0,7.031604855335793,0.6369259184135629
municipio,SUDESTE,MG,Minas Gerais,315733,Santa Cruz de Minas,8339,0,0,0,0,0,0,0,0.0,0.0,0.0,0.0,0.0,0.0,13.813086663991799,1.2511955791874445
municipio,SUDESTE,MG,Minas Gerais,315737,Santa Cruz de Salinas,3919,0,0,0,0,0,0,0,0.0,0.0,0.0,0.0,0.0,0.0,6.491604105550288,0.5880124085424625
municipio,SUDESTE,MG,Minas Gerais,315740,Santa Cruz do Escalvado,4728,0,0,0,0,0,0,0,0.0,0.0,0.0,0.0,0.0,0.0,7.83166731590757,0.7093959345722793
municipio,SUDESTE,MG,Minas Gerais,315750,Santa Efigênia de Minas,4038,0,0,0,0,0,0,0,0.0,0.0,0.0,0.0,0.0,0.0,6.688720943662175,0.6058673400598275
municipio,SUDESTE,MG,Minas Gerais,315760,Santa Fé de Minas,3528,0,0,0,0,0,0,0,0.0,0.0,0.0,0.0,0.0,0.0,5.843934494611232,0.5293462049854064
municipio,SUDESTE,MG,Minas Gerais,315765,Santa Helena de Minas,6056,0,0,0,0,0,0,0,0.0,0.0,0.0,0.0,0.0,0.0,10.031424971475516,0.9086509686484187
municipio,SUDESTE,MG,Minas Gerais,315770,Santa Juliana,16820,1,1,1,27,27,0,0,100.0,0.0,16.05231866825208,16.05231866825208,0.0,0.0,0.8613883785036629,2.523697043042669
municipio,SUDESTE,MG,Minas Gerais,315780,Santa Luzia,230382,2,2,1,135,129,10,10,95.55555555555556,100.0,5.859832799437456,5.599395786129124,4.34061688847219,4.34061688847219,252.61488569657737,24.566847334735797
municipio,SUDESTE,MG,Minas Gerais,315790,Santa Margarida,16989,1,1,1,31,31,0,0,100.0,0.0,18.247101065395256,18.247101065395256,0.0,0.0,0.0,2.5490540466261535
municipio,SUDESTE,MG,Minas Gerais,315800,Santa Maria de Itabira,10718,1,1,1,12,10,0,0,83.33333333333334,0.0,11.196118678857996,9.33009889904833,0.0,0.0,7.753766982211786,1.60814416809342
municipio,SUDESTE,MG,Minas Gerais,315810,Santa Maria do Salto,4777,0,0,0,0,0,0,0,0.0,0.0,0.0,0.0,0.0,0.0,7.912833072777169,0.7167479651970767
municipio,SUDESTE,MG,Minas Gerais,315820,Santa Maria do Suaçuí,12817,1,1,1,50,45,0,0,90.0,0.0,39.010688928766484,35.10962003588983,0.0,0.0,0.0,1.9230811534291252
municipio,SUDESTE,MG,Minas Gerais,315920,Santa Rita de Caldas,8561,0,0,0,0,0,0,0,0.0,0.0,0.0,0.0,0.0,0.0,14.18081723593162,1.2845047791610158
municipio,SUDESTE,MG,Minas Gerais,315940,Santa Rita de Ibitipoca,3331,0,0,0,0,0,0,0,0.0,0.0,0.0,0.0,0.0,0.0,5.517615023115083,0.49978804104489477
municipio,SUDESTE,MG,Minas Gerais,315930,Santa Rita de Jacutinga,4826,1,1,1,21,19,0,0,90.47619047619048,0.0,43.514297554910904,39.37007874015748,0.0,0.0,0.0,0.7240999958218739
municipio,SUDESTE,MG,Minas Gerais,315935,Santa Rita de Minas,6969,0,0,0,0,0,0,0,0.0,0.0,0.0,0.0,0.0,0.0,11.54375835967848,1.0456388045757645
municipio,SUDESTE,MG,Minas Gerais,315950,Santa Rita do Itueto,5984,0,0,0,0,0,0,0,0.0,0.0,0.0,0.0,0.0,0.0,9.912161002197736,0.8978479848732063
municipio,SUDESTE,MG,Minas Gerais,315960,Santa Rita do Sapucaí,42517,1,1,1,65,46,10,9,70.76923076923077,90.0,15.288002446080393,10.819201731072276,23.520003763200602,21.168003386880542,24.427030302546985,0.0
municipio,SUDESTE,MG,Minas Gerais,315970,Santa Rosa da Serra,3487,1,1,1,6,6,0,0,100.0,0.0,17.20676799541153,17.20676799541153,0.0,0.0,0.0,0.5231945058911882
municipio,SUDESTE,MG,Minas Gerais,315980,Santa Vitória,21914,1,1,1,39,34,0,0,87.17948717948718,0.0,17.79684220133248,15.515195765264215,0.0,0.0,2.299314204906614,3.2880081451389445
municipio,SUDESTE,MG,Minas Gerais,315830,Santana da Vargem,6756,0,0,0,0,0,0,0,0.0,0.0,0.0,0.0,0.0,0.0,11.190935783898379,1.0136799775740946
municipio,SUDESTE,MG,Minas Gerais,315840,Santana de Cataguases,3548,0,0,0,0,0,0,0,0.0,0.0,0.0,0.0,0.0,0.0,5.877063374966172,0.5323470338118542
municipio,SUDESTE,MG,Minas Gerais,315850,Santana de Pirapama,7030,0,0,0,0,0,0,0,0.0,0.0,0.0,0.0,0.0,0.0,11.644801444761043,1.0547913324964306
municipio,SUDESTE,MG,Minas Gerais,315860,Santana do Deserto,3815,0,0,0,0,0,0,0,0.0,0.0,0.0,0.0,0.0,0.0,6.319333927704606,0.5724080986449335
municipio,SUDESTE,MG,Minas Gerais,315870,Santana do Garambéu,2171,0,0,0,0,0,0,0,0.0,0.0,0.0,0.0,0.0,0.0,3.5961399625286234,0.32573996911091757
municipio,SUDESTE,MG,Minas Gerais,315880,Santana do Jacaré,4246,0,0,0,0,0,0,0,0.0,0.0,0.0,0.0,0.0,0.0,7.0332612993535415,0.6370759598548854
municipio,SUDESTE,MG,Minas Gerais,315890,Santana do Manhuaçu,9264,0,0,0,0,0,0,0,0.0,0.0,0.0,0.0,0.0,0.0,15.345297380407725,1.389983912410659
municipio,SUDESTE,MG,Minas Gerais,315895,Santana do Paraíso,49025,0,0,0,0,0,0,0,0.0,0.0,0.0,0.0,0.0,0.0,81.20716797004413,7.355781660830371
municipio,SUDESTE,MG,Minas Gerais,315900,Santana do Riacho,5654,0,0,0,0,0,0,0,0.0,0.0,0.0,0.0,0.0,0.0,9.365534476341242,0.8483343092368163
municipio,SUDESTE,MG,Minas Gerais,315910,Santana dos Montes,3490,0,0,0,0,0,0,0,0.0,0.0,0.0,0.0,0.0,0.0,5.780989621936848,0.5236446302151554
municipio,SUDESTE,MG,Minas Gerais,315990,Santo Antônio do Amparo,17657,1,1,1,60,51,10,8,85.0,80.0,33.98085745030299,28.883728832757548,56.634762417171665,45.307809933737325,0.0,0.0
municipio,SUDESTE,MG,Minas Gerais,316000,Santo Antônio do Aventureiro,3896,0,0,0,0,0,0,0,0.0,0.0,0.0,0.0,0.0,0.0,6.4535058931421085,0.5845614553920474
municipio,SUDESTE,MG,Minas Gerais,316010,Santo Antônio do Grama,4352,0,0,0,0,0,0,0,0.0,0.0,0.0,0.0,0.0,0.0,7.208844365234716,0.6529803526350592
municipio,SUDESTE,MG,Minas Gerais,316020,Santo Antônio do Itambé,3969,0,0,0,0,0,0,0,0.0,0.0,0.0,0.0,0.0,0.0,6.574426306437635,0.5955144806085823
municipio,SUDESTE,MG,Minas Gerais,316030,Santo Antônio do Jacinto,10324,1,1,1,8,0,0,0,0.0,0.0,7.748934521503293,0.0,0.0,0.0,17.10112803921949,1.5490278402123967
municipio,SUDESTE,MG,Minas Gerais,316040,Santo Antônio do Monte,28456,1,1,1,85,57,11,10,67.05882352941175,90.9090909090909,29.870677537250494,20.030924936744448,38.65617093055946,35.14197357323587,0.0,0.0
municipio,SUDESTE,MG,Minas Gerais,316045,Santo Antônio do Retiro,6729,0,0,0,0,0,0,0,0.0,0.0,0.0,0.0,0.0,0.0,11.146211795419212,1.00962885865839
municipio,SUDESTE,MG,Minas Gerais,316050,Santo Antônio do Rio Abaixo,1856,0,0,0,0,0,0,0,0.0,0.0,0.0,0.0,0.0,0.0,3.074360096938335,0.27847691509436345
municipio,SUDESTE,MG,Minas Gerais,316060,Santo Hipólito,2692,0,0,0,0,0,0,0,0.0,0.0,0.0,0.0,0.0,0.0,4.459147295774784,0.40391156003988493
municipio,SUDESTE,MG,Minas Gerais,316070,Santos Dumont,43218,1,1,1,60,47,10,6,78.33333333333333,60.0,13.883104262113008,10.875098338655189,23.138507103521682,13.883104262113008,24.5881975589876,0.4844910110712287
municipio,SUDESTE,MG,Minas Gerais,316540,Sapucaí-Mirim,6469,0,0,0,0,0,0,0,0.0,0.0,0.0,0.0,0.0,0.0,10.715536350805005,0.9706180839145675
municipio,SUDESTE,MG,Minas Gerais,316550,Sardoá,5140,0,0,0,0,0,0,0,0.0,0.0,0.0,0.0,0.0,0.0,8.514122251219312,0.7712130083971057
municipio,SUDESTE,MG,Minas Gerais,316553,Sarzedo,39974,1,1,1,50,50,0,0,100.0,0.0,12.508130284685047,12.508130284685047,0.0,0.0,16.214693165416488,5.997756575421382
municipio,SUDESTE,MG,Minas Gerais,316556,Sem-Peixe,2420,0,0,0,0,0,0,0,0.0,0.0,0.0,0.0,0.0,0.0,4.008594522947614,0.3631002880001938
municipio,SUDESTE,MG,Minas Gerais,316557,Senador Amaral,6517,0,0,0,0,0,0,0,0.0,0.0,0.0,0.0,0.0,0.0,10.79504566365686,0.9778200730980423
municipio,SUDESTE,MG,Minas Gerais,316560,Senador Cortes,2335,0,0,0,0,0,0,0,0.0,0.0,0.0,0.0,0.0,0.0,3.867796781439123,0.35034676548779026
municipio,SUDESTE,MG,Minas Gerais,316570,Senador Firmino,7977,1,1,1,6,6,0,0,100.0,0.0,7.5216246709289205,7.5216246709289205,0.0,0.0,7.213453929567403,1.1968805774287377
municipio,SUDESTE,MG,Minas Gerais,316580,Senador José Bento,2149,0,0,0,0,0,0,0,0.0,0.0,0.0,0.0,0.0,0.0,3.5596981941381904,0.32243905740182494
municipio,SUDESTE,MG,Minas Gerais,316590,Senador Modestino Gonçalves,4006,0,0,0,0,0,0,0,0.0,0.0,0.0,0.0,0.0,0.0,6.635714735094273,0.6010660139375108
municipio,SUDESTE,MG,Minas Gerais,316600,Senhora de Oliveira,5577,0,0,0,0,0,0,0,0.0,0.0,0.0,0.0,0.0,0.0,9.237988286974728,0.8367811182549919
municipio,SUDESTE,MG,Minas Gerais,316610,Senhora do Porto,3066,0,0,0,0,0,0,0,0.0,0.0,0.0,0.0,0.0,0.0,5.0786573584121415,0.46002705909446034
municipio,SUDESTE,MG,Minas Gerais,316620,Senhora dos Remédios,10657,0,0,0,0,0,0,0,0.0,0.0,0.0,0.0,0.0,0.0,17.652723897129224,1.5989916401727542
municipio,SUDESTE,MG,Minas Gerais,316630,Sericita,7552,0,0,0,0,0,0,0,0.0,0.0,0.0,0.0,0.0,0.0,12.50946522202495,1.1331129648667202
municipio,SUDESTE,MG,Minas Gerais,316640,Seritinga,1866,0,0,0,0,0,0,0,0.0,0.0,0.0,0.0,0.0,0.0,3.0909245371158045,0.2799773295075874
municipio,SUDESTE,MG,Minas Gerais,316650,Serra Azul de Minas,3808,0,0,0,0,0,0,0,0.0,0.0,0.0,0.0,0.0,0.0,6.307738819580377,0.5713578085556767
municipio,SUDESTE,MG,Minas Gerais,316660,Serra da Saudade,856,0,0,0,0,0,0,0,0.0,0.0,0.0,0.0,0.0,0.0,1.4179160791913874,0.12843547377196934
municipio,SUDESTE,MG,Minas Gerais,316680,Serra do Salitre,12286,1,1,1,37,35,0,0,94.5945945945946,0.0,30.11557870747192,28.487709588149112,0.0,0.0,0.0,1.843409148086934
municipio,SUDESTE,MG,Minas Gerais,316670,Serra dos Aimorés,6859,0,0,0,0,0,0,0,0.0,0.0,0.0,0.0,0.0,0.0,11.361549517726315,1.0291342460303012
municipio,SUDESTE,MG,Minas Gerais,316690,Serrania,7811,1,1,1,14,13,0,0,92.85714285714286,0.0,17.923441300729742,16.64319549353476,0.0,0.0,0.0,1.1719736981692204
municipio,SUDESTE,MG,Minas Gerais,316700,Serranos,2036,0,0,0,0,0,0,0,0.0,0.0,0.0,0.0,0.0,0.0,3.3725200201327863,0.3054843745323944
municipio,SUDESTE,MG,Minas Gerais,316695,Serranópolis de Minas,4497,0,0,0,0,0,0,0,0.0,0.0,0.0,0.0,0.0,0.0,7.449028747808024,0.6747363616268063
municipio,SUDESTE,MG,Minas Gerais,316710,Serro,22624,1,1,1,68,48,0,0,70.58823529411765,0.0,30.056577086280058,21.216407355021214,0.0,0.0,0.0,3.3945375684778445
municipio,SUDESTE,MG,Minas Gerais,316720,Sete Lagoas,238909,3,3,1,371,261,59,41,70.35040431266847,69.49152542372882,15.528925239317061,10.924661691271572,24.695595394062174,17.161345951805917,134.73938383590556,0.0
municipio,SUDESTE,MG,Minas Gerais,316555,Setubinha,9985,0,0,0,0,0,0,0,0.0,0.0,0.0,0.0,0.0,0.0,16.539593517203272,1.4981637916041053
municipio,SUDESTE,MG,Minas Gerais,316730,Silveirânia,2399,0,0,0,0,0,0,0,0.0,0.0,0.0,0.0,0.0,0.0,3.9738091985749278,0.35994941773242345
municipio,SUDESTE,MG,Minas Gerais,316740,Silvianópolis,6348,0,0,0,0,0,0,0,0.0,0.0,0.0,0.0,0.0,0.0,10.515106624657625,0.9524630695145577
municipio,SUDESTE,MG,Minas Gerais,316760,Simonésia,20431,0,0,0,0,0,0,0,0.0,0.0,0.0,0.0,0.0,0.0,33.84280772658789,3.0654966876578342
municipio,SUDESTE,MG,Minas Gerais,316750,Simão Pereira,3084,0,0,0,0,0,0,0,0.0,0.0,0.0,0.0,0.0,0.0,5.108473350731587,0.4627278050382634
municipio,SUDESTE,MG,Minas Gerais,316770,Sobrália,5140,0,0,0,0,0,0,0,0.0,0.0,0.0,0.0,0.0,0.0,8.514122251219312,0.7712130083971057
municipio,SUDESTE,MG,Minas Gerais,316780,Soledade de Minas,5733,0,0,0,0,0,0,0,0.0,0.0,0.0,0.0,0.0,0.0,9.496393553743252,0.8601875831012854
municipio,SUDESTE,MG,Minas Gerais,316080,São Bento Abade,4846,0,0,0,0,0,0,0,0.0,0.0,0.0,0.0,0.0,0.0,8.027127710001709,0.7271008246483218
municipio,SUDESTE,MG,Minas Gerais,316090,São Brás do Suaçuí,4161,0,0,0,0,0,0,0,0.0,0.0,0.0,0.0,0.0,0.0,6.89246355784505,0.6243224373424818
municipio,SUDESTE,MG,Minas Gerais,316095,São Domingos das Dores,5793,0,0,0,0,0,0,0,0.0,0.0,0.0,0.0,0.0,0.0,9.595780194808068,0.869190069580629
municipio,SUDESTE,MG,Minas Gerais,316100,São Domingos do Prata,17783,1,1,1,50,45,0,0,90.0,0.0,28.116740707417193,25.305066636675477,0.0,0.0,0.0,2.6681869510361342
municipio,SUDESTE,MG,Minas Gerais,316110,São Francisco,54223,1,1,1,59,55,0,0,93.22033898305084,0.0,10.880991461188058,10.143297124836325,0.0,0.0,34.81736397429275,8.135697072824176
municipio,SUDESTE,MG,Minas Gerais,316120,São Francisco de Paula,6281,0,0,0,0,0,0,0,0.0,0.0,0.0,0.0,0.0,0.0,10.404124875468579,0.9424102929459574
municipio,SUDESTE,MG,Minas Gerais,316130,São Francisco de Sales,5858,0,0,0,0,0,0,0,0.0,0.0,0.0,0.0,0.0,0.0,9.70344905596162,0.8789427632665847
municipio,SUDESTE,MG,Minas Gerais,316140,São Francisco do Glória,4848,0,0,0,0,0,0,0,0.0,0.0,0.0,0.0,0.0,0.0,8.030440598037202,0.7274009075309666
municipio,SUDESTE,MG,Minas Gerais,316105,São Félix de Minas,3244,0,0,0,0,0,0,0,0.0,0.0,0.0,0.0,0.0,0.0,5.373504393571099,0.4867344356498465
municipio,SUDESTE,MG,Minas Gerais,316150,São Geraldo,10524,0,0,0,0,0,0,0,0.0,0.0,0.0,0.0,0.0,0.0,17.43241684276888,1.5790361284768757
municipio,SUDESTE,MG,Minas Gerais,316160,São Geraldo da Piedade,3200,0,0,0,0,0,0,0,0.0,0.0,0.0,0.0,0.0,0.0,5.300620856790233,0.4801326122316611
municipio,SUDESTE,MG,Minas Gerais,316165,São Geraldo do Baixio,3158,0,0,0,0,0,0,0,0.0,0.0,0.0,0.0,0.0,0.0,5.231050208044861,0.4738308716961206
municipio,SUDESTE,MG,Minas Gerais,316170,São Gonçalo do Abaeté,7515,0,0,0,0,0,0,0,0.0,0.0,0.0,0.0,0.0,0.0,12.448176793368313,1.1275614315377918
municipio,SUDESTE,MG,Minas Gerais,316180,São Gonçalo do Pará,12275,0,0,0,0,0,0,0,0.0,0.0,0.0,0.0,0.0,0.0,20.332850317843786,1.8417586922323876
municipio,SUDESTE,MG,Minas Gerais,316190,São Gonçalo do Rio Abaixo,12475,1,1,1,3,3,0,0,100.0,0.0,2.404809619238477,2.404809619238477,0.0,0.0,17.664139121393173,1.8717669804968664
municipio,SUDESTE,MG,Minas Gerais,312550,São Gonçalo do Rio Preto,3099,1,1,1,6,6,0,0,100.0,0.0,19.36108422071636,19.36108422071636,0.0,0.0,0.0,0.46497842665809935
municipio,SUDESTE,MG,Minas Gerais,316200,São Gonçalo do Sapucaí,24497,1,1,1,48,29,0,0,60.416666666666664,0.0,19.5942360289015,11.838184267461322,0.0,0.0,11.577909102746979,3.675565188074688
municipio,SUDESTE,MG,Minas Gerais,316210,São Gotardo,43851,2,2,1,80,49,10,0,61.25000000000001,0.0,18.24359763745411,11.17420355294064,22.804497046817634,0.0,23.636726622221413,6.5794672434283035
municipio,SUDESTE,MG,Minas Gerais,316292,São Joaquim de Bicas,37017,0,0,0,0,0,0,0,0.0,0.0,0.0,0.0,0.0,0.0,61.31658820493877,5.554084033431063
municipio,SUDESTE,MG,Minas Gerais,316294,São José da Barra,8145,0,0,0,0,0,0,0,0.0,0.0,0.0,0.0,0.0,0.0,13.491736524548891,1.2220875395708999
municipio,SUDESTE,MG,Minas Gerais,316295,São José da Lapa,28087,0,0,0,0,0,0,0,0.0,0.0,0.0,0.0,0.0,0.0,46.524543126458525,4.214213962422083
municipio,SUDESTE,MG,Minas Gerais,316300,São José da Safira,3849,0,0,0,0,0,0,0,0.0,0.0,0.0,0.0,0.0,0.0,6.3756530243080025,0.577509507649895
municipio,SUDESTE,MG,Minas Gerais,316310,São José da Varginha,4698,0,0,0,0,0,0,0,0.0,0.0,0.0,0.0,0.0,0.0,7.78197399537516,0.7048946913326075
municipio,SUDESTE,MG,Minas Gerais,316320,São José do Alegre,4252,0,0,0,0,0,0,0,0.0,0.0,0.0,0.0,0.0,0.0,7.0431999634600215,0.6379762085028197
municipio,SUDESTE,MG,Minas Gerais,316330,São José do Divino,3482,0,0,0,0,0,0,0,0.0,0.0,0.0,0.0,0.0,0.0,5.767738069794873,0.5224442986845763
municipio,SUDESTE,MG,Minas Gerais,316340,São José do Goiabal,5482,0,0,0,0,0,0,0,0.0,0.0,0.0,0.0,0.0,0.0,9.080626105288768,0.8225271813293645
municipio,SUDESTE,MG,Minas Gerais,316350,São José do Jacuri,6282,0,0,0,0,0,0,0,0.0,0.0,0.0,0.0,0.0,0.0,10.405781319486326,0.9425603343872797
municipio,SUDESTE,MG,Minas Gerais,316360,São José do Mantimento,2844,0,0,0,0,0,0,0,0.0,0.0,0.0,0.0,0.0,0.0,4.71092678647232,0.42671785912088883
municipio,SUDESTE,MG,Minas Gerais,316220,São João Batista do Glória,7959,1,1,1,23,23,0,0,100.0,0.0,28.898102776730745,28.898102776730745,0.0,0.0,0.0,1.1941798314849348
municipio,SUDESTE,MG,Minas Gerais,316280,São João Evangelista,15613,1,1,1,49,46,0,0,93.87755102040816,0.0,31.384102991097162,29.462627297764683,0.0,0.0,0.0,2.3425970233665394
municipio,SUDESTE,MG,Minas Gerais,316290,São João Nepomuceno,26529,1,1,1,43,36,0,0,83.72093023255815,0.0,16.208677296543403,13.570055411059597,0.0,0.0,7.9438033468087745,3.9804493968417933
municipio,SUDESTE,MG,Minas Gerais,316225,São João da Lagoa,4962,0,0,0,0,0,0,0,0.0,0.0,0.0,0.0,0.0,0.0,8.219275216060355,0.7445056318417196
municipio,SUDESTE,MG,Minas Gerais,316230,São João da Mata,3012,0,0,0,0,0,0,0,0.0,0.0,0.0,0.0,0.0,0.0,4.989209381453807,0.45192482126305106
municipio,SUDESTE,MG,Minas Gerais,316240,São João da Ponte,24197,1,1,1,34,34,0,0,100.0,0.0,14.051328677108733,14.051328677108733,0.0,0.0,6.080975897422895,3.63055275567797
municipio,SUDESTE,MG,Minas Gerais,316245,São João das Missões,13547,1,1,1,1,1,0,0,100.0,0.0,0.7381708127260649,0.7381708127260649,0.0,0.0,21.439847108417904,2.032611405594473
municipio,SUDESTE,MG,Minas Gerais,316250,São João del Rei,94468,2,2,1,274,190,40,40,69.34306569343066,100.0,29.00453063471228,20.11263073209976,42.34238048863107,42.34238048863107,0.0,0.0
municipio,SUDESTE,MG,Minas Gerais,316255,São João do Manhuaçu,11676,0,0,0,0,0,0,0,0.0,0.0,0.0,0.0,0.0,0.0,19.340640351213363,1.7518838688802736
municipio,SUDESTE,MG,Minas Gerais,316257,São João do Manteninha,5479,1,1,1,24,24,0,0,100.0,0.0,43.80361379813835,43.80361379813835,0.0,0.0,0.0,0.8220770570053973
municipio,SUDESTE,MG,Minas Gerais,316260,São João do Oriente,7099,0,0,0,0,0,0,0,0.0,0.0,0.0,0.0,0.0,0.0,11.759096081985582,1.0651441919476756
municipio,SUDESTE,MG,Minas Gerais,316265,São João do Pacuí,4050,0,0,0,0,0,0,0,0.0,0.0,0.0,0.0,0.0,0.0,6.708598271875139,0.6076678373556961
municipio,SUDESTE,MG,Minas Gerais,316270,São João do Paraíso,24706,1,1,1,49,43,0,0,87.75510204081633,0.0,19.833238889338624,17.404679025337973,0.0,0.0,0.0,3.7069238493110688
municipio,SUDESTE,MG,Minas Gerais,316370,São Lourenço,46868,2,2,1,186,100,38,29,53.76344086021505,76.31578947368422,39.685926431680464,21.336519586924982,81.07877443031492,61.87590680208244,0.0,0.0
municipio,SUDESTE,MG,Minas Gerais,316380,São Miguel do Anta,6410,0,0,0,0,0,0,0,0.0,0.0,0.0,0.0,0.0,0.0,10.617806153757936,0.9617656388765463
municipio,SUDESTE,MG,Minas Gerais,316390,São Pedro da União,4973,1,1,1,8,8,0,0,100.0,0.0,16.086869093102756,16.086869093102756,0.0,0.0,0.23749610025557116,0.7461560876962658
municipio,SUDESTE,MG,Minas Gerais,316410,São Pedro do Suaçuí,5143,0,0,0,0,0,0,0,0.0,0.0,0.0,0.0,0.0,0.0,8.519091583272553,0.7716631327210729
municipio,SUDESTE,MG,Minas Gerais,316400,São Pedro dos Ferros,7132,0,0,0,0,0,0,0,0.0,0.0,0.0,0.0,0.0,0.0,11.813758734571232,1.0700955595113149
municipio,SUDESTE,MG,Minas Gerais,316420,São Romão,10562,1,1,1,15,15,0,0,100.0,0.0,14.201855709145995,14.201855709145995,0.0,0.0,2.495361715443263,1.5847377032471264
municipio,SUDESTE,MG,Minas Gerais,316430,São Roque de Minas,7370,1,1,1,12,12,0,0,100.0,0.0,16.28222523744912,16.28222523744912,0.0,0.0,0.2079924107950053,1.1058054225460445
municipio,SUDESTE,MG,Minas Gerais,316440,São Sebastião da Bela Vista,6778,0,0,0,0,0,0,0,0.0,0.0,0.0,0.0,0.0,0.0,11.227377552288813,1.0169808892831873
municipio,SUDESTE,MG,Minas Gerais,316443,São Sebastião da Vargem Alegre,3239,0,0,0,0,0,0,0,0.0,0.0,0.0,0.0,0.0,0.0,5.365222173482364,0.4859842284432345
municipio,SUDESTE,MG,Minas Gerais,316447,São Sebastião do Anta,6415,0,0,0,0,0,0,0,0.0,0.0,0.0,0.0,0.0,0.0,10.62608837384667,0.9625158460831582
municipio,SUDESTE,MG,Minas Gerais,316450,São Sebastião do Maranhão,10218,0,0,0,0,0,0,0,0.0,0.0,0.0,0.0,0.0,0.0,16.925544973338315,1.5331234474322228
municipio,SUDESTE,MG,Minas Gerais,316460,São Sebastião do Oeste,9527,0,0,0,0,0,0,0,0.0,0.0,0.0,0.0,0.0,0.0,15.780942157075172,1.4294448114784486
municipio,SUDESTE,MG,Minas Gerais,316470,São Sebastião do Paraíso,75179,3,3,1,417,287,46,30,68.82494004796163,65.21739130434783,55.46761728674231,38.175554343633195,61.187299644847634,39.90476063794411,0.0,0.0
municipio,SUDESTE,MG,Minas Gerais,316480,São Sebastião do Rio Preto,1229,0,0,0,0,0,0,0,0.0,0.0,0.0,0.0,0.0,0.0,2.035769697810999,0.18440093138522234
municipio,SUDESTE,MG,Minas Gerais,316490,São Sebastião do Rio Verde,2385,0,0,0,0,0,0,0,0.0,0.0,0.0,0.0,0.0,0.0,3.950618982326471,0.35784883755391
municipio,SUDESTE,MG,Minas Gerais,316500,São Tiago,11559,1,1,1,45,30,0,0,66.66666666666666,0.0,38.93070334804049,25.953802232026995,0.0,0.0,0.0,1.7343290202455535
municipio,SUDESTE,MG,Minas Gerais,316510,São Tomás de Aquino,6837,1,1,1,1,0,0,0,0.0,0.0,1.462629808395495,0.0,0.0,0.0,11.325107749335883,1.0258333343212085
municipio,SUDESTE,MG,Minas Gerais,316520,São Tomé das Letras,7107,0,0,0,0,0,0,0,0.0,0.0,0.0,0.0,0.0,0.0,11.77234763412756,1.066344523478255
municipio,SUDESTE,MG,Minas Gerais,316530,São Vicente de Minas,6928,1,1,1,31,24,0,0,77.41935483870968,0.0,44.745958429561206,34.64203233256351,0.0,0.0,0.0,1.0394871054815462
municipio,SUDESTE,MG,Minas Gerais,316790,Tabuleiro,4097,0,0,0,0,0,0,0,0.0,0.0,0.0,0.0,0.0,0.0,6.786451140709245,0.6147197850978486
municipio,SUDESTE,MG,Minas Gerais,316800,Taiobeiras,34537,1,1,1,136,117,28,27,86.02941176470588,96.42857142857143,39.37805831427165,33.87671193213076,81.07247299997105,78.17702753568636,0.0,0.0
municipio,SUDESTE,MG,Minas Gerais,316805,Taparuba,3508,0,0,0,0,0,0,0,0.0,0.0,0.0,0.0,0.0,0.0,5.810805614256293,0.5263453761589585
municipio,SUDESTE,MG,Minas Gerais,316810,Tapira,4215,0,0,0,0,0,0,0,0.0,0.0,0.0,0.0,0.0,0.0,6.981911534803386,0.6324246751738911
municipio,SUDESTE,MG,Minas Gerais,316820,Tapiraí,1698,0,0,0,0,0,0,0,0.0,0.0,0.0,0.0,0.0,0.0,2.8126419421343174,0.2547703673654252
municipio,SUDESTE,MG,Minas Gerais,316830,Taquaraçu de Minas,4394,0,0,0,0,0,0,0,0.0,0.0,0.0,0.0,0.0,0.0,7.278415013980088,0.6592820931705997
municipio,SUDESTE,MG,Minas Gerais,316840,Tarumirim,15104,1,1,1,52,49,0,0,94.23076923076923,0.0,34.42796610169491,32.44173728813559,0.0,0.0,0.0,2.2662259297334404
municipio,SUDESTE,MG,Minas Gerais,316850,Teixeiras,12691,1,1,1,1,1,0,0,100.0,0.0,0.787959971633441,0.787959971633441,0.0,0.0,20.021931029226515,1.9041759318225036
municipio,SUDESTE,MG,Minas Gerais,316860,Teófilo Otoni,142851,7,7,1,834,738,67,53,88.48920863309353,79.1044776119403,58.382510447949265,51.66222147552345,46.90201678672183,37.101595368600854,0.0,0.0
municipio,SUDESTE,MG,Minas Gerais,316870,Timóteo,84172,1,1,1,62,62,18,18,100.0,100.0,7.365869885472604,7.365869885472604,21.38478353846885,21.38478353846885,77.42620586179609,0.0
municipio,SUDESTE,MG,Minas Gerais,316880,Tiradentes,8056,0,0,0,0,0,0,0,0.0,0.0,0.0,0.0,0.0,0.0,13.344313006969413,1.2087338512932069
municipio,SUDESTE,MG,Minas Gerais,316890,Tiros,8231,1,1,1,14,14,0,0,100.0,0.0,17.00886891021747,17.00886891021747,0.0,0.0,0.0,1.234991103524626
municipio,SUDESTE,MG,Minas Gerais,316900,Tocantins,16603,0,0,0,0,0,0,0,0.0,0.0,0.0,0.0,0.0,0.0,27.501940026652573,2.4911380502757092
municipio,SUDESTE,MG,Minas Gerais,316905,Tocos do Moji,3894,0,0,0,0,0,0,0,0.0,0.0,0.0,0.0,0.0,0.0,6.450193005106615,0.5842613725094027
municipio,SUDESTE,MG,Minas Gerais,316910,Toledo,7625,0,0,0,0,0,0,0,0.0,0.0,0.0,0.0,0.0,0.0,12.630385635320478,1.144065990083255
municipio,SUDESTE,MG,Minas Gerais,316920,Tombos,8653,1,1,1,32,20,0,0,62.5,0.0,36.98139373627644,23.113371085172773,0.0,0.0,0.0,1.2983085917626762
municipio,SUDESTE,MG,Minas Gerais,316930,Três Corações,78291,2,2,1,195,97,61,15,49.743589743589745,24.59016393442623,24.907077441851552,12.389674419792826,77.9144473822023,19.15929033988581,32.684658593426285,0.0
municipio,SUDESTE,MG,Minas Gerais,316935,Três Marias,29985,1,1,1,36,28,0,0,77.77777777777779,0.0,12.00600300150075,9.338002334500583,0.0,0.0,21.668473872142233,4.498992618051988
municipio,SUDESTE,MG,Minas Gerais,316940,Três Pontas,57209,2,2,1,136,87,20,10,63.970588235294116,50.0,23.77248335052177,15.207397437466133,34.95953433900261,17.479767169501304,7.76350581128514,0.0
municipio,SUDESTE,MG,Minas Gerais,316950,Tumiritinga,5955,0,0,0,0,0,0,0,0.0,0.0,0.0,0.0,0.0,0.0,9.864124125683075,0.8934967830748569
municipio,SUDESTE,MG,Minas Gerais,316960,Tupaciguara,26583,1,1,1,40,40,0,0,100.0,0.0,15.0472106233307,15.0472106233307,0.0,0.0,4.0332513237671135,3.9885516346732026
municipio,SUDESTE,MG,Minas Gerais,316970,Turmalina,20769,1,1,1,49,42,0,0,85.71428571428571,0.0,23.592854735422986,20.222446916076848,0.0,0.0,0.0,3.1162106948248027
municipio,SUDESTE,MG,Minas Gerais,316980,Turvolândia,5097,0,0,0,0,0,0,0,0.0,0.0,0.0,0.0,0.0,0.0,8.442895158456194,0.7647612264202428
municipio,SUDESTE,MG,Minas Gerais,317005,Ubaporanga,13485,0,0,0,0,0,0,0,0.0,0.0,0.0,0.0,0.0,0.0,22.33714757931759,2.0233088362324847
municipio,SUDESTE,MG,Minas Gerais,317000,Ubaí,11985,0,0,0,0,0,0,0,0.0,0.0,0.0,0.0,0.0,0.0,19.85248155269717,1.7982466742488934
municipio,SUDESTE,MG,Minas Gerais,317010,Uberaba,356781,10,10,1,1030,716,153,98,69.51456310679612,64.05228758169935,28.869250324428712,20.068333235233936,42.883449511044596,27.467830405767124,0.0,0.0
municipio,SUDESTE,MG,Minas Gerais,317020,Uberlândia,761835,22,22,1,1786,1191,295,152,66.68533034714446,51.52542372881356,23.443396535995326,15.633306424619503,38.722295510182654,19.95182683914496,70.9370282602461,0.0
municipio,SUDESTE,MG,Minas Gerais,316990,Ubá,107423,4,4,1,327,229,44,34,70.03058103975535,77.27272727272727,30.440408478631205,21.317594928460387,40.959571041583274,31.650577623041624,0.0,0.0
municipio,SUDESTE,MG,Minas Gerais,317030,Umburatiba,2742,0,0,0,0,0,0,0,0.0,0.0,0.0,0.0,0.0,0.0,4.541969496662131,0.4114136321060047
municipio,SUDESTE,MG,Minas Gerais,317040,Unaí,91320,4,4,1,198,101,34,9,51.010101010101,26.47058823529412,21.681997371879106,11.060008760402978,37.23171265878231,9.85545335085414,50.26646770065128,4.70178442156103
municipio,SUDESTE,MG,Minas Gerais,317043,União de Minas,3818,1,1,1,24,19,0,0,79.16666666666666,0.0,62.86013619696176,49.764274489261396,0.0,0.0,0.0,0.5728582229689007
municipio,SUDESTE,MG,Minas Gerais,317047,Uruana de Minas,3365,0,0,0,0,0,0,0,0.0,0.0,0.0,0.0,0.0,0.0,5.57393411971848,0.5048894500498562
municipio,SUDESTE,MG,Minas Gerais,317052,Urucuia,18515,1,1,1,31,31,0,0,100.0,0.0,16.74318120442884,16.74318120442884,0.0,0.0,0.0,2.778017286084127
municipio,SUDESTE,MG,Minas Gerais,317050,Urucânia,10899,0,0,0,0,0,0,0,0.0,0.0,0.0,0.0,0.0,0.0,18.053583349423985,1.6353016689727735
municipio,SUDESTE,MG,Minas Gerais,317057,Vargem Alegre,5800,0,0,0,0,0,0,0,0.0,0.0,0.0,0.0,0.0,0.0,9.607375302932297,0.8702403596698858
municipio,SUDESTE,MG,Minas Gerais,317060,Vargem Bonita,2207,0,0,0,0,0,0,0,0.0,0.0,0.0,0.0,0.0,0.0,3.655771947167514,0.33114146099852376
municipio,SUDESTE,MG,Minas Gerais,317065,Vargem Grande do Rio Pardo,4724,0,0,0,0,0,0,0,0.0,0.0,0.0,0.0,0.0,0.0,7.825041539836582,0.7087957688069898
municipio,SUDESTE,MG,Minas Gerais,317070,Varginha,143676,4,4,1,394,247,81,58,62.69035532994924,71.60493827160494,27.422812439099083,17.191458559536734,56.37684790779253,40.36860714385144,0.0,0.0
municipio,SUDESTE,MG,Minas Gerais,317075,Varjão de Minas,7305,0,0,0,0,0,0,0,0.0,0.0,0.0,0.0,0.0,0.0,12.100323549641454,1.096052728860089
municipio,SUDESTE,MG,Minas Gerais,317090,Varzelândia,19210,1,1,1,23,23,0,0,100.0,0.0,11.972930765226444,11.972930765226444,0.0,0.0,8.82028958091887,2.882296087803191
municipio,SUDESTE,MG,Minas Gerais,317100,Vazante,20459,1,1,1,52,49,0,0,94.23076923076923,0.0,25.41668703260179,23.950339703797837,0.0,0.0,0.0,3.069697848014861
municipio,SUDESTE,MG,Minas Gerais,317103,Verdelândia,7737,0,0,0,0,0,0,0,0.0,0.0,0.0,0.0,0.0,0.0,12.815907365308137,1.1608706315113633
municipio,SUDESTE,MG,Minas Gerais,317107,Veredinha,5240,0,0,0,0,0,0,0,0.0,0.0,0.0,0.0,0.0,0.0,8.679766652994006,0.7862171525293452
municipio,SUDESTE,MG,Minas Gerais,317115,Vermelho Novo,5048,0,0,0,0,0,0,0,0.0,0.0,0.0,0.0,0.0,0.0,8.361729401586594,0.7574091957954454
municipio,SUDESTE,MG,Minas Gerais,317110,Veríssimo,3478,0,0,0,0,0,0,0,0.0,0.0,0.0,0.0,0.0,0.0,5.761112293723885,0.5218441329192867
municipio,SUDESTE,MG,Minas Gerais,317120,Vespasiano,138583,1,1,1,56,48,0,0,85.71428571428571,0.0,4.040899677449615,3.463628294956813,0.0,0.0,181.55498131142528,20.79319306278134
municipio,SUDESTE,MG,Minas Gerais,317140,Vieiras,3781,0,0,0,0,0,0,0,0.0,0.0,0.0,0.0,0.0,0.0,6.263014831101209,0.5673066896399721
municipio,SUDESTE,MG,Minas Gerais,317160,Virgem da Lapa,11774,1,1,1,39,39,0,0,100.0,0.0,33.123832172583654,33.123832172583654,0.0,0.0,0.0,1.7665879301298684
municipio,SUDESTE,MG,Minas Gerais,317180,Virginópolis,10511,1,1,1,41,39,0,0,95.1219512195122,0.0,39.00675482827514,37.1039863000666,0.0,0.0,0.0,1.5770855897396843
municipio,SUDESTE,MG,Minas Gerais,317190,Virgolândia,4471,0,0,0,0,0,0,0,0.0,0.0,0.0,0.0,0.0,0.0,7.405961203346604,0.670835284152424
municipio,SUDESTE,MG,Minas Gerais,317170,Virgínia,9164,1,1,1,37,37,0,0,100.0,0.0,40.37538192928852,40.37538192928852,0.0,0.0,0.0,1.3749797682784195
municipio,SUDESTE,MG,Minas Gerais,317200,Visconde do Rio Branco,40711,1,1,1,100,70,10,10,70.0,100.0,24.56338581710103,17.19437007197072,24.563385817101032,24.563385817101032,0.0,0.0
municipio,SUDESTE,MG,Minas Gerais,317130,Viçosa,79517,2,2,1,195,142,42,29,72.82051282051282,69.04761904761905,24.52305796244828,17.85781656752644,52.81889407296553,36.47018876466668,0.0,0.0
municipio,SUDESTE,MG,Minas Gerais,317210,Volta Grande,4441,0,0,0,0,0,0,0,0.0,0.0,0.0,0.0,0.0,0.0,7.356267882814196,0.6663340409127523
municipio,SUDESTE,MG,Minas Gerais,317080,Várzea da Palma,34555,1,1,1,44,44,0,0,100.0,0.0,12.733323686875995,12.733323686875995,0.0,0.0,13.238423033245784,5.184682004895328
municipio,SUDESTE,MG,Minas Gerais,317220,Wenceslau Braz,2377,0,0,0,0,0,0,0,0.0,0.0,0.0,0.0,0.0,0.0,3.9373674301844948,0.35664850602333076
municipio,SUDESTE,MG,Minas Gerais,310060,Água Boa,12391,1,1,1,15,15,0,0,100.0,0.0,12.105560487450568,12.105560487450568,0.0,0.0,5.524997823902432,1.8591634994257853
municipio,SUDESTE,MG,Minas Gerais,310070,Água Comprida,2171,0,0,0,0,0,0,0,0.0,0.0,0.0,0.0,0.0,0.0,3.5961399625286234,0.32573996911091757
municipio,SUDESTE,MG,Minas Gerais,310090,Águas Formosas,18850,1,1,1,66,61,0,0,92.42424242424242,0.0,35.0132625994695,32.360742705570296,0.0,0.0,0.0,2.8282811689271288
municipio,SUDESTE,MG,Minas Gerais,310100,Águas Vermelhas,14567,1,1,1,47,46,0,0,97.87234042553192,0.0,32.26470790142102,31.578224754582276,0.0,0.0,0.0,2.185653675743315
municipio,CENTRO-OESTE,MS,Mato Grosso do Sul,500025,Alcinópolis,4649,0,0,0,0,0,0,0,0.0,0.0,0.0,0.0,0.0,0.0,7.7008082385055605,0.6975426607078101
municipio,CENTRO-OESTE,MS,Mato Grosso do Sul,500060,Amambai,41751,3,3,1,86,57,0,0,66.27906976744185,0.0,20.598309022538384,13.652367607961487,0.0,0.0,12.158194184952814,6.264380216651276
municipio,CENTRO-OESTE,MS,Mato Grosso do Sul,500070,Anastácio,24781,1,1,1,25,24,0,0,96.0,0.0,10.088374157620759,9.684839191315929,0.0,0.0,17.048339203787112,3.7181769574102486
municipio,CENTRO-OESTE,MS,Mato Grosso do Sul,500080,Anaurilândia,7688,1,1,1,12,8,0,0,66.66666666666666,0.0,15.608740894901144,10.405827263267431,0.0,0.0,4.734741608438534,1.1535186008865659
municipio,CENTRO-OESTE,MS,Mato Grosso do Sul,500085,Angélica,11308,1,1,1,27,14,0,0,51.85185185185185,0.0,23.876901308807923,12.380615493455961,0.0,0.0,4.731068952682485,1.6966686184736326
municipio,CENTRO-OESTE,MS,Mato Grosso do Sul,500090,Antônio João,9717,1,1,1,10,10,0,0,100.0,0.0,10.291242152927857,10.291242152927857,0.0,0.0,6.095666520447093,1.4579526853297036
municipio,CENTRO-OESTE,MS,Mato Grosso do Sul,500100,Aparecida do Taboado,29826,1,1,1,45,45,0,0,100.0,0.0,15.087507543753771,15.087507543753771,0.0,0.0,4.4050992733204675,4.475136028881726
municipio,CENTRO-OESTE,MS,Mato Grosso do Sul,500110,Aquidauana,48689,3,3,1,157,126,10,10,80.2547770700637,100.0,32.24547639097127,25.87853519275401,20.538519994249217,20.538519994249217,0.0,0.0
municipio,CENTRO-OESTE,MS,Mato Grosso do Sul,500124,Aral Moreira,11125,1,1,1,10,10,0,0,100.0,0.0,8.98876404494382,8.98876404494382,0.0,0.0,8.427939697434795,1.6692110347116345
municipio,CENTRO-OESTE,MS,Mato Grosso do Sul,500150,Bandeirantes,8342,1,1,1,12,12,0,0,100.0,0.0,14.385039558858788,14.385039558858788,0.0,0.0,1.8180559960450384,1.2516457035114117
municipio,CENTRO-OESTE,MS,Mato Grosso do Sul,500190,Bataguassu,24222,1,1,1,36,29,0,0,80.55555555555556,0.0,14.862521674510775,11.972586904467015,0.0,0.0,11.122386997866569,3.63430379171103
municipio,CENTRO-OESTE,MS,Mato Grosso do Sul,500200,Batayporã,10947,0,0,0,0,0,0,0,0.0,0.0,0.0,0.0,0.0,0.0,18.13309266227584,1.6425036581562482
municipio,CENTRO-OESTE,MS,Mato Grosso do Sul,500210,Bela Vista,21881,1,1,1,33,29,0,0,87.87878787878788,0.0,15.081577624423016,13.253507609341437,0.0,0.0,7.244651552320969,3.2830567775753052
municipio,CENTRO-OESTE,MS,Mato Grosso do Sul,500215,Bodoquena,8887,1,1,1,8,8,0,0,100.0,0.0,9.00191290649263,9.00191290649263,0.0,0.0,6.720817985717126,1.3334182890321162
municipio,CENTRO-OESTE,MS,Mato Grosso do Sul,500220,Bonito,25034,1,1,1,35,35,0,0,100.0,0.0,13.980985859231446,13.980985859231446,0.0,0.0,6.467419540277091,3.756137442064814
municipio,CENTRO-OESTE,MS,Mato Grosso do Sul,500230,Brasilândia,11833,1,1,1,20,11,0,0,55.00000000000001,0.0,16.901884560128455,9.29603650807065,0.0,0.0,8.600702061999634,1.7754403751678896
municipio,CENTRO-OESTE,MS,Mato Grosso do Sul,500240,Caarapó,32748,1,1,1,39,20,0,0,51.28205128205128,0.0,11.909124221326493,6.107243190423843,0.0,0.0,34.24522869317705,4.913557120425763
municipio,CENTRO-OESTE,MS,Mato Grosso do Sul,500260,Camapuã,13928,1,1,1,22,18,0,0,81.81818181818183,0.0,15.795519816197588,12.923607122343482,0.0,0.0,5.0709522791794885,2.0897771947383053
municipio,CENTRO-OESTE,MS,Mato Grosso do Sul,500270,Campo Grande,962883,25,25,1,2906,1719,452,242,59.15347556779078,53.53982300884957,30.18019842493844,17.852636301606736,46.942359559780364,25.132856224484183,0.0,0.0
municipio,CENTRO-OESTE,MS,Mato Grosso do Sul,500280,Caracol,5096,1,1,1,13,13,0,0,100.0,0.0,25.51020408163265,25.51020408163265,0.0,0.0,0.0,0.7646111849789203
municipio,CENTRO-OESTE,MS,Mato Grosso do Sul,500290,Cassilândia,21565,2,2,1,56,44,0,0,78.57142857142857,0.0,25.968003709714818,20.403431486204497,0.0,0.0,0.0,3.235643682117429
municipio,CENTRO-OESTE,MS,Mato Grosso do Sul,500295,Chapadão do Sul,34606,1,1,1,51,51,0,0,100.0,0.0,14.737328786915564,14.737328786915564,0.0,0.0,6.322901678150878,5.19233411840277
municipio,CENTRO-OESTE,MS,Mato Grosso do Sul,500310,Corguinho,4892,0,0,0,0,0,0,0,0.0,0.0,0.0,0.0,0.0,0.0,8.103324134818068,0.734002730949152
municipio,CENTRO-OESTE,MS,Mato Grosso do Sul,500315,Coronel Sapucaia,14685,1,1,1,9,9,0,0,100.0,0.0,6.1287027579162405,6.1287027579162405,0.0,0.0,15.324880400613932,2.2033585658193573
municipio,CENTRO-OESTE,MS,Mato Grosso do Sul,500320,Corumbá,98751,3,3,1,182,140,30,17,76.92307692307693,56.666666666666664,18.430193111968485,14.177071624591143,30.37943919555245,17.21501554414639,23.57550319652885,0.0
municipio,CENTRO-OESTE,MS,Mato Grosso do Sul,500325,Costa Rica,28740,1,1,1,70,56,10,10,80.0,100.0,24.35629784272791,19.485038274182322,34.79471120389701,34.79471120389701,0.0,0.0
municipio,CENTRO-OESTE,MS,Mato Grosso do Sul,500330,Coxim,33440,2,2,1,105,75,10,10,71.42857142857143,100.0,31.39952153110048,22.428229665071772,29.90430622009569,29.90430622009569,0.0,0.0
municipio,CENTRO-OESTE,MS,Mato Grosso do Sul,500345,Deodápolis,14317,1,1,1,12,12,0,0,100.0,0.0,8.381644199203743,8.381644199203743,0.0,0.0,11.715309002083053,2.1481433154127165
municipio,CENTRO-OESTE,MS,Mato Grosso do Sul,500348,Dois Irmãos do Buriti,11521,1,1,1,14,14,0,0,100.0,0.0,12.151722940716953,12.151722940716953,0.0,0.0,5.083891528462585,1.7286274454753026
municipio,CENTRO-OESTE,MS,Mato Grosso do Sul,500350,Douradina,5768,0,0,0,0,0,0,0,0.0,0.0,0.0,0.0,0.0,0.0,9.554369094364395,0.8654390335475692
municipio,CENTRO-OESTE,MS,Mato Grosso do Sul,500370,Dourados,264017,10,10,1,799,494,163,95,61.82728410513142,58.282208588957054,30.263202748307872,18.71091634250825,61.73844866050292,35.982531427900476,0.0,0.0
municipio,CENTRO-OESTE,MS,Mato Grosso do Sul,500375,Eldorado,11622,1,1,1,34,21,0,0,61.76470588235294,0.0,29.25486146962657,18.069179143004646,0.0,0.0,0.0,1.7437816310488643
municipio,CENTRO-OESTE,MS,Mato Grosso do Sul,500390,Figueirão,3751,1,1,1,9,9,0,0,100.0,0.0,23.993601706211674,23.993601706211674,0.0,0.0,0.0,0.5628054464003003
municipio,CENTRO-OESTE,MS,Mato Grosso do Sul,500380,Fátima do Sul,21504,2,2,1,85,53,0,0,62.35294117647059,0.0,39.52752976190476,24.64657738095238,0.0,0.0,0.0,3.226491154196763
municipio,CENTRO-OESTE,MS,Mato Grosso do Sul,500400,Glória de Dourados,10817,1,1,1,21,10,0,0,47.61904761904761,0.0,19.413885550522327,9.244707405010631,0.0,0.0,7.917754939968735,1.6229982707843371
municipio,CENTRO-OESTE,MS,Mato Grosso do Sul,500410,Guia Lopes da Laguna,10116,1,1,1,25,15,0,0,60.0,0.0,24.713325425069197,14.827995255041518,0.0,0.0,1.7565876835281247,1.5178192204173386
municipio,CENTRO-OESTE,MS,Mato Grosso do Sul,500430,Iguatemi,13960,1,1,1,41,39,0,0,95.1219512195122,0.0,29.369627507163322,27.93696275071633,0.0,0.0,0.0,2.0945785208606216
municipio,CENTRO-OESTE,MS,Mato Grosso do Sul,500440,Inocência,8764,1,1,1,17,17,0,0,100.0,0.0,19.397535371976268,19.397535371976268,0.0,0.0,0.0,1.314963191749462
municipio,CENTRO-OESTE,MS,Mato Grosso do Sul,500450,Itaporã,25263,1,1,1,23,23,0,0,100.0,0.0,9.104223568063967,9.104223568063967,0.0,0.0,18.846745220341145,3.7904969321276423
municipio,CENTRO-OESTE,MS,Mato Grosso do Sul,500460,Itaquiraí,20060,1,1,1,28,15,0,0,53.57142857142857,0.0,13.95812562313061,7.477567298105684,0.0,0.0,18.228266996003775,3.009831312927226
municipio,CENTRO-OESTE,MS,Mato Grosso do Sul,500470,Ivinhema,30001,1,1,1,33,33,0,0,100.0,0.0,10.999633345555148,10.999633345555148,0.0,0.0,16.694976976426183,4.501393281113145
municipio,CENTRO-OESTE,MS,Mato Grosso do Sul,500480,Japorã,8441,0,0,0,0,0,0,0,0.0,0.0,0.0,0.0,0.0,0.0,13.982043953801986,1.2664998062023287
municipio,CENTRO-OESTE,MS,Mato Grosso do Sul,500490,Jaraguari,7480,0,0,0,0,0,0,0,0.0,0.0,0.0,0.0,0.0,0.0,12.39020125274717,1.122309981091508
municipio,CENTRO-OESTE,MS,Mato Grosso do Sul,500500,Jardim,24504,1,1,1,43,37,0,0,86.04651162790698,0.0,17.548155403199477,15.099575579497225,0.0,0.0,3.58950421087121,3.6766154781639453
municipio,CENTRO-OESTE,MS,Mato Grosso do Sul,500510,Jateí,3596,1,1,1,9,5,0,0,55.55555555555556,0.0,25.027808676307007,13.904338153503893,0.0,0.0,0.9565726878180245,0.5395490229953293
municipio,CENTRO-OESTE,MS,Mato Grosso do Sul,500515,Juti,7067,1,1,1,9,9,0,0,100.0,0.0,12.735248337342579,12.735248337342579,0.0,0.0,2.7060898734176795,1.060342865825359
municipio,CENTRO-OESTE,MS,Mato Grosso do Sul,500520,Ladário,22425,1,1,1,10,0,0,0,0.0,0.0,4.459308807134894,0.0,0.0,0.0,37.145757097975306,3.364679321654688
municipio,CENTRO-OESTE,MS,Mato Grosso do Sul,500525,Laguna Carapã,7037,1,1,1,22,22,0,0,100.0,0.0,31.26332243853915,31.26332243853915,0.0,0.0,0.0,1.0558416225856873
municipio,CENTRO-OESTE,MS,Mato Grosso do Sul,500540,Maracaju,48073,1,1,1,56,46,0,0,82.14285714285714,0.0,11.648950554365236,9.568780812514301,0.0,0.0,33.63023326514902,7.2129422086914525
municipio,CENTRO-OESTE,MS,Mato Grosso do Sul,500560,Miranda,26512,1,1,1,24,24,0,0,100.0,0.0,9.052504526252262,9.052504526252262,0.0,0.0,19.915643798507084,3.9778986923393123
municipio,CENTRO-OESTE,MS,Mato Grosso do Sul,500568,Mundo Novo,20087,1,1,1,48,42,0,0,87.5,0.0,23.896052173047245,20.90904565141634,0.0,0.0,0.0,3.0138824318429305
municipio,CENTRO-OESTE,MS,Mato Grosso do Sul,500570,Naviraí,53014,2,2,1,97,80,0,0,82.4742268041237,0.0,18.297053608480777,15.09035349153054,0.0,0.0,7.814723156836693,7.954296970265402
municipio,CENTRO-OESTE,MS,Mato Grosso do Sul,500580,Nioaque,13354,1,1,1,6,6,0,0,100.0,0.0,4.493035794518496,4.493035794518496,0.0,0.0,16.120153412992742,2.0036534074192507
municipio,CENTRO-OESTE,MS,Mato Grosso do Sul,500600,Nova Alvorada do Sul,23409,1,1,1,21,21,0,0,100.0,0.0,8.970908624887864,8.970908624887864,0.0,0.0,17.7756980114383,3.512320099915924
municipio,CENTRO-OESTE,MS,Mato Grosso do Sul,500620,Nova Andradina,50848,2,2,1,110,80,10,10,72.72727272727273,100.0,21.633102580239147,15.733165512901197,19.666456891126494,19.666456891126494,4.2268654143968,0.0
municipio,CENTRO-OESTE,MS,Mato Grosso do Sul,500625,Novo Horizonte do Sul,4801,1,1,1,17,12,0,0,70.58823529411765,0.0,35.409289731305975,24.9947927515101,0.0,0.0,0.0,0.7203489597888141
municipio,CENTRO-OESTE,MS,Mato Grosso do Sul,500630,Paranaíba,42638,3,3,1,210,161,10,10,76.66666666666667,100.0,49.251841080726116,37.759744828556684,23.453257657488624,23.453257657488624,0.0,0.0
municipio,CENTRO-OESTE,MS,Mato Grosso do Sul,500635,Paranhos,13368,1,1,1,11,11,0,0,100.0,0.0,8.228605625374028,8.228605625374028,0.0,0.0,11.143343629241198,2.0057539875977644
municipio,CENTRO-OESTE,MS,Mato Grosso do Sul,500627,Paraíso das Águas,5842,0,0,0,0,0,0,0,0.0,0.0,0.0,0.0,0.0,0.0,9.67694595167767,0.8765421002054264
municipio,CENTRO-OESTE,MS,Mato Grosso do Sul,500640,Pedro Gomes,6910,1,1,1,23,22,0,0,95.65217391304348,0.0,33.28509406657019,31.837916063675834,0.0,0.0,0.0,1.0367863595377433
municipio,CENTRO-OESTE,MS,Mato Grosso do Sul,500660,Ponta Porã,98598,2,2,1,160,117,30,20,73.125,66.66666666666666,16.227509685794846,11.86636645773748,30.42658066086533,20.284387107243557,46.32206726181357,0.0
municipio,CENTRO-OESTE,MS,Mato Grosso do Sul,500690,Porto Murtinho,12721,1,1,1,17,17,0,0,100.0,0.0,13.363729266567095,13.363729266567095,0.0,0.0,4.071624349758922,1.9086771750621754
municipio,CENTRO-OESTE,MS,Mato Grosso do Sul,500710,Ribas do Rio Pardo,24152,1,1,1,35,35,0,0,100.0,0.0,14.491553494534614,14.491553494534614,0.0,0.0,5.0064359166242856,3.6238008908184622
municipio,CENTRO-OESTE,MS,Mato Grosso do Sul,500720,Rio Brilhante,40419,2,2,1,57,52,0,0,91.22807017543859,0.0,14.102278631336748,12.86523664613177,0.0,0.0,14.951810753313886,6.0645250168098475
municipio,CENTRO-OESTE,MS,Mato Grosso do Sul,500730,Rio Negro,4921,1,1,1,22,8,0,0,36.36363636363637,0.0,44.70636049583418,16.25685836212152,0.0,0.0,0.15136101133273053,0.7383539327475014
municipio,CENTRO-OESTE,MS,Mato Grosso do Sul,500740,Rio Verde de Mato Grosso,20454,1,1,1,28,28,0,0,100.0,0.0,13.689253935660506,13.689253935660506,0.0,0.0,5.880905938996072,3.068947640808249
municipio,CENTRO-OESTE,MS,Mato Grosso do Sul,500750,Rochedo,5451,1,1,1,7,7,0,0,100.0,0.0,12.84168042560998,12.84168042560998,0.0,0.0,2.029276340738613,0.8178758966483702
municipio,CENTRO-OESTE,MS,Mato Grosso do Sul,500755,Santa Rita do Pardo,7165,1,1,1,11,11,0,0,100.0,0.0,15.352407536636427,15.352407536636427,0.0,0.0,0.8684213871568812,1.0750469270749536
municipio,CENTRO-OESTE,MS,Mato Grosso do Sul,500780,Selvíria,8716,0,0,0,0,0,0,0,0.0,0.0,0.0,0.0,0.0,0.0,14.437566058682398,1.307761202565987
municipio,CENTRO-OESTE,MS,Mato Grosso do Sul,500770,Sete Quedas,11322,1,1,1,18,18,0,0,100.0,0.0,15.898251192368841,15.898251192368841,0.0,0.0,0.7542591689309418,1.6987691986521463
municipio,CENTRO-OESTE,MS,Mato Grosso do Sul,500790,Sidrolândia,49735,1,1,1,57,55,0,0,96.49122807017544,0.0,11.460741932240877,11.058610636372777,0.0,0.0,27.38324322264445,7.46231108416927
municipio,CENTRO-OESTE,MS,Mato Grosso do Sul,500793,Sonora,14813,1,1,1,24,21,0,0,87.5,0.0,16.20198474313103,14.176736650239656,0.0,0.0,3.536905234885536,2.222563870308624
municipio,CENTRO-OESTE,MS,Mato Grosso do Sul,500769,São Gabriel do Oeste,32207,1,1,1,41,41,0,0,100.0,0.0,12.73015183034744,12.73015183034744,0.0,0.0,12.34909247957595,4.832384700670347
municipio,CENTRO-OESTE,MS,Mato Grosso do Sul,500795,Tacuru,11205,1,1,1,8,8,0,0,100.0,0.0,7.1396697902722,7.1396697902722,0.0,0.0,10.56045521885455,1.681214350017426
municipio,CENTRO-OESTE,MS,Mato Grosso do Sul,500797,Taquarussu,3740,1,1,1,6,6,0,0,100.0,0.0,16.0427807486631,16.0427807486631,0.0,0.0,0.19510062637358488,0.561154990545754
municipio,CENTRO-OESTE,MS,Mato Grosso do Sul,500800,Terenos,18182,0,0,0,0,0,0,0,0.0,0.0,0.0,0.0,0.0,0.0,30.117465130675008,2.7280534861237697
municipio,CENTRO-OESTE,MS,Mato Grosso do Sul,500830,Três Lagoas,143523,4,4,1,340,197,75,37,57.94117647058824,49.333333333333336,23.689582854316033,13.726023006765468,52.2564327668736,25.77984016499098,40.73781475909517,0.0
municipio,CENTRO-OESTE,MS,Mato Grosso do Sul,500840,Vicentina,6505,1,1,1,13,13,0,0,100.0,0.0,19.984627209838585,19.984627209838585,0.0,0.0,0.0,0.9760195758021737
municipio,CENTRO-OESTE,MS,Mato Grosso do Sul,500020,Água Clara,17901,2,2,1,16,13,0,0,81.25,0.0,8.938048153734428,7.262164124909223,0.0,0.0,16.652004361688114,2.6858918411121766
municipio,CENTRO-OESTE,MT,Mato Grosso,510010,Acorizal,4948,0,0,0,0,0,0,0,0.0,0.0,0.0,0.0,0.0,0.0,8.196084999811898,0.7424050516632061
municipio,CENTRO-OESTE,MT,Mato Grosso,510025,Alta Floresta,62158,5,5,1,140,71,20,0,50.71428571428571,0.0,22.52324720872615,11.42250394156826,32.176067441037354,0.0,31.96124725511479,9.326275909717372
municipio,CENTRO-OESTE,MT,Mato Grosso,510030,Alto Araguaia,17751,2,2,1,24,24,0,0,100.0,0.0,13.520365049856345,13.520365049856345,0.0,0.0,5.403537759026074,2.663385624913818
municipio,CENTRO-OESTE,MT,Mato Grosso,510035,Alto Boa Vista,5920,0,0,0,0,0,0,0,0.0,0.0,0.0,0.0,0.0,0.0,9.806148585061932,0.8882453326285731
municipio,CENTRO-OESTE,MT,Mato Grosso,510040,Alto Garças,13956,1,1,1,23,23,0,0,100.0,0.0,16.48036686729722,16.48036686729722,0.0,0.0,0.11733271167640287,2.093978355095332
municipio,CENTRO-OESTE,MT,Mato Grosso,510050,Alto Paraguai,7525,0,0,0,0,0,0,0,0.0,0.0,0.0,0.0,0.0,0.0,12.464741233545782,1.1290618459510158
municipio,CENTRO-OESTE,MT,Mato Grosso,510060,Alto Taquari,11877,1,1,1,21,21,0,0,100.0,0.0,17.68123263450366,17.68123263450366,0.0,0.0,0.0,1.7820421985860748
municipio,CENTRO-OESTE,MT,Mato Grosso,510080,Apiacás,8693,1,1,1,32,32,0,0,100.0,0.0,36.81122742436443,36.81122742436443,0.0,0.0,0.0,1.304310249415572
municipio,CENTRO-OESTE,MT,Mato Grosso,510100,Araguaiana,4005,0,0,0,0,0,0,0,0.0,0.0,0.0,0.0,0.0,0.0,6.634058291076527,0.6009159724961884
municipio,CENTRO-OESTE,MT,Mato Grosso,510120,Araguainha,997,0,0,0,0,0,0,0,0.0,0.0,0.0,0.0,0.0,0.0,1.6514746856937068,0.14959131699842693
municipio,CENTRO-OESTE,MT,Mato Grosso,510125,Araputanga,14805,1,1,1,18,18,0,0,100.0,0.0,12.158054711246201,12.158054711246201,0.0,0.0,6.523653682743562,2.2213635387780446
municipio,CENTRO-OESTE,MT,Mato Grosso,510130,Arenápolis,10769,2,2,1,41,41,0,0,100.0,0.0,38.07224440523726,38.07224440523726,0.0,0.0,0.0,1.6157962816008622
municipio,CENTRO-OESTE,MT,Mato Grosso,510140,Aripuanã,26558,2,2,1,40,36,0,0,90.0,0.0,15.061375103546954,13.555237593192258,0.0,0.0,7.991840223323441,3.9848005986401427
municipio,CENTRO-OESTE,MT,Mato Grosso,510170,Barra do Bugres,29406,1,1,1,32,32,0,0,100.0,0.0,10.882132898048017,10.882132898048017,0.0,0.0,16.70939278586675,4.412118623526321
municipio,CENTRO-OESTE,MT,Mato Grosso,510180,Barra do Garças,73878,4,4,1,140,92,10,10,65.71428571428571,100.0,18.95016107636915,12.452962993042584,13.535829340263676,13.535829340263676,30.374771143109008,1.0847616020158328
municipio,CENTRO-OESTE,MT,Mato Grosso,510160,Barão de Melgaço,7137,0,0,0,0,0,0,0,0.0,0.0,0.0,0.0,0.0,0.0,11.822040954659967,1.0708457667179268
municipio,CENTRO-OESTE,MT,Mato Grosso,510183,Boa Esperança do Norte,5877,0,0,0,0,0,0,0,0.0,0.0,0.0,0.0,0.0,0.0,9.734921492298811,0.8817935506517101
municipio,CENTRO-OESTE,MT,Mato Grosso,510185,Bom Jesus do Araguaia,7912,0,0,0,0,0,0,0,0.0,0.0,0.0,0.0,0.0,0.0,13.105785068413851,1.187127883742782
municipio,CENTRO-OESTE,MT,Mato Grosso,510190,Brasnorte,17645,1,1,1,40,40,0,0,100.0,0.0,22.66931141966563,22.66931141966563,0.0,0.0,0.0,2.647481232133644
municipio,CENTRO-OESTE,MT,Mato Grosso,510260,Campinápolis,15808,1,1,1,22,22,0,0,100.0,0.0,13.917004048582996,13.917004048582996,0.0,0.0,4.185067032543752,2.371855104424406
municipio,CENTRO-OESTE,MT,Mato Grosso,510263,Campo Novo do Parecis,51722,1,1,1,36,36,0,0,100.0,0.0,6.960287691891264,6.960287691891264,0.0,0.0,49.67459748590765,7.760443428076868
municipio,CENTRO-OESTE,MT,Mato Grosso,510267,Campo Verde,49053,2,2,1,78,62,10,0,79.48717948717949,0.0,15.901168124273743,12.639390047499642,20.386112979838135,0.0,19.25354840254104,7.359982821187398
municipio,CENTRO-OESTE,MT,Mato Grosso,510268,Campos de Júlio,9946,1,1,1,17,17,0,0,100.0,0.0,17.092298411421677,17.092298411421677,0.0,0.0,0.0,1.4923121753925317
municipio,CENTRO-OESTE,MT,Mato Grosso,510269,Canabrava do Norte,4451,0,0,0,0,0,0,0,0.0,0.0,0.0,0.0,0.0,0.0,7.372832322991665,0.6678344553259762
municipio,CENTRO-OESTE,MT,Mato Grosso,510270,Canarana,28324,3,3,1,37,27,0,0,72.97297297297297,0.0,13.06312667702302,9.53255189944923,0.0,0.0,19.917120358664555,4.249773784015491
municipio,CENTRO-OESTE,MT,Mato Grosso,510279,Carlinda,10260,0,0,0,0,0,0,0,0.0,0.0,0.0,0.0,0.0,0.0,16.995115622083684,1.5394251879677636
municipio,CENTRO-OESTE,MT,Mato Grosso,510285,Castanheira,7392,0,0,0,0,0,0,0,0.0,0.0,0.0,0.0,0.0,0.0,12.244434179185438,1.1091063342551373
municipio,CENTRO-OESTE,MT,Mato Grosso,510300,Chapada dos Guimarães,19458,2,2,1,5,0,0,0,0.0,0.0,2.5696371672319867,0.0,0.0,0.0,32.23108769732011,2.9195063652511446
municipio,CENTRO-OESTE,MT,Mato Grosso,510305,Cláudia,9301,1,1,1,18,18,0,0,100.0,0.0,19.352757767981938,19.352757767981938,0.0,0.0,0.0,1.3955354457395877
municipio,CENTRO-OESTE,MT,Mato Grosso,510310,Cocalinho,6495,1,1,1,17,17,0,0,100.0,0.0,26.17397998460354,26.17397998460354,0.0,0.0,0.0,0.9745191613889497
municipio,CENTRO-OESTE,MT,Mato Grosso,510325,Colniza,26026,1,1,1,36,36,0,0,100.0,0.0,13.832321524629217,13.832321524629217,0.0,0.0,7.110612005882065,3.904978551856629
municipio,CENTRO-OESTE,MT,Mato Grosso,510320,Colíder,32054,3,3,1,102,69,20,8,67.64705882352942,40.0,31.82130155362825,21.526174580395583,62.39470892868285,24.95788357147314,0.0,0.0
municipio,CENTRO-OESTE,MT,Mato Grosso,510330,Comodoro,18469,1,1,1,42,31,0,0,73.80952380952381,0.0,22.740808923060264,16.784882776544478,0.0,0.0,0.0,2.771115379783297
municipio,CENTRO-OESTE,MT,Mato Grosso,510335,Confresa,38460,2,2,1,93,71,0,0,76.34408602150538,0.0,24.180967238689547,18.46073842953718,0.0,0.0,0.0,5.770593833259277
municipio,CENTRO-OESTE,MT,Mato Grosso,510336,Conquista D'Oeste,3908,0,0,0,0,0,0,0,0.0,0.0,0.0,0.0,0.0,0.0,6.473383221355072,0.5863619526879162
municipio,CENTRO-OESTE,MT,Mato Grosso,510337,Cotriguaçu,10030,1,1,1,34,34,0,0,100.0,0.0,33.898305084745765,33.898305084745765,0.0,0.0,0.0,1.504915656463613
municipio,CENTRO-OESTE,MT,Mato Grosso,510340,Cuiabá,691875,27,27,1,2687,1770,592,244,65.87272050614068,41.21621621621622,38.836495031616984,25.582655826558266,85.56458897922313,35.26648599819332,0.0,0.0
municipio,CENTRO-OESTE,MT,Mato Grosso,510343,Curvelândia,4970,0,0,0,0,0,0,0,0.0,0.0,0.0,0.0,0.0,0.0,8.23252676820233,0.7457059633722988
municipio,CENTRO-OESTE,MT,Mato Grosso,510250,Cáceres,91767,4,4,1,312,260,56,16,83.33333333333334,28.57142857142857,33.99915002124947,28.33262501770789,61.02411542275545,17.435461549358703,0.0,0.0
municipio,CENTRO-OESTE,MT,Mato Grosso,510345,Denise,6675,0,0,0,0,0,0,0,0.0,0.0,0.0,0.0,0.0,0.0,11.056763818460878,1.0015266208269806
municipio,CENTRO-OESTE,MT,Mato Grosso,510350,Diamantino,22623,1,1,1,45,45,0,0,100.0,0.0,19.891261105954115,19.891261105954115,0.0,0.0,0.0,3.394387527036522
municipio,CENTRO-OESTE,MT,Mato Grosso,510360,Dom Aquino,7890,1,1,1,8,8,0,0,100.0,0.0,10.139416983523446,10.139416983523446,0.0,0.0,5.069343300023419,1.1838269720336896
municipio,CENTRO-OESTE,MT,Mato Grosso,510370,Feliz Natal,10523,0,0,0,0,0,0,0,0.0,0.0,0.0,0.0,0.0,0.0,17.430760398751133,1.578886087035553
municipio,CENTRO-OESTE,MT,Mato Grosso,510380,Figueirópolis D'Oeste,3056,0,0,0,0,0,0,0,0.0,0.0,0.0,0.0,0.0,0.0,5.062092918234673,0.4585266446812364
municipio,CENTRO-OESTE,MT,Mato Grosso,510385,Gaúcha do Norte,9397,1,1,1,14,14,0,0,100.0,0.0,14.898371820793871,14.898371820793871,0.0,0.0,1.5656044347680682,1.4099394241065375
municipio,CENTRO-OESTE,MT,Mato Grosso,510390,General Carneiro,6319,1,1,1,15,15,0,0,100.0,0.0,23.737933217281213,23.737933217281213,0.0,0.0,0.0,0.9481118677162084
municipio,CENTRO-OESTE,MT,Mato Grosso,510395,Glória D'Oeste,2878,0,0,0,0,0,0,0,0.0,0.0,0.0,0.0,0.0,0.0,4.7672458830757165,0.4318192681258502
municipio,CENTRO-OESTE,MT,Mato Grosso,510410,Guarantã do Norte,31209,2,2,1,61,37,10,0,60.65573770491803,0.0,19.545643884776826,11.855554487487584,32.042039155371846,0.0,14.695961349864493,4.682643342230597
municipio,CENTRO-OESTE,MT,Mato Grosso,510420,Guiratinga,10252,1,1,1,5,5,0,0,100.0,0.0,4.8770971517752635,4.8770971517752635,0.0,0.0,11.98186406994171,1.5382248564371845
municipio,CENTRO-OESTE,MT,Mato Grosso,510450,Indiavaí,2172,0,0,0,0,0,0,0,0.0,0.0,0.0,0.0,0.0,0.0,3.5977964065463706,0.32589001055224
municipio,CENTRO-OESTE,MT,Mato Grosso,510452,Ipiranga do Norte,8658,0,0,0,0,0,0,0,0.0,0.0,0.0,0.0,0.0,0.0,14.341492305653073,1.299058798969288
municipio,CENTRO-OESTE,MT,Mato Grosso,510454,Itanhangá,8257,0,0,0,0,0,0,0,0.0,0.0,0.0,0.0,0.0,0.0,13.67725825453655,1.238892180999008
municipio,CENTRO-OESTE,MT,Mato Grosso,510455,Itaúba,5201,1,1,1,16,16,0,0,100.0,0.0,30.763314747164006,30.763314747164006,0.0,0.0,0.0,0.7803655363177717
municipio,CENTRO-OESTE,MT,Mato Grosso,510460,Itiquira,12587,2,2,1,37,37,0,0,100.0,0.0,29.395407960594262,29.395407960594262,0.0,0.0,0.0,1.8885716219249746
municipio,CENTRO-OESTE,MT,Mato Grosso,510480,Jaciara,29803,2,2,1,66,46,0,0,69.6969696969697,0.0,22.14542160185216,15.434687783109082,0.0,0.0,3.3670010609122905,4.471685075731312
municipio,CENTRO-OESTE,MT,Mato Grosso,510490,Jangada,7413,0,0,0,0,0,0,0,0.0,0.0,0.0,0.0,0.0,0.0,12.279219503558124,1.1122572045229075
municipio,CENTRO-OESTE,MT,Mato Grosso,510500,Jauru,7881,1,1,1,38,33,0,0,86.8421052631579,0.0,48.217231315822865,41.87285877426722,0.0,0.0,0.0,1.182476599061788
municipio,CENTRO-OESTE,MT,Mato Grosso,510510,Juara,36089,3,3,1,59,43,0,0,72.88135593220339,0.0,16.34847183352268,11.914987946465683,0.0,0.0,16.779408156469596,5.414845575883881
municipio,CENTRO-OESTE,MT,Mato Grosso,510517,Juruena,10057,1,1,1,21,21,0,0,100.0,0.0,20.88097842298896,20.88097842298896,0.0,0.0,0.0,1.5089667753793174
municipio,CENTRO-OESTE,MT,Mato Grosso,510520,Juscimeira,11622,1,1,1,15,15,0,0,100.0,0.0,12.906556530717605,12.906556530717605,0.0,0.0,4.2511923742550275,1.7437816310488643
municipio,CENTRO-OESTE,MT,Mato Grosso,510515,Juína,48396,3,3,1,128,87,10,0,67.96875,0.0,26.448466815439293,17.976692288618896,20.662864699561947,0.0,0.0,7.261405594238585
municipio,CENTRO-OESTE,MT,Mato Grosso,510523,Lambari D'Oeste,4662,0,0,0,0,0,0,0,0.0,0.0,0.0,0.0,0.0,0.0,7.722342010736271,0.6994931994450013
municipio,CENTRO-OESTE,MT,Mato Grosso,510525,Lucas do Rio Verde,95792,1,1,1,168,93,34,0,55.35714285714286,0.0,17.53799899782863,9.708535159512277,35.49356940036746,0.0,65.67408534801562,14.372769747154775
municipio,CENTRO-OESTE,MT,Mato Grosso,510530,Luciara,2616,0,0,0,0,0,0,0,0.0,0.0,0.0,0.0,0.0,0.0,4.333257550426016,0.39250841049938295
municipio,CENTRO-OESTE,MT,Mato Grosso,510558,Marcelândia,11355,1,1,1,22,22,0,0,100.0,0.0,19.37472479084104,19.37472479084104,0.0,0.0,0.0,1.7037205662157853
municipio,CENTRO-OESTE,MT,Mato Grosso,510560,Matupá,21959,2,2,1,43,29,0,0,67.44186046511628,0.0,19.581948176146454,13.206430165308074,0.0,0.0,7.373854185705228,3.294760009998452
municipio,CENTRO-OESTE,MT,Mato Grosso,510562,Mirassol d'Oeste,27637,2,2,1,82,71,0,0,86.58536585365853,0.0,29.670369432282808,25.690197923074138,0.0,0.0,0.0,4.146695313827006
municipio,CENTRO-OESTE,MT,Mato Grosso,510590,Nobres,15796,1,1,1,32,25,0,0,78.125,0.0,20.25829323879463,15.826791592808306,0.0,0.0,1.1651897043307886,2.3700546071285373
municipio,CENTRO-OESTE,MT,Mato Grosso,510600,Nortelândia,5890,1,1,1,4,4,0,0,100.0,0.0,6.791171477079796,6.791171477079796,0.0,0.0,5.756455264529523,0.8837440893889014
municipio,CENTRO-OESTE,MT,Mato Grosso,510610,Nossa Senhora do Livramento,11658,1,1,1,16,16,0,0,100.0,0.0,13.724481043060559,13.724481043060559,0.0,0.0,3.3108243588939184,1.7491831229364707
municipio,CENTRO-OESTE,MT,Mato Grosso,510615,Nova Bandeirantes,14340,1,1,1,14,14,0,0,100.0,0.0,9.762900976290098,9.762900976290098,0.0,0.0,9.753407214491233,2.1515942685631315
municipio,CENTRO-OESTE,MT,Mato Grosso,510620,Nova Brasilândia,3791,0,0,0,0,0,0,0,0.0,0.0,0.0,0.0,0.0,0.0,6.2795792712786795,0.5688071040531961
municipio,CENTRO-OESTE,MT,Mato Grosso,510621,Nova Canaã do Norte,11734,0,0,0,0,0,0,0,0.0,0.0,0.0,0.0,0.0,0.0,19.436714104242686,1.7605862724769723
municipio,CENTRO-OESTE,MT,Mato Grosso,510880,Nova Guarita,4546,0,0,0,0,0,0,0,0.0,0.0,0.0,0.0,0.0,0.0,7.530194504677625,0.6820883922516037
municipio,CENTRO-OESTE,MT,Mato Grosso,510618,Nova Lacerda,7072,0,0,0,0,0,0,0,0.0,0.0,0.0,0.0,0.0,0.0,11.714372093506414,1.0610930730319712
municipio,CENTRO-OESTE,MT,Mato Grosso,510885,Nova Marilândia,3731,0,0,0,0,0,0,0,0.0,0.0,0.0,0.0,0.0,0.0,6.180192630213862,0.5598046175738525
municipio,CENTRO-OESTE,MT,Mato Grosso,510890,Nova Maringá,5705,0,0,0,0,0,0,0,0.0,0.0,0.0,0.0,0.0,0.0,9.450013121246338,0.8559864227442583
municipio,CENTRO-OESTE,MT,Mato Grosso,510895,Nova Monte Verde,8470,1,1,1,13,13,0,0,100.0,0.0,15.348288075560802,15.348288075560802,0.0,0.0,1.0300808303166489,1.270851008000678
municipio,CENTRO-OESTE,MT,Mato Grosso,510622,Nova Mutum,63455,1,1,1,212,168,56,20,79.24528301886792,35.714285714285715,33.4095027972579,26.475455046883617,88.25151682294539,31.51839886533764,0.0,0.0
municipio,CENTRO-OESTE,MT,Mato Grosso,510617,Nova Nazaré,4575,1,1,1,2,1,0,0,50.0,0.0,4.371584699453552,2.185792349726776,0.0,0.0,6.578231381192287,0.686439594049953
municipio,CENTRO-OESTE,MT,Mato Grosso,510623,Nova Olímpia,16204,2,2,1,58,38,0,0,65.51724137931035,0.0,35.7936312021723,23.45099975314737,0.0,0.0,0.0,2.431271515188074
municipio,CENTRO-OESTE,MT,Mato Grosso,510619,Nova Santa Helena,4502,0,0,0,0,0,0,0,0.0,0.0,0.0,0.0,0.0,0.0,7.45731096789676,0.6754865688334183
municipio,CENTRO-OESTE,MT,Mato Grosso,510624,Nova Ubiratã,9760,1,1,1,10,10,0,0,100.0,0.0,10.245901639344263,10.245901639344263,0.0,0.0,6.166893613210211,1.4644044673065664
municipio,CENTRO-OESTE,MT,Mato Grosso,510625,Nova Xavantina,25915,2,2,1,62,49,0,0,79.03225806451613,0.0,23.924368126567625,18.90796835809377,0.0,0.0,0.0,3.888323951869843
municipio,CENTRO-OESTE,MT,Mato Grosso,510627,Novo Horizonte do Norte,3267,1,1,1,13,13,0,0,100.0,0.0,39.79185797367615,39.79185797367615,0.0,0.0,0.0,0.4901853888002616
municipio,CENTRO-OESTE,MT,Mato Grosso,510626,Novo Mundo,6368,0,0,0,0,0,0,0,0.0,0.0,0.0,0.0,0.0,0.0,10.548235505012563,0.9554638983410056
municipio,CENTRO-OESTE,MT,Mato Grosso,510631,Novo Santo Antônio,2041,0,0,0,0,0,0,0,0.0,0.0,0.0,0.0,0.0,0.0,3.3808022402215205,0.30623458173900636
municipio,CENTRO-OESTE,MT,Mato Grosso,510628,Novo São Joaquim,7239,1,1,1,33,33,0,0,100.0,0.0,45.586406962287604,45.586406962287604,0.0,0.0,0.0,1.086149993732811
municipio,CENTRO-OESTE,MT,Mato Grosso,510630,Paranatinga,28870,1,1,1,25,25,0,0,100.0,0.0,8.659508139937651,8.659508139937651,0.0,0.0,22.821538792354385,4.331696410977518
municipio,CENTRO-OESTE,MT,Mato Grosso,510629,Paranaíta,12079,1,1,1,33,33,0,0,100.0,0.0,27.3201423958937,27.3201423958937,0.0,0.0,0.0,1.8123505697331985
municipio,CENTRO-OESTE,MT,Mato Grosso,510637,Pedra Preta,18946,1,1,1,22,22,0,0,100.0,0.0,11.611949751926527,11.611949751926527,0.0,0.0,9.382988360233675,2.8426851472940786
municipio,CENTRO-OESTE,MT,Mato Grosso,510642,Peixoto de Azevedo,33754,1,1,1,70,70,0,0,100.0,0.0,20.738282870178352,20.738282870178352,0.0,0.0,0.0,5.064498810396091
municipio,CENTRO-OESTE,MT,Mato Grosso,510645,Planalto da Serra,3328,0,0,0,0,0,0,0,0.0,0.0,0.0,0.0,0.0,0.0,5.512645691061842,0.4993379167209276
municipio,CENTRO-OESTE,MT,Mato Grosso,510650,Poconé,31203,1,1,1,60,51,0,0,85.0,0.0,19.228920296125374,16.344582251706566,0.0,0.0,0.6860226857580166,4.681743093582663
municipio,CENTRO-OESTE,MT,Mato Grosso,510665,Pontal do Araguaia,7441,0,0,0,0,0,0,0,0.0,0.0,0.0,0.0,0.0,0.0,12.325599936055038,1.1164583648799344
municipio,CENTRO-OESTE,MT,Mato Grosso,510670,Ponte Branca,2098,1,1,1,17,17,0,0,100.0,0.0,81.02955195424214,81.02955195424214,0.0,0.0,0.0,0.31478694389438283
municipio,CENTRO-OESTE,MT,Mato Grosso,510675,Pontes e Lacerda,55762,2,2,1,89,74,0,0,83.14606741573034,0.0,15.960690075678778,13.270686130339659,0.0,0.0,18.366631317605304,8.36661085101934
municipio,CENTRO-OESTE,MT,Mato Grosso,510677,Porto Alegre do Norte,12649,1,1,1,18,18,0,0,100.0,0.0,14.230373942604158,14.230373942604158,0.0,0.0,2.9523603804811436,1.8978741912869632
municipio,CENTRO-OESTE,MT,Mato Grosso,510682,Porto Esperidião,10088,1,1,1,4,4,0,0,100.0,0.0,3.965107057890563,3.965107057890563,0.0,0.0,12.710207251031209,1.5136180600603117
municipio,CENTRO-OESTE,MT,Mato Grosso,510685,Porto Estrela,3141,0,0,0,0,0,0,0,0.0,0.0,0.0,0.0,0.0,0.0,5.202890659743163,0.47128016719363985
municipio,CENTRO-OESTE,MT,Mato Grosso,510680,Porto dos Gaúchos,5705,1,1,1,20,20,0,0,100.0,0.0,35.056967572305,35.056967572305,0.0,0.0,0.0,0.8559864227442583
municipio,CENTRO-OESTE,MT,Mato Grosso,510700,Poxoréu,25103,1,1,1,82,67,0,0,81.70731707317073,0.0,32.66541847587938,26.690037047364857,0.0,0.0,0.0,3.7664903015160593
municipio,CENTRO-OESTE,MT,Mato Grosso,510704,Primavera do Leste,96006,3,3,1,249,132,61,8,53.01204819277109,13.114754098360656,25.93587900756203,13.749140678707581,63.537695560694125,8.332812532550049,27.02856436781347,6.404878615597768
municipio,CENTRO-OESTE,MT,Mato Grosso,510706,Querência,31100,2,2,1,26,21,0,0,80.76923076923077,0.0,8.360128617363344,6.752411575562702,0.0,0.0,30.515408951930073,4.666288825126457
municipio,CENTRO-OESTE,MT,Mato Grosso,510715,Reserva do Cabaçal,2020,0,0,0,0,0,0,0,0.0,0.0,0.0,0.0,0.0,0.0,3.3460169158488346,0.3030837114712361
municipio,CENTRO-OESTE,MT,Mato Grosso,510718,Ribeirão Cascalheira,10541,1,1,1,18,18,0,0,100.0,0.0,17.076178730670712,17.076178730670712,0.0,0.0,0.0,1.5815868329793563
municipio,CENTRO-OESTE,MT,Mato Grosso,510719,Ribeirãozinho,2733,1,1,1,11,11,0,0,100.0,0.0,40.2488108305891,40.2488108305891,0.0,0.0,0.0,0.4100632591341031
municipio,CENTRO-OESTE,MT,Mato Grosso,510720,Rio Branco,4440,1,1,1,18,18,0,0,100.0,0.0,40.54054054054054,40.54054054054054,0.0,0.0,0.0,0.6661839994714298
municipio,CENTRO-OESTE,MT,Mato Grosso,510757,Rondolândia,3518,0,0,0,0,0,0,0,0.0,0.0,0.0,0.0,0.0,0.0,5.8273700544337625,0.5278457905721825
municipio,CENTRO-OESTE,MT,Mato Grosso,510760,Rondonópolis,263708,8,8,1,735,526,119,66,71.56462585034014,55.46218487394958,27.87173692114005,19.946304245604985,45.12566930089341,25.027682133268616,0.0,0.0
municipio,CENTRO-OESTE,MT,Mato Grosso,510770,Rosário Oeste,15041,1,1,1,44,44,0,0,100.0,0.0,29.253374110763914,29.253374110763914,0.0,0.0,0.0,2.25677331893013
municipio,CENTRO-OESTE,MT,Mato Grosso,510775,Salto do Céu,3657,1,1,1,14,14,0,0,100.0,0.0,38.28274541974296,38.28274541974296,0.0,0.0,0.0,0.5487015509159953
municipio,CENTRO-OESTE,MT,Mato Grosso,510724,Santa Carmem,5795,0,0,0,0,0,0,0,0.0,0.0,0.0,0.0,0.0,0.0,9.599093082843563,0.8694901524632739
municipio,CENTRO-OESTE,MT,Mato Grosso,510774,Santa Cruz do Xingu,2904,0,0,0,0,0,0,0,0.0,0.0,0.0,0.0,0.0,0.0,4.810313427537137,0.4357203456002325
municipio,CENTRO-OESTE,MT,Mato Grosso,510776,Santa Rita do Trivelato,3536,0,0,0,0,0,0,0,0.0,0.0,0.0,0.0,0.0,0.0,5.857186046753207,0.5305465365159856
municipio,CENTRO-OESTE,MT,Mato Grosso,510777,Santa Terezinha,7737,1,1,1,13,13,0,0,100.0,0.0,16.802378182758176,16.802378182758176,0.0,0.0,0.0,1.1608706315113633
municipio,CENTRO-OESTE,MT,Mato Grosso,510726,Santo Afonso,2416,0,0,0,0,0,0,0,0.0,0.0,0.0,0.0,0.0,0.0,4.001968746876626,0.3625001222349042
municipio,CENTRO-OESTE,MT,Mato Grosso,510780,Santo Antônio de Leverger,16839,1,1,1,16,16,0,0,100.0,0.0,9.50175188550389,9.50175188550389,0.0,0.0,11.892860814840857,2.5265478304277944
municipio,CENTRO-OESTE,MT,Mato Grosso,510779,Santo Antônio do Leste,4244,0,0,0,0,0,0,0,0.0,0.0,0.0,0.0,0.0,0.0,7.029948411318047,0.6367758769722406
municipio,CENTRO-OESTE,MT,Mato Grosso,510787,Sapezal,32514,1,1,1,53,34,0,0,64.15094339622641,0.0,16.30067048040844,10.457033893092206,0.0,0.0,19.857620793024264,4.878447423156322
municipio,CENTRO-OESTE,MT,Mato Grosso,510788,Serra Nova Dourada,1941,0,0,0,0,0,0,0,0.0,0.0,0.0,0.0,0.0,0.0,3.215157838446826,0.291230437606767
municipio,CENTRO-OESTE,MT,Mato Grosso,510790,Sinop,223780,8,8,1,467,301,60,16,64.45396145610277,26.666666666666668,20.868710340513005,13.450710519259987,26.81204754669765,7.149879345786039,69.679042291412,17.576273739125355
municipio,CENTRO-OESTE,MT,Mato Grosso,510792,Sorriso,124665,4,4,1,306,259,38,16,84.640522875817,42.10526315789473,24.545782697629647,20.77567881923555,30.48169093169695,12.834396181767135,0.0,2.7049162824562627
municipio,CENTRO-OESTE,MT,Mato Grosso,510785,São Félix do Araguaia,14604,1,1,1,32,32,0,0,100.0,0.0,21.911804984935632,21.911804984935632,0.0,0.0,0.0,2.1912052090722436
municipio,CENTRO-OESTE,MT,Mato Grosso,510729,São José do Povo,2716,0,0,0,0,0,0,0,0.0,0.0,0.0,0.0,0.0,0.0,4.49890195220071,0.4075125546316224
municipio,CENTRO-OESTE,MT,Mato Grosso,510730,São José do Rio Claro,14455,1,1,1,22,22,0,0,100.0,0.0,15.21964718090626,15.21964718090626,0.0,0.0,1.943898276532131,2.168849034315207
municipio,CENTRO-OESTE,MT,Mato Grosso,510735,São José do Xingu,6234,0,0,0,0,0,0,0,0.0,0.0,0.0,0.0,0.0,0.0,10.326272006634474,0.9353583452038049
municipio,CENTRO-OESTE,MT,Mato Grosso,510710,São José dos Quatro Marcos,17721,1,1,1,52,0,0,0,0.0,0.0,29.343716494554485,0.0,0.0,0.0,29.353844438493667,2.6588843816741456
municipio,CENTRO-OESTE,MT,Mato Grosso,510740,São Pedro da Cipa,4250,0,0,0,0,0,0,0,0.0,0.0,0.0,0.0,0.0,0.0,7.039887075424529,0.637676125620175
municipio,CENTRO-OESTE,MT,Mato Grosso,510794,Tabaporã,9895,1,1,1,14,14,0,0,100.0,0.0,14.14855987872663,14.14855987872663,0.0,0.0,2.390513555606049,1.4846600618850896
municipio,CENTRO-OESTE,MT,Mato Grosso,510795,Tangará da Serra,114603,5,5,1,389,169,85,0,43.44473007712082,0.0,33.94326501051456,14.746559863179845,74.16908806924775,0.0,20.833453765853484,17.195199299870332
municipio,CENTRO-OESTE,MT,Mato Grosso,510800,Tapurah,15638,1,1,1,15,15,0,0,100.0,0.0,9.592019439826066,9.592019439826066,0.0,0.0,10.903471549526769,2.3463480593995993
municipio,CENTRO-OESTE,MT,Mato Grosso,510805,Terra Nova do Norte,10591,1,1,1,29,29,0,0,100.0,0.0,27.381739212538946,27.381739212538946,0.0,0.0,0.0,1.589088905045476
municipio,CENTRO-OESTE,MT,Mato Grosso,510810,Tesouro,2935,1,1,1,14,14,0,0,100.0,0.0,47.70017035775128,47.70017035775128,0.0,0.0,0.0,0.44037163028122667
municipio,CENTRO-OESTE,MT,Mato Grosso,510820,Torixoréu,4238,1,1,1,27,27,0,0,100.0,0.0,63.70929683813119,63.70929683813119,0.0,0.0,0.0,0.6358756283243062
municipio,CENTRO-OESTE,MT,Mato Grosso,510830,União do Sul,3904,0,0,0,0,0,0,0,0.0,0.0,0.0,0.0,0.0,0.0,6.466757445284085,0.5857617869226266
municipio,CENTRO-OESTE,MT,Mato Grosso,510835,Vale de São Domingos,2892,0,0,0,0,0,0,0,0.0,0.0,0.0,0.0,0.0,0.0,4.7904360993241735,0.43391984830436375
municipio,CENTRO-OESTE,MT,Mato Grosso,510850,Vera,10758,0,0,0,0,0,0,0,0.0,0.0,0.0,0.0,0.0,0.0,17.820024742921667,1.614145825746316
municipio,CENTRO-OESTE,MT,Mato Grosso,510550,Vila Bela da Santíssima Trindade,17592,1,1,1,61,55,0,0,90.1639344262295,0.0,34.67485220554798,31.264211005002274,0.0,0.0,0.0,2.639529035743557
municipio,CENTRO-OESTE,MT,Mato Grosso,510860,Vila Rica,19686,1,1,1,21,21,0,0,100.0,0.0,10.667479427003963,10.667479427003963,0.0,0.0,11.608756933366415,2.9537158138726505
municipio,CENTRO-OESTE,MT,Mato Grosso,510840,Várzea Grande,318922,6,6,1,735,607,113,70,82.58503401360544,61.94690265486725,23.046387517951096,19.032866970607234,35.431861082020056,21.94894049328676,0.0,0.0
municipio,CENTRO-OESTE,MT,Mato Grosso,510020,Água Boa,32099,2,2,1,88,73,10,10,82.95454545454545,100.0,27.415184273653384,22.742141499735194,31.15361849278794,31.15361849278794,0.0,0.0
municipio,NORTE,PA,Pará,150010,Abaetetuba,172344,3,3,1,263,228,10,10,86.69201520912547,100.0,15.260177319779046,13.229355243002368,5.8023487907905125,5.8023487907905125,57.47818779457996,15.858742163266689
municipio,NORTE,PA,Pará,150013,Abel Figueiredo,6275,1,1,1,22,22,0,0,100.0,0.0,35.0597609561753,35.0597609561753,0.0,0.0,0.0,0.941510044298023
municipio,NORTE,PA,Pará,150020,Acará,63110,1,1,1,33,33,0,0,100.0,0.0,5.2289652986848365,5.2289652986848365,0.0,0.0,71.53818196000987,9.469115361856293
municipio,NORTE,PA,Pará,150030,Afuá,40473,1,1,1,30,30,0,0,100.0,0.0,7.412348973389667,7.412348973389667,0.0,0.0,37.04125873027222,6.072627254641256
municipio,NORTE,PA,Pará,150040,Alenquer,75882,1,1,1,115,101,10,0,87.82608695652175,0.0,15.155109248570149,13.310139427005087,13.178355868321868,0.0,24.694284954673897,11.385444650425908
municipio,NORTE,PA,Pará,150050,Almeirim,36442,2,2,1,107,107,0,0,100.0,0.0,29.36172548158718,29.36172548158718,0.0,0.0,0.0,5.467810204670687
municipio,NORTE,PA,Pará,150060,Altamira,138749,6,6,1,322,268,30,30,83.22981366459628,100.0,23.20737446756373,19.315454525798383,21.621777454251923,21.621777454251923,0.0,0.0
municipio,NORTE,PA,Pará,150070,Anajás,30247,1,1,1,21,21,0,0,100.0,0.0,6.942837306179125,6.942837306179125,0.0,0.0,29.10246220479193,4.538303475678454
municipio,NORTE,PA,Pará,150080,Ananindeua,509227,10,10,1,972,763,152,115,78.49794238683128,75.6578947368421,19.087754577035387,14.983494590820989,29.849163536104726,22.583248727973967,80.50601782522504,0.0
municipio,NORTE,PA,Pará,150085,Anapu,35638,1,1,1,42,42,0,0,100.0,0.0,11.785173129805266,11.785173129805266,0.0,0.0,17.03235190446572,5.347176885847481
municipio,NORTE,PA,Pará,150090,Augusto Corrêa,47912,1,1,1,83,73,0,0,87.95180722891565,0.0,17.323426281516113,15.236266488562364,0.0,0.0,6.363545778291765,7.188785536638546
municipio,NORTE,PA,Pará,150095,Aurora do Pará,24193,1,1,1,58,58,0,0,100.0,0.0,23.973876741206134,23.973876741206134,0.0,0.0,0.0,3.6299525899126808
municipio,NORTE,PA,Pará,150100,Aveiro,19380,1,1,1,25,25,0,0,100.0,0.0,12.899896800825594,12.899896800825594,0.0,0.0,7.101885063935847,2.907803132827998
municipio,NORTE,PA,Pará,150110,Bagre,35147,1,1,1,16,16,0,0,100.0,0.0,4.552308874157112,4.552308874157112,0.0,0.0,42.21903789175197,5.273506538158186
municipio,NORTE,PA,Pará,150120,Baião,56850,1,1,1,34,33,0,0,97.05882352941177,0.0,5.980650835532102,5.804749340369393,0.0,0.0,61.16884240891398,8.529855939178105
municipio,NORTE,PA,Pará,150125,Bannach,4290,1,1,1,11,11,0,0,100.0,0.0,25.641025641025642,25.641025641025642,0.0,0.0,0.0,0.6436777832730708
municipio,NORTE,PA,Pará,150130,Barcarena,139076,5,5,1,185,147,20,20,79.45945945945945,100.0,13.302079438580344,10.569760418763842,14.380626420086857,14.380626420086857,83.37160821217451,0.8671634933532854
municipio,NORTE,PA,Pará,150145,Belterra,19075,1,1,1,32,32,0,0,100.0,0.0,16.775884665792923,16.775884665792923,0.0,0.0,0.0,2.8620404932246677
municipio,NORTE,PA,Pará,150140,Belém,1397315,41,41,1,5452,3198,846,443,58.65737344093911,52.36406619385343,39.017687493514345,22.886750661089305,60.54468748993606,31.70366023409181,0.0,0.0
municipio,NORTE,PA,Pará,150150,Benevides,68962,0,0,0,0,0,0,0,0.0,0.0,0.0,0.0,0.0,0.0,114.23169235186502,10.347157876474942
municipio,NORTE,PA,Pará,150157,Bom Jesus do Tocantins,19129,1,1,1,31,31,0,0,100.0,0.0,16.20576088661195,16.20576088661195,0.0,0.0,0.6861176154813633,2.8701427310560765
municipio,NORTE,PA,Pará,150160,Bonito,12961,0,0,0,0,0,0,0,0.0,0.0,0.0,0.0,0.0,0.0,21.469170914018193,1.94468712097955
municipio,NORTE,PA,Pará,150170,Bragança,132489,3,3,1,345,301,30,30,87.2463768115942,100.0,26.039897651880533,22.71886722671316,22.64338926250481,22.64338926250481,0.0,0.0
municipio,NORTE,PA,Pará,150172,Brasil Novo,27130,1,1,1,41,41,0,0,100.0,0.0,15.112421673424254,15.112421673424254,0.0,0.0,3.939326201474693,4.070624303076552
municipio,NORTE,PA,Pará,150175,Brejo Grande do Araguaia,6966,1,1,1,25,25,0,0,100.0,0.0,35.88860178007465,35.88860178007465,0.0,0.0,0.0,1.0451886802517973
municipio,NORTE,PA,Pará,150178,Breu Branco,47066,1,1,1,32,32,0,0,100.0,0.0,6.798963158118387,6.798963158118387,0.0,0.0,45.96219413927785,7.0618504772798
municipio,NORTE,PA,Pará,150180,Breves,116058,2,2,1,160,160,17,17,100.0,100.0,13.78621034310431,13.78621034310431,14.647848489548329,14.647848489548329,32.243579811675275,0.41350959699441586
municipio,NORTE,PA,Pará,150190,Bujaru,25065,1,1,1,6,6,0,0,100.0,0.0,2.39377618192699,2.39377618192699,0.0,0.0,35.518769304827245,3.760788726745808
municipio,NORTE,PA,Pará,150200,Cachoeira do Arari,25467,1,1,1,23,23,0,0,100.0,0.0,9.031295401892645,9.031295401892645,0.0,0.0,19.184659799961523,3.8211053861574107
municipio,NORTE,PA,Pará,150195,Cachoeira do Piriá,19223,0,0,0,0,0,0,0,0.0,0.0,0.0,0.0,0.0,0.0,31.84182335314958,2.884246626540382
municipio,NORTE,PA,Pará,150210,Cametá,144859,3,3,1,168,151,0,0,89.88095238095238,0.0,11.59748445039659,10.423929476249318,0.0,0.0,88.95082396680512,21.73485314852069
municipio,NORTE,PA,Pará,150215,Canaã dos Carajás,89524,4,4,1,158,109,10,0,68.9873417721519,0.0,17.64889861936464,12.175506009561683,11.170188999597874,0.0,39.291494244777745,13.43230999294601
municipio,NORTE,PA,Pará,150220,Capanema,75309,4,4,1,305,276,30,25,90.49180327868852,83.33333333333334,40.49980745993175,36.64900609488905,39.8358761900968,33.196563491747334,0.0,0.0
municipio,NORTE,PA,Pará,150230,Capitão Poço,60318,3,3,1,199,9,0,0,4.522613065326634,0.0,32.991810073278295,1.4920919128618324,0.0,0.0,90.9133902624604,9.050199657684168
municipio,NORTE,PA,Pará,150240,Castanhal,209126,5,5,1,611,527,70,63,86.2520458265139,90.0,29.216835783212034,25.200118588793362,33.4726432868223,30.125378958140068,0.0,0.0
municipio,NORTE,PA,Pará,150250,Chaves,21501,1,1,1,16,16,0,0,100.0,0.0,7.441514348169853,7.441514348169853,0.0,0.0,19.615202825577125,3.2260410298727957
municipio,NORTE,PA,Pará,150260,Colares,13625,1,1,1,13,13,0,0,100.0,0.0,9.541284403669724,9.541284403669724,0.0,0.0,9.569049741802166,2.0443146380176196
municipio,NORTE,PA,Pará,150270,Conceição do Araguaia,47144,2,2,1,150,138,22,12,92.0,54.54545454545454,31.817410487018496,29.272017648057016,46.66553538096046,25.4539283896148,0.0,0.0
municipio,NORTE,PA,Pará,150275,Concórdia do Pará,28270,1,1,1,31,31,0,0,100.0,0.0,10.965688008489565,10.965688008489565,0.0,0.0,15.827672381706215,4.241671546184081
municipio,NORTE,PA,Pará,150276,Cumaru do Norte,15150,1,1,1,11,11,0,0,100.0,0.0,7.260726072607261,7.260726072607261,0.0,0.0,14.09512686886626,2.2731278360342704
municipio,NORTE,PA,Pará,150277,Curionópolis,20975,1,1,1,37,37,0,0,100.0,0.0,17.64004767580453,17.64004767580453,0.0,0.0,0.0,3.1471192317372165
municipio,NORTE,PA,Pará,150280,Curralinho,36814,1,1,1,27,27,0,0,100.0,0.0,7.334166349758244,7.334166349758244,0.0,0.0,33.980330069336134,5.523625620842616
municipio,NORTE,PA,Pará,150285,Curuá,14954,0,0,0,0,0,0,0,0.0,0.0,0.0,0.0,0.0,0.0,24.77046384138786,2.2437197135350817
municipio,NORTE,PA,Pará,150290,Curuçá,44880,1,1,1,28,28,0,0,100.0,0.0,6.238859180035651,6.238859180035651,0.0,0.0,46.34120751648302,6.733859886549047
municipio,NORTE,PA,Pará,150293,Dom Eliseu,62823,3,3,1,124,91,10,0,73.38709677419355,0.0,19.737994046766314,14.485140792384955,15.917737134488961,0.0,13.0627825269165,9.426053468196764
municipio,NORTE,PA,Pará,150295,Eldorado do Carajás,29287,1,1,1,41,41,0,0,100.0,0.0,13.999385392836412,13.999385392836412,0.0,0.0,7.512275947754861,4.394263692008956
municipio,NORTE,PA,Pará,150300,Faro,9167,1,1,1,10,10,0,0,100.0,0.0,10.908694229300753,10.908694229300753,0.0,0.0,5.1846223106862706,1.375429892602387
municipio,NORTE,PA,Pará,150304,Floresta do Araguaia,18595,1,1,1,22,22,0,0,100.0,0.0,11.831137402527562,11.831137402527562,0.0,0.0,8.801576510004494,2.7900206013899185
municipio,NORTE,PA,Pará,150307,Garrafão do Norte,25558,1,1,1,18,18,0,0,100.0,0.0,7.0428046012990055,7.0428046012990055,0.0,0.0,24.335396205576494,3.8347591573177486
municipio,NORTE,PA,Pará,150309,Goianésia do Pará,26703,1,1,1,24,24,0,0,100.0,0.0,8.987754184923043,8.987754184923043,0.0,0.0,20.232024605896747,4.0065566076318895
municipio,NORTE,PA,Pará,150310,Gurupá,34137,1,1,1,24,24,0,0,100.0,0.0,7.030494771069513,7.030494771069513,0.0,0.0,32.54602943382756,5.1219646824225675
municipio,NORTE,PA,Pará,150320,Igarapé-Açu,37925,1,1,1,47,47,0,0,100.0,0.0,12.392880685563611,12.392880685563611,0.0,0.0,15.820639373053002,5.6903216621517965
municipio,NORTE,PA,Pará,150330,Igarapé-Miri,69446,2,2,1,140,129,0,0,92.14285714285714,0.0,20.159548426115258,18.575583906920485,0.0,0.0,0.0,10.41977793407498
municipio,NORTE,PA,Pará,150340,Inhangapi,10784,1,1,1,20,20,0,0,100.0,0.0,18.5459940652819,18.5459940652819,0.0,0.0,0.0,1.618046903220698
municipio,NORTE,PA,Pará,150345,Ipixuna do Pará,29264,2,2,1,56,56,0,0,100.0,0.0,19.136139967195188,19.136139967195188,0.0,0.0,0.0,4.390812738858541
municipio,NORTE,PA,Pará,150350,Irituia,32740,1,1,1,30,30,0,0,100.0,0.0,9.16310323762981,9.16310323762981,0.0,0.0,24.23197714103507,4.912356788895183
municipio,NORTE,PA,Pará,150360,Itaituba,135369,5,5,1,393,195,50,30,49.61832061068702,60.0,29.03175764022782,14.405070584845864,36.9360784226817,22.161647053609023,29.2311702383866,0.0
municipio,NORTE,PA,Pará,150370,Itupiranga,52201,1,1,1,53,53,0,0,100.0,0.0,10.153062201873528,10.153062201873528,0.0,0.0,33.468034170408416,7.832313278470294
municipio,NORTE,PA,Pará,150375,Jacareacanga,26579,1,1,1,32,32,0,0,100.0,0.0,12.039580119643327,12.039580119643327,0.0,0.0,12.026625547696128,3.987951468907913
municipio,NORTE,PA,Pará,150380,Jacundá,37726,2,2,1,107,103,0,0,96.26168224299066,0.0,28.362402587075227,27.302125854848114,0.0,0.0,0.0,5.66046341532864
municipio,NORTE,PA,Pará,150390,Juruti,54255,2,2,1,112,89,0,0,79.46428571428571,0.0,20.643258685835406,16.40401806285135,0.0,0.0,0.8703701828606579,8.140498398946493
municipio,NORTE,PA,Pará,150400,Limoeiro do Ajuru,32088,1,1,1,21,21,0,0,100.0,0.0,6.544502617801047,6.544502617801047,0.0,0.0,32.15197564146406,4.8145297691529825
municipio,NORTE,PA,Pará,150410,Magalhães Barata,8439,0,0,0,0,0,0,0,0.0,0.0,0.0,0.0,0.0,0.0,13.978731065766492,1.2661997233196838
municipio,NORTE,PA,Pará,150420,Marabá,290975,6,6,1,413,311,53,48,75.30266343825666,90.56603773584906,14.19365924907638,10.688203453904976,18.214623249420054,16.496262565512502,170.98379806391813,0.0
municipio,NORTE,PA,Pará,150430,Maracanã,27129,1,1,1,30,30,0,0,100.0,0.0,11.058277120424638,11.058277120424638,0.0,0.0,14.93766975745695,4.07047426163523
municipio,NORTE,PA,Pará,150440,Marapanim,28159,1,1,1,18,18,0,0,100.0,0.0,6.392272452856991,6.392272452856991,0.0,0.0,28.6438070957363,4.225016946197296
municipio,NORTE,PA,Pará,150442,Marituba,119437,2,2,1,182,152,7,7,83.51648351648352,100.0,15.238159029446487,12.72637457404322,5.8608303959409564,5.8608303959409564,45.84070414764221,10.920499627222783
municipio,NORTE,PA,Pará,150445,Medicilândia,28677,1,1,1,54,54,0,0,100.0,0.0,18.83042159221676,18.83042159221676,0.0,0.0,0.0,4.302738412802296
municipio,NORTE,PA,Pará,150450,Melgaço,30080,1,1,1,16,16,0,0,100.0,0.0,5.319148936170213,5.319148936170213,0.0,0.0,33.8258360538282,4.513246554977615
municipio,NORTE,PA,Pará,150460,Mocajuba,28903,1,1,1,33,33,0,0,100.0,0.0,11.417499913503788,11.417499913503788,0.0,0.0,14.876201444940037,4.336647778541157
municipio,NORTE,PA,Pará,150470,Moju,91760,1,1,1,52,52,0,0,100.0,0.0,5.6669572798605055,5.6669572798605055,0.0,0.0,99.99530306845995,13.767802655742884
municipio,NORTE,PA,Pará,150475,Mojuí dos Campos,25818,0,0,0,0,0,0,0,0.0,0.0,0.0,0.0,0.0,0.0,42.766071650190696,3.8737699320615713
municipio,NORTE,PA,Pará,150480,Monte Alegre,64002,3,3,1,91,64,0,0,70.32967032967034,0.0,14.218305677947564,9.99968750976532,0.0,0.0,42.015730023840156,9.602952327515867
municipio,NORTE,PA,Pará,150490,Muaná,49648,2,2,1,46,46,0,0,100.0,0.0,9.26522719948437,9.26522719948437,0.0,0.0,36.239132593100464,7.449257478774222
municipio,NORTE,PA,Pará,150405,Mãe do Rio,37473,1,1,1,53,53,0,0,100.0,0.0,14.143516665332374,14.143516665332374,0.0,0.0,9.071926677031371,5.622502930674075
municipio,NORTE,PA,Pará,150495,Nova Esperança do Piriá,21304,1,1,1,32,32,0,0,100.0,0.0,15.020653398422832,15.020653398422832,0.0,0.0,3.2888833540809763,3.196482865932284
municipio,NORTE,PA,Pará,150497,Nova Ipixuna,14400,1,1,1,16,16,0,0,100.0,0.0,11.11111111111111,11.11111111111111,0.0,0.0,7.852793855556049,2.160596755042475
municipio,NORTE,PA,Pará,150500,Nova Timboteua,13175,1,1,1,6,6,0,0,100.0,0.0,4.554079696394687,4.554079696394687,0.0,0.0,15.82364993381604,1.9767959894225424
municipio,NORTE,PA,Pará,150503,Novo Progresso,37054,3,3,1,63,50,0,0,79.36507936507937,0.0,17.002212986452207,13.493819830517623,0.0,0.0,11.377876633595406,5.559635566759991
municipio,NORTE,PA,Pará,150506,Novo Repartimento,63796,1,1,1,56,56,0,0,100.0,0.0,8.777979810646436,8.777979810646436,0.0,0.0,49.67450255618429,9.572043790603455
municipio,NORTE,PA,Pará,150520,Oeiras do Pará,36734,1,1,1,16,16,0,0,100.0,0.0,4.355637828714542,4.355637828714542,0.0,0.0,44.847814547916386,5.511622305536825
municipio,NORTE,PA,Pará,150530,Oriximiná,72889,4,4,1,132,96,10,0,72.72727272727273,0.0,18.109728491267546,13.17071163001276,13.71949128126329,0.0,24.736548009557282,10.936370616547984
municipio,NORTE,PA,Pará,150543,Ourilândia do Norte,35252,4,4,1,232,131,30,0,56.46551724137932,0.0,65.8118688301373,37.16101214115511,85.10155452172927,0.0,0.0,5.289260889497037
municipio,NORTE,PA,Pará,150540,Ourém,18783,1,1,1,24,24,0,0,100.0,0.0,12.777511579619869,12.777511579619869,0.0,0.0,7.112987985340922,2.8182283923585283
municipio,NORTE,PA,Pará,150548,Pacajá,43741,2,2,1,38,33,0,0,86.8421052631579,0.0,8.687501428865366,7.544409135593607,0.0,0.0,39.45451778026925,6.562962684882841
municipio,NORTE,PA,Pará,150549,Palestina do Pará,7063,1,1,1,21,21,0,0,100.0,0.0,29.73240832507433,29.73240832507433,0.0,0.0,0.0,1.0597427000600697
municipio,NORTE,PA,Pará,150550,Paragominas,113498,6,6,1,216,143,20,20,66.20370370370371,100.0,19.031172355460008,12.599340957549913,17.621455884685194,17.621455884685194,45.00308312624309,0.0
municipio,NORTE,PA,Pará,150553,Parauapebas,305771,12,12,1,401,205,31,10,51.12219451371571,32.25806451612903,13.114389526802738,6.7043637231784565,10.13830611797718,3.270421328379735,301.492543750502,35.87832155458977
municipio,NORTE,PA,Pará,150555,Pau D'Arco,7354,1,1,1,22,22,0,0,100.0,0.0,29.915692140331792,29.915692140331792,0.0,0.0,0.0,1.1034047594848864
municipio,NORTE,PA,Pará,150560,Peixe-Boi,8686,0,0,0,0,0,0,0,0.0,0.0,0.0,0.0,0.0,0.0,14.387872738149989,1.3032599593263152
municipio,NORTE,PA,Pará,150563,Piçarra,13366,1,1,1,27,27,0,0,100.0,0.0,20.20050875355379,20.20050875355379,0.0,0.0,0.0,2.0054539047151194
municipio,NORTE,PA,Pará,150565,Placas,18510,1,1,1,33,33,0,0,100.0,0.0,17.828200972447323,17.828200972447323,0.0,0.0,0.0,2.7772670788775153
municipio,NORTE,PA,Pará,150570,Ponta de Pedras,25736,1,1,1,20,20,0,0,100.0,0.0,7.77121541809139,7.77121541809139,0.0,0.0,22.630243240735446,3.8614665338731347
municipio,NORTE,PA,Pará,150580,Portel,67580,1,1,1,58,58,0,0,100.0,0.0,8.58242083456644,8.58242083456644,0.0,0.0,53.94248671933874,10.139800604567395
municipio,NORTE,PA,Pará,150590,Porto de Moz,44121,1,1,1,57,57,0,0,100.0,0.0,12.91901815462025,12.91901815462025,0.0,0.0,16.08396650701308,6.61997843258535
municipio,NORTE,PA,Pará,150600,Prainha,38733,1,1,1,24,24,0,0,100.0,0.0,6.196266749283557,6.196266749283557,0.0,0.0,40.15904613939254,5.81155514674029
municipio,NORTE,PA,Pará,150610,Primavera,11379,0,0,0,0,0,0,0,0.0,0.0,0.0,0.0,0.0,0.0,18.84867647794252,1.7073215608075225
municipio,NORTE,PA,Pará,150611,Quatipuru,11838,0,0,0,0,0,0,0,0.0,0.0,0.0,0.0,0.0,0.0,19.608984282088368,1.7761905823745014
municipio,NORTE,PA,Pará,150613,Redenção,92694,7,7,1,343,219,57,30,63.84839650145773,52.63157894736842,37.00347379549917,23.62612466826332,61.4926532461648,32.36455434008674,0.0,0.0
municipio,NORTE,PA,Pará,150616,Rio Maria,19190,3,3,1,88,63,0,0,71.5909090909091,0.0,45.85721730067743,32.82959874934862,0.0,0.0,0.0,2.8792952589767427
municipio,NORTE,PA,Pará,150618,Rondon do Pará,57031,2,2,1,63,37,0,0,58.730158730158735,0.0,11.046623766021987,6.4876996721081515,0.0,0.0,57.46865877612618,8.557013440057458
municipio,NORTE,PA,Pará,150619,Rurópolis,37198,1,1,1,48,46,0,0,95.83333333333334,0.0,12.90391956556804,12.36625625033604,0.0,0.0,15.616404572150964,5.581241534310417
municipio,NORTE,PA,Pará,150620,Salinópolis,48663,1,1,1,44,44,0,0,100.0,0.0,9.041777120193986,9.041777120193986,0.0,0.0,36.60753523561973,7.301466659071664
municipio,NORTE,PA,Pará,150630,Salvaterra,25687,1,1,1,20,20,0,0,100.0,0.0,7.786039630941721,7.786039630941721,0.0,0.0,22.54907748386585,3.8541145032483373
municipio,NORTE,PA,Pará,150635,Santa Bárbara do Pará,22530,0,0,0,0,0,0,0,0.0,0.0,0.0,0.0,0.0,0.0,37.319683719838736,3.3804336729935396
municipio,NORTE,PA,Pará,150640,Santa Cruz do Arari,7626,1,1,1,15,15,0,0,100.0,0.0,19.66955153422502,19.66955153422502,0.0,0.0,0.0,1.1442160315245775
municipio,NORTE,PA,Pará,150650,Santa Izabel do Pará,79195,1,1,1,60,60,0,0,100.0,0.0,7.576235873476861,7.576235873476861,0.0,0.0,71.18208398546953,11.882531945527
municipio,NORTE,PA,Pará,150655,Santa Luzia do Pará,21295,1,1,1,19,19,0,0,100.0,0.0,8.922282225874618,8.922282225874618,0.0,0.0,16.273975357921255,3.1951324929603824
municipio,NORTE,PA,Pará,150658,Santa Maria das Barreiras,17065,2,2,1,54,54,0,0,100.0,0.0,31.64371520656314,31.64371520656314,0.0,0.0,0.0,2.5604571961666553
municipio,NORTE,PA,Pará,150660,Santa Maria do Pará,25815,1,1,1,51,51,0,0,100.0,0.0,19.755955839628122,19.755955839628122,0.0,0.0,0.0,3.8733198077376043
municipio,NORTE,PA,Pará,150670,Santana do Araguaia,30455,2,2,1,68,68,0,0,100.0,0.0,22.32802495485142,22.32802495485142,0.0,0.0,0.0,4.569512095473512
municipio,NORTE,PA,Pará,150680,Santarém,360871,6,6,1,704,455,105,63,64.63068181818183,60.0,19.508356171595945,12.608383605221812,29.09626985820418,17.457761914922507,142.76260912835875,0.0
municipio,NORTE,PA,Pará,150690,Santarém Novo,6355,0,0,0,0,0,0,0,0.0,0.0,0.0,0.0,0.0,0.0,10.526701732781854,0.9535133596038146
municipio,NORTE,PA,Pará,150700,Santo Antônio do Tauá,29234,1,1,1,86,86,0,0,100.0,0.0,29.417801190394748,29.417801190394748,0.0,0.0,0.0,4.386311495618869
municipio,NORTE,PA,Pará,150775,Sapucaia,6212,1,1,1,14,14,0,0,100.0,0.0,22.537025112685125,22.537025112685125,0.0,0.0,0.0,0.9320574334947122
municipio,NORTE,PA,Pará,150780,Senador José Porfírio,24989,1,1,1,30,30,0,0,100.0,0.0,12.005282324222659,12.005282324222659,0.0,0.0,11.392879559478478,3.7493855772053064
municipio,NORTE,PA,Pará,150790,Soure,25315,1,1,1,49,49,0,0,100.0,0.0,19.35611297649615,19.35611297649615,0.0,0.0,0.0,3.7982990870764066
municipio,NORTE,PA,Pará,150710,São Caetano de Odivelas,17258,1,1,1,20,20,0,0,100.0,0.0,11.588828369451848,11.588828369451848,0.0,0.0,8.586910858276827,2.5894151943418775
municipio,NORTE,PA,Pará,150715,São Domingos do Araguaia,21555,1,1,1,23,23,0,0,100.0,0.0,10.670378102528417,10.670378102528417,0.0,0.0,12.704650802535458,3.2341432677042046
municipio,NORTE,PA,Pará,150720,São Domingos do Capim,32554,1,1,1,32,32,0,0,100.0,0.0,9.82982122012656,9.82982122012656,0.0,0.0,21.923878553734138,4.884449080809218
municipio,NORTE,PA,Pará,150740,São Francisco do Pará,15429,0,0,0,0,0,0,0,0.0,0.0,0.0,0.0,0.0,0.0,25.55727474981766,2.3149893981632186
municipio,NORTE,PA,Pará,150730,São Félix do Xingu,64651,4,4,1,145,100,0,0,68.96551724137932,0.0,22.428114027625252,15.467664846638103,0.0,0.0,7.090762191357927,9.700329222934101
municipio,NORTE,PA,Pará,150745,São Geraldo do Araguaia,24929,1,1,1,41,41,0,0,100.0,0.0,16.446708652573307,16.446708652573307,0.0,0.0,0.29349291841366687,3.7403830907259628
municipio,NORTE,PA,Pará,150746,São João da Ponta,4470,0,0,0,0,0,0,0,0.0,0.0,0.0,0.0,0.0,0.0,7.404304759328857,0.6706852427111016
municipio,NORTE,PA,Pará,150747,São João de Pirabas,21477,1,1,1,19,19,0,0,100.0,0.0,8.84667318526796,8.84667318526796,0.0,0.0,16.5754481691512,3.2224400352810587
municipio,NORTE,PA,Pará,150750,São João do Araguaia,14293,1,1,1,20,20,0,0,100.0,0.0,13.992863639543833,13.992863639543833,0.0,0.0,3.6755543456571256,2.144542320820979
municipio,NORTE,PA,Pará,150760,São Miguel do Guamá,55970,1,1,1,66,66,0,0,100.0,0.0,11.792031445417189,11.792031445417189,0.0,0.0,26.711171673296665,8.397819470814397
municipio,NORTE,PA,Pará,150770,São Sebastião da Boa Vista,27651,1,1,1,32,32,0,0,100.0,0.0,11.572818342917074,11.572818342917074,0.0,0.0,13.802333534720855,4.148795894005519
municipio,NORTE,PA,Pará,150795,Tailândia,75290,1,1,1,71,51,20,0,71.83098591549296,0.0,9.43020321423828,6.773807942621862,26.563952716164167,0.0,73.71367009616772,11.296620117163053
municipio,NORTE,PA,Pará,150796,Terra Alta,10837,0,0,0,0,0,0,0,0.0,0.0,0.0,0.0,0.0,0.0,17.950883820323675,1.625999099610785
municipio,NORTE,PA,Pará,150797,Terra Santa,19792,1,1,1,26,26,0,0,100.0,0.0,13.136620856911884,13.136620856911884,0.0,0.0,6.78433999924759,2.9696202066528246
municipio,NORTE,PA,Pará,150800,Tomé-Açu,73058,3,3,1,86,73,0,0,84.88372093023256,0.0,11.771469243614662,9.992061102138027,0.0,0.0,48.01648704855651,10.96172762013147
municipio,NORTE,PA,Pará,150803,Tracuateua,30494,1,1,1,16,16,0,0,100.0,0.0,5.246933823047157,5.246933823047157,0.0,0.0,34.511603877175425,4.575363711685086
municipio,NORTE,PA,Pará,150805,Trairão,15550,1,1,1,26,26,0,0,100.0,0.0,16.720257234726688,16.720257234726688,0.0,0.0,0.0,2.3331444125632284
municipio,NORTE,PA,Pará,150808,Tucumã,42883,2,2,1,99,87,0,0,87.87878787878788,0.0,23.0860714035865,20.28775971830329,0.0,0.0,0.0,6.434227128228226
municipio,NORTE,PA,Pará,150810,Tucuruí,96119,5,5,1,369,248,38,22,67.20867208672087,57.89473684210527,38.38991250429156,25.801350409388363,39.53432724019184,22.888294718005803,0.0,0.0
municipio,NORTE,PA,Pará,150812,Ulianópolis,39360,2,2,1,107,107,10,10,100.0,100.0,27.184959349593495,27.184959349593495,25.406504065040654,25.406504065040654,0.0,0.0
municipio,NORTE,PA,Pará,150815,Uruará,45962,1,1,1,79,79,0,0,100.0,0.0,17.188111918541406,17.188111918541406,0.0,0.0,0.0,6.896204726059878
municipio,NORTE,PA,Pará,150820,Vigia,54062,1,1,1,46,46,0,0,100.0,0.0,8.508749213865562,8.508749213865562,0.0,0.0,43.550676487435496,8.11154040077127
municipio,NORTE,PA,Pará,150830,Viseu,62189,1,1,1,67,67,0,0,100.0,0.0,10.773609480776344,10.773609480776344,0.0,0.0,36.01259701966494,9.330927194398367
municipio,NORTE,PA,Pará,150835,Vitória do Xingu,16552,1,1,1,44,44,0,0,100.0,0.0,26.582890285161916,26.582890285161916,0.0,0.0,0.0,2.4834859367682673
municipio,NORTE,PA,Pará,150840,Xinguara,57768,3,3,1,130,101,0,0,77.6923076923077,0.0,22.50380833679546,17.483728015510316,0.0,0.0,0.0,8.667593982312063
municipio,NORTE,PA,Pará,150034,Água Azul do Norte,17596,1,1,1,40,40,0,0,100.0,0.0,22.732439190725163,22.732439190725163,0.0,0.0,0.0,2.6401292015088464
municipio,NORTE,PA,Pará,150510,Óbidos,55527,1,1,1,61,59,0,0,96.72131147540983,0.0,10.985646622363895,10.625461487204424,0.0,0.0,32.97736697343477,8.331351112308578
municipio,NORDESTE,PB,Paraíba,250020,Aguiar,5026,1,1,1,14,14,0,0,100.0,0.0,27.855153203342617,27.855153203342617,0.0,0.0,0.0,0.7541082840863528
municipio,NORDESTE,PB,Paraíba,250030,Alagoa Grande,26655,1,1,1,46,46,0,0,100.0,0.0,17.257550178202962,17.257550178202962,0.0,0.0,0.0,3.999354618448415
municipio,NORDESTE,PB,Paraíba,250040,Alagoa Nova,21823,1,1,1,29,29,0,0,100.0,0.0,13.288732071667507,13.288732071667507,0.0,0.0,7.148577799291642,3.2743543739786065
municipio,NORDESTE,PB,Paraíba,250050,Alagoinha,14140,0,0,0,0,0,0,0,0.0,0.0,0.0,0.0,0.0,0.0,23.42211841094184,2.1215859802986525
municipio,NORDESTE,PB,Paraíba,250053,Alcantil,5806,1,1,1,1,1,0,0,100.0,0.0,1.722356183258698,1.722356183258698,0.0,0.0,8.617313967038779,0.8711406083178201
municipio,NORDESTE,PB,Paraíba,250057,Algodão de Jandaíra,3143,0,0,0,0,0,0,0,0.0,0.0,0.0,0.0,0.0,0.0,5.2062035477786575,0.4715802500762846
municipio,NORDESTE,PB,Paraíba,250060,Alhandra,23065,1,1,1,10,10,0,0,100.0,0.0,4.33557337957945,4.33557337957945,0.0,0.0,28.20588126933335,3.46070584410102
municipio,NORDESTE,PB,Paraíba,250073,Amparo,2328,0,0,0,0,0,0,0,0.0,0.0,0.0,0.0,0.0,0.0,3.8562016733148945,0.34929647539853353
municipio,NORDESTE,PB,Paraíba,250077,Aparecida,8257,0,0,0,0,0,0,0,0.0,0.0,0.0,0.0,0.0,0.0,13.67725825453655,1.238892180999008
municipio,NORDESTE,PB,Paraíba,250090,Arara,12482,1,1,1,17,17,0,0,100.0,0.0,13.619612241627944,13.619612241627944,0.0,0.0,3.6757342295174027,1.8728172705861232
municipio,NORDESTE,PB,Paraíba,250100,Araruna,17360,1,1,1,15,15,0,0,100.0,0.0,8.640552995391706,8.640552995391706,0.0,0.0,13.755868148087012,2.6047194213567617
municipio,NORDESTE,PB,Paraíba,250080,Araçagi,16991,1,1,1,2,2,0,0,100.0,0.0,1.177093755517627,1.177093755517627,0.0,0.0,26.144640305538392,2.5493541295087985
municipio,NORDESTE,PB,Paraíba,250110,Areia,23031,1,1,1,36,36,0,0,100.0,0.0,15.631105900742478,15.631105900742478,0.0,0.0,2.149562172729955,3.455604435096059
municipio,NORDESTE,PB,Paraíba,250115,Areia de Baraúnas,2027,0,0,0,0,0,0,0,0.0,0.0,0.0,0.0,0.0,0.0,3.357612023973063,0.30413400156049286
municipio,NORDESTE,PB,Paraíba,250120,Areial,7434,1,1,1,2,2,0,0,100.0,0.0,2.690341673392521,2.690341673392521,0.0,0.0,10.31400482793081,1.1154080747906778
municipio,NORDESTE,PB,Paraíba,250130,Aroeiras,19142,1,1,1,25,25,0,0,100.0,0.0,13.06028628147529,13.06028628147529,0.0,0.0,6.707651387712074,2.8720932697932677
municipio,NORDESTE,PB,Paraíba,250135,Assunção,4383,0,0,0,0,0,0,0,0.0,0.0,0.0,0.0,0.0,0.0,7.260194129784872,0.6576316373160533
municipio,NORDESTE,PB,Paraíba,250150,Bananeiras,24134,1,1,1,21,21,0,0,100.0,0.0,8.701417087925748,8.701417087925748,0.0,0.0,18.976619924304842,3.6211001448746596
municipio,NORDESTE,PB,Paraíba,250153,Baraúna,5010,0,0,0,0,0,0,0,0.0,0.0,0.0,0.0,0.0,0.0,8.298784528912208,0.7517076210251945
municipio,NORDESTE,PB,Paraíba,250160,Barra de Santa Rosa,13024,1,1,1,1,1,0,0,100.0,0.0,0.7678132678132678,0.7678132678132678,0.0,0.0,20.57352688713625,1.9541397317828608
municipio,NORDESTE,PB,Paraíba,250157,Barra de Santana,8247,0,0,0,0,0,0,0,0.0,0.0,0.0,0.0,0.0,0.0,13.660693814359078,1.2373917665857843
municipio,NORDESTE,PB,Paraíba,250170,Barra de São Miguel,6123,0,0,0,0,0,0,0,0.0,0.0,0.0,0.0,0.0,0.0,10.142406720664562,0.9187037452170191
municipio,NORDESTE,PB,Paraíba,250180,Bayeux,83862,1,1,1,48,48,0,0,100.0,0.0,5.723688917507333,5.723688917507333,0.0,0.0,90.91270821629455,12.582775352178615
municipio,NORDESTE,PB,Paraíba,250140,Baía da Traição,9741,0,0,0,0,0,0,0,0.0,0.0,0.0,0.0,0.0,0.0,16.13542117687302,1.461553679921441
municipio,NORDESTE,PB,Paraíba,250190,Belém,16710,1,1,1,23,23,0,0,100.0,0.0,13.764213046080192,13.764213046080192,0.0,0.0,4.679179536551498,2.5071924844972058
municipio,NORDESTE,PB,Paraíba,250200,Belém do Brejo do Cruz,6272,1,1,1,30,28,0,0,93.33333333333333,0.0,47.83163265306123,44.64285714285714,0.0,0.0,0.0,0.9410599199740558
municipio,NORDESTE,PB,Paraíba,250205,Bernardino Batista,3677,0,0,0,0,0,0,0,0.0,0.0,0.0,0.0,0.0,0.0,6.090744653255527,0.5517023797424432
municipio,NORDESTE,PB,Paraíba,250210,Boa Ventura,5246,1,1,1,3,0,0,0,0.0,0.0,5.71864277544796,0.0,0.0,0.0,8.689705317100488,0.7871174011772796
municipio,NORDESTE,PB,Paraíba,250215,Boa Vista,6592,0,0,0,0,0,0,0,0.0,0.0,0.0,0.0,0.0,0.0,10.91927896498788,0.989073181197222
municipio,NORDESTE,PB,Paraíba,250220,Bom Jesus,2328,0,0,0,0,0,0,0,0.0,0.0,0.0,0.0,0.0,0.0,3.8562016733148945,0.34929647539853353
municipio,NORDESTE,PB,Paraíba,250230,Bom Sucesso,4720,1,1,1,16,16,0,0,100.0,0.0,33.898305084745765,33.898305084745765,0.0,0.0,0.0,0.7081956030417003
municipio,NORDESTE,PB,Paraíba,250240,Bonito de Santa Fé,10433,1,1,1,20,20,0,0,100.0,0.0,19.16994153167833,19.16994153167833,0.0,0.0,0.0,1.5653823573165377
municipio,NORDESTE,PB,Paraíba,250250,Boqueirão,18216,1,1,1,16,16,0,0,100.0,0.0,8.78348704435661,8.78348704435661,0.0,0.0,14.1737842272784,2.733154895128731
municipio,NORDESTE,PB,Paraíba,250270,Borborema,4185,0,0,0,0,0,0,0,0.0,0.0,0.0,0.0,0.0,0.0,6.932218214270978,0.6279234319342193
municipio,NORDESTE,PB,Paraíba,250280,Brejo do Cruz,14095,1,1,1,32,32,0,0,100.0,0.0,22.70308620078042,22.70308620078042,0.0,0.0,0.0,2.114834115439145
municipio,NORDESTE,PB,Paraíba,250290,Brejo dos Santos,5816,1,1,1,7,7,0,0,100.0,0.0,12.03576341127923,12.03576341127923,0.0,0.0,2.633878407216248,0.872641022731044
municipio,NORDESTE,PB,Paraíba,250300,Caaporã,21942,1,1,1,30,30,0,0,100.0,0.0,13.672409078479628,13.672409078479628,0.0,0.0,6.34569463740353,3.2922093054959713
municipio,NORDESTE,PB,Paraíba,250310,Cabaceiras,5537,0,0,0,0,0,0,0,0.0,0.0,0.0,0.0,0.0,0.0,9.17173052626485,0.8307794606020962
municipio,NORDESTE,PB,Paraíba,250320,Cabedelo,70734,1,1,1,30,30,0,0,100.0,0.0,4.2412418356094665,4.2412418356094665,0.0,0.0,87.1669111513126,10.613031310498226
municipio,NORDESTE,PB,Paraíba,250330,Cachoeira dos Índios,9335,0,0,0,0,0,0,0,0.0,0.0,0.0,0.0,0.0,0.0,15.462904905667758,1.400636854744549
municipio,NORDESTE,PB,Paraíba,250340,Cacimba de Areia,3344,1,1,1,5,5,0,0,100.0,0.0,14.952153110047847,14.952153110047847,0.0,0.0,0.5391487953457935,0.5017385797820859
municipio,NORDESTE,PB,Paraíba,250350,Cacimba de Dentro,16332,1,1,1,21,21,0,0,100.0,0.0,12.858192505510655,12.858192505510655,0.0,0.0,6.053043697843151,2.4504768196773408
municipio,NORDESTE,PB,Paraíba,250355,Cacimbas,7513,0,0,0,0,0,0,0,0.0,0.0,0.0,0.0,0.0,0.0,12.44486390533282,1.1272613486551468
municipio,NORDESTE,PB,Paraíba,250360,Caiçara,6684,0,0,0,0,0,0,0,0.0,0.0,0.0,0.0,0.0,0.0,11.071671814620599,1.0028769937988822
municipio,NORDESTE,PB,Paraíba,250370,Cajazeiras,66585,2,2,1,239,229,13,7,95.81589958158996,53.84615384615385,35.8939701133889,34.39213035969062,19.523916798077643,10.512878275887964,0.0,2.990509370451611
municipio,NORDESTE,PB,Paraíba,250375,Cajazeirinhas,2760,0,0,0,0,0,0,0,0.0,0.0,0.0,0.0,0.0,0.0,4.571785488981576,0.4141143780498077
municipio,NORDESTE,PB,Paraíba,250380,Caldas Brandão,5942,0,0,0,0,0,0,0,0.0,0.0,0.0,0.0,0.0,0.0,9.842590353452366,0.8915462443376658
municipio,NORDESTE,PB,Paraíba,250390,Camalaú,6327,0,0,0,0,0,0,0,0.0,0.0,0.0,0.0,0.0,0.0,10.480321300284938,0.9493121992467874
municipio,NORDESTE,PB,Paraíba,250400,Campina Grande,443911,21,21,1,2572,1795,304,154,69.7900466562986,50.6578947368421,57.939541935207735,40.43603334902717,68.48219575545548,34.691638639276796,0.0,0.0
municipio,NORDESTE,PB,Paraíba,250403,Capim,7446,0,0,0,0,0,0,0,0.0,0.0,0.0,0.0,0.0,0.0,12.333882156143774,1.1172085720865466
municipio,NORDESTE,PB,Paraíba,250407,Caraúbas,4067,0,0,0,0,0,0,0,0.0,0.0,0.0,0.0,0.0,0.0,6.7367578201768366,0.6102185418581768
municipio,NORDESTE,PB,Paraíba,250410,Carrapateira,2365,0,0,0,0,0,0,0,0.0,0.0,0.0,0.0,0.0,0.0,3.917490101971532,0.3548480087274621
municipio,NORDESTE,PB,Paraíba,250415,Casserengue,7052,0,0,0,0,0,0,0,0.0,0.0,0.0,0.0,0.0,0.0,11.681243213151477,1.0580922442055234
municipio,NORDESTE,PB,Paraíba,250420,Catingueira,4556,0,0,0,0,0,0,0,0.0,0.0,0.0,0.0,0.0,0.0,7.546758944855095,0.6835888066648276
municipio,NORDESTE,PB,Paraíba,250430,Catolé do Rocha,32288,2,2,1,101,91,20,10,90.0990099009901,50.0,31.280971258671954,28.183845391476712,61.94251734390485,30.971258671952427,0.0,0.0
municipio,NORDESTE,PB,Paraíba,250435,Caturité,5544,0,0,0,0,0,0,0,0.0,0.0,0.0,0.0,0.0,0.0,9.183325634389078,0.831829750691353
municipio,NORDESTE,PB,Paraíba,250440,Conceição,18731,1,1,1,59,59,0,0,100.0,0.0,31.49858523303614,31.49858523303614,0.0,0.0,0.0,2.810426237409764
municipio,NORDESTE,PB,Paraíba,250450,Condado,6629,0,0,0,0,0,0,0,0.0,0.0,0.0,0.0,0.0,0.0,10.980567393644519,0.9946247145261505
municipio,NORDESTE,PB,Paraíba,250460,Conde,30007,2,2,1,100,0,0,0,0.0,0.0,33.32555736994701,0.0,0.0,0.0,49.70491564053266,4.502293529761079
municipio,NORDESTE,PB,Paraíba,250470,Congo,5124,0,0,0,0,0,0,0,0.0,0.0,0.0,0.0,0.0,0.0,8.48761914693536,0.7688123453359474
municipio,NORDESTE,PB,Paraíba,250480,Coremas,14987,1,1,1,40,40,0,0,100.0,0.0,26.689797824781476,26.689797824781476,0.0,0.0,0.0,2.2486710810987205
municipio,NORDESTE,PB,Paraíba,250485,Coxixola,1888,0,0,0,0,0,0,0,0.0,0.0,0.0,0.0,0.0,0.0,3.1273663055062375,0.28327824121668005
municipio,NORDESTE,PB,Paraíba,250490,Cruz do Espírito Santo,17821,1,1,1,1,1,0,0,100.0,0.0,0.5611357387352001,0.5611357387352001,0.0,0.0,28.51948884026836,2.6738885258063854
municipio,NORDESTE,PB,Paraíba,250500,Cubati,7842,1,1,1,16,16,0,0,100.0,0.0,20.4029584289722,20.4029584289722,0.0,0.0,0.0,1.1766249828502147
municipio,NORDESTE,PB,Paraíba,250520,Cuitegi,6890,0,0,0,0,0,0,0,0.0,0.0,0.0,0.0,0.0,0.0,11.41289928227647,1.0337855307112955
municipio,NORDESTE,PB,Paraíba,250510,Cuité,20208,1,1,1,39,39,0,0,100.0,0.0,19.299287410926365,19.299287410926365,0.0,0.0,0.0,3.03203744624294
municipio,NORDESTE,PB,Paraíba,250523,Cuité de Mamanguape,6441,0,0,0,0,0,0,0,0.0,0.0,0.0,0.0,0.0,0.0,10.66915591830809,0.9664169235575404
municipio,NORDESTE,PB,Paraíba,250530,Curral Velho,2316,0,0,0,0,0,0,0,0.0,0.0,0.0,0.0,0.0,0.0,3.8363243451019313,0.34749597810266475
municipio,NORDESTE,PB,Paraíba,250527,Curral de Cima,5415,0,0,0,0,0,0,0,0.0,0.0,0.0,0.0,0.0,0.0,8.969644356099723,0.8124744047607642
municipio,NORDESTE,PB,Paraíba,250535,Damião,5141,0,0,0,0,0,0,0,0.0,0.0,0.0,0.0,0.0,0.0,8.515778695237058,0.7713630498384281
municipio,NORDESTE,PB,Paraíba,250540,Desterro,8314,0,0,0,0,0,0,0,0.0,0.0,0.0,0.0,0.0,0.0,13.771675563548124,1.2474445431543846
municipio,NORDESTE,PB,Paraíba,250560,Diamante,6416,0,0,0,0,0,0,0,0.0,0.0,0.0,0.0,0.0,0.0,10.627744817864418,0.9626658875244807
municipio,NORDESTE,PB,Paraíba,250570,Dona Inês,10638,0,0,0,0,0,0,0,0.0,0.0,0.0,0.0,0.0,0.0,17.62125146079203,1.5961408527876286
municipio,NORDESTE,PB,Paraíba,250580,Duas Estradas,3360,0,0,0,0,0,0,0,0.0,0.0,0.0,0.0,0.0,0.0,5.565651899629745,0.5041392428432442
municipio,NORDESTE,PB,Paraíba,250590,Emas,3036,0,0,0,0,0,0,0,0.0,0.0,0.0,0.0,0.0,0.0,5.028964037879734,0.4555258158547885
municipio,NORDESTE,PB,Paraíba,250600,Esperança,32599,1,1,1,25,25,0,0,100.0,0.0,7.668946900211663,7.668946900211663,0.0,0.0,28.99841853453276,4.891200945668726
municipio,NORDESTE,PB,Paraíba,250610,Fagundes,11307,0,0,0,0,0,0,0,0.0,0.0,0.0,0.0,0.0,0.0,18.72941250866474,1.6965185770323101
municipio,NORDESTE,PB,Paraíba,250620,Frei Martinho,2911,1,1,1,18,18,0,0,100.0,0.0,61.83442116111302,61.83442116111302,0.0,0.0,0.0,0.4367706356894892
municipio,NORDESTE,PB,Paraíba,250625,Gado Bravo,8398,1,1,1,1,1,0,0,100.0,0.0,1.1907597046915932,1.1907597046915932,0.0,0.0,12.910816861038867,1.2600480242254657
municipio,NORDESTE,PB,Paraíba,250630,Guarabira,60057,4,4,1,202,101,6,6,50.0,100.0,33.63471368866244,16.81735684433122,9.990509016434387,9.990509016434387,0.0,3.0110388414990226
municipio,NORDESTE,PB,Paraíba,250640,Gurinhém,14141,1,1,1,6,6,0,0,100.0,0.0,4.24298140159819,4.24298140159819,0.0,0.0,17.42377485495959,2.121736021739975
municipio,NORDESTE,PB,Paraíba,250650,Gurjão,3352,1,1,1,4,4,0,0,100.0,0.0,11.933174224343675,11.933174224343675,0.0,0.0,1.5524003474877692,0.5029389113126651
municipio,NORDESTE,PB,Paraíba,250660,Ibiara,5713,1,1,1,12,12,0,0,100.0,0.0,21.00472606336426,21.00472606336426,0.0,0.0,0.0,0.8571867542748376
municipio,NORDESTE,PB,Paraíba,250260,Igaracy,5719,1,1,1,12,12,0,0,100.0,0.0,20.982689281342893,20.982689281342893,0.0,0.0,0.0,0.858087002922772
municipio,NORDESTE,PB,Paraíba,250670,Imaculada,10497,0,0,0,0,0,0,0,0.0,0.0,0.0,0.0,0.0,0.0,17.38769285428971,1.5749850095611708
municipio,NORDESTE,PB,Paraíba,250680,Ingá,18234,0,0,0,0,0,0,0,0.0,0.0,0.0,0.0,0.0,0.0,30.20360021959785,2.735855641072534
municipio,NORDESTE,PB,Paraíba,250690,Itabaiana,23558,1,1,1,48,48,0,0,100.0,0.0,20.375244078444688,20.375244078444688,0.0,0.0,0.0,3.53467627467296
municipio,NORDESTE,PB,Paraíba,250700,Itaporanga,24766,1,1,1,49,49,0,0,100.0,0.0,19.78518937252685,19.78518937252685,0.0,0.0,0.0,3.7159263357904124
municipio,NORDESTE,PB,Paraíba,250710,Itapororoca,19165,1,1,1,18,18,0,0,100.0,0.0,9.392121054004697,9.392121054004697,0.0,0.0,13.745749600120252,2.875544222943683
municipio,NORDESTE,PB,Paraíba,250720,Itatuba,10840,0,0,0,0,0,0,0,0.0,0.0,0.0,0.0,0.0,0.0,17.955853152376914,1.6264492239347523
municipio,NORDESTE,PB,Paraíba,250730,Jacaraú,14969,0,0,0,0,0,0,0,0.0,0.0,0.0,0.0,0.0,0.0,24.79531050165406,2.2459703351549174
municipio,NORDESTE,PB,Paraíba,250740,Jericó,7728,1,1,1,12,12,0,0,100.0,0.0,15.527950310559005,15.527950310559005,0.0,0.0,0.800999369148414,1.1595202585394617
municipio,NORDESTE,PB,Paraíba,251365,Joca Claudino,2607,0,0,0,0,0,0,0,0.0,0.0,0.0,0.0,0.0,0.0,4.318349554266293,0.3911580375274814
municipio,NORDESTE,PB,Paraíba,250750,João Pessoa,897633,51,51,1,4036,2496,509,270,61.843409316154606,53.045186640471506,44.962696335807614,27.806464334533157,56.70468888732923,30.0791080541825,0.0,0.0
municipio,NORDESTE,PB,Paraíba,250760,Juarez Távora,8088,0,0,0,0,0,0,0,0.0,0.0,0.0,0.0,0.0,0.0,13.397319215537314,1.2135351774155234
municipio,NORDESTE,PB,Paraíba,250770,Juazeirinho,17520,1,1,1,18,18,0,0,100.0,0.0,10.273972602739725,10.273972602739725,0.0,0.0,11.020899190926528,2.6287260519683446
municipio,NORDESTE,PB,Paraíba,250780,Junco do Seridó,7019,1,1,1,12,12,0,0,100.0,0.0,17.096452486109133,17.096452486109133,0.0,0.0,0.0,1.0531408766418842
municipio,NORDESTE,PB,Paraíba,250790,Juripiranga,10255,1,1,1,1,1,0,0,100.0,0.0,0.9751340809361287,0.9751340809361287,0.0,0.0,15.986833401994948,1.5386749807611515
municipio,NORDESTE,PB,Paraíba,250800,Juru,9380,1,1,1,16,16,0,0,100.0,0.0,17.057569296375267,17.057569296375267,0.0,0.0,0.0,1.4073887196040566
municipio,NORDESTE,PB,Paraíba,250810,Lagoa,4489,0,0,0,0,0,0,0,0.0,0.0,0.0,0.0,0.0,0.0,7.435777195666049,0.6735360300962272
municipio,NORDESTE,PB,Paraíba,250830,Lagoa Seca,29209,1,1,1,28,28,0,0,100.0,0.0,9.58608648019446,9.58608648019446,0.0,0.0,20.383073314370602,4.38256045958581
municipio,NORDESTE,PB,Paraíba,250820,Lagoa de Dentro,8123,1,1,1,13,13,0,0,100.0,0.0,16.003939431244614,16.003939431244614,0.0,0.0,0.4552947561584573,1.2187866278618074
municipio,NORDESTE,PB,Paraíba,250840,Lastro,3316,1,1,1,8,8,0,0,100.0,0.0,24.1254523522316,24.1254523522316,0.0,0.0,0.0,0.49753741942505886
municipio,NORDESTE,PB,Paraíba,250850,Livramento,7041,0,0,0,0,0,0,0,0.0,0.0,0.0,0.0,0.0,0.0,11.66302232895626,1.056441788350977
municipio,NORDESTE,PB,Paraíba,250855,Logradouro,5107,0,0,0,0,0,0,0,0.0,0.0,0.0,0.0,0.0,0.0,8.459459598633662,0.7662616408334667
municipio,NORDESTE,PB,Paraíba,250860,Lucena,13088,0,0,0,0,0,0,0,0.0,0.0,0.0,0.0,0.0,0.0,21.679539304272055,1.9637423840274941
municipio,NORDESTE,PB,Paraíba,250880,Malta,6288,0,0,0,0,0,0,0,0.0,0.0,0.0,0.0,0.0,0.0,10.415719983592808,0.9434605830352141
municipio,NORDESTE,PB,Paraíba,250890,Mamanguape,46966,1,1,1,104,88,26,10,84.61538461538461,38.46153846153847,22.14367840565515,18.736958650938977,55.35919601413788,21.29199846697611,0.0,0.0
municipio,NORDESTE,PB,Paraíba,250900,Manaíra,10699,0,0,0,0,0,0,0,0.0,0.0,0.0,0.0,0.0,0.0,17.722294545874597,1.6052933807082945
municipio,NORDESTE,PB,Paraíba,250905,Marcação,9537,0,0,0,0,0,0,0,0.0,0.0,0.0,0.0,0.0,0.0,15.79750659725264,1.4309452258916726
municipio,NORDESTE,PB,Paraíba,250910,Mari,22170,1,1,1,30,30,0,0,100.0,0.0,13.531799729364007,13.531799729364007,0.0,0.0,6.723363873449831,3.3264187541174772
municipio,NORDESTE,PB,Paraíba,250915,Marizópolis,7001,0,0,0,0,0,0,0,0.0,0.0,0.0,0.0,0.0,0.0,11.596764568246382,1.0504401306980813
municipio,NORDESTE,PB,Paraíba,250920,Massaranduba,14756,1,1,1,52,52,0,0,100.0,0.0,35.23990241257793,35.23990241257793,0.0,0.0,0.0,2.214011508153247
municipio,NORDESTE,PB,Paraíba,250930,Mataraca,8650,0,0,0,0,0,0,0,0.0,0.0,0.0,0.0,0.0,0.0,14.328240753511098,1.297858467438709
municipio,NORDESTE,PB,Paraíba,250933,Matinhas,4759,0,0,0,0,0,0,0,0.0,0.0,0.0,0.0,0.0,0.0,7.8830170804577255,0.7140472192532735
municipio,NORDESTE,PB,Paraíba,250937,Mato Grosso,2584,0,0,0,0,0,0,0,0.0,0.0,0.0,0.0,0.0,0.0,4.280251341858113,0.38770708437706636
municipio,NORDESTE,PB,Paraíba,250939,Maturéia,6717,0,0,0,0,0,0,0,0.0,0.0,0.0,0.0,0.0,0.0,11.126334467206249,1.0078283613625212
municipio,NORDESTE,PB,Paraíba,250940,Mogeiro,14435,1,1,1,10,10,0,0,100.0,0.0,6.927606511950121,6.927606511950121,0.0,0.0,13.910769396177193,2.165848205488759
municipio,NORDESTE,PB,Paraíba,250950,Montadas,6144,0,0,0,0,0,0,0,0.0,0.0,0.0,0.0,0.0,0.0,10.177192045037248,0.9218546154847894
municipio,NORDESTE,PB,Paraíba,250960,Monte Horebe,4429,0,0,0,0,0,0,0,0.0,0.0,0.0,0.0,0.0,0.0,7.336390554601232,0.6645335436168835
municipio,NORDESTE,PB,Paraíba,250970,Monteiro,33886,2,2,1,138,124,6,6,89.85507246376811,100.0,40.72478309626394,36.59328336186036,17.706427433158236,17.706427433158236,0.0,0.0
municipio,NORDESTE,PB,Paraíba,250980,Mulungu,8909,0,0,0,0,0,0,0,0.0,0.0,0.0,0.0,0.0,0.0,14.757259754107558,1.3367192007412092
municipio,NORDESTE,PB,Paraíba,250870,Mãe d'Água,3599,0,0,0,0,0,0,0,0.0,0.0,0.0,0.0,0.0,0.0,5.961542019871265,0.5399991473192964
municipio,NORDESTE,PB,Paraíba,250990,Natuba,8935,1,1,1,19,19,0,0,100.0,0.0,21.264689423615,21.264689423615,0.0,0.0,0.0,1.3406202782155914
municipio,NORDESTE,PB,Paraíba,251000,Nazarezinho,7394,0,0,0,0,0,0,0,0.0,0.0,0.0,0.0,0.0,0.0,12.247747067220933,1.109406417137782
municipio,NORDESTE,PB,Paraíba,251010,Nova Floresta,9840,1,1,1,19,19,0,0,100.0,0.0,19.308943089430894,19.308943089430894,0.0,0.0,0.0,1.476407782612358
municipio,NORDESTE,PB,Paraíba,251020,Nova Olinda,5897,0,0,0,0,0,0,0,0.0,0.0,0.0,0.0,0.0,0.0,9.768050372653752,0.8847943794781581
municipio,NORDESTE,PB,Paraíba,251030,Nova Palmeira,4359,0,0,0,0,0,0,0,0.0,0.0,0.0,0.0,0.0,0.0,7.2204394733589465,0.6540306427243159
municipio,NORDESTE,PB,Paraíba,251040,Olho d'Água,6059,1,1,1,1,1,0,0,100.0,0.0,1.6504373659019642,1.6504373659019642,0.0,0.0,9.036394303528757,0.909101092972386
municipio,NORDESTE,PB,Paraíba,251050,Olivedos,3675,0,0,0,0,0,0,0,0.0,0.0,0.0,0.0,0.0,0.0,6.087431765220034,0.5514022968597984
municipio,NORDESTE,PB,Paraíba,251060,Ouro Velho,3000,0,0,0,0,0,0,0,0.0,0.0,0.0,0.0,0.0,0.0,4.969332053240843,0.4501243239671823
municipio,NORDESTE,PB,Paraíba,251065,Parari,1745,0,0,0,0,0,0,0,0.0,0.0,0.0,0.0,0.0,0.0,2.890494810968424,0.2618223151075777
municipio,NORDESTE,PB,Paraíba,251070,Passagem,2580,0,0,0,0,0,0,0,0.0,0.0,0.0,0.0,0.0,0.0,4.273625565787126,0.38710691861177676
municipio,NORDESTE,PB,Paraíba,251080,Patos,108104,4,4,1,379,370,49,44,97.62532981530343,89.79591836734694,35.058832235624955,34.22630059942278,45.32672241545178,40.70154665877303,0.0,0.0
municipio,NORDESTE,PB,Paraíba,251090,Paulista,12172,1,1,1,31,31,0,0,100.0,0.0,25.46828787380874,25.46828787380874,0.0,0.0,0.0,1.826304423776181
municipio,NORDESTE,PB,Paraíba,251100,Pedra Branca,3851,0,0,0,0,0,0,0,0.0,0.0,0.0,0.0,0.0,0.0,6.378965912343496,0.5778095905325398
municipio,NORDESTE,PB,Paraíba,251110,Pedra Lavrada,6980,1,1,1,20,20,0,0,100.0,0.0,28.653295128939828,28.653295128939828,0.0,0.0,0.0,1.0472892604303108
municipio,NORDESTE,PB,Paraíba,251120,Pedras de Fogo,31356,1,1,1,33,33,0,0,100.0,0.0,10.52430156907769,10.52430156907769,0.0,0.0,18.939458620473296,4.70469943410499
municipio,NORDESTE,PB,Paraíba,251272,Pedro Régis,5932,0,0,0,0,0,0,0,0.0,0.0,0.0,0.0,0.0,0.0,9.826025913274895,0.8900458299244418
municipio,NORDESTE,PB,Paraíba,251130,Piancó,17088,3,3,1,134,126,10,10,94.02985074626866,100.0,78.41760299625469,73.73595505617978,58.52059925093633,58.52059925093633,0.0,0.0
municipio,NORDESTE,PB,Paraíba,251140,Picuí,18862,1,1,1,89,89,7,7,100.0,100.0,47.184816032234124,47.184816032234124,37.11165305906055,37.11165305906055,0.0,0.0
municipio,NORDESTE,PB,Paraíba,251150,Pilar,12889,1,1,1,11,10,0,0,90.9090909090909,0.0,8.534409186127705,7.758553805570641,0.0,0.0,11.34990694474041,1.9338841372043378
municipio,NORDESTE,PB,Paraíba,251160,Pilões,6974,0,0,0,0,0,0,0,0.0,0.0,0.0,0.0,0.0,0.0,11.552040579767214,1.0463890117823764
municipio,NORDESTE,PB,Paraíba,251170,Pilõezinhos,5539,0,0,0,0,0,0,0,0.0,0.0,0.0,0.0,0.0,0.0,9.175043414300344,0.831079543484741
municipio,NORDESTE,PB,Paraíba,251180,Pirpirituba,9411,1,1,1,2,2,0,0,100.0,0.0,2.12517267027946,2.12517267027946,0.0,0.0,13.588794651016526,1.412040004285051
municipio,NORDESTE,PB,Paraíba,251190,Pitimbu,17166,0,0,0,0,0,0,0,0.0,0.0,0.0,0.0,0.0,0.0,28.434518008644105,2.5756113817402175
municipio,NORDESTE,PB,Paraíba,251200,Pocinhos,18038,1,1,1,67,67,0,0,100.0,0.0,37.14380751746313,37.14380751746313,0.0,0.0,0.0,2.706447518573345
municipio,NORDESTE,PB,Paraíba,251210,Pombal,33866,1,1,1,88,88,6,6,100.0,100.0,25.984763479596054,25.984763479596054,17.716884190633674,17.716884190633674,0.0,0.0
municipio,NORDESTE,PB,Paraíba,251203,Poço Dantas,3934,0,0,0,0,0,0,0,0.0,0.0,0.0,0.0,0.0,0.0,6.516450765816493,0.5902630301622984
municipio,NORDESTE,PB,Paraíba,251207,Poço de José de Moura,4126,0,0,0,0,0,0,0,0.0,0.0,0.0,0.0,0.0,0.0,6.834488017223906,0.6190709868961981
municipio,NORDESTE,PB,Paraíba,251220,Prata,4032,0,0,0,0,0,0,0,0.0,0.0,0.0,0.0,0.0,0.0,6.678782279555693,0.6049670914118931
municipio,NORDESTE,PB,Paraíba,251230,Princesa Isabel,21674,2,2,1,48,44,0,0,91.66666666666666,0.0,22.146350465996125,20.300821260496445,0.0,0.0,0.0,3.25199819922157
municipio,NORDESTE,PB,Paraíba,251240,Puxinanã,14942,1,1,1,1,1,0,0,100.0,0.0,0.6692544505420961,0.6692544505420961,0.0,0.0,23.75058651317489,2.241919216239213
municipio,NORDESTE,PB,Paraíba,251250,Queimadas,50698,1,1,1,62,57,0,0,91.93548387096774,0.0,12.22927926150933,11.243047063000512,0.0,0.0,26.978398811734763,7.606800992162737
municipio,NORDESTE,PB,Paraíba,251260,Quixaba,1803,0,0,0,0,0,0,0,0.0,0.0,0.0,0.0,0.0,0.0,2.986568563997747,0.2705247187042766
municipio,NORDESTE,PB,Paraíba,251270,Remígio,18399,0,0,0,0,0,0,0,0.0,0.0,0.0,0.0,0.0,0.0,30.476913482526097,2.7606124788907294
municipio,NORDESTE,PB,Paraíba,251278,Riacho de Santo Antônio,2063,0,0,0,0,0,0,0,0.0,0.0,0.0,0.0,0.0,0.0,3.417244008611953,0.30953549344809905
municipio,NORDESTE,PB,Paraíba,251280,Riacho dos Cavalos,8788,0,0,0,0,0,0,0,0.0,0.0,0.0,0.0,0.0,0.0,14.556830027960176,1.3185641863411994
municipio,NORDESTE,PB,Paraíba,251274,Riachão,2945,0,0,0,0,0,0,0,0.0,0.0,0.0,0.0,0.0,0.0,4.878227632264761,0.4418720446944507
municipio,NORDESTE,PB,Paraíba,251275,Riachão do Bacamarte,4911,0,0,0,0,0,0,0,0.0,0.0,0.0,0.0,0.0,0.0,8.134796571155261,0.7368535183342775
municipio,NORDESTE,PB,Paraíba,251276,Riachão do Poço,4989,0,0,0,0,0,0,0,0.0,0.0,0.0,0.0,0.0,0.0,8.263999204539521,0.7485567507574241
municipio,NORDESTE,PB,Paraíba,251290,Rio Tinto,25500,0,0,0,0,0,0,0,0.0,0.0,0.0,0.0,0.0,0.0,42.23932245254717,3.82605675372105
municipio,NORDESTE,PB,Paraíba,251300,Salgadinho,3435,0,0,0,0,0,0,0,0.0,0.0,0.0,0.0,0.0,0.0,5.689885200960766,0.5153923509424237
municipio,NORDESTE,PB,Paraíba,251310,Salgado de São Félix,11741,0,0,0,0,0,0,0,0.0,0.0,0.0,0.0,0.0,0.0,19.448309212366915,1.7616365625662294
municipio,NORDESTE,PB,Paraíba,251315,Santa Cecília,8113,0,0,0,0,0,0,0,0.0,0.0,0.0,0.0,0.0,0.0,13.438730315980987,1.2172862134485833
municipio,NORDESTE,PB,Paraíba,251320,Santa Cruz,6013,1,1,1,1,1,0,0,100.0,0.0,1.6630633627141194,1.6630633627141194,0.0,0.0,8.960197878712396,0.9021991866715559
municipio,NORDESTE,PB,Paraíba,251330,Santa Helena,6023,0,0,0,0,0,0,0,0.0,0.0,0.0,0.0,0.0,0.0,9.976762318889866,0.9036996010847798
municipio,NORDESTE,PB,Paraíba,251335,Santa Inês,3256,1,1,1,10,10,0,0,100.0,0.0,30.71253071253071,30.71253071253071,0.0,0.0,0.0,0.4885349329457152
municipio,NORDESTE,PB,Paraíba,251340,Santa Luzia,15418,1,1,1,58,58,0,0,100.0,0.0,37.61836814113374,37.61836814113374,0.0,0.0,0.0,2.3133389423086723
municipio,NORDESTE,PB,Paraíba,251370,Santa Rita,160852,3,3,1,400,372,96,82,93.0,85.41666666666666,24.867580135776986,23.126849526272597,59.68219232586477,50.97853927834282,0.0,0.0
municipio,NORDESTE,PB,Paraíba,251380,Santa Teresinha,4492,0,0,0,0,0,0,0,0.0,0.0,0.0,0.0,0.0,0.0,7.4407465277192895,0.6739861544201944
municipio,NORDESTE,PB,Paraíba,251350,Santana de Mangueira,5090,0,0,0,0,0,0,0,0.0,0.0,0.0,0.0,0.0,0.0,8.431300050331965,0.763710936330986
municipio,NORDESTE,PB,Paraíba,251360,Santana dos Garrotes,6618,0,0,0,0,0,0,0,0.0,0.0,0.0,0.0,0.0,0.0,10.9623465094493,0.9929742586716042
municipio,NORDESTE,PB,Paraíba,251385,Santo André,2708,0,0,0,0,0,0,0,0.0,0.0,0.0,0.0,0.0,0.0,4.485650400058734,0.40631222310104326
municipio,NORDESTE,PB,Paraíba,251530,Sapé,53457,1,1,1,78,78,0,0,100.0,0.0,14.59116673213985,14.59116673213985,0.0,0.0,10.548527856698593,8.02076532877122
municipio,NORDESTE,PB,Paraíba,251550,Serra Branca,14131,1,1,1,58,58,0,0,100.0,0.0,41.04451206567122,41.04451206567122,0.0,0.0,0.0,2.120235607326751
municipio,NORDESTE,PB,Paraíba,251570,Serra Grande,3056,0,0,0,0,0,0,0,0.0,0.0,0.0,0.0,0.0,0.0,5.062092918234673,0.4585266446812364
municipio,NORDESTE,PB,Paraíba,251580,Serra Redonda,6975,0,0,0,0,0,0,0,0.0,0.0,0.0,0.0,0.0,0.0,11.553697023784961,1.046539053223699
municipio,NORDESTE,PB,Paraíba,251560,Serra da Raiz,3156,0,0,0,0,0,0,0,0.0,0.0,0.0,0.0,0.0,0.0,5.227737320009367,0.4735307888134758
municipio,NORDESTE,PB,Paraíba,251590,Serraria,4754,1,1,1,20,20,0,0,100.0,0.0,42.06983592763988,42.06983592763988,0.0,0.0,0.0,0.7132970120466615
municipio,NORDESTE,PB,Paraíba,251593,Sertãozinho,5332,0,0,0,0,0,0,0,0.0,0.0,0.0,0.0,0.0,0.0,8.832159502626725,0.8000209651310054
municipio,NORDESTE,PB,Paraíba,251597,Sobrado,8646,0,0,0,0,0,0,0,0.0,0.0,0.0,0.0,0.0,0.0,14.32161497744011,1.2972583016734194
municipio,NORDESTE,PB,Paraíba,251610,Soledade,14409,1,1,1,22,22,0,0,100.0,0.0,15.268235130821013,15.268235130821013,0.0,0.0,1.8677018517157735,2.161947128014377
municipio,NORDESTE,PB,Paraíba,251600,Solânea,27748,1,1,1,34,34,0,0,100.0,0.0,12.253135361107107,12.253135361107107,0.0,0.0,11.963008604442308,4.163349913813792
municipio,NORDESTE,PB,Paraíba,251615,Sossêgo,3476,0,0,0,0,0,0,0,0.0,0.0,0.0,0.0,0.0,0.0,5.757799405688391,0.521544050036642
municipio,NORDESTE,PB,Paraíba,251620,Sousa,70066,7,7,1,208,127,35,12,61.057692307692314,34.285714285714285,29.686295778266206,18.12576713384523,49.95290154996717,17.126709102845886,0.0,0.0
municipio,NORDESTE,PB,Paraíba,251630,Sumé,17852,1,1,1,65,65,0,0,100.0,0.0,36.410486220031366,36.410486220031366,0.0,0.0,0.0,2.6785398104873797
municipio,NORDESTE,PB,Paraíba,251392,São Bentinho,4490,0,0,0,0,0,0,0,0.0,0.0,0.0,0.0,0.0,0.0,7.437433639683795,0.6736860715375496
municipio,NORDESTE,PB,Paraíba,251390,São Bento,33845,1,1,1,54,54,0,0,100.0,0.0,15.95508937804698,15.95508937804698,0.0,0.0,2.0623477806454478,5.078152581556428
municipio,NORDESTE,PB,Paraíba,251396,São Domingos,2624,0,0,0,0,0,0,0,0.0,0.0,0.0,0.0,0.0,0.0,4.346509102567991,0.39370874202996214
municipio,NORDESTE,PB,Paraíba,251394,São Domingos do Cariri,2688,0,0,0,0,0,0,0,0.0,0.0,0.0,0.0,0.0,0.0,4.4525215197037955,0.4033113942745954
municipio,NORDESTE,PB,Paraíba,251398,São Francisco,3176,1,1,1,1,1,0,0,100.0,0.0,3.1486146095717884,3.1486146095717884,0.0,0.0,4.2608662003643065,0.4765316176399237
municipio,NORDESTE,PB,Paraíba,251420,São José da Lagoa Tapada,7251,1,1,1,6,6,0,0,100.0,0.0,8.274720728175424,8.274720728175424,0.0,0.0,6.010875572683118,1.0879504910286797
municipio,NORDESTE,PB,Paraíba,251430,São José de Caiana,4966,1,1,1,16,16,0,0,100.0,0.0,32.21908981071285,32.21908981071285,0.0,0.0,0.0,0.7451057976070091
municipio,NORDESTE,PB,Paraíba,251440,São José de Espinharas,4056,0,0,0,0,0,0,0,0.0,0.0,0.0,0.0,0.0,0.0,6.7185369359816205,0.6085680860036305
municipio,NORDESTE,PB,Paraíba,251450,São José de Piranhas,19561,1,1,1,21,21,0,0,100.0,0.0,10.735647461786208,10.735647461786208,0.0,0.0,11.401701431148046,2.934960633707351
municipio,NORDESTE,PB,Paraíba,251455,São José de Princesa,3323,0,0,0,0,0,0,0,0.0,0.0,0.0,0.0,0.0,0.0,5.504363470973108,0.49858770951431564
municipio,NORDESTE,PB,Paraíba,251460,São José do Bonfim,3337,0,0,0,0,0,0,0,0.0,0.0,0.0,0.0,0.0,0.0,5.527553687221565,0.5006882896928291
municipio,NORDESTE,PB,Paraíba,251465,São José do Brejo do Cruz,1750,0,0,0,0,0,0,0,0.0,0.0,0.0,0.0,0.0,0.0,2.898777031057159,0.2625725223141897
municipio,NORDESTE,PB,Paraíba,251470,São José do Sabugi,4283,0,0,0,0,0,0,0,0.0,0.0,0.0,0.0,0.0,0.0,7.094549728010177,0.642627493183814
municipio,NORDESTE,PB,Paraíba,251480,São José dos Cordeiros,3462,0,0,0,0,0,0,0,0.0,0.0,0.0,0.0,0.0,0.0,5.734609189439933,0.5194434698581284
municipio,NORDESTE,PB,Paraíba,251445,São José dos Ramos,6137,0,0,0,0,0,0,0,0.0,0.0,0.0,0.0,0.0,0.0,10.165596936913019,0.9208043253955327
municipio,NORDESTE,PB,Paraíba,251400,São João do Cariri,4345,0,0,0,0,0,0,0,0.0,0.0,0.0,0.0,0.0,0.0,7.197249257110489,0.6519300625458024
municipio,NORDESTE,PB,Paraíba,250070,São João do Rio do Peixe,18500,1,1,1,32,32,0,0,100.0,0.0,17.2972972972973,17.2972972972973,0.0,0.0,0.0,2.775766664464291
municipio,NORDESTE,PB,Paraíba,251410,São João do Tigre,4359,0,0,0,0,0,0,0,0.0,0.0,0.0,0.0,0.0,0.0,7.2204394733589465,0.6540306427243159
municipio,NORDESTE,PB,Paraíba,251490,São Mamede,7629,1,1,1,26,26,0,0,100.0,0.0,34.08048236990431,34.08048236990431,0.0,0.0,0.0,1.1446661558485445
municipio,NORDESTE,PB,Paraíba,251500,São Miguel de Taipu,7307,0,0,0,0,0,0,0,0.0,0.0,0.0,0.0,0.0,0.0,12.103636437676947,1.0963528117427337
municipio,NORDESTE,PB,Paraíba,251510,São Sebastião de Lagoa de Roça,11387,0,0,0,0,0,0,0,0.0,0.0,0.0,0.0,0.0,0.0,18.861928030084496,1.7085218923381018
municipio,NORDESTE,PB,Paraíba,251520,São Sebastião do Umbuzeiro,3382,0,0,0,0,0,0,0,0.0,0.0,0.0,0.0,0.0,0.0,5.602093668020178,0.5074401545523369
municipio,NORDESTE,PB,Paraíba,251540,São Vicente do Seridó,10652,1,1,1,24,24,0,0,100.0,0.0,22.53098009763425,22.53098009763425,0.0,0.0,0.0,1.598241432966142
municipio,NORDESTE,PB,Paraíba,251640,Tacima,7794,0,0,0,0,0,0,0,0.0,0.0,0.0,0.0,0.0,0.0,12.910324674319712,1.1694229936667397
municipio,NORDESTE,PB,Paraíba,251650,Taperoá,14358,1,1,1,54,54,0,0,100.0,0.0,37.60969494358546,37.60969494358546,0.0,0.0,0.0,2.1542950145069346
municipio,NORDESTE,PB,Paraíba,251660,Tavares,14473,1,1,1,44,44,0,0,100.0,0.0,30.401437158847507,30.401437158847507,0.0,0.0,0.0,2.17154978025901
municipio,NORDESTE,PB,Paraíba,251670,Teixeira,15129,1,1,1,39,39,0,0,100.0,0.0,25.77830656355344,25.77830656355344,0.0,0.0,0.0,2.2699769657665003
municipio,NORDESTE,PB,Paraíba,251675,Tenório,3082,0,0,0,0,0,0,0,0.0,0.0,0.0,0.0,0.0,0.0,5.105160462696094,0.4624277221556186
municipio,NORDESTE,PB,Paraíba,251680,Triunfo,10315,0,0,0,0,0,0,0,0.0,0.0,0.0,0.0,0.0,0.0,17.086220043059768,1.5476774672404954
municipio,NORDESTE,PB,Paraíba,251690,Uiraúna,15431,2,2,1,47,47,0,0,100.0,0.0,30.458168621605857,30.458168621605857,0.0,0.0,0.0,2.3152894810458635
municipio,NORDESTE,PB,Paraíba,251700,Umbuzeiro,9274,1,1,1,14,14,0,0,100.0,0.0,15.095967220185464,15.095967220185464,0.0,0.0,1.3618618205851947,1.3914843268238828
municipio,NORDESTE,PB,Paraíba,251720,Vieirópolis,4967,0,0,0,0,0,0,0,0.0,0.0,0.0,0.0,0.0,0.0,8.22755743614909,0.7452558390483316
municipio,NORDESTE,PB,Paraíba,250550,Vista Serrana,3772,0,0,0,0,0,0,0,0.0,0.0,0.0,0.0,0.0,0.0,6.248106834941487,0.5659563166680706
municipio,NORDESTE,PB,Paraíba,251710,Várzea,2777,0,0,0,0,0,0,0,0.0,0.0,0.0,0.0,0.0,0.0,4.599945037283274,0.41666508255228846
municipio,NORDESTE,PB,Paraíba,251740,Zabelê,2323,0,0,0,0,0,0,0,0.0,0.0,0.0,0.0,0.0,0.0,3.8479194532261602,0.34854626819192147
municipio,NORDESTE,PB,Paraíba,250010,Água Branca,9580,1,1,1,22,22,0,0,100.0,0.0,22.964509394572023,22.964509394572023,0.0,0.0,0.0,1.4373970078685356
municipio,NORDESTE,PE,Pernambuco,260005,Abreu e Lima,104248,3,3,1,106,4,0,0,3.7735849056603774,0.0,10.168060778144424,0.38370040672243116,0.0,0.0,168.6809759620838,15.641520174976941
municipio,NORDESTE,PE,Pernambuco,260010,Afogados da Ingazeira,42672,4,4,1,201,146,20,10,72.636815920398,50.0,47.10348706411699,34.214473190851145,46.869141357330335,23.434570678665168,0.0,0.0
municipio,NORDESTE,PE,Pernambuco,260020,Afrânio,19409,1,1,1,40,40,0,0,100.0,0.0,20.608995826678346,20.608995826678346,0.0,0.0,0.0,2.912154334626347
municipio,NORDESTE,PE,Pernambuco,260030,Agrestina,24680,2,2,1,92,71,0,0,77.17391304347827,0.0,37.27714748784441,28.768233387358187,0.0,0.0,0.0,3.7030227718366864
municipio,NORDESTE,PE,Pernambuco,260060,Alagoinha,14460,1,1,1,34,34,0,0,100.0,0.0,23.513139695712308,23.513139695712308,0.0,0.0,0.0,2.169599241521819
municipio,NORDESTE,PE,Pernambuco,260070,Aliança,37349,1,1,1,26,26,0,0,100.0,0.0,6.961364427427776,6.961364427427776,0.0,0.0,35.86652761883076,5.603897791950097
municipio,NORDESTE,PE,Pernambuco,260080,Altinho,21134,1,1,1,24,24,0,0,100.0,0.0,11.35610864010599,11.35610864010599,0.0,0.0,11.007287871063996,3.170975820907477
municipio,NORDESTE,PE,Pernambuco,260090,Amaraji,18335,1,1,1,25,25,0,0,100.0,0.0,13.635124079629124,13.635124079629124,0.0,0.0,5.37090106539029,2.7510098266460963
municipio,NORDESTE,PE,Pernambuco,260100,Angelim,10591,0,0,0,0,0,0,0,0.0,0.0,0.0,0.0,0.0,0.0,17.543398591957924,1.589088905045476
municipio,NORDESTE,PE,Pernambuco,260110,Araripina,90504,1,1,1,217,210,40,40,96.7741935483871,100.0,23.97684080261646,23.2033943251127,44.196941571643244,44.196941571643244,0.0,0.0
municipio,NORDESTE,PE,Pernambuco,260105,Araçoiaba,19996,1,1,1,6,6,0,0,100.0,0.0,3.000600120024005,3.000600120024005,0.0,0.0,27.122254578867967,3.0002286606825925
municipio,NORDESTE,PE,Pernambuco,260120,Arcoverde,82487,4,4,1,239,156,30,12,65.27196652719665,40.0,28.97426261107811,18.912070993004956,36.369367294240305,14.547746917696124,0.0,0.3764683703603212
municipio,NORDESTE,PE,Pernambuco,260130,Barra de Guabiraba,12601,1,1,1,17,17,0,0,100.0,0.0,13.490992778350925,13.490992778350925,0.0,0.0,3.8728510676292887,1.890672202103488
municipio,NORDESTE,PE,Pernambuco,260140,Barreiros,42083,1,1,1,120,110,10,0,91.66666666666666,0.0,28.515077347147304,26.138820901551693,23.76256445595609,0.0,0.0,6.314193975170312
municipio,NORDESTE,PE,Pernambuco,260170,Belo Jardim,84033,2,2,1,87,54,0,0,62.06896551724138,0.0,10.353075577451715,6.426046910142444,0.0,0.0,85.19596014332929,12.608432438644744
municipio,NORDESTE,PE,Pernambuco,260150,Belém de Maria,10798,1,1,1,9,9,0,0,100.0,0.0,8.334876829042416,8.334876829042416,0.0,0.0,8.886282503631541,1.6201474833992116
municipio,NORDESTE,PE,Pernambuco,260160,Belém do São Francisco,18648,1,1,1,23,23,0,0,100.0,0.0,12.333762333762333,12.333762333762333,0.0,0.0,7.889368042945085,2.7979727977800053
municipio,NORDESTE,PE,Pernambuco,260180,Betânia,11961,1,1,1,24,24,0,0,100.0,0.0,20.065211938801102,20.065211938801102,0.0,0.0,0.0,1.794645679657156
municipio,NORDESTE,PE,Pernambuco,260190,Bezerros,65007,2,2,1,161,145,30,30,90.06211180124224,100.0,24.766563600842986,22.305290199516975,46.14887627486271,46.14887627486271,0.0,0.0
municipio,NORDESTE,PE,Pernambuco,260200,Bodocó,36145,1,1,1,29,29,0,0,100.0,0.0,8.02323972886983,8.02323972886983,0.0,0.0,30.872169021463428,5.4232478965979345
municipio,NORDESTE,PE,Pernambuco,260210,Bom Conselho,46202,1,1,1,42,42,0,0,100.0,0.0,9.09051556209688,9.09051556209688,0.0,0.0,34.53102650794449,6.932214671977252
municipio,NORDESTE,PE,Pernambuco,260220,Bom Jardim,39289,1,1,1,24,24,0,0,100.0,0.0,6.108580009671918,6.108580009671918,0.0,0.0,41.08002901325984,5.894978188115542
municipio,NORDESTE,PE,Pernambuco,260230,Bonito,39212,1,1,1,26,26,0,0,100.0,0.0,6.630623278588187,6.630623278588187,0.0,0.0,38.95248282389332,5.883424997133718
municipio,NORDESTE,PE,Pernambuco,260250,Brejinho,8033,1,1,1,7,7,0,0,100.0,0.0,8.714054525084029,8.714054525084029,0.0,0.0,6.306214794561232,1.2052828981427919
municipio,NORDESTE,PE,Pernambuco,260260,Brejo da Madre de Deus,51308,3,3,1,128,65,0,0,50.78125,0.0,24.94737662742652,12.66858969361503,0.0,0.0,19.988829662560406,7.698326271369397
municipio,NORDESTE,PE,Pernambuco,260240,Brejão,9417,1,1,1,16,16,0,0,100.0,0.0,16.990549007114794,16.990549007114794,0.0,0.0,0.0,1.4129402529329853
municipio,NORDESTE,PE,Pernambuco,260270,Buenos Aires,13276,1,1,1,16,16,0,0,100.0,0.0,12.051822838204279,12.051822838204279,0.0,0.0,5.990950779608479,1.991950174996104
municipio,NORDESTE,PE,Pernambuco,260280,Buíque,53489,3,3,1,62,56,0,0,90.32258064516128,0.0,11.591168277589786,10.469442315242386,0.0,0.0,32.60153406526649,8.025566654893538
municipio,NORDESTE,PE,Pernambuco,260290,Cabo de Santo Agostinho,218049,9,9,1,413,204,50,30,49.39467312348668,60.0,18.940696815853318,9.355695279501397,22.93062568505244,13.758375411031466,157.1859616257042,2.7163862389067117
municipio,NORDESTE,PE,Pernambuco,260300,Cabrobó,31762,1,1,1,79,79,0,0,100.0,0.0,24.8724891379636,24.8724891379636,0.0,0.0,0.0,4.765616259281882
municipio,NORDESTE,PE,Pernambuco,260310,Cachoeirinha,20673,1,1,1,26,26,0,0,100.0,0.0,12.57679098340831,12.57679098340831,0.0,0.0,8.243667178882653,3.1018067164578533
municipio,NORDESTE,PE,Pernambuco,260320,Caetés,30571,1,1,1,30,30,0,0,100.0,0.0,9.813221680677767,9.813221680677767,0.0,0.0,20.63915006654194,4.5869169026669105
municipio,NORDESTE,PE,Pernambuco,260340,Calumbi,5354,1,1,1,17,17,0,0,100.0,0.0,31.75196115054165,31.75196115054165,0.0,0.0,0.0,0.8033218768400979
municipio,NORDESTE,PE,Pernambuco,260330,Calçado,11453,1,1,1,11,11,0,0,100.0,0.0,9.604470444425042,9.604470444425042,0.0,0.0,7.971253335255794,1.7184246274653796
municipio,NORDESTE,PE,Pernambuco,260345,Camaragibe,156112,14,14,1,646,41,0,0,6.3467492260061915,0.0,41.380547299374804,2.6263195654401965,0.0,0.0,217.59078849851153,23.42326948772159
municipio,NORDESTE,PE,Pernambuco,260350,Camocim de São Félix,18018,1,1,1,15,15,0,0,100.0,0.0,8.325008325008325,8.325008325008325,0.0,0.0,14.845808311764506,2.703446689746897
municipio,NORDESTE,PE,Pernambuco,260360,Camutanga,7962,1,1,1,10,10,0,0,100.0,0.0,12.559658377292138,12.559658377292138,0.0,0.0,3.1886072693011984,1.194629955808902
municipio,NORDESTE,PE,Pernambuco,260370,Canhotinho,25103,1,1,1,32,32,0,0,100.0,0.0,12.747480380830977,12.747480380830977,0.0,0.0,9.581714177501631,3.7664903015160593
municipio,NORDESTE,PE,Pernambuco,260380,Capoeiras,18854,1,1,1,18,18,0,0,100.0,0.0,9.547045719741169,9.547045719741169,0.0,0.0,13.230595510600956,2.8288813346924186
municipio,NORDESTE,PE,Pernambuco,260392,Carnaubeira da Penha,12712,1,1,1,11,11,0,0,100.0,0.0,8.653241032095657,8.653241032095657,0.0,0.0,10.056716353599201,1.907326802090274
municipio,NORDESTE,PE,Pernambuco,260390,Carnaíba,19533,1,1,1,15,15,0,0,100.0,0.0,7.679311933650745,7.679311933650745,0.0,0.0,17.355320998651134,2.930759473350324
municipio,NORDESTE,PE,Pernambuco,260400,Carpina,83482,2,2,1,89,44,0,0,49.43820224719101,0.0,10.660980810234541,5.270597254497975,0.0,0.0,94.28325948955072,12.525759604476105
municipio,NORDESTE,PE,Pernambuco,260410,Caruaru,405408,17,17,1,1540,946,212,89,61.42857142857143,41.9811320754717,37.98642355355592,23.334517325755783,52.29299865814192,21.9531928328992,0.0,0.0
municipio,NORDESTE,PE,Pernambuco,260415,Casinhas,13468,1,1,1,35,35,0,0,100.0,0.0,25.987525987525988,25.987525987525988,0.0,0.0,0.0,2.0207581317300036
municipio,NORDESTE,PE,Pernambuco,260420,Catende,33086,1,1,1,27,27,0,0,100.0,0.0,8.160551290576075,8.160551290576075,0.0,0.0,27.805106771175517,4.964271127592731
municipio,NORDESTE,PE,Pernambuco,260430,Cedro,10843,1,1,1,18,18,0,0,100.0,0.0,16.600571797473023,16.600571797473023,0.0,0.0,0.0,1.6268993482587193
municipio,NORDESTE,PE,Pernambuco,260450,Chã Grande,21258,1,1,1,40,40,0,0,100.0,0.0,18.816445573431178,18.816445573431178,0.0,0.0,0.0,3.1895809596314537
municipio,NORDESTE,PE,Pernambuco,260440,Chã de Alegria,13496,1,1,1,16,16,0,0,100.0,0.0,11.855364552459987,11.855364552459987,0.0,0.0,6.35536846351281,2.024959292087031
municipio,NORDESTE,PE,Pernambuco,260460,Condado,25416,1,1,1,35,35,0,0,100.0,0.0,13.770853005980484,13.770853005980484,0.0,0.0,7.100181155056428,3.813453272649969
municipio,NORDESTE,PE,Pernambuco,260470,Correntes,17670,1,1,1,29,29,0,0,100.0,0.0,16.411997736276174,16.411997736276174,0.0,0.0,0.2693657935885695,2.6512322681667038
municipio,NORDESTE,PE,Pernambuco,260480,Cortês,10426,1,1,1,29,29,0,0,100.0,0.0,27.81507769038941,27.81507769038941,0.0,0.0,0.0,1.564332067227281
municipio,NORDESTE,PE,Pernambuco,260490,Cumaru,16215,1,1,1,21,21,0,0,100.0,0.0,12.950971322849213,12.950971322849213,0.0,0.0,5.85923974776676,2.4329219710426204
municipio,NORDESTE,PE,Pernambuco,260500,Cupira,24343,1,1,1,20,20,0,0,100.0,0.0,8.215914225855483,8.215914225855483,0.0,0.0,20.322816724013947,3.6524588061110395
municipio,NORDESTE,PE,Pernambuco,260510,Custódia,39609,2,2,1,80,42,0,0,52.5,0.0,20.197429877048144,10.603650685450276,0.0,0.0,23.61009109893886,5.942991449338708
municipio,NORDESTE,PE,Pernambuco,260515,Dormentes,17850,2,2,1,33,33,0,0,100.0,0.0,18.487394957983195,18.487394957983195,0.0,0.0,0.0,2.678239727604735
municipio,NORDESTE,PE,Pernambuco,260520,Escada,62174,3,3,1,122,67,0,0,54.91803278688525,0.0,19.622350178531217,10.77620870460321,0.0,0.0,35.98775035939874,9.328676572778532
municipio,NORDESTE,PE,Pernambuco,260530,Exu,33486,1,1,1,32,32,0,0,100.0,0.0,9.556232455354476,9.556232455354476,0.0,0.0,23.4676843782743,5.024287704121689
municipio,NORDESTE,PE,Pernambuco,260540,Feira Nova,22222,1,1,1,17,17,0,0,100.0,0.0,7.650076500765008,7.650076500765008,0.0,0.0,19.80949896237268,3.3342209090662416
municipio,NORDESTE,PE,Pernambuco,260545,Fernando de Noronha,3341,1,1,1,10,10,0,0,100.0,0.0,29.9311583358276,29.9311583358276,0.0,0.0,0.0,0.5012884554581187
municipio,NORDESTE,PE,Pernambuco,260550,Ferreiros,15955,0,0,0,0,0,0,0,0.0,0.0,0.0,0.0,0.0,0.0,26.428564303152555,2.3939111962987982
municipio,NORDESTE,PE,Pernambuco,260560,Flores,20776,1,1,1,28,28,0,0,100.0,0.0,13.477088948787063,13.477088948787063,0.0,0.0,6.414280912710586,3.11726098491406
municipio,NORDESTE,PE,Pernambuco,260570,Floresta,31702,1,1,1,53,53,0,0,100.0,0.0,16.718188126932056,16.718188126932056,0.0,0.0,0.0,4.756613772802538
municipio,NORDESTE,PE,Pernambuco,260580,Frei Miguelinho,14055,1,1,1,11,11,0,0,100.0,0.0,7.826396300249022,7.826396300249022,0.0,0.0,12.28132066943335,2.1088324577862494
municipio,NORDESTE,PE,Pernambuco,260590,Gameleira,17583,1,1,1,23,23,0,0,100.0,0.0,13.080816697946881,13.080816697946881,0.0,0.0,6.125255164044583,2.6381786627716552
municipio,NORDESTE,PE,Pernambuco,260600,Garanhuns,151803,7,7,1,344,236,35,21,68.6046511627907,60.0,22.6609487296035,15.546464826123332,23.0561978353524,13.833718701211438,15.45317122603991,1.7767409170633928
municipio,NORDESTE,PE,Pernambuco,260610,Glória do Goitá,30420,1,1,1,23,23,0,0,100.0,0.0,7.560815253122946,7.560815253122946,0.0,0.0,27.389027019862148,4.564260645027229
municipio,NORDESTE,PE,Pernambuco,260620,Goiana,85497,4,4,1,155,82,20,0,52.903225806451616,0.0,18.129291086236943,9.590979800460834,23.39263365966057,0.0,59.6209941853108,12.828093108740728
municipio,NORDESTE,PE,Pernambuco,260630,Granito,7217,1,1,1,21,21,0,0,100.0,0.0,29.09796314258002,29.09796314258002,0.0,0.0,0.0,1.0828490820237182
municipio,NORDESTE,PE,Pernambuco,260640,Gravatá,92429,2,2,1,79,74,10,10,93.67088607594937,100.0,8.547101018078742,8.006145257440846,10.8191152127579,10.8191152127579,79.10346411633266,3.868180379987565
municipio,NORDESTE,PE,Pernambuco,260650,Iati,17570,1,1,1,26,26,0,0,100.0,0.0,14.797951052931133,14.797951052931133,0.0,0.0,3.1037213918138735,2.6362281240344645
municipio,NORDESTE,PE,Pernambuco,260660,Ibimirim,28825,1,1,1,26,26,0,0,100.0,0.0,9.019947961838682,9.019947961838682,0.0,0.0,21.74699881155577,4.32494454611801
municipio,NORDESTE,PE,Pernambuco,260670,Ibirajuba,7334,1,1,1,20,20,0,0,100.0,0.0,27.270248159258248,27.270248159258248,0.0,0.0,0.0,1.1004039306584383
municipio,NORDESTE,PE,Pernambuco,260680,Igarassu,123017,3,3,1,188,113,0,0,60.1063829787234,0.0,15.282440638285765,9.185722298544103,0.0,0.0,90.77077373117629,18.457647987156957
municipio,NORDESTE,PE,Pernambuco,260690,Iguaracy,11347,1,1,1,16,16,0,0,100.0,0.0,14.100643341852471,14.100643341852471,0.0,0.0,2.7956702693746176,1.7025202346852057
municipio,NORDESTE,PE,Pernambuco,260760,Ilha de Itamaracá,25658,1,1,1,3,3,0,0,100.0,0.0,1.169225972406267,1.169225972406267,0.0,0.0,39.501040607351186,3.849763301449988
municipio,NORDESTE,PE,Pernambuco,260700,Inajá,27758,1,1,1,14,14,0,0,100.0,0.0,5.043591036818215,5.043591036818215,0.0,0.0,31.97957304461978,4.164850328227016
municipio,NORDESTE,PE,Pernambuco,260710,Ingazeira,4975,1,1,1,4,4,0,0,100.0,0.0,8.040201005025125,8.040201005025125,0.0,0.0,4.240808988291066,0.7464561705789107
municipio,NORDESTE,PE,Pernambuco,260720,Ipojuca,106539,2,2,1,32,32,0,0,100.0,0.0,3.003594927679066,3.003594927679066,0.0,0.0,144.47588920674207,15.985265117046547
municipio,NORDESTE,PE,Pernambuco,260730,Ipubi,30720,3,3,1,47,47,0,0,100.0,0.0,15.299479166666666,15.299479166666666,0.0,0.0,3.8859602251862393,4.609273077423947
municipio,NORDESTE,PE,Pernambuco,260740,Itacuruba,4491,1,1,1,13,13,0,0,100.0,0.0,28.946782453796484,28.946782453796484,0.0,0.0,0.0,0.6738361129788719
municipio,NORDESTE,PE,Pernambuco,260765,Itambé,36652,1,1,1,42,42,0,0,100.0,0.0,11.45912910618793,11.45912910618793,0.0,0.0,18.711986138461132,5.499318907348389
municipio,NORDESTE,PE,Pernambuco,260770,Itapetim,14236,1,1,1,25,25,0,0,100.0,0.0,17.561112672098904,17.561112672098904,0.0,0.0,0.0,2.135989958665603
municipio,NORDESTE,PE,Pernambuco,260775,Itapissuma,29669,1,1,1,6,6,0,0,100.0,0.0,2.022312851798173,2.022312851798173,0.0,0.0,43.1450375625342,4.451579522594111
municipio,NORDESTE,PE,Pernambuco,260780,Itaquitinga,17142,1,1,1,8,8,0,0,100.0,0.0,4.66690001166725,4.66690001166725,0.0,0.0,20.39476335221818,2.5720103871484796
municipio,NORDESTE,PE,Pernambuco,260750,Itaíba,33995,1,1,1,51,51,0,0,100.0,0.0,15.002206206795117,15.002206206795117,0.0,0.0,5.310814383307491,5.100658797754788
municipio,NORDESTE,PE,Pernambuco,260790,Jaboatão dos Guararapes,684293,7,7,1,619,536,121,110,86.59127625201938,90.9090909090909,9.04583270616534,7.8329019878911526,17.68248396520204,16.074985422910945,597.4930462361121,0.0
municipio,NORDESTE,PE,Pernambuco,260795,Jaqueira,10440,1,1,1,32,32,0,0,100.0,0.0,30.65134099616858,30.65134099616858,0.0,0.0,0.0,1.5664326474057944
municipio,NORDESTE,PE,Pernambuco,260800,Jataúba,16328,1,1,1,19,19,0,0,100.0,0.0,11.636452719255267,11.636452719255267,0.0,0.0,8.046417921772164,2.449876653912051
municipio,NORDESTE,PE,Pernambuco,260805,Jatobá,14477,1,1,1,17,17,0,0,100.0,0.0,11.742764384886373,11.742764384886373,0.0,0.0,6.980340044922562,2.1721499460242994
municipio,NORDESTE,PE,Pernambuco,260820,Joaquim Nabuco,13416,1,1,1,14,14,0,0,100.0,0.0,10.435301132975551,10.435301132975551,0.0,0.0,8.222852942093052,2.0129559767812393
municipio,NORDESTE,PE,Pernambuco,260810,João Alfredo,28842,1,1,1,33,33,0,0,100.0,0.0,11.441647597254004,11.441647597254004,0.0,0.0,14.775158359857471,4.327495250620491
municipio,NORDESTE,PE,Pernambuco,260825,Jucati,12023,1,1,1,6,6,0,0,100.0,0.0,4.99043499958413,4.99043499958413,0.0,0.0,13.915426425371555,1.8039482490191443
municipio,NORDESTE,PE,Pernambuco,260830,Jupi,16022,1,1,1,17,17,0,0,100.0,0.0,10.610410685307702,10.610410685307702,0.0,0.0,9.5395460523416,2.4039639728673983
municipio,NORDESTE,PE,Pernambuco,260840,Jurema,14002,1,1,1,27,27,0,0,100.0,0.0,19.282959577203254,19.282959577203254,0.0,0.0,0.0,2.1008802613961626
municipio,NORDESTE,PE,Pernambuco,260875,Lagoa Grande,24951,1,1,1,39,39,0,0,100.0,0.0,15.630636046651436,15.630636046651436,0.0,0.0,2.329934686804099,3.7436840024350553
municipio,NORDESTE,PE,Pernambuco,260850,Lagoa de Itaenga,19863,1,1,1,27,27,0,0,100.0,0.0,13.59311282283643,13.59311282283643,0.0,0.0,5.901947524507625,2.980273148986714
municipio,NORDESTE,PE,Pernambuco,260845,Lagoa do Carro,18804,1,1,1,15,15,0,0,100.0,0.0,7.97702616464582,7.97702616464582,0.0,0.0,16.147773309713607,2.821379262626299
municipio,NORDESTE,PE,Pernambuco,260860,Lagoa do Ouro,12367,1,1,1,45,45,0,0,100.0,0.0,36.38715937575807,36.38715937575807,0.0,0.0,0.0,1.8555625048340478
municipio,NORDESTE,PE,Pernambuco,260870,Lagoa dos Gatos,14333,1,1,1,11,11,0,0,100.0,0.0,7.674597083653108,7.674597083653108,0.0,0.0,12.741812106367004,2.1505439784738747
municipio,NORDESTE,PE,Pernambuco,260880,Lajedo,41960,1,1,1,39,39,0,0,100.0,0.0,9.294566253574834,9.294566253574834,0.0,0.0,30.504390984661928,6.295738877887657
municipio,NORDESTE,PE,Pernambuco,260890,Limoeiro,59236,2,2,1,141,112,41,20,79.43262411347519,48.78048780487805,23.803092713890205,18.9074211628064,69.214666756702,33.763252076440004,0.0,0.0
municipio,NORDESTE,PE,Pernambuco,260900,Macaparana,24642,1,1,1,58,58,0,0,100.0,0.0,23.537050564077592,23.537050564077592,0.0,0.0,0.0,3.6973211970664357
municipio,NORDESTE,PE,Pernambuco,260910,Machados,11387,1,1,1,15,15,0,0,100.0,0.0,13.172916483709493,13.172916483709493,0.0,0.0,3.8619280300844956,1.7085218923381018
municipio,NORDESTE,PE,Pernambuco,260915,Manari,27046,1,1,1,16,16,0,0,100.0,0.0,5.915847075353102,5.915847075353102,0.0,0.0,28.80018490398395,4.058020822005471
municipio,NORDESTE,PE,Pernambuco,260920,Maraial,9322,1,1,1,13,13,0,0,100.0,0.0,13.945505256382752,13.945505256382752,0.0,0.0,2.441371133437046,1.398686316007358
municipio,NORDESTE,PE,Pernambuco,260930,Mirandiba,14605,1,1,1,17,17,0,0,100.0,0.0,11.639849366655255,11.639849366655255,0.0,0.0,7.192364879194173,2.191355250513566
municipio,NORDESTE,PE,Pernambuco,261430,Moreilândia,10839,1,1,1,20,20,0,0,100.0,0.0,18.451886705415628,18.451886705415628,0.0,0.0,0.0,1.6262991824934296
municipio,NORDESTE,PE,Pernambuco,260940,Moreno,57654,1,1,1,209,202,20,20,96.65071770334929,100.0,36.25073715613834,35.03659763416242,34.68970062788358,34.68970062788358,0.0,0.0
municipio,NORDESTE,PE,Pernambuco,260950,Nazaré da Mata,32187,1,1,1,41,41,0,0,100.0,0.0,12.738061950476899,12.738061950476899,0.0,0.0,12.315963599221016,4.829383871843899
municipio,NORDESTE,PE,Pernambuco,260960,Olinda,364717,4,4,1,558,249,161,40,44.623655913978496,24.84472049689441,15.299533610991535,6.827211235012352,44.14381561594332,10.967407606445546,355.1332928206136,14.72266435477961
municipio,NORDESTE,PE,Pernambuco,260970,Orobó,22412,1,1,1,32,32,0,0,100.0,0.0,14.278065322148848,14.278065322148848,0.0,0.0,5.124223325744597,3.3627287829174968
municipio,NORDESTE,PE,Pernambuco,260980,Orocó,14129,1,1,1,17,17,0,0,100.0,0.0,12.031990940618586,12.031990940618586,0.0,0.0,6.403897526746626,2.1199355244441063
municipio,NORDESTE,PE,Pernambuco,260990,Ouricuri,68489,2,2,1,132,106,30,10,80.3030303030303,33.33333333333333,19.27316795397801,15.476937902436887,43.802654440859115,14.600884813619706,7.448194331470714,0.27618827472944985
municipio,NORDESTE,PE,Pernambuco,261000,Palmares,56475,4,4,1,320,250,80,40,78.125,50.0,56.6622399291722,44.26737494466578,141.6555998229305,70.82779991146525,0.0,0.0
municipio,NORDESTE,PE,Pernambuco,261010,Palmeirina,7104,1,1,1,14,14,0,0,100.0,0.0,19.707207207207205,19.707207207207205,0.0,0.0,0.0,1.0658943991542877
municipio,NORDESTE,PE,Pernambuco,261020,Panelas,23337,1,1,1,26,26,0,0,100.0,0.0,11.141106397566096,11.141106397566096,0.0,0.0,12.656434042160523,3.501517116140711
municipio,NORDESTE,PE,Pernambuco,261030,Paranatama,12778,1,1,1,27,27,0,0,100.0,0.0,21.130067303177334,21.130067303177334,0.0,0.0,0.0,1.9172295372175518
municipio,NORDESTE,PE,Pernambuco,261040,Parnamirim,18960,1,1,1,28,28,0,0,100.0,0.0,14.767932489451477,14.767932489451477,0.0,0.0,3.406178576482131,2.8447857274725923
municipio,NORDESTE,PE,Pernambuco,261050,Passira,29744,1,1,1,25,25,0,0,100.0,0.0,8.405056481979559,8.405056481979559,0.0,0.0,24.269270863865216,4.46283263069329
municipio,NORDESTE,PE,Pernambuco,261060,Paudalho,59924,1,1,1,95,95,0,0,100.0,0.0,15.853414324811428,15.853414324811428,0.0,0.0,4.2607513194681,8.991083329803145
municipio,NORDESTE,PE,Pernambuco,261070,Paulista,365144,6,6,1,397,254,30,30,63.97984886649874,100.0,10.872422934513507,6.956159761628289,8.215936726332625,8.215936726332625,350.84059441619155,24.786732050224273
municipio,NORDESTE,PE,Pernambuco,261080,Pedra,23671,1,1,1,22,22,0,0,100.0,0.0,9.294072916226606,9.294072916226606,0.0,0.0,17.209686344088006,3.5516309575423906
municipio,NORDESTE,PE,Pernambuco,261090,Pesqueira,65481,3,3,1,146,115,0,0,78.76712328767124,0.0,22.29654403567447,17.562346329469616,0.0,0.0,0.0,9.824863619231689
municipio,NORDESTE,PE,Pernambuco,261110,Petrolina,418444,13,13,1,911,570,142,63,62.56860592755215,44.36619718309859,21.77113305484127,13.621894447046678,33.93524581544962,15.055778073051592,123.12906056210382,0.0
municipio,NORDESTE,PE,Pernambuco,261100,Petrolândia,36104,2,2,1,111,64,0,0,57.65765765765766,0.0,30.744515843119874,17.726567693330377,0.0,0.0,0.0,5.417096197503716
municipio,NORDESTE,PE,Pernambuco,261130,Pombos,26942,1,1,1,17,17,0,0,100.0,0.0,6.309850790587187,6.309850790587187,0.0,0.0,27.627914726138265,4.042416512107942
municipio,NORDESTE,PE,Pernambuco,261120,Poção,10792,1,1,1,23,23,0,0,100.0,0.0,21.312083024462563,21.312083024462563,0.0,0.0,0.0,1.6192472347512772
municipio,NORDESTE,PE,Pernambuco,261140,Primavera,14380,1,1,1,4,4,0,0,100.0,0.0,2.781641168289291,2.781641168289291,0.0,0.0,19.81966497520111,2.157595926216027
municipio,NORDESTE,PE,Pernambuco,261150,Quipapá,17731,1,1,1,19,19,0,0,100.0,0.0,10.715695674242852,10.715695674242852,0.0,0.0,10.370408878671132,2.66038479608737
municipio,NORDESTE,PE,Pernambuco,261153,Quixaba,6753,1,1,1,13,13,0,0,100.0,0.0,19.25070339108544,19.25070339108544,0.0,0.0,0.0,1.0132298532501274
municipio,NORDESTE,PE,Pernambuco,261160,Recife,1588376,85,85,1,11112,7083,1694,755,63.74190064794817,44.56906729634002,69.95824666199942,44.59271608233819,106.64981087601426,47.53282598075015,0.0,0.0
municipio,NORDESTE,PE,Pernambuco,261170,Riacho das Almas,21490,1,1,1,39,39,0,0,100.0,0.0,18.14797580269893,18.14797580269893,0.0,0.0,0.0,3.224390574018249
municipio,NORDESTE,PE,Pernambuco,261180,Ribeirão,33843,1,1,1,38,38,0,0,100.0,0.0,11.228319002452503,11.228319002452503,0.0,0.0,18.05903489260995,5.077852498673784
municipio,NORDESTE,PE,Pernambuco,261190,Rio Formoso,20388,1,1,1,16,16,0,0,100.0,0.0,7.847753580537572,7.847753580537572,0.0,0.0,17.771580633824772,3.059044905680971
municipio,NORDESTE,PE,Pernambuco,261200,Sairé,11213,2,2,1,30,10,0,0,33.33333333333333,0.0,26.754659769909924,8.918219923303308,0.0,0.0,8.573706770996527,1.682414681548005
municipio,NORDESTE,PE,Pernambuco,261210,Salgadinho,5478,1,1,1,10,10,0,0,100.0,0.0,18.254837531945967,18.254837531945967,0.0,0.0,0.0,0.821927015564075
municipio,NORDESTE,PE,Pernambuco,261220,Salgueiro,65946,3,3,1,197,155,31,10,78.68020304568529,32.25806451612903,29.87292633366694,23.504079095017136,47.00815819003427,15.163921996785248,0.0,0.0
municipio,NORDESTE,PE,Pernambuco,261230,Saloá,14125,1,1,1,30,30,0,0,100.0,0.0,21.238938053097346,21.238938053097346,0.0,0.0,0.0,2.119335358678817
municipio,NORDESTE,PE,Pernambuco,261240,Sanharó,18812,1,1,1,14,14,0,0,100.0,0.0,7.44205826068467,7.44205826068467,0.0,0.0,17.161024861855584,2.8225795941568776
municipio,NORDESTE,PE,Pernambuco,261245,Santa Cruz,14342,1,1,1,33,33,0,0,100.0,0.0,23.00934318783991,23.00934318783991,0.0,0.0,0.0,2.1518943514457765
municipio,NORDESTE,PE,Pernambuco,261247,Santa Cruz da Baixa Verde,11934,1,1,1,17,17,0,0,100.0,0.0,14.245014245014247,14.245014245014247,0.0,0.0,2.768002907792074,1.7905945607414513
municipio,NORDESTE,PE,Pernambuco,261250,Santa Cruz do Capibaribe,104854,2,2,1,76,70,0,0,92.10526315789474,0.0,7.248173650981365,6.6759494153775725,0.0,0.0,103.68478103683846,15.732445288418312
municipio,NORDESTE,PE,Pernambuco,261255,Santa Filomena,12360,1,1,1,18,18,0,0,100.0,0.0,14.563106796116505,14.563106796116505,0.0,0.0,2.4736480593522745,1.8545122147447912
municipio,NORDESTE,PE,Pernambuco,261260,Santa Maria da Boa Vista,42782,1,1,1,45,45,0,0,100.0,0.0,10.518442335561685,10.518442335561685,0.0,0.0,25.86598796724992,6.419072942654665
municipio,NORDESTE,PE,Pernambuco,261270,Santa Maria do Cambucá,14586,1,1,1,12,12,0,0,100.0,0.0,8.227067050596462,8.227067050596462,0.0,0.0,12.160892442856982,2.1885044631284405
municipio,NORDESTE,PE,Pernambuco,261280,Santa Terezinha,10487,1,1,1,19,19,0,0,100.0,0.0,18.11766949556594,18.11766949556594,0.0,0.0,0.0,1.573484595147947
municipio,NORDESTE,PE,Pernambuco,261390,Serra Talhada,98816,9,9,1,647,521,61,40,80.52550231839258,65.57377049180327,65.47522668393782,52.72425518134715,61.730893782383426,40.479274611398964,0.0,0.0
municipio,NORDESTE,PE,Pernambuco,261400,Serrita,18764,1,1,1,32,32,0,0,100.0,0.0,17.053933063312726,17.053933063312726,0.0,0.0,0.0,2.8153776049734027
municipio,NORDESTE,PE,Pernambuco,261410,Sertânia,34271,2,2,1,67,48,0,0,71.64179104477611,0.0,19.550056899419335,14.006010913016837,0.0,0.0,8.767992932205647,5.1420702355597685
municipio,NORDESTE,PE,Pernambuco,261420,Sirinhaém,39171,1,1,1,26,26,0,0,100.0,0.0,6.637563503612366,6.637563503612366,0.0,0.0,38.8845686191657,5.8772732980394995
municipio,NORDESTE,PE,Pernambuco,261440,Solidão,5386,1,1,1,13,13,0,0,100.0,0.0,24.136650575566286,24.136650575566286,0.0,0.0,0.0,0.8081232029624147
municipio,NORDESTE,PE,Pernambuco,261450,Surubim,67821,1,1,1,180,167,0,0,92.77777777777779,0.0,26.540452072366964,24.62364164491824,0.0,0.0,0.0,10.17596059192609
municipio,NORDESTE,PE,Pernambuco,261290,São Benedito do Sul,13456,1,1,1,10,10,0,0,100.0,0.0,7.431629013079667,7.431629013079667,0.0,0.0,12.28911070280293,2.018957634434135
municipio,NORDESTE,PE,Pernambuco,261300,São Bento do Una,51165,1,1,1,55,55,0,0,100.0,0.0,10.749535815498877,10.749535815498877,0.0,0.0,29.75195816802258,7.676870345260295
municipio,NORDESTE,PE,Pernambuco,261310,São Caitano,39243,1,1,1,32,32,0,0,100.0,0.0,8.154320515760773,8.154320515760773,0.0,0.0,33.00383258844347,5.888076281814711
municipio,NORDESTE,PE,Pernambuco,261330,São Joaquim do Monte,20438,1,1,1,34,34,0,0,100.0,0.0,16.63567863783149,16.63567863783149,0.0,0.0,0.0,3.066546977747091
municipio,NORDESTE,PE,Pernambuco,261340,São José da Coroa Grande,19511,1,1,1,8,8,0,0,100.0,0.0,4.1002511403823485,4.1002511403823485,0.0,0.0,24.318879230260702,2.927458561641232
municipio,NORDESTE,PE,Pernambuco,261350,São José do Belmonte,36890,1,1,1,32,32,0,0,100.0,0.0,8.67443751694226,8.67443751694226,0.0,0.0,29.106219814684906,5.535028770383119
municipio,NORDESTE,PE,Pernambuco,261360,São José do Egito,32508,2,2,1,90,82,0,0,91.11111111111111,0.0,27.685492801771872,25.22456010828104,0.0,0.0,0.0,4.877547174508388
municipio,NORDESTE,PE,Pernambuco,261320,São João,24895,1,1,1,29,29,0,0,100.0,0.0,11.64892548704559,11.64892548704559,0.0,0.0,12.23717382181027,3.7352816817210015
municipio,NORDESTE,PE,Pernambuco,261370,São Lourenço da Mata,118258,1,1,1,33,33,0,0,100.0,0.0,2.790508887348002,2.790508887348002,0.0,0.0,162.88775665071856,17.743600767903683
municipio,NORDESTE,PE,Pernambuco,261380,São Vicente Férrer,17177,1,1,1,29,29,0,0,100.0,0.0,16.883041276125052,16.883041276125052,0.0,0.0,0.0,2.5772618375947633
municipio,NORDESTE,PE,Pernambuco,261460,Tabira,29180,2,2,1,71,51,0,0,71.83098591549296,0.0,24.33173406442769,17.477724468814255,0.0,0.0,0.0,4.37820925778746
municipio,NORDESTE,PE,Pernambuco,261470,Tacaimbó,14330,0,0,0,0,0,0,0,0.0,0.0,0.0,0.0,0.0,0.0,23.736842774313764,2.1500938541499073
municipio,NORDESTE,PE,Pernambuco,261480,Tacaratu,24898,1,1,1,15,15,0,0,100.0,0.0,6.024580287573299,6.024580287573299,0.0,0.0,26.24214315386351,3.7357318060449685
municipio,NORDESTE,PE,Pernambuco,261485,Tamandaré,24670,1,1,1,30,30,0,0,100.0,0.0,12.160518848804216,12.160518848804216,0.0,0.0,10.864473917817202,3.7015223574234626
municipio,NORDESTE,PE,Pernambuco,261500,Taquaritinga do Norte,25511,1,1,1,56,56,0,0,100.0,0.0,21.951315118968285,21.951315118968285,0.0,0.0,0.0,3.8277072095755957
municipio,NORDESTE,PE,Pernambuco,261510,Terezinha,6853,1,1,1,14,14,0,0,100.0,0.0,20.42900919305414,20.42900919305414,0.0,0.0,0.0,1.0282339973823669
municipio,NORDESTE,PE,Pernambuco,261520,Terra Nova,9231,1,1,1,11,11,0,0,100.0,0.0,11.91636875744773,11.91636875744773,0.0,0.0,4.290634727822076,1.38503254484702
municipio,NORDESTE,PE,Pernambuco,261530,Timbaúba,47312,2,2,1,178,138,0,0,77.52808988764045,0.0,37.622590463307404,29.16807575245181,0.0,0.0,0.0,7.09876067184511
municipio,NORDESTE,PE,Pernambuco,261540,Toritama,43921,1,1,1,14,14,0,0,100.0,0.0,3.187541267275335,3.187541267275335,0.0,0.0,58.752677703463696,6.589970144320872
municipio,NORDESTE,PE,Pernambuco,261550,Tracunhaém,14439,1,1,1,11,11,0,0,100.0,0.0,7.618256111919108,7.618256111919108,0.0,0.0,12.917395172248177,2.1664483712540483
municipio,NORDESTE,PE,Pernambuco,261560,Trindade,32257,2,2,1,74,30,0,0,40.54054054054054,0.0,22.940757044982483,9.300306910128034,0.0,0.0,23.431914680463297,4.839886772736467
municipio,NORDESTE,PE,Pernambuco,261570,Triunfo,15141,1,1,1,25,24,0,0,96.0,0.0,16.511458952513046,15.851000594412522,0.0,0.0,1.080218872706538,2.271777463062369
municipio,NORDESTE,PE,Pernambuco,261580,Tupanatinga,28141,1,1,1,18,18,0,0,100.0,0.0,6.396361181194698,6.396361181194698,0.0,0.0,28.613991103416854,4.222316200253492
municipio,NORDESTE,PE,Pernambuco,261590,Tuparetama,8261,1,1,1,35,35,0,0,100.0,0.0,42.367752088124924,42.367752088124924,0.0,0.0,0.0,1.2394923467642978
municipio,NORDESTE,PE,Pernambuco,261600,Venturosa,17563,1,1,1,24,24,0,0,100.0,0.0,13.66509138529864,13.66509138529864,0.0,0.0,5.092126283689645,2.6351778339452077
municipio,NORDESTE,PE,Pernambuco,261610,Verdejante,9483,1,1,1,15,15,0,0,100.0,0.0,15.817779183802594,15.817779183802594,0.0,0.0,0.7080586202943063,1.4228429880602635
municipio,NORDESTE,PE,Pernambuco,261618,Vertente do Lério,7776,1,1,1,4,4,0,0,100.0,0.0,5.1440329218107,5.1440329218107,0.0,0.0,8.880508682000267,1.1667222477229366
municipio,NORDESTE,PE,Pernambuco,261620,Vertentes,23127,1,1,1,64,64,0,0,100.0,0.0,27.67328231071907,27.67328231071907,0.0,0.0,0.0,3.4700084134630083
municipio,NORDESTE,PE,Pernambuco,261630,Vicência,27151,1,1,1,40,40,0,0,100.0,0.0,14.732422378549593,14.732422378549593,0.0,0.0,4.9741115258473805,4.073775173344322
municipio,NORDESTE,PE,Pernambuco,261640,Vitória de Santo Antão,144243,4,4,1,523,297,30,20,56.787762906309744,66.66666666666666,36.258258633001255,20.590253946465342,20.79823630956095,13.865490873040631,0.0,1.6424276206660955
municipio,NORDESTE,PE,Pernambuco,261650,Xexéu,11699,1,1,1,14,14,0,0,100.0,0.0,11.966834772202752,11.966834772202752,0.0,0.0,5.3787385636215435,1.7553348220306886
municipio,NORDESTE,PE,Pernambuco,260040,Água Preta,26981,1,1,1,50,50,0,0,100.0,0.0,18.531559245394906,18.531559245394906,0.0,0.0,0.0,4.048268128319515
municipio,NORDESTE,PE,Pernambuco,260050,Águas Belas,43822,1,1,1,33,33,0,0,100.0,0.0,7.530464150426726,7.530464150426726,0.0,0.0,39.58868974570675,6.575116041629955
municipio,NORDESTE,PI,Piauí,220005,Acauã,6323,0,0,0,0,0,0,0,0.0,0.0,0.0,0.0,0.0,0.0,10.47369552421395,0.9487120334814979
municipio,NORDESTE,PI,Piauí,220010,Agricolândia,5016,1,1,1,15,15,0,0,100.0,0.0,29.904306220095695,29.904306220095695,0.0,0.0,0.0,0.7526078696731289
municipio,NORDESTE,PI,Piauí,220025,Alagoinha do Piauí,6876,1,1,1,12,12,0,0,100.0,0.0,17.452006980802793,17.452006980802793,0.0,0.0,0.0,1.0316849505327819
municipio,NORDESTE,PI,Piauí,220027,Alegrete do Piauí,4707,0,0,0,0,0,0,0,0.0,0.0,0.0,0.0,0.0,0.0,7.7968819915348835,0.706245064304509
municipio,NORDESTE,PI,Piauí,220030,Alto Longá,13729,1,1,1,15,15,0,0,100.0,0.0,10.925777551169059,10.925777551169059,0.0,0.0,7.741319919647846,2.0599189479151487
municipio,NORDESTE,PI,Piauí,220040,Altos,50094,1,1,1,38,38,0,0,100.0,0.0,7.585738811035253,7.585738811035253,0.0,0.0,44.97790662501561,7.51617596160401
municipio,NORDESTE,PI,Piauí,220045,Alvorada do Gurguéia,5474,0,0,0,0,0,0,0,0.0,0.0,0.0,0.0,0.0,0.0,9.067374553146793,0.8213268497987855
municipio,NORDESTE,PI,Piauí,220050,Amarante,17594,1,1,1,38,38,0,0,100.0,0.0,21.598272138228943,21.598272138228943,0.0,0.0,0.0,2.639829118626202
municipio,NORDESTE,PI,Piauí,220060,Angical do Piauí,6991,1,1,1,17,17,0,0,100.0,0.0,24.31697897296524,24.31697897296524,0.0,0.0,0.0,1.048939716284857
municipio,NORDESTE,PI,Piauí,220080,Antônio Almeida,3234,0,0,0,0,0,0,0,0.0,0.0,0.0,0.0,0.0,0.0,5.3569399533936295,0.48523402123662257
municipio,NORDESTE,PI,Piauí,220070,Anísio de Abreu,9649,1,1,1,10,10,0,0,100.0,0.0,10.36376826614157,10.36376826614157,0.0,0.0,5.9830283272403,1.4477498673197808
municipio,NORDESTE,PI,Piauí,220090,Aroazes,5413,1,1,1,6,6,0,0,100.0,0.0,11.084426380934786,11.084426380934786,0.0,0.0,2.966331468064229,0.8121743218781193
municipio,NORDESTE,PI,Piauí,220095,Aroeiras do Itaim,2777,0,0,0,0,0,0,0,0.0,0.0,0.0,0.0,0.0,0.0,4.599945037283274,0.41666508255228846
municipio,NORDESTE,PI,Piauí,220100,Arraial,4517,1,1,1,9,9,0,0,100.0,0.0,19.924728802302415,19.924728802302415,0.0,0.0,0.0,0.6777371904532542
municipio,NORDESTE,PI,Piauí,220105,Assunção do Piauí,7596,0,0,0,0,0,0,0,0.0,0.0,0.0,0.0,0.0,0.0,12.582348758805816,1.1397147882849057
municipio,NORDESTE,PI,Piauí,220110,Avelino Lopes,11118,1,1,1,22,22,0,0,100.0,0.0,19.78773160640403,19.78773160640403,0.0,0.0,0.0,1.6681607446223776
municipio,NORDESTE,PI,Piauí,220115,Baixa Grande do Ribeiro,13983,1,1,1,11,11,0,0,100.0,0.0,7.866695272831295,7.866695272831295,0.0,0.0,12.16205670015557,2.098029474011037
municipio,NORDESTE,PI,Piauí,220117,Barra D'Alcântara,4099,0,0,0,0,0,0,0,0.0,0.0,0.0,0.0,0.0,0.0,6.789764028744739,0.6150198679804935
municipio,NORDESTE,PI,Piauí,220120,Barras,49703,2,2,1,74,70,0,0,94.5945945945946,0.0,14.888437317666943,14.083656922117378,0.0,0.0,12.330237014076546,7.457509758046954
municipio,NORDESTE,PI,Piauí,220130,Barreiras do Piauí,3336,0,0,0,0,0,0,0,0.0,0.0,0.0,0.0,0.0,0.0,5.525897243203818,0.5005382482515067
municipio,NORDESTE,PI,Piauí,220140,Barro Duro,6731,1,1,1,21,21,0,0,100.0,0.0,31.198930322388946,31.198930322388946,0.0,0.0,0.0,1.0099289415410346
municipio,NORDESTE,PI,Piauí,220150,Batalha,27129,1,1,1,25,25,0,0,100.0,0.0,9.215230933687199,9.215230933687199,0.0,0.0,19.937669757456945,4.07047426163523
municipio,NORDESTE,PI,Piauí,220155,Bela Vista do Piauí,4225,0,0,0,0,0,0,0,0.0,0.0,0.0,0.0,0.0,0.0,6.998475974980855,0.633925089587115
municipio,NORDESTE,PI,Piauí,220157,Belém do Piauí,3515,0,0,0,0,0,0,0,0.0,0.0,0.0,0.0,0.0,0.0,5.822400722380522,0.5273956662482153
municipio,NORDESTE,PI,Piauí,220160,Beneditinos,10093,1,1,1,15,15,0,0,100.0,0.0,14.861785395818885,14.861785395818885,0.0,0.0,1.7184894711199445,1.5143682672669239
municipio,NORDESTE,PI,Piauí,220170,Bertolínia,5715,1,1,1,4,4,0,0,100.0,0.0,6.999125109361329,6.999125109361329,0.0,0.0,5.466577561423807,0.8574868371574824
municipio,NORDESTE,PI,Piauí,220173,Betânia do Piauí,6596,0,0,0,0,0,0,0,0.0,0.0,0.0,0.0,0.0,0.0,10.925904741058869,0.9896733469625115
municipio,NORDESTE,PI,Piauí,220177,Boa Hora,7140,1,1,1,1,1,0,0,100.0,0.0,1.4005602240896358,1.4005602240896358,0.0,0.0,10.827010286713207,1.071295891041894
municipio,NORDESTE,PI,Piauí,220180,Bocaina,4118,2,2,1,21,21,0,0,100.0,0.0,50.995628946090335,50.995628946090335,0.0,0.0,0.0,0.6178706553656189
municipio,NORDESTE,PI,Piauí,220190,Bom Jesus,30658,1,1,1,70,61,9,0,87.14285714285714,0.0,22.832539630765215,19.896927392523974,29.35612238241242,0.0,0.0,4.599970508061959
municipio,NORDESTE,PI,Piauí,220191,Bom Princípio do Piauí,5805,1,1,1,6,6,0,0,100.0,0.0,10.335917312661499,10.335917312661499,0.0,0.0,3.615657523021032,0.8709905668764978
municipio,NORDESTE,PI,Piauí,220192,Bonfim do Piauí,6117,0,0,0,0,0,0,0,0.0,0.0,0.0,0.0,0.0,0.0,10.13246805655808,0.9178034965690848
municipio,NORDESTE,PI,Piauí,220194,Boqueirão do Piauí,6751,0,0,0,0,0,0,0,0.0,0.0,0.0,0.0,0.0,0.0,11.182653563809644,1.0129297703674827
municipio,NORDESTE,PI,Piauí,220196,Brasileira,8684,1,1,1,10,10,0,0,100.0,0.0,11.515430677107323,11.515430677107323,0.0,0.0,4.384559850114496,1.3029598764436703
municipio,NORDESTE,PI,Piauí,220198,Brejo do Piauí,3964,0,0,0,0,0,0,0,0.0,0.0,0.0,0.0,0.0,0.0,6.566144086348901,0.5947642734019702
municipio,NORDESTE,PI,Piauí,220200,Buriti dos Lopes,20130,1,1,1,42,42,0,0,100.0,0.0,20.864381520119224,20.864381520119224,0.0,0.0,0.0,3.0203342138197935
municipio,NORDESTE,PI,Piauí,220202,Buriti dos Montes,7517,1,1,1,18,18,0,0,100.0,0.0,23.945723027803645,23.945723027803645,0.0,0.0,0.0,1.1278615144204365
municipio,NORDESTE,PI,Piauí,220205,Cabeceiras do Piauí,10466,0,0,0,0,0,0,0,0.0,0.0,0.0,0.0,0.0,0.0,17.336343089739557,1.5703337248801765
municipio,NORDESTE,PI,Piauí,220207,Cajazeiras do Piauí,3135,0,0,0,0,0,0,0,0.0,0.0,0.0,0.0,0.0,0.0,5.192951995636681,0.4703799185457055
municipio,NORDESTE,PI,Piauí,220208,Cajueiro da Praia,8246,0,0,0,0,0,0,0,0.0,0.0,0.0,0.0,0.0,0.0,13.659037370341332,1.2372417251444618
municipio,NORDESTE,PI,Piauí,220209,Caldeirão Grande do Piauí,5602,0,0,0,0,0,0,0,0.0,0.0,0.0,0.0,0.0,0.0,9.279399387418401,0.8405321542880518
municipio,NORDESTE,PI,Piauí,220210,Campinas do Piauí,4964,0,0,0,0,0,0,0,0.0,0.0,0.0,0.0,0.0,0.0,8.22258810409585,0.7448057147243644
municipio,NORDESTE,PI,Piauí,220211,Campo Alegre do Fidalgo,4698,0,0,0,0,0,0,0,0.0,0.0,0.0,0.0,0.0,0.0,7.78197399537516,0.7048946913326075
municipio,NORDESTE,PI,Piauí,220213,Campo Grande do Piauí,6211,0,0,0,0,0,0,0,0.0,0.0,0.0,0.0,0.0,0.0,10.288173794226292,0.9319073920533898
municipio,NORDESTE,PI,Piauí,220217,Campo Largo do Piauí,7669,0,0,0,0,0,0,0,0.0,0.0,0.0,0.0,0.0,0.0,12.703269172101344,1.1506678135014403
municipio,NORDESTE,PI,Piauí,220220,Campo Maior,47119,6,6,1,188,75,10,0,39.8936170212766,0.0,39.8989791803731,15.917145949616927,21.222861266155903,0.0,3.0499856722184377,7.069802673669888
municipio,NORDESTE,PI,Piauí,220225,Canavieira,3404,1,1,1,4,4,0,0,100.0,0.0,11.750881316098708,11.750881316098708,0.0,0.0,1.6385354364106104,0.5107410662614296
municipio,NORDESTE,PI,Piauí,220230,Canto do Buriti,19639,1,1,1,33,33,0,0,100.0,0.0,16.80329955700392,16.80329955700392,0.0,0.0,0.0,2.9466638661304976
municipio,NORDESTE,PI,Piauí,220245,Capitão Gervásio Oliveira,4071,0,0,0,0,0,0,0,0.0,0.0,0.0,0.0,0.0,0.0,6.743383596247825,0.6108187076234664
municipio,NORDESTE,PI,Piauí,220240,Capitão de Campos,11362,1,1,1,9,9,0,0,100.0,0.0,7.921140644252772,7.921140644252772,0.0,0.0,9.82051692964082,1.7047708563050419
municipio,NORDESTE,PI,Piauí,220250,Caracol,10546,1,1,1,11,11,0,0,100.0,0.0,10.430494974397876,10.430494974397876,0.0,0.0,6.4688586111593125,1.5823370401859682
municipio,NORDESTE,PI,Piauí,220253,Caraúbas do Piauí,5581,0,0,0,0,0,0,0,0.0,0.0,0.0,0.0,0.0,0.0,9.244614063045717,0.8373812840202814
municipio,NORDESTE,PI,Piauí,220255,Caridade do Piauí,5176,0,0,0,0,0,0,0,0.0,0.0,0.0,0.0,0.0,0.0,8.573754235858203,0.7766145002847118
municipio,NORDESTE,PI,Piauí,220260,Castelo do Piauí,19669,1,1,1,38,38,0,0,100.0,0.0,19.319741725557982,19.319741725557982,0.0,0.0,0.0,2.95116510937017
municipio,NORDESTE,PI,Piauí,220265,Caxingó,5682,0,0,0,0,0,0,0,0.0,0.0,0.0,0.0,0.0,0.0,9.411914908838158,0.8525354695938433
municipio,NORDESTE,PI,Piauí,220270,Cocal,29302,1,1,1,32,32,0,0,100.0,0.0,10.92075626237117,10.92075626237117,0.0,0.0,16.537122608021065,4.396514313628792
municipio,NORDESTE,PI,Piauí,220271,Cocal de Telha,5046,0,0,0,0,0,0,0,0.0,0.0,0.0,0.0,0.0,0.0,8.358416513551099,0.7571091129128006
municipio,NORDESTE,PI,Piauí,220272,Cocal dos Alves,6596,0,0,0,0,0,0,0,0.0,0.0,0.0,0.0,0.0,0.0,10.925904741058869,0.9896733469625115
municipio,NORDESTE,PI,Piauí,220273,Coivaras,4249,0,0,0,0,0,0,0,0.0,0.0,0.0,0.0,0.0,0.0,7.0382306314067815,0.6375260841788526
municipio,NORDESTE,PI,Piauí,220275,Colônia do Gurguéia,6294,0,0,0,0,0,0,0,0.0,0.0,0.0,0.0,0.0,0.0,10.42565864769929,0.9443608316831485
municipio,NORDESTE,PI,Piauí,220277,Colônia do Piauí,7067,1,1,1,7,7,0,0,100.0,0.0,9.905193151266449,9.905193151266449,0.0,0.0,4.706089873417681,1.060342865825359
municipio,NORDESTE,PI,Piauí,220280,Conceição do Canindé,5078,1,1,1,7,7,0,0,100.0,0.0,13.784954706577393,13.784954706577393,0.0,0.0,1.411422722119001,0.7619104390351173
municipio,NORDESTE,PI,Piauí,220285,Coronel José Dias,4291,0,0,0,0,0,0,0,0.0,0.0,0.0,0.0,0.0,0.0,7.107801280152153,0.6438278247143931
municipio,NORDESTE,PI,Piauí,220290,Corrente,28381,1,1,1,52,52,0,0,100.0,0.0,18.322116909199817,18.322116909199817,0.0,0.0,0.0,4.258326146170867
municipio,NORDESTE,PI,Piauí,220300,Cristalândia do Piauí,7431,2,2,1,25,25,0,0,100.0,0.0,33.642847530614986,33.642847530614986,0.0,0.0,0.0,1.1149579504667106
municipio,NORDESTE,PI,Piauí,220310,Cristino Castro,10801,1,1,1,21,21,0,0,100.0,0.0,19.44264419961115,19.44264419961115,0.0,0.0,0.0,1.6205976077231787
municipio,NORDESTE,PI,Piauí,220320,Curimatá,11581,1,1,1,34,34,0,0,100.0,0.0,29.358431914342457,29.358431914342457,0.0,0.0,0.0,1.737629931954646
municipio,NORDESTE,PI,Piauí,220323,Currais,4977,0,0,0,0,0,0,0,0.0,0.0,0.0,0.0,0.0,0.0,8.24412187632656,0.7467562534615555
municipio,NORDESTE,PI,Piauí,220327,Curral Novo do Piauí,5191,0,0,0,0,0,0,0,0.0,0.0,0.0,0.0,0.0,0.0,8.598600896124406,0.7788651219045478
municipio,NORDESTE,PI,Piauí,220325,Curralinhos,4555,0,0,0,0,0,0,0,0.0,0.0,0.0,0.0,0.0,0.0,7.545102500837348,0.6834387652235052
municipio,NORDESTE,PI,Piauí,220330,Demerval Lobão,17139,1,1,1,40,40,0,0,100.0,0.0,23.338584514849174,23.338584514849174,0.0,0.0,0.0,2.5715602628245127
municipio,NORDESTE,PI,Piauí,220335,Dirceu Arcoverde,7259,1,1,1,7,7,0,0,100.0,0.0,9.643201542912248,9.643201542912248,0.0,0.0,5.024127124825093,1.0891508225592588
municipio,NORDESTE,PI,Piauí,220340,Dom Expedito Lopes,6410,0,0,0,0,0,0,0,0.0,0.0,0.0,0.0,0.0,0.0,10.617806153757936,0.9617656388765463
municipio,NORDESTE,PI,Piauí,220345,Dom Inocêncio,9332,0,0,0,0,0,0,0,0.0,0.0,0.0,0.0,0.0,0.0,15.457935573614517,1.400186730420582
municipio,NORDESTE,PI,Piauí,220342,Domingos Mourão,4129,0,0,0,0,0,0,0,0.0,0.0,0.0,0.0,0.0,0.0,6.839457349277148,0.6195211112201653
municipio,NORDESTE,PI,Piauí,220350,Elesbão Veloso,13743,1,1,1,37,37,0,0,100.0,0.0,26.922797060321617,26.922797060321617,0.0,0.0,0.0,2.0620195280936624
municipio,NORDESTE,PI,Piauí,220360,Eliseu Martins,4421,1,1,1,8,8,0,0,100.0,0.0,18.095453517303778,18.095453517303778,0.0,0.0,0.0,0.6633332120863044
municipio,NORDESTE,PI,Piauí,220370,Esperantina,42710,2,2,1,76,56,0,0,73.68421052631578,0.0,17.794427534535238,13.111683446499649,0.0,0.0,14.746723997972143,6.408269958879452
municipio,NORDESTE,PI,Piauí,220375,Fartura do Piauí,5426,0,0,0,0,0,0,0,0.0,0.0,0.0,0.0,0.0,0.0,8.987865240294939,0.8141248606153104
municipio,NORDESTE,PI,Piauí,220380,Flores do Piauí,4512,1,1,1,2,2,0,0,100.0,0.0,4.432624113475177,4.432624113475177,0.0,0.0,5.473875408074228,0.6769869832466422
municipio,NORDESTE,PI,Piauí,220385,Floresta do Piauí,2354,0,0,0,0,0,0,0,0.0,0.0,0.0,0.0,0.0,0.0,3.899269217776315,0.3531975528729157
municipio,NORDESTE,PI,Piauí,220390,Floriano,64393,4,4,1,296,281,30,27,94.93243243243244,90.0,45.967729411582006,43.63828366437346,46.588914944170945,41.930023449753854,0.0,0.0
municipio,NORDESTE,PI,Piauí,220400,Francinópolis,4481,1,1,1,9,9,0,0,100.0,0.0,20.08480249944209,20.08480249944209,0.0,0.0,0.0,0.672335698565648
municipio,NORDESTE,PI,Piauí,220410,Francisco Ayres,4548,1,1,1,4,4,0,0,100.0,0.0,8.795074758135444,8.795074758135444,0.0,0.0,3.533507392713119,0.6823884751342484
municipio,NORDESTE,PI,Piauí,220415,Francisco Macedo,2985,0,0,0,0,0,0,0,0.0,0.0,0.0,0.0,0.0,0.0,4.94448539297464,0.4478737023473464
municipio,NORDESTE,PI,Piauí,220420,Francisco Santos,8349,1,1,1,14,14,0,0,100.0,0.0,16.76847526649898,16.76847526649898,0.0,0.0,0.0,1.2526959936006685
municipio,NORDESTE,PI,Piauí,220430,Fronteiras,10344,1,1,1,26,26,0,0,100.0,0.0,25.135344160866204,25.135344160866204,0.0,0.0,0.0,1.5520286690388445
municipio,NORDESTE,PI,Piauí,220435,Geminiano,5604,0,0,0,0,0,0,0,0.0,0.0,0.0,0.0,0.0,0.0,9.282712275453896,0.8408322371706967
municipio,NORDESTE,PI,Piauí,220440,Gilbués,11193,1,1,1,9,9,0,0,100.0,0.0,8.04073974805682,8.04073974805682,0.0,0.0,9.540577890641588,1.6794138527215572
municipio,NORDESTE,PI,Piauí,220450,Guadalupe,10480,1,1,1,34,34,0,0,100.0,0.0,32.44274809160305,32.44274809160305,0.0,0.0,0.0,1.5724343050586904
municipio,NORDESTE,PI,Piauí,220455,Guaribas,4344,0,0,0,0,0,0,0,0.0,0.0,0.0,0.0,0.0,0.0,7.195592813092741,0.65178002110448
municipio,NORDESTE,PI,Piauí,220460,Hugo Napoleão,3550,0,0,0,0,0,0,0,0.0,0.0,0.0,0.0,0.0,0.0,5.880376263001665,0.532647116694499
municipio,NORDESTE,PI,Piauí,220465,Ilha Grande,9522,0,0,0,0,0,0,0,0.0,0.0,0.0,0.0,0.0,0.0,15.77265993698644,1.4286946042718365
municipio,NORDESTE,PI,Piauí,220470,Inhuma,15268,1,1,1,11,11,0,0,100.0,0.0,7.204610951008645,7.204610951008645,0.0,0.0,14.2905872629604,2.290832726110313
municipio,NORDESTE,PI,Piauí,220480,Ipiranga do Piauí,9627,1,1,1,14,14,0,0,100.0,0.0,14.542432741248572,14.542432741248572,0.0,0.0,1.946586558849867,1.444448955610688
municipio,NORDESTE,PI,Piauí,220490,Isaías Coelho,7867,1,1,1,20,20,0,0,100.0,0.0,25.42265158256006,25.42265158256006,0.0,0.0,0.0,1.1803760188832744
municipio,NORDESTE,PI,Piauí,220500,Itainópolis,10969,1,1,1,21,21,0,0,100.0,0.0,19.14486279514997,19.14486279514997,0.0,0.0,0.0,1.645804569865341
municipio,NORDESTE,PI,Piauí,220510,Itaueira,10477,1,1,1,26,26,0,0,100.0,0.0,24.81626419776654,24.81626419776654,0.0,0.0,0.0,1.571984180734723
municipio,NORDESTE,PI,Piauí,220515,Jacobina do Piauí,5711,0,0,0,0,0,0,0,0.0,0.0,0.0,0.0,0.0,0.0,9.45995178535282,0.8568866713921928
municipio,NORDESTE,PI,Piauí,220520,Jaicós,17789,1,1,1,28,27,0,0,96.42857142857143,0.0,15.740064084546631,15.177918938669963,0.0,0.0,2.466482631700458,2.669087199684069
municipio,NORDESTE,PI,Piauí,220525,Jardim do Mulato,4235,0,0,0,0,0,0,0,0.0,0.0,0.0,0.0,0.0,0.0,7.015040415158324,0.635425504000339
municipio,NORDESTE,PI,Piauí,220527,Jatobá do Piauí,4560,0,0,0,0,0,0,0,0.0,0.0,0.0,0.0,0.0,0.0,7.553384720926083,0.6841889724301171
municipio,NORDESTE,PI,Piauí,220530,Jerumenha,4606,1,1,1,7,7,0,0,100.0,0.0,15.19756838905775,15.19756838905775,0.0,0.0,0.6295811457424422,0.6910908787309473
municipio,NORDESTE,PI,Piauí,220540,Joaquim Pires,14265,1,1,1,17,17,0,0,100.0,0.0,11.917280056081317,11.917280056081317,0.0,0.0,6.629173913160212,2.1403411604639517
municipio,NORDESTE,PI,Piauí,220545,Joca Marques,5552,1,1,1,6,6,0,0,100.0,0.0,10.80691642651297,10.80691642651297,0.0,0.0,3.1965771865310537,0.8330300822219321
municipio,NORDESTE,PI,Piauí,220550,José de Freitas,44689,1,1,1,24,24,0,0,100.0,0.0,5.370449103806306,5.370449103806306,0.0,0.0,50.024826709093354,6.70520197125647
municipio,NORDESTE,PI,Piauí,220535,João Costa,3033,0,0,0,0,0,0,0,0.0,0.0,0.0,0.0,0.0,0.0,5.023994705826493,0.45507569153082134
municipio,NORDESTE,PI,Piauí,220551,Juazeiro do Piauí,5308,0,0,0,0,0,0,0,0.0,0.0,0.0,0.0,0.0,0.0,8.7924048462008,0.7964199705392679
municipio,NORDESTE,PI,Piauí,220553,Jurema,4501,1,1,1,13,13,0,0,100.0,0.0,28.882470562097314,28.882470562097314,0.0,0.0,0.0,0.6753365273920959
municipio,NORDESTE,PI,Piauí,220552,Júlio Borges,5501,0,0,0,0,0,0,0,0.0,0.0,0.0,0.0,0.0,0.0,9.11209854162596,0.82537796871449
municipio,NORDESTE,PI,Piauí,220555,Lagoa Alegre,8464,1,1,1,10,10,0,0,100.0,0.0,11.814744801512287,11.814744801512287,0.0,0.0,4.020142166210166,1.2699507593527437
municipio,NORDESTE,PI,Piauí,220557,Lagoa de São Francisco,6446,0,0,0,0,0,0,0,0.0,0.0,0.0,0.0,0.0,0.0,10.677438138396825,0.9671671307641524
municipio,NORDESTE,PI,Piauí,220556,Lagoa do Barro do Piauí,5171,0,0,0,0,0,0,0,0.0,0.0,0.0,0.0,0.0,0.0,8.565472015769467,0.7758642930780999
municipio,NORDESTE,PI,Piauí,220558,Lagoa do Piauí,5017,0,0,0,0,0,0,0,0.0,0.0,0.0,0.0,0.0,0.0,8.310379637036437,0.7527579111144512
municipio,NORDESTE,PI,Piauí,220559,Lagoa do Sítio,4559,0,0,0,0,0,0,0,0.0,0.0,0.0,0.0,0.0,0.0,7.551728276908335,0.6840389309887948
municipio,NORDESTE,PI,Piauí,220554,Lagoinha do Piauí,3044,0,0,0,0,0,0,0,0.0,0.0,0.0,0.0,0.0,0.0,5.042215590021709,0.45672614738536765
municipio,NORDESTE,PI,Piauí,220560,Landri Sales,5309,1,1,1,8,8,0,0,100.0,0.0,15.068751177246186,15.068751177246186,0.0,0.0,0.7940612902185458,0.7965700119805903
municipio,NORDESTE,PI,Piauí,220580,Luzilândia,26143,1,1,1,50,50,0,0,100.0,0.0,19.1255785487511,19.1255785487511,0.0,0.0,0.0,3.922533400491349
municipio,NORDESTE,PI,Piauí,220570,Luís Correia,31901,1,1,1,43,43,0,0,100.0,0.0,13.479201278956772,13.479201278956772,0.0,0.0,9.842220610145384,4.786472019625695
municipio,NORDESTE,PI,Piauí,220585,Madeiro,8231,0,0,0,0,0,0,0,0.0,0.0,0.0,0.0,0.0,0.0,13.634190710075126,1.234991103524626
municipio,NORDESTE,PI,Piauí,220590,Manoel Emídio,5315,1,1,1,11,11,0,0,100.0,0.0,20.696142991533396,20.696142991533396,0.0,0.0,0.0,0.7974702606285247
municipio,NORDESTE,PI,Piauí,220595,Marcolândia,8822,1,1,1,34,34,0,0,100.0,0.0,38.54001360235774,38.54001360235774,0.0,0.0,0.0,1.3236655953461607
municipio,NORDESTE,PI,Piauí,220600,Marcos Parente,4863,1,1,1,8,0,0,0,0.0,0.0,16.45075056549455,0.0,0.0,0.0,8.055287258303407,0.7296515291508026
municipio,NORDESTE,PI,Piauí,220605,Massapê do Piauí,5165,0,0,0,0,0,0,0,0.0,0.0,0.0,0.0,0.0,0.0,8.555533351662985,0.7749640444301655
municipio,NORDESTE,PI,Piauí,220610,Matias Olímpio,10886,1,1,1,15,15,0,0,100.0,0.0,13.77916590115745,13.77916590115745,0.0,0.0,3.0320495771932743,1.6333511302355823
municipio,NORDESTE,PI,Piauí,220620,Miguel Alves,33074,1,1,1,25,25,0,0,100.0,0.0,7.558807522525246,7.558807522525246,0.0,0.0,29.785229442962557,4.962470630296862
municipio,NORDESTE,PI,Piauí,220630,Miguel Leão,1355,0,0,0,0,0,0,0,0.0,0.0,0.0,0.0,0.0,0.0,2.2444816440471143,0.20330615299184404
municipio,NORDESTE,PI,Piauí,220635,Milton Brandão,6681,0,0,0,0,0,0,0,0.0,0.0,0.0,0.0,0.0,0.0,11.066702482567358,1.002426869474915
municipio,NORDESTE,PI,Piauí,220640,Monsenhor Gil,10513,1,1,1,13,13,0,0,100.0,0.0,12.365642537810329,12.365642537810329,0.0,0.0,4.414195958573663,1.5773856726223292
municipio,NORDESTE,PI,Piauí,220650,Monsenhor Hipólito,7762,1,1,1,20,20,0,0,100.0,0.0,25.766555011594953,25.766555011594953,0.0,0.0,0.0,1.1646216675444232
municipio,NORDESTE,PI,Piauí,220660,Monte Alegre do Piauí,10928,1,1,1,25,25,0,0,100.0,0.0,22.87701317715959,22.87701317715959,0.0,0.0,0.0,1.6396528707711227
municipio,NORDESTE,PI,Piauí,220665,Morro Cabeça no Tempo,4456,0,0,0,0,0,0,0,0.0,0.0,0.0,0.0,0.0,0.0,7.3811145430803995,0.6685846625325881
municipio,NORDESTE,PI,Piauí,220667,Morro do Chapéu do Piauí,6548,0,0,0,0,0,0,0,0.0,0.0,0.0,0.0,0.0,0.0,10.846395428207014,0.9824713577790366
municipio,NORDESTE,PI,Piauí,220669,Murici dos Portelas,10210,0,0,0,0,0,0,0,0.0,0.0,0.0,0.0,0.0,0.0,16.91229342119634,1.5319231159016438
municipio,NORDESTE,PI,Piauí,220670,Nazaré do Piauí,6697,1,1,1,6,6,0,0,100.0,0.0,8.959235478572495,8.959235478572495,0.0,0.0,5.09320558685131,1.0048275325360734
municipio,NORDESTE,PI,Piauí,220672,Nazária,10821,0,0,0,0,0,0,0,0.0,0.0,0.0,0.0,0.0,0.0,17.924380716039725,1.6235984365496265
municipio,NORDESTE,PI,Piauí,220675,Nossa Senhora de Nazaré,5442,0,0,0,0,0,0,0,0.0,0.0,0.0,0.0,0.0,0.0,9.014368344578891,0.8165255236764687
municipio,NORDESTE,PI,Piauí,220680,Nossa Senhora dos Remédios,8751,1,1,1,23,23,0,0,100.0,0.0,26.282710547366015,26.282710547366015,0.0,0.0,0.0,1.3130126530122708
municipio,NORDESTE,PI,Piauí,220795,Nova Santa Rita,4142,0,0,0,0,0,0,0,0.0,0.0,0.0,0.0,0.0,0.0,6.860991121507858,0.6214716499573564
municipio,NORDESTE,PI,Piauí,220690,Novo Oriente do Piauí,6158,1,1,1,8,8,0,0,100.0,0.0,12.991230919129586,12.991230919129586,0.0,0.0,2.2003822612857054,0.9239551956633029
municipio,NORDESTE,PI,Piauí,220695,Novo Santo Antônio,2888,0,0,0,0,0,0,0,0.0,0.0,0.0,0.0,0.0,0.0,4.783810323253185,0.4333196825390742
municipio,NORDESTE,PI,Piauí,220700,Oeiras,39687,3,3,1,150,72,10,10,48.0,100.0,37.79575175750246,18.14196084360118,25.19716783833497,25.19716783833497,0.0,0.0
municipio,NORDESTE,PI,Piauí,220710,Olho D'Água do Piauí,2730,0,0,0,0,0,0,0,0.0,0.0,0.0,0.0,0.0,0.0,4.522092168449167,0.4096131348101359
municipio,NORDESTE,PI,Piauí,220720,Padre Marcos,6468,1,1,1,36,36,0,0,100.0,0.0,55.65862708719852,55.65862708719852,0.0,0.0,0.0,0.9704680424732451
municipio,NORDESTE,PI,Piauí,220730,Paes Landim,4176,1,1,1,9,9,0,0,100.0,0.0,21.551724137931036,21.551724137931036,0.0,0.0,0.0,0.6265730589623179
municipio,NORDESTE,PI,Piauí,220735,Pajeú do Piauí,3032,0,0,0,0,0,0,0,0.0,0.0,0.0,0.0,0.0,0.0,5.022338261808746,0.454925650089499
municipio,NORDESTE,PI,Piauí,220740,Palmeira do Piauí,5047,1,1,1,12,12,0,0,100.0,0.0,23.77650089161878,23.77650089161878,0.0,0.0,0.0,0.757259154354123
municipio,NORDESTE,PI,Piauí,220750,Palmeirais,13458,1,1,1,16,16,0,0,100.0,0.0,11.888839352058255,11.888839352058255,0.0,0.0,6.292423590838424,2.01925771731678
municipio,NORDESTE,PI,Piauí,220755,Paquetá,3873,0,0,0,0,0,0,0,0.0,0.0,0.0,0.0,0.0,0.0,6.415407680733929,0.5811105022416323
municipio,NORDESTE,PI,Piauí,220760,Parnaguá,10282,1,1,1,32,32,0,0,100.0,0.0,31.122349737405173,31.122349737405173,0.0,0.0,0.0,1.5427260996768561
municipio,NORDESTE,PI,Piauí,220770,Parnaíba,170491,5,5,1,558,505,50,45,90.50179211469535,90.0,32.72900035779015,29.620331865025133,29.32706125250013,26.394355127250115,0.0,0.0
municipio,NORDESTE,PI,Piauí,220775,Passagem Franca do Piauí,4222,0,0,0,0,0,0,0,0.0,0.0,0.0,0.0,0.0,0.0,6.993506642927613,0.633474965263148
municipio,NORDESTE,PI,Piauí,220777,Patos do Piauí,5427,0,0,0,0,0,0,0,0.0,0.0,0.0,0.0,0.0,0.0,8.989521684312686,0.8142749020566329
municipio,NORDESTE,PI,Piauí,220779,Pau D'Arco do Piauí,3979,0,0,0,0,0,0,0,0.0,0.0,0.0,0.0,0.0,0.0,6.590990746615105,0.5970148950218062
municipio,NORDESTE,PI,Piauí,220780,Paulistana,21633,2,2,1,92,89,0,0,96.73913043478261,0.0,42.52761984005917,41.140849627883334,0.0,0.0,0.0,3.2458465001273518
municipio,NORDESTE,PI,Piauí,220785,Pavussu,3697,0,0,0,0,0,0,0,0.0,0.0,0.0,0.0,0.0,0.0,6.123873533610467,0.554703208568891
municipio,NORDESTE,PI,Piauí,220790,Pedro II,39072,2,2,1,92,87,0,0,94.56521739130434,0.0,23.546273546273547,22.266584766584767,0.0,0.0,0.0,5.862419195348582
municipio,NORDESTE,PI,Piauí,220793,Pedro Laurentino,2517,0,0,0,0,0,0,0,0.0,0.0,0.0,0.0,0.0,0.0,4.1692695926690675,0.377654307808466
municipio,NORDESTE,PI,Piauí,220800,Picos,86701,6,6,1,304,282,20,10,92.76315789473685,50.0,35.063032721652576,32.52557640626983,23.06778468529775,11.533892342648874,0.0,3.008743004092891
municipio,NORDESTE,PI,Piauí,220810,Pimenteiras,11487,1,1,1,16,16,0,0,100.0,0.0,13.928789065900585,13.928789065900585,0.0,0.0,3.0275724318591886,1.7235260364703413
municipio,NORDESTE,PI,Piauí,220820,Pio IX,17948,1,1,1,35,35,0,0,100.0,0.0,19.50078003120125,19.50078003120125,0.0,0.0,0.0,2.6929437888543295
municipio,NORDESTE,PI,Piauí,220830,Piracuruca,29721,2,2,1,65,65,0,0,100.0,0.0,21.870058208001076,21.870058208001076,0.0,0.0,0.0,4.459381677542876
municipio,NORDESTE,PI,Piauí,220840,Piripiri,67887,2,2,1,130,101,20,10,77.6923076923077,50.0,19.149468970495086,14.877664354000029,29.460721493069364,14.730360746534682,11.451015032787055,0.18586332705336903
municipio,NORDESTE,PI,Piauí,220850,Porto,12323,1,1,1,51,51,0,0,100.0,0.0,41.386026130000815,41.386026130000815,0.0,0.0,0.0,1.8489606814158626
municipio,NORDESTE,PI,Piauí,220855,Porto Alegre do Piauí,2382,1,1,1,3,3,0,0,100.0,0.0,12.594458438287154,12.594458438287154,0.0,0.0,0.9456496502732298,0.3573987132299427
municipio,NORDESTE,PI,Piauí,220860,Prata do Piauí,3096,1,1,1,16,16,0,0,100.0,0.0,51.679586563307495,51.679586563307495,0.0,0.0,0.0,0.46452830233413217
municipio,NORDESTE,PI,Piauí,220865,Queimada Nova,8948,0,0,0,0,0,0,0,0.0,0.0,0.0,0.0,0.0,0.0,14.821861070799692,1.3425708169527824
municipio,NORDESTE,PI,Piauí,220870,Redenção do Gurguéia,8565,1,1,1,8,8,0,0,100.0,0.0,9.340338587273788,9.340338587273788,0.0,0.0,6.187443012002609,1.2851049449263054
municipio,NORDESTE,PI,Piauí,220880,Regeneração,17400,1,1,1,29,29,0,0,100.0,0.0,16.666666666666668,16.666666666666668,0.0,0.0,0.0,2.6107210790096573
municipio,NORDESTE,PI,Piauí,220885,Riacho Frio,4238,0,0,0,0,0,0,0,0.0,0.0,0.0,0.0,0.0,0.0,7.0200097472115655,0.6358756283243062
municipio,NORDESTE,PI,Piauí,220887,Ribeira do Piauí,4105,0,0,0,0,0,0,0,0.0,0.0,0.0,0.0,0.0,0.0,6.799702692851221,0.6159201166284278
municipio,NORDESTE,PI,Piauí,220890,Ribeiro Gonçalves,6182,1,1,1,17,17,0,0,100.0,0.0,27.499191200258817,27.499191200258817,0.0,0.0,0.0,0.9275561902550404
municipio,NORDESTE,PI,Piauí,220900,Rio Grande do Piauí,5845,1,1,1,12,12,0,0,100.0,0.0,20.53036783575706,20.53036783575706,0.0,0.0,0.0,0.8769922245293935
municipio,NORDESTE,PI,Piauí,220910,Santa Cruz do Piauí,5872,1,1,1,11,11,0,0,100.0,0.0,18.732970027247955,18.732970027247955,0.0,0.0,0.0,0.8810433434450982
municipio,NORDESTE,PI,Piauí,220915,Santa Cruz dos Milagres,3448,0,0,0,0,0,0,0,0.0,0.0,0.0,0.0,0.0,0.0,5.711418973191476,0.5173428896796148
municipio,NORDESTE,PI,Piauí,220920,Santa Filomena,6210,1,1,1,13,13,0,0,100.0,0.0,20.933977455716587,20.933977455716587,0.0,0.0,0.0,0.9317573506120674
municipio,NORDESTE,PI,Piauí,220930,Santa Luz,5418,0,0,0,0,0,0,0,0.0,0.0,0.0,0.0,0.0,0.0,8.974613688152964,0.8129245290847313
municipio,NORDESTE,PI,Piauí,220937,Santa Rosa do Piauí,4666,1,1,1,16,8,0,0,50.0,0.0,34.29061294470639,17.145306472353194,0.0,0.0,0.0,0.700093365210291
municipio,NORDESTE,PI,Piauí,220935,Santana do Piauí,4159,0,0,0,0,0,0,0,0.0,0.0,0.0,0.0,0.0,0.0,6.889150669809556,0.6240223544598371
municipio,NORDESTE,PI,Piauí,220940,Santo Antônio de Lisboa,5930,1,1,1,7,7,0,0,100.0,0.0,11.804384485666105,11.804384485666105,0.0,0.0,2.8227130252394,0.889745747041797
municipio,NORDESTE,PI,Piauí,220945,Santo Antônio dos Milagres,2169,0,0,0,0,0,0,0,0.0,0.0,0.0,0.0,0.0,0.0,3.59282707449313,0.3254398862282728
municipio,NORDESTE,PI,Piauí,220950,Santo Inácio do Piauí,3682,1,1,1,7,7,0,0,100.0,0.0,19.011406844106464,19.011406844106464,0.0,0.0,0.0,0.5524525869490551
municipio,NORDESTE,PI,Piauí,221062,Sebastião Barros,3210,0,0,0,0,0,0,0,0.0,0.0,0.0,0.0,0.0,0.0,5.317185296967703,0.4816330266448851
municipio,NORDESTE,PI,Piauí,221063,Sebastião Leal,4590,0,0,0,0,0,0,0,0.0,0.0,0.0,0.0,0.0,0.0,7.603078041458491,0.6886902156697889
municipio,NORDESTE,PI,Piauí,221065,Sigefredo Pacheco,9623,0,0,0,0,0,0,0,0.0,0.0,0.0,0.0,0.0,0.0,15.939960782778881,1.4438487898453987
municipio,NORDESTE,PI,Piauí,221080,Simplício Mendes,14437,1,1,1,29,29,0,0,100.0,0.0,20.087275749809518,20.087275749809518,0.0,0.0,0.0,2.166148288371404
municipio,NORDESTE,PI,Piauí,221070,Simões,14664,3,3,1,52,52,0,0,100.0,0.0,35.46099290780142,35.46099290780142,0.0,0.0,0.0,2.2002076955515872
municipio,NORDESTE,PI,Piauí,221090,Socorro do Piauí,4165,1,1,1,12,12,0,0,100.0,0.0,28.811524609843936,28.811524609843936,0.0,0.0,0.0,0.6249226031077715
municipio,NORDESTE,PI,Piauí,221093,Sussuapara,6346,0,0,0,0,0,0,0,0.0,0.0,0.0,0.0,0.0,0.0,10.511793736622131,0.9521629866319129
municipio,NORDESTE,PI,Piauí,220955,São Braz do Piauí,4454,0,0,0,0,0,0,0,0.0,0.0,0.0,0.0,0.0,0.0,7.377801655044906,0.6682845796499434
municipio,NORDESTE,PI,Piauí,220965,São Francisco de Assis do Piauí,5713,0,0,0,0,0,0,0,0.0,0.0,0.0,0.0,0.0,0.0,9.463264673388313,0.8571867542748376
municipio,NORDESTE,PI,Piauí,220970,São Francisco do Piauí,5358,1,1,1,7,7,0,0,100.0,0.0,13.064576334453154,13.064576334453154,0.0,0.0,1.8752270470881467,0.8039220426053877
municipio,NORDESTE,PI,Piauí,220960,São Félix do Piauí,2879,1,1,1,20,20,0,0,100.0,0.0,69.46856547412295,69.46856547412295,0.0,0.0,0.0,0.4319693095671726
municipio,NORDESTE,PI,Piauí,220975,São Gonçalo do Gurguéia,3026,0,0,0,0,0,0,0,0.0,0.0,0.0,0.0,0.0,0.0,5.012399597702264,0.45402540144156456
municipio,NORDESTE,PI,Piauí,220980,São Gonçalo do Piauí,4985,1,1,1,12,12,0,0,100.0,0.0,24.07221664994985,24.07221664994985,0.0,0.0,0.0,0.7479565849921346
municipio,NORDESTE,PI,Piauí,221005,São José do Divino,5317,0,0,0,0,0,0,0,0.0,0.0,0.0,0.0,0.0,0.0,8.807312842360522,0.7977703435111695
municipio,NORDESTE,PI,Piauí,221010,São José do Peixe,3300,1,1,1,6,6,0,0,100.0,0.0,18.181818181818183,18.181818181818183,0.0,0.0,0.0,0.4951367563639006
municipio,NORDESTE,PI,Piauí,221020,São José do Piauí,6733,1,1,1,8,8,0,0,100.0,0.0,11.88177632556067,11.88177632556067,0.0,0.0,3.1528375714902004,1.0102290244236796
municipio,NORDESTE,PI,Piauí,220985,São João da Canabrava,4359,0,0,0,0,0,0,0,0.0,0.0,0.0,0.0,0.0,0.0,7.2204394733589465,0.6540306427243159
municipio,NORDESTE,PI,Piauí,220987,São João da Fronteira,5608,0,0,0,0,0,0,0,0.0,0.0,0.0,0.0,0.0,0.0,9.289338051524883,0.8414324029359862
municipio,NORDESTE,PI,Piauí,220990,São João da Serra,6232,1,1,1,12,12,0,0,100.0,0.0,19.255455712451862,19.255455712451862,0.0,0.0,0.0,0.9350582623211602
municipio,NORDESTE,PI,Piauí,220995,São João da Varjota,4430,0,0,0,0,0,0,0,0.0,0.0,0.0,0.0,0.0,0.0,7.338046998618978,0.6646835850582059
municipio,NORDESTE,PI,Piauí,220997,São João do Arraial,8494,0,0,0,0,0,0,0,0.0,0.0,0.0,0.0,0.0,0.0,14.069835486742575,1.2744520025924155
municipio,NORDESTE,PI,Piauí,221000,São João do Piauí,22137,2,2,1,74,74,0,0,100.0,0.0,33.42819713601663,33.42819713601663,0.0,0.0,0.0,3.321467386553838
municipio,NORDESTE,PI,Piauí,221030,São Julião,6131,2,2,1,29,29,0,0,100.0,0.0,47.30060349045832,47.30060349045832,0.0,0.0,0.0,0.9199040767475983
municipio,NORDESTE,PI,Piauí,221035,São Lourenço do Piauí,4497,0,0,0,0,0,0,0,0.0,0.0,0.0,0.0,0.0,0.0,7.449028747808024,0.6747363616268063
municipio,NORDESTE,PI,Piauí,221037,São Luis do Piauí,2277,0,0,0,0,0,0,0,0.0,0.0,0.0,0.0,0.0,0.0,3.7717230284098004,0.3416443618910914
municipio,NORDESTE,PI,Piauí,221038,São Miguel da Baixa Grande,2299,0,0,0,0,0,0,0,0.0,0.0,0.0,0.0,0.0,0.0,3.8081647968002335,0.34494527360018407
municipio,NORDESTE,PI,Piauí,221039,São Miguel do Fidalgo,2864,0,0,0,0,0,0,0,0.0,0.0,0.0,0.0,0.0,0.0,4.744055666827259,0.42971868794733675
municipio,NORDESTE,PI,Piauí,221040,São Miguel do Tapuio,17911,2,2,1,42,29,0,0,69.04761904761905,0.0,23.44927698062643,16.191167439003966,0.0,0.0,0.6685688018655799,2.687392255525401
municipio,NORDESTE,PI,Piauí,221050,São Pedro do Piauí,14055,1,1,1,42,42,0,0,100.0,0.0,29.882604055496262,29.882604055496262,0.0,0.0,0.0,2.1088324577862494
municipio,NORDESTE,PI,Piauí,221060,São Raimundo Nonato,41139,4,4,1,152,152,10,10,100.0,100.0,36.94790831084859,36.94790831084859,24.307834415031966,24.307834415031966,0.0,0.0
municipio,NORDESTE,PI,Piauí,221095,Tamboril do Piauí,3040,0,0,0,0,0,0,0,0.0,0.0,0.0,0.0,0.0,0.0,5.035589813950721,0.4561259816200781
municipio,NORDESTE,PI,Piauí,221097,Tanque do Piauí,2319,0,0,0,0,0,0,0,0.0,0.0,0.0,0.0,0.0,0.0,3.8412936771551722,0.34794610242663193
municipio,NORDESTE,PI,Piauí,221100,Teresina,905692,38,38,1,3514,2501,342,222,71.172453044963,64.91228070175438,38.79906193275418,27.614244135975586,37.76118150541244,24.511644135092286,0.0,0.0
municipio,NORDESTE,PI,Piauí,221110,União,47896,1,1,1,54,54,0,0,100.0,0.0,11.274427927175548,11.274427927175548,0.0,0.0,25.337042674007808,7.186384873577388
municipio,NORDESTE,PI,Piauí,221120,Uruçuí,26779,1,1,1,43,40,0,0,93.02325581395348,0.0,16.057358377833378,14.937077560775235,0.0,0.0,4.357914351245515,4.017959757172392
municipio,NORDESTE,PI,Piauí,221130,Valença do Piauí,23025,1,1,1,43,43,0,0,100.0,0.0,18.675352877307276,18.675352877307276,0.0,0.0,0.0,3.454704186448124
municipio,NORDESTE,PI,Piauí,221150,Vera Mendes,3282,0,0,0,0,0,0,0,0.0,0.0,0.0,0.0,0.0,0.0,5.436449266245483,0.49243601042009744
municipio,NORDESTE,PI,Piauí,221160,Vila Nova do Piauí,2972,0,0,0,0,0,0,0,0.0,0.0,0.0,0.0,0.0,0.0,4.922951620743929,0.4459231636101553
municipio,NORDESTE,PI,Piauí,221135,Várzea Branca,5181,0,0,0,0,0,0,0,0.0,0.0,0.0,0.0,0.0,0.0,8.582036455946936,0.7773647074913239
municipio,NORDESTE,PI,Piauí,221140,Várzea Grande,4520,1,1,1,14,14,0,0,100.0,0.0,30.97345132743363,30.97345132743363,0.0,0.0,0.0,0.6781873147772213
municipio,NORDESTE,PI,Piauí,221170,Wall Ferraz,4195,1,1,1,19,19,0,0,100.0,0.0,45.29201430274136,45.29201430274136,0.0,0.0,0.0,0.6294238463474433
municipio,NORDESTE,PI,Piauí,220020,Água Branca,18095,1,1,1,38,38,0,0,100.0,0.0,21.000276319425257,21.000276319425257,0.0,0.0,0.0,2.7149998807287217
municipio,SUL,PR,Paraná,410010,Abatiá,7233,0,0,0,0,0,0,0,0.0,0.0,0.0,0.0,0.0,0.0,11.981059580363674,1.0852497450848766
municipio,SUL,PR,Paraná,410020,Adrianópolis,6319,0,0,0,0,0,0,0,0.0,0.0,0.0,0.0,0.0,0.0,10.467069748142965,0.9481118677162084
municipio,SUL,PR,Paraná,410030,Agudos do Sul,10770,0,0,0,0,0,0,0,0.0,0.0,0.0,0.0,0.0,0.0,17.83990207113463,1.6159463230421844
municipio,SUL,PR,Paraná,410040,Almirante Tamandaré,125861,0,0,0,0,0,0,0,0.0,0.0,0.0,0.0,0.0,0.0,208.4817005176486,18.884365846277845
municipio,SUL,PR,Paraná,410045,Altamira do Paraná,3496,1,1,1,19,19,0,0,100.0,0.0,54.34782608695652,54.34782608695652,0.0,0.0,0.0,0.5245448788630898
municipio,SUL,PR,Paraná,410060,Alto Paraná,14183,1,1,1,20,19,0,0,95.0,0.0,14.1013889868152,13.39631953747444,0.0,0.0,4.493345503704963,2.1280377622755156
municipio,SUL,PR,Paraná,412862,Alto Paraíso,3067,0,0,0,0,0,0,0,0.0,0.0,0.0,0.0,0.0,0.0,5.080313802429889,0.46017710053578276
municipio,SUL,PR,Paraná,410070,Alto Piquiri,9771,0,0,0,0,0,0,0,0.0,0.0,0.0,0.0,0.0,0.0,16.185114497405426,1.4660549231611129
municipio,SUL,PR,Paraná,410050,Altônia,18634,1,1,1,39,39,0,0,100.0,0.0,20.929483739401096,20.929483739401096,0.0,0.0,0.0,2.7958722176014916
municipio,SUL,PR,Paraná,410080,Alvorada do Sul,10481,1,1,1,16,16,0,0,100.0,0.0,15.265718919950386,15.265718919950386,0.0,0.0,1.361189750005761,1.5725843465000127
municipio,SUL,PR,Paraná,410090,Amaporã,4688,1,1,1,14,14,0,0,100.0,0.0,29.863481228668945,29.863481228668945,0.0,0.0,0.0,0.7033942769193836
municipio,SUL,PR,Paraná,410100,Ampére,20337,1,1,1,35,34,0,0,97.14285714285714,0.0,17.210011309436002,16.718296700594973,0.0,0.0,0.0,3.0513927921735293
municipio,SUL,PR,Paraná,410105,Anahy,2971,0,0,0,0,0,0,0,0.0,0.0,0.0,0.0,0.0,0.0,4.921295176726183,0.4457731221688329
municipio,SUL,PR,Paraná,410110,Andirá,19989,1,1,1,62,57,0,0,91.93548387096774,0.0,31.017059382660463,28.515683625994296,0.0,0.0,0.0,2.9991783705933357
municipio,SUL,PR,Paraná,410120,Antonina,18140,1,1,1,32,32,0,0,100.0,0.0,17.640573318632857,17.640573318632857,0.0,0.0,0.0,2.721751745588229
municipio,SUL,PR,Paraná,410130,Antônio Olinto,7048,1,1,1,2,2,0,0,100.0,0.0,2.837684449489217,2.837684449489217,0.0,0.0,9.674617437080489,1.0574920784402335
municipio,SUL,PR,Paraná,410140,Apucarana,134910,3,3,1,361,271,42,40,75.06925207756233,95.23809523809523,26.758579793936697,20.087465717885998,31.131865688236605,29.64939589355867,0.0,0.0
municipio,SUL,PR,Paraná,410150,Arapongas,124838,3,3,1,591,503,120,80,85.10998307952623,66.66666666666666,47.3413543952963,40.29221871545523,96.12457745237828,64.08305163491886,0.0,0.0
municipio,SUL,PR,Paraná,410160,Arapoti,26325,1,1,1,44,44,0,0,100.0,0.0,16.714150047483383,16.714150047483383,0.0,0.0,0.0,3.949840942812025
municipio,SUL,PR,Paraná,410165,Arapuã,3573,0,0,0,0,0,0,0,0.0,0.0,0.0,0.0,0.0,0.0,5.918474475409845,0.5360980698449141
municipio,SUL,PR,Paraná,410170,Araruna,14894,1,1,1,23,23,0,0,100.0,0.0,15.44246005102726,15.44246005102726,0.0,0.0,1.6710772003230414,2.2347172270557376
municipio,SUL,PR,Paraná,410180,Araucária,162247,1,1,1,83,83,18,18,100.0,100.0,5.115656992116958,5.115656992116958,11.094195886518703,11.094195886518703,185.75307254738905,6.343773730234477
municipio,SUL,PR,Paraná,410185,Ariranha do Ivaí,2351,0,0,0,0,0,0,0,0.0,0.0,0.0,0.0,0.0,0.0,3.894299885723074,0.3527474285489485
municipio,SUL,PR,Paraná,410190,Assaí,13477,2,2,1,49,38,0,0,77.55102040816327,0.0,36.35823996438376,28.196186094828224,0.0,0.0,0.0,2.0221085047019054
municipio,SUL,PR,Paraná,410200,Assis Chateaubriand,38357,2,2,1,89,80,10,10,89.8876404494382,100.0,23.203065933206457,20.856688479286703,26.070860599108375,26.070860599108375,0.0,0.0
municipio,SUL,PR,Paraná,410210,Astorga,26203,1,1,1,102,94,0,0,92.15686274509804,0.0,38.92684043811777,35.873754913559516,0.0,0.0,0.0,3.9315358869706927
municipio,SUL,PR,Paraná,410220,Atalaia,4046,0,0,0,0,0,0,0,0.0,0.0,0.0,0.0,0.0,0.0,6.701972495804151,0.6070676715904065
municipio,SUL,PR,Paraná,410230,Balsa Nova,13867,1,1,1,8,8,0,0,100.0,0.0,5.769092089132473,5.769092089132473,0.0,0.0,14.969909194096926,2.080624666817639
municipio,SUL,PR,Paraná,410240,Bandeirantes,31747,2,2,1,129,81,12,10,62.7906976744186,83.33333333333334,40.63376067029956,25.514221816234603,37.79884713516238,31.499039279301982,0.0,0.0
municipio,SUL,PR,Paraná,410250,Barbosa Ferraz,10580,1,1,1,1,1,0,0,100.0,0.0,0.945179584120983,0.945179584120983,0.0,0.0,16.525177707762708,1.5874384491909295
municipio,SUL,PR,Paraná,410270,Barra do Jacaré,2872,0,0,0,0,0,0,0,0.0,0.0,0.0,0.0,0.0,0.0,4.757307218969234,0.4309190194779159
municipio,SUL,PR,Paraná,410260,Barracão,9903,0,0,0,0,0,0,0,0.0,0.0,0.0,0.0,0.0,0.0,16.403765107748026,1.485860393415669
municipio,SUL,PR,Paraná,410275,Bela Vista da Caroba,4122,0,0,0,0,0,0,0,0.0,0.0,0.0,0.0,0.0,0.0,6.827862241152919,0.6184708211309086
municipio,SUL,PR,Paraná,410280,Bela Vista do Paraíso,14982,1,1,1,17,17,0,0,100.0,0.0,11.346949672940863,11.346949672940863,0.0,0.0,7.816844273884772,2.2479208738921086
municipio,SUL,PR,Paraná,410290,Bituruna,15650,1,1,1,43,43,0,0,100.0,0.0,27.47603833865815,27.47603833865815,0.0,0.0,0.0,2.348148556695468
municipio,SUL,PR,Paraná,410300,Boa Esperança,4595,0,0,0,0,0,0,0,0.0,0.0,0.0,0.0,0.0,0.0,7.611360261547225,0.689440422876401
municipio,SUL,PR,Paraná,410302,Boa Esperança do Iguaçu,2421,0,0,0,0,0,0,0,0.0,0.0,0.0,0.0,0.0,0.0,4.01025096696536,0.36325032944151614
municipio,SUL,PR,Paraná,410304,Boa Ventura de São Roque,6241,0,0,0,0,0,0,0,0.0,0.0,0.0,0.0,0.0,0.0,10.337867114758701,0.9364086352930616
municipio,SUL,PR,Paraná,410305,Boa Vista da Aparecida,8023,1,1,1,16,16,0,0,100.0,0.0,19.942664838589057,19.942664838589057,0.0,0.0,0.0,1.2037824837295679
municipio,SUL,PR,Paraná,410310,Bocaiúva do Sul,13405,1,1,1,9,9,0,0,100.0,0.0,6.713912719134651,6.713912719134651,0.0,0.0,13.204632057897836,2.011305520926693
municipio,SUL,PR,Paraná,410315,Bom Jesus do Sul,4072,0,0,0,0,0,0,0,0.0,0.0,0.0,0.0,0.0,0.0,6.745040040265573,0.6109687490647888
municipio,SUL,PR,Paraná,410320,Bom Sucesso,6674,1,1,1,29,29,0,0,100.0,0.0,43.45220257716512,43.45220257716512,0.0,0.0,0.0,1.0013765793856582
municipio,SUL,PR,Paraná,410322,Bom Sucesso do Sul,3244,0,0,0,0,0,0,0,0.0,0.0,0.0,0.0,0.0,0.0,5.373504393571099,0.4867344356498465
municipio,SUL,PR,Paraná,410330,Borrazópolis,7818,1,1,1,27,27,0,0,100.0,0.0,34.53568687643899,34.53568687643899,0.0,0.0,0.0,1.1730239882584772
municipio,SUL,PR,Paraná,410335,Braganey,4745,0,0,0,0,0,0,0,0.0,0.0,0.0,0.0,0.0,0.0,7.859826864209268,0.71194663907476
municipio,SUL,PR,Paraná,410337,Brasilândia do Sul,3861,0,0,0,0,0,0,0,0.0,0.0,0.0,0.0,0.0,0.0,6.395530352520966,0.5793100049457637
municipio,SUL,PR,Paraná,410340,Cafeara,2648,0,0,0,0,0,0,0,0.0,0.0,0.0,0.0,0.0,0.0,4.386263758993918,0.3973097366216996
municipio,SUL,PR,Paraná,410345,Cafelândia,20145,1,1,1,33,33,0,0,100.0,0.0,16.381236038719287,16.381236038719287,0.0,0.0,0.36906473751226115,3.022584835439629
municipio,SUL,PR,Paraná,410347,Cafezal do Sul,4580,0,0,0,0,0,0,0,0.0,0.0,0.0,0.0,0.0,0.0,7.586513601281021,0.6871898012565649
municipio,SUL,PR,Paraná,410350,Califórnia,8963,0,0,0,0,0,0,0,0.0,0.0,0.0,0.0,0.0,0.0,14.846707731065893,1.3448214385726183
municipio,SUL,PR,Paraná,410360,Cambará,23393,2,2,1,85,79,0,0,92.94117647058823,0.0,36.33565596545976,33.77078613260377,0.0,0.0,0.0,3.5099194368547657
municipio,SUL,PR,Paraná,410380,Cambira,10045,0,0,0,0,0,0,0,0.0,0.0,0.0,0.0,0.0,0.0,16.63898015826809,1.5071662780834487
municipio,SUL,PR,Paraná,410370,Cambé,110923,2,2,1,139,95,10,10,68.34532374100719,100.0,12.53121534758346,8.564499697988694,9.0152628399881,9.0152628399881,88.73773978054471,6.6430467958039205
municipio,SUL,PR,Paraná,410400,Campina Grande do Sul,50600,1,1,1,582,466,163,86,80.06872852233677,52.760736196319016,115.0197628458498,92.09486166007905,322.1343873517786,169.9604743083004,0.0,0.0
municipio,SUL,PR,Paraná,410390,Campina da Lagoa,16014,1,1,1,36,28,0,0,77.77777777777779,0.0,22.480329711502435,17.484700886724116,0.0,0.0,0.0,2.4027636413368194
municipio,SUL,PR,Paraná,410395,Campina do Simão,3954,0,0,0,0,0,0,0,0.0,0.0,0.0,0.0,0.0,0.0,6.5495796461714315,0.5932638589887463
municipio,SUL,PR,Paraná,410405,Campo Bonito,3997,0,0,0,0,0,0,0,0.0,0.0,0.0,0.0,0.0,0.0,6.620806738934551,0.5997156409656093
municipio,SUL,PR,Paraná,410420,Campo Largo,144504,5,5,1,1322,1233,552,508,93.267776096823,92.02898550724638,91.485356806732,85.32635774788241,381.99634612190664,351.5473620107402,0.0,0.0
municipio,SUL,PR,Paraná,410425,Campo Magro,31888,0,0,0,0,0,0,0,0.0,0.0,0.0,0.0,0.0,0.0,52.820686837914664,4.784521480888503
municipio,SUL,PR,Paraná,410430,Campo Mourão,104122,3,3,1,289,214,52,38,74.0484429065744,73.07692307692307,27.755901730662107,20.552813046234224,49.94141487869999,36.4956493344346,0.0,0.0
municipio,SUL,PR,Paraná,410410,Campo do Tenente,7693,0,0,0,0,0,0,0,0.0,0.0,0.0,0.0,0.0,0.0,12.74302382852727,1.1542688080931778
municipio,SUL,PR,Paraná,410442,Candói,15174,1,1,1,41,39,0,0,95.1219512195122,0.0,27.019902464742323,25.701858442071963,0.0,0.0,0.0,2.2767288306260083
municipio,SUL,PR,Paraná,410445,Cantagalo,10672,0,0,0,0,0,0,0,0.0,0.0,0.0,0.0,0.0,0.0,17.677570557395427,1.6012422617925899
municipio,SUL,PR,Paraná,410450,Capanema,21088,1,1,1,39,29,0,0,74.35897435897436,0.0,18.493930197268586,13.751896813353566,0.0,0.0,5.931091446247636,3.164073914606647
municipio,SUL,PR,Paraná,410460,Capitão Leônidas Marques,14776,1,1,1,35,33,0,0,94.28571428571428,0.0,23.687060097455333,22.33351380617217,0.0,0.0,0.0,2.2170123369796952
municipio,SUL,PR,Paraná,410465,Carambeí,24469,0,0,0,0,0,0,0,0.0,0.0,0.0,0.0,0.0,0.0,40.53152867025007,3.671364027717661
municipio,SUL,PR,Paraná,410470,Carlópolis,17788,1,1,1,50,50,0,0,100.0,0.0,28.10883741848437,28.10883741848437,0.0,0.0,0.0,2.6689371582427466
municipio,SUL,PR,Paraná,410480,Cascavel,368195,18,18,1,1203,758,162,95,63.009143807148796,58.64197530864198,32.67290430342617,20.586917258517907,43.99842474775594,25.801545376770463,0.0,0.0
municipio,SUL,PR,Paraná,410490,Castro,75644,1,1,1,156,119,10,9,76.28205128205127,90.0,20.62291787848342,15.731584791920048,13.21981915287399,11.89783723758659,6.300051278450115,2.34973478739118
municipio,SUL,PR,Paraná,410500,Catanduvas,10621,0,0,0,0,0,0,0,0.0,0.0,0.0,0.0,0.0,0.0,17.593091912490333,1.5935901482851478
municipio,SUL,PR,Paraná,410510,Centenário do Sul,10903,1,1,1,25,25,0,0,100.0,0.0,22.929468953499036,22.929468953499036,0.0,0.0,0.0,1.635901834738063
municipio,SUL,PR,Paraná,410520,Cerro Azul,16287,1,1,1,17,17,0,0,100.0,0.0,10.437772456560447,10.437772456560447,0.0,0.0,9.978503717044541,2.443724954817833
municipio,SUL,PR,Paraná,410540,Chopinzinho,21604,1,1,1,87,80,10,10,91.95402298850574,100.0,40.27032031105351,37.03017959637104,46.287724495463806,46.287724495463806,0.0,0.0
municipio,SUL,PR,Paraná,410550,Cianorte,82988,2,2,1,171,130,20,16,76.0233918128655,80.0,20.605388730900852,15.664915409456787,24.099869860702753,19.2798958885622,7.464976144783721,0.0
municipio,SUL,PR,Paraná,410560,Cidade Gaúcha,11705,1,1,1,18,18,0,0,100.0,0.0,15.378043571123452,15.378043571123452,0.0,0.0,1.3886772277280235,1.7562350706786232
municipio,SUL,PR,Paraná,410570,Clevelândia,14833,1,1,1,56,50,0,0,89.28571428571429,0.0,37.75365738555923,33.70862266567788,0.0,0.0,0.0,2.225564699135072
municipio,SUL,PR,Paraná,410580,Colombo,241672,3,3,1,43,39,0,0,90.69767441860465,0.0,1.7792710781555166,1.6137574894898872,0.0,0.0,361.3161386569404,36.26081520726563
municipio,SUL,PR,Paraná,410590,Colorado,23313,1,1,1,121,95,20,15,78.51239669421489,75.0,51.902372067087036,40.74979625101874,85.78904473898683,64.34178355424012,0.0,0.0
municipio,SUL,PR,Paraná,410600,Congonhinhas,8445,1,1,1,1,1,0,0,100.0,0.0,1.1841326228537596,1.1841326228537596,0.0,0.0,12.988669729872974,1.2670999719676181
municipio,SUL,PR,Paraná,410610,Conselheiro Mairinck,3474,1,1,1,20,20,0,0,100.0,0.0,57.570523891767415,57.570523891767415,0.0,0.0,0.0,0.5212439671539971
municipio,SUL,PR,Paraná,410620,Contenda,20006,1,1,1,16,16,0,0,100.0,0.0,7.997600719784065,7.997600719784065,0.0,0.0,17.138819019045442,3.0017290750958163
municipio,SUL,PR,Paraná,410630,Corbélia,17933,1,1,1,34,33,0,0,97.05882352941177,0.0,18.959460213015113,18.401829030279373,0.0,0.0,0.0,2.6906931672344934
municipio,SUL,PR,Paraná,410640,Cornélio Procópio,45720,4,4,1,358,224,58,24,62.56983240223464,41.37931034482759,78.30271216097988,48.99387576552931,126.85914260717409,52.493438320209975,0.0,0.0
municipio,SUL,PR,Paraná,410645,Coronel Domingos Soares,5427,0,0,0,0,0,0,0,0.0,0.0,0.0,0.0,0.0,0.0,8.989521684312686,0.8142749020566329
municipio,SUL,PR,Paraná,410650,Coronel Vivida,24010,1,1,1,51,51,0,0,100.0,0.0,21.241149521032902,21.241149521032902,0.0,0.0,0.0,3.6024950061506824
municipio,SUL,PR,Paraná,410655,Corumbataí do Sul,3770,0,0,0,0,0,0,0,0.0,0.0,0.0,0.0,0.0,0.0,6.244793946905993,0.5656562337854258
municipio,SUL,PR,Paraná,410680,Cruz Machado,15759,1,1,1,37,37,0,0,100.0,0.0,23.47864712227933,23.47864712227933,0.0,0.0,0.0,2.3645030737996087
municipio,SUL,PR,Paraná,410657,Cruzeiro do Iguaçu,4129,0,0,0,0,0,0,0,0.0,0.0,0.0,0.0,0.0,0.0,6.839457349277148,0.6195211112201653
municipio,SUL,PR,Paraná,410660,Cruzeiro do Oeste,24859,1,1,1,32,32,0,0,100.0,0.0,12.872601472303792,12.872601472303792,0.0,0.0,9.177541837171379,3.729880189833395
municipio,SUL,PR,Paraná,410670,Cruzeiro do Sul,4543,1,1,1,11,11,0,0,100.0,0.0,24.213075060532688,24.213075060532688,0.0,0.0,0.0,0.6816382679276365
municipio,SUL,PR,Paraná,410685,Cruzmaltina,2870,0,0,0,0,0,0,0,0.0,0.0,0.0,0.0,0.0,0.0,4.7539943309337405,0.43061893659527106
municipio,SUL,PR,Paraná,410690,Curitiba,1830795,59,59,1,6094,3133,899,416,51.41122415490646,46.273637374860954,33.28608609920827,17.112784336859125,49.1043508421205,22.722369243962323,0.0,0.0
municipio,SUL,PR,Paraná,410700,Curiúva,13784,1,1,1,19,16,0,0,84.21052631578947,0.0,13.784097504352872,11.607661056297156,0.0,0.0,6.8324243406239304,2.0681712271878805
municipio,SUL,PR,Paraná,410440,Cândido de Abreu,15081,1,1,1,31,31,0,0,100.0,0.0,20.555666069889266,20.555666069889266,0.0,0.0,0.0,2.2627749765830254
municipio,SUL,PR,Paraná,410530,Céu Azul,11255,1,1,1,35,33,0,0,94.28571428571428,0.0,31.09729009329187,29.320302087960908,0.0,0.0,0.0,1.6887164220835458
municipio,SUL,PR,Paraná,410715,Diamante D'Oeste,4513,0,0,0,0,0,0,0,0.0,0.0,0.0,0.0,0.0,0.0,7.475531852091976,0.6771370246879646
municipio,SUL,PR,Paraná,410710,Diamante do Norte,5139,1,1,1,19,19,0,0,100.0,0.0,36.972173574625415,36.972173574625415,0.0,0.0,0.0,0.7710629669557834
municipio,SUL,PR,Paraná,410712,Diamante do Sul,3147,0,0,0,0,0,0,0,0.0,0.0,0.0,0.0,0.0,0.0,5.212829323849645,0.4721804158415743
municipio,SUL,PR,Paraná,410720,Dois Vizinhos,47589,1,1,1,52,50,0,0,96.15384615384616,0.0,10.92689487066339,10.50662968333018,0.0,0.0,28.828514360559506,7.140322151091413
municipio,SUL,PR,Paraná,410725,Douradina,9631,0,0,0,0,0,0,0,0.0,0.0,0.0,0.0,0.0,0.0,15.953212334920856,1.4450491213759777
municipio,SUL,PR,Paraná,410730,Doutor Camargo,6517,0,0,0,0,0,0,0,0.0,0.0,0.0,0.0,0.0,0.0,10.79504566365686,0.9778200730980423
municipio,SUL,PR,Paraná,412863,Doutor Ulysses,5744,1,1,1,4,4,0,0,100.0,0.0,6.963788300835654,6.963788300835654,0.0,0.0,5.5146144379384685,0.8618380389558318
municipio,SUL,PR,Paraná,410750,Engenheiro Beltrão,12347,1,1,1,38,34,0,0,89.47368421052632,0.0,30.776706892362515,27.537053535271728,0.0,0.0,0.0,1.8525616760076
municipio,SUL,PR,Paraná,410753,Entre Rios do Oeste,4770,1,1,1,10,8,0,0,80.0,0.0,20.964360587002098,16.771488469601675,0.0,0.0,0.0,0.71569767510782
municipio,SUL,PR,Paraná,410740,Enéas Marques,6146,0,0,0,0,0,0,0,0.0,0.0,0.0,0.0,0.0,0.0,10.180504933072742,0.9221546983674341
municipio,SUL,PR,Paraná,410752,Esperança Nova,1852,0,0,0,0,0,0,0,0.0,0.0,0.0,0.0,0.0,0.0,3.0677343208673475,0.2778767493290739
municipio,SUL,PR,Paraná,410754,Espigão Alto do Iguaçu,4880,0,0,0,0,0,0,0,0.0,0.0,0.0,0.0,0.0,0.0,8.083446806605105,0.7322022336532832
municipio,SUL,PR,Paraná,410755,Farol,2994,0,0,0,0,0,0,0,0.0,0.0,0.0,0.0,0.0,0.0,4.9593933891343625,0.4492240753192479
municipio,SUL,PR,Paraná,410760,Faxinal,16596,1,1,1,30,30,0,0,100.0,0.0,18.076644974692694,18.076644974692694,0.0,0.0,0.0,2.490087760186453
municipio,SUL,PR,Paraná,410765,Fazenda Rio Grande,165943,1,1,1,84,84,0,0,100.0,0.0,5.061979113309992,5.061979113309992,0.0,0.0,190.87528963698176,24.898326897362047
municipio,SUL,PR,Paraná,410773,Fernandes Pinheiro,6400,0,0,0,0,0,0,0,0.0,0.0,0.0,0.0,0.0,0.0,10.601241713580466,0.9602652244633222
municipio,SUL,PR,Paraná,410775,Figueira,8129,1,1,1,31,31,0,0,100.0,0.0,38.13507196457129,38.13507196457129,0.0,0.0,0.0,1.2196868765097417
municipio,SUL,PR,Paraná,410785,Flor da Serra do Sul,4342,0,0,0,0,0,0,0,0.0,0.0,0.0,0.0,0.0,0.0,7.192279925057247,0.6514799382218351
municipio,SUL,PR,Paraná,410780,Floraí,4805,0,0,0,0,0,0,0,0.0,0.0,0.0,0.0,0.0,0.0,7.959213505274085,0.7209491255541036
municipio,SUL,PR,Paraná,410790,Floresta,11522,1,1,1,24,24,0,0,100.0,0.0,20.829717063009895,20.829717063009895,0.0,0.0,0.0,1.7287774869166248
municipio,SUL,PR,Paraná,410800,Florestópolis,11653,1,1,1,22,22,0,0,100.0,0.0,18.87925856002746,18.87925856002746,0.0,0.0,0.0,1.7484329157298586
municipio,SUL,PR,Paraná,410810,Flórida,2711,0,0,0,0,0,0,0,0.0,0.0,0.0,0.0,0.0,0.0,4.490619732111975,0.40676234742501044
municipio,SUL,PR,Paraná,410820,Formosa do Oeste,7763,1,1,1,45,44,0,0,97.77777777777777,0.0,57.967280690454714,56.67911889733351,0.0,0.0,0.0,1.1647717089857454
municipio,SUL,PR,Paraná,410830,Foz do Iguaçu,297352,5,5,1,633,364,95,61,57.50394944707741,64.21052631578948,21.287901207995912,12.24138394898975,31.948666899835885,20.51440716726304,128.5469415650904,0.0
municipio,SUL,PR,Paraná,410845,Foz do Jordão,4893,0,0,0,0,0,0,0,0.0,0.0,0.0,0.0,0.0,0.0,8.104980578835816,0.7341527723904744
municipio,SUL,PR,Paraná,410832,Francisco Alves,8573,0,0,0,0,0,0,0,0.0,0.0,0.0,0.0,0.0,0.0,14.200694564144584,1.2863052764568847
municipio,SUL,PR,Paraná,410840,Francisco Beltrão,102312,7,7,1,399,283,64,46,70.92731829573935,71.875,38.99835796387521,27.660489483149583,62.55375713503793,44.960512940808506,0.0,0.0
municipio,SUL,PR,Paraná,410770,Fênix,4488,0,0,0,0,0,0,0,0.0,0.0,0.0,0.0,0.0,0.0,7.434120751648302,0.6733859886549048
municipio,SUL,PR,Paraná,410850,General Carneiro,10691,0,0,0,0,0,0,0,0.0,0.0,0.0,0.0,0.0,0.0,17.70904299373262,1.6040930491777154
municipio,SUL,PR,Paraná,410855,Godoy Moreira,2911,1,1,1,10,10,0,0,100.0,0.0,34.35245620061834,34.35245620061834,0.0,0.0,0.0,0.4367706356894892
municipio,SUL,PR,Paraná,410860,Goioerê,28931,2,2,1,119,65,10,10,54.621848739495796,100.0,41.13234938301476,22.467249662991257,34.56499948152501,34.56499948152501,0.0,0.0
municipio,SUL,PR,Paraná,410865,Goioxim,6469,0,0,0,0,0,0,0,0.0,0.0,0.0,0.0,0.0,0.0,10.715536350805005,0.9706180839145675
municipio,SUL,PR,Paraná,410870,Grandes Rios,5527,1,1,1,26,26,0,0,100.0,0.0,47.04179482540257,47.04179482540257,0.0,0.0,0.0,0.8292790461888722
municipio,SUL,PR,Paraná,410890,Guairaçá,6762,1,1,1,16,16,0,0,100.0,0.0,23.661638568470863,23.661638568470863,0.0,0.0,0.0,1.014580226222029
municipio,SUL,PR,Paraná,410895,Guamiranga,7916,0,0,0,0,0,0,0,0.0,0.0,0.0,0.0,0.0,0.0,13.112410844484838,1.1877280495080718
municipio,SUL,PR,Paraná,410900,Guapirama,4857,1,1,1,4,4,0,0,100.0,0.0,8.235536339304097,8.235536339304097,0.0,0.0,4.045348594196926,0.7287512805028682
municipio,SUL,PR,Paraná,410910,Guaporema,2210,0,0,0,0,0,0,0,0.0,0.0,0.0,0.0,0.0,0.0,3.6607412792207548,0.331591585322491
municipio,SUL,PR,Paraná,410920,Guaraci,4743,0,0,0,0,0,0,0,0.0,0.0,0.0,0.0,0.0,0.0,7.8565139761737735,0.7116465561921153
municipio,SUL,PR,Paraná,410930,Guaraniaçu,13770,1,1,1,48,47,0,0,97.91666666666666,0.0,34.85838779956427,34.13217138707335,0.0,0.0,0.0,2.066070647009367
municipio,SUL,PR,Paraná,410940,Guarapuava,189630,5,5,1,563,433,74,56,76.90941385435168,75.67567567567568,29.68939513790012,22.833939777461374,39.02336128249749,29.531192321889996,0.0,0.0
municipio,SUL,PR,Paraná,410950,Guaraqueçaba,7446,1,1,1,14,14,0,0,100.0,0.0,18.802041364491004,18.802041364491004,0.0,0.0,0.0,1.1172085720865466
municipio,SUL,PR,Paraná,410960,Guaratuba,44913,1,1,1,33,33,0,0,100.0,0.0,7.347538574577516,7.347538574577516,0.0,0.0,41.39587016906867,6.7388112541126866
municipio,SUL,PR,Paraná,410880,Guaíra,33058,1,1,1,59,49,0,0,83.05084745762711,0.0,17.84741968661141,14.822433299050155,0.0,0.0,5.758726338678597,4.960069967235705
municipio,SUL,PR,Paraná,410965,Honório Serpa,4803,0,0,0,0,0,0,0,0.0,0.0,0.0,0.0,0.0,0.0,7.955900617238591,0.7206490426714589
municipio,SUL,PR,Paraná,410970,Ibaiti,29464,1,1,1,51,51,0,0,100.0,0.0,17.309258756448546,17.309258756448546,0.0,0.0,0.0,4.42082102712302
municipio,SUL,PR,Paraná,410975,Ibema,6343,1,1,1,31,31,0,0,100.0,0.0,48.87277313574019,48.87277313574019,0.0,0.0,0.0,0.9517128623079457
municipio,SUL,PR,Paraná,410980,Ibiporã,53276,2,2,1,127,68,0,0,53.54330708661418,0.0,23.838125985434342,12.763721000075082,0.0,0.0,20.24871148948639,7.993607827891868
municipio,SUL,PR,Paraná,410990,Icaraíma,9149,0,0,0,0,0,0,0,0.0,0.0,0.0,0.0,0.0,0.0,15.154806318366827,1.3727291466585838
municipio,SUL,PR,Paraná,411000,Iguaraçu,5693,0,0,0,0,0,0,0,0.0,0.0,0.0,0.0,0.0,0.0,9.430135793033374,0.8541859254483896
municipio,SUL,PR,Paraná,411005,Iguatu,2156,0,0,0,0,0,0,0,0.0,0.0,0.0,0.0,0.0,0.0,3.5712933022624194,0.32348934749108166
municipio,SUL,PR,Paraná,411007,Imbaú,15068,0,0,0,0,0,0,0,0.0,0.0,0.0,0.0,0.0,0.0,24.95929845941101,2.2608244378458346
municipio,SUL,PR,Paraná,411010,Imbituva,30849,0,0,0,0,0,0,0,0.0,0.0,0.0,0.0,0.0,0.0,51.099641503475596,4.628628423354536
municipio,SUL,PR,Paraná,411030,Inajá,2481,1,1,1,11,11,0,0,100.0,0.0,44.336960902861755,44.336960902861755,0.0,0.0,0.0,0.3722528159208598
municipio,SUL,PR,Paraná,411040,Indianópolis,4544,1,1,1,16,16,0,0,100.0,0.0,35.2112676056338,35.2112676056338,0.0,0.0,0.0,0.6817883093689588
municipio,SUL,PR,Paraná,411020,Inácio Martins,9555,0,0,0,0,0,0,0,0.0,0.0,0.0,0.0,0.0,0.0,15.827322589572086,1.4336459718354757
municipio,SUL,PR,Paraná,411050,Ipiranga,14317,0,0,0,0,0,0,0,0.0,0.0,0.0,0.0,0.0,0.0,23.71530900208305,2.1481433154127165
municipio,SUL,PR,Paraná,411060,Iporã,16102,2,2,1,37,32,0,0,86.48648648648648,0.0,22.978511986088687,19.873307663644265,0.0,0.0,0.0,2.41596728817319
municipio,SUL,PR,Paraná,411065,Iracema do Oeste,2328,0,0,0,0,0,0,0,0.0,0.0,0.0,0.0,0.0,0.0,3.8562016733148945,0.34929647539853353
municipio,SUL,PR,Paraná,411070,Irati,61004,4,4,1,231,142,22,20,61.471861471861466,90.9090909090909,37.8663694183988,23.277162153301422,36.06320896990361,32.784735427185105,0.0,0.0
municipio,SUL,PR,Paraná,411080,Iretama,10832,1,1,1,20,20,0,0,100.0,0.0,18.46381093057607,18.46381093057607,0.0,0.0,0.0,1.625248892404173
municipio,SUL,PR,Paraná,411090,Itaguajé,4530,0,0,0,0,0,0,0,0.0,0.0,0.0,0.0,0.0,0.0,7.503691400393674,0.6796877291904453
municipio,SUL,PR,Paraná,411095,Itaipulândia,12116,1,1,1,25,25,0,0,100.0,0.0,20.633872565203035,20.633872565203035,0.0,0.0,0.0,1.8179021030621272
municipio,SUL,PR,Paraná,411100,Itambaracá,5819,1,1,1,21,21,0,0,100.0,0.0,36.088675030073894,36.088675030073894,0.0,0.0,0.0,0.8730911470550112
municipio,SUL,PR,Paraná,411110,Itambé,6228,0,0,0,0,0,0,0,0.0,0.0,0.0,0.0,0.0,0.0,10.31633334252799,0.9344580965558704
municipio,SUL,PR,Paraná,411120,Itapejara d'Oeste,12869,0,0,0,0,0,0,0,0.0,0.0,0.0,0.0,0.0,0.0,21.316778064385474,1.9308833083778896
municipio,SUL,PR,Paraná,411125,Itaperuçu,33310,1,1,1,37,37,0,0,100.0,0.0,11.107775442809967,11.107775442809967,0.0,0.0,18.176150231150835,4.997880410448948
municipio,SUL,PR,Paraná,411130,Itaúna do Sul,3607,1,1,1,17,17,0,0,100.0,0.0,47.130579428888275,47.130579428888275,0.0,0.0,0.0,0.5411994788498755
municipio,SUL,PR,Paraná,411150,Ivaiporã,33566,3,3,1,247,187,51,30,75.7085020242915,58.82352941176471,73.58636715724245,55.711136268843475,151.9394625513913,89.37615444199487,0.0,0.0
municipio,SUL,PR,Paraná,411160,Ivatuba,2685,0,0,0,0,0,0,0,0.0,0.0,0.0,0.0,0.0,0.0,4.447552187650555,0.4028612699506282
municipio,SUL,PR,Paraná,411155,Ivaté,6788,1,1,1,1,1,0,0,100.0,0.0,1.473187978786093,1.473187978786093,0.0,0.0,10.243941992466281,1.018481303696411
municipio,SUL,PR,Paraná,411140,Ivaí,13476,1,1,1,21,21,0,0,100.0,0.0,15.58325912733749,15.58325912733749,0.0,0.0,1.322239583157868,2.021958463260583
municipio,SUL,PR,Paraná,411170,Jaboti,5655,1,1,1,18,18,0,0,100.0,0.0,31.83023872679045,31.83023872679045,0.0,0.0,0.0,0.8484843506781388
municipio,SUL,PR,Paraná,411180,Jacarezinho,41493,1,1,1,101,80,10,9,79.20792079207921,90.0,24.341455185211963,19.280360542742148,24.100450678427684,21.690405610584918,0.0,0.0
municipio,SUL,PR,Paraná,411190,Jaguapitã,15908,1,1,1,29,29,0,0,100.0,0.0,18.229821473472466,18.229821473472466,0.0,0.0,0.0,2.3868592485566453
municipio,SUL,PR,Paraná,411200,Jaguariaíva,36384,1,1,1,71,71,0,0,100.0,0.0,19.514072119613015,19.514072119613015,0.0,0.0,0.0,5.459107801073987
municipio,SUL,PR,Paraná,411210,Jandaia do Sul,21930,2,2,1,363,352,0,0,96.96969696969697,0.0,165.5266757865937,160.51071591427268,0.0,0.0,0.0,3.2904088082001026
municipio,SUL,PR,Paraná,411220,Janiópolis,5807,0,0,0,0,0,0,0,0.0,0.0,0.0,0.0,0.0,0.0,9.618970411056527,0.8712906497591425
municipio,SUL,PR,Paraná,411230,Japira,5054,0,0,0,0,0,0,0,0.0,0.0,0.0,0.0,0.0,0.0,8.371668065693074,0.7583094444433798
municipio,SUL,PR,Paraná,411240,Japurá,9393,1,1,1,19,16,0,0,84.21052631578947,0.0,20.227829234536355,17.033961460662194,0.0,0.0,0.0,1.4093392583412478
municipio,SUL,PR,Paraná,411250,Jardim Alegre,12138,1,1,1,23,23,0,0,100.0,0.0,18.948755972977427,18.948755972977427,0.0,0.0,0.0,1.8212030147712197
municipio,SUL,PR,Paraná,411260,Jardim Olinda,1349,0,0,0,0,0,0,0,0.0,0.0,0.0,0.0,0.0,0.0,2.234542979940633,0.20240590434390965
municipio,SUL,PR,Paraná,411270,Jataizinho,11996,0,0,0,0,0,0,0,0.0,0.0,0.0,0.0,0.0,0.0,19.870702436892387,1.7998971301034399
municipio,SUL,PR,Paraná,411275,Jesuítas,10954,1,1,1,31,30,0,0,96.7741935483871,0.0,28.30016432353478,27.387255796969143,0.0,0.0,0.0,1.6435539482455053
municipio,SUL,PR,Paraná,411280,Joaquim Távora,12341,1,1,1,31,26,0,0,83.87096774193549,0.0,25.119520298193017,21.0679847662264,0.0,0.0,0.0,1.8516614273596657
municipio,SUL,PR,Paraná,411290,Jundiaí do Sul,3372,1,1,1,14,14,0,0,100.0,0.0,41.51838671411625,41.51838671411625,0.0,0.0,0.0,0.5059397401391129
municipio,SUL,PR,Paraná,411295,Juranda,7899,0,0,0,0,0,0,0,0.0,0.0,0.0,0.0,0.0,0.0,13.08425129618314,1.1851773450055911
municipio,SUL,PR,Paraná,411300,Jussara,6786,1,1,1,18,18,0,0,100.0,0.0,26.52519893899204,26.52519893899204,0.0,0.0,0.0,1.0181812208137664
municipio,SUL,PR,Paraná,411310,Kaloré,4666,1,1,1,23,23,0,0,100.0,0.0,49.29275610801543,49.29275610801543,0.0,0.0,0.0,0.700093365210291
municipio,SUL,PR,Paraná,411320,Lapa,45878,2,2,1,114,112,0,0,98.24561403508771,0.0,24.84851126901783,24.412572474824536,0.0,0.0,0.0,6.883601244988797
municipio,SUL,PR,Paraná,411325,Laranjal,5525,0,0,0,0,0,0,0,0.0,0.0,0.0,0.0,0.0,0.0,9.151853198051887,0.8289789633062273
municipio,SUL,PR,Paraná,411330,Laranjeiras do Sul,33179,2,2,1,129,114,10,10,88.37209302325581,100.0,38.880014466982125,34.35908255221676,30.139546098435755,30.139546098435755,0.0,0.0
municipio,SUL,PR,Paraná,411340,Leópolis,3725,0,0,0,0,0,0,0,0.0,0.0,0.0,0.0,0.0,0.0,6.170253966107381,0.558904368925918
municipio,SUL,PR,Paraná,411342,Lidianópolis,3987,0,0,0,0,0,0,0,0.0,0.0,0.0,0.0,0.0,0.0,6.6042422987570815,0.5982152265523852
municipio,SUL,PR,Paraná,411345,Lindoeste,5217,1,1,1,20,20,0,0,100.0,0.0,38.33620854897451,38.33620854897451,0.0,0.0,0.0,0.78276619937893
municipio,SUL,PR,Paraná,411350,Loanda,23966,4,4,1,196,162,12,0,82.6530612244898,0.0,81.78252524409581,67.59576066093634,50.0709338229158,0.0,0.0,3.5958931827324974
municipio,SUL,PR,Paraná,411360,Lobato,4707,0,0,0,0,0,0,0,0.0,0.0,0.0,0.0,0.0,0.0,7.7968819915348835,0.706245064304509
municipio,SUL,PR,Paraná,411370,Londrina,581382,21,21,1,2272,1448,274,155,63.732394366197184,56.56934306569343,39.07929726066511,24.906171845705575,47.12908208372465,26.66061212765445,0.0,0.0
municipio,SUL,PR,Paraná,411373,Luiziana,6659,0,0,0,0,0,0,0,0.0,0.0,0.0,0.0,0.0,0.0,11.030260714176926,0.9991259577658224
municipio,SUL,PR,Paraná,411375,Lunardelli,4864,1,1,1,21,19,0,0,90.47619047619048,0.0,43.174342105263165,39.0625,0.0,0.0,0.0,0.7298015705921249
municipio,SUL,PR,Paraná,411380,Lupionópolis,4929,1,1,1,16,16,0,0,100.0,0.0,32.460945425035504,32.460945425035504,0.0,0.0,0.0,0.7395542642780805
municipio,SUL,PR,Paraná,411390,Mallet,13681,1,1,1,39,33,0,0,84.61538461538461,0.0,28.50668810759447,24.121043783349172,0.0,0.0,0.0,2.052716958731674
municipio,SUL,PR,Paraná,411400,Mamborê,13551,1,1,1,4,4,0,0,100.0,0.0,2.9518116744151723,2.9518116744151723,0.0,0.0,18.44647288448889,2.0332115713597623
municipio,SUL,PR,Paraná,411420,Mandaguari,38313,2,2,1,80,47,0,0,58.75,0.0,20.880641035679794,12.26737660846188,0.0,0.0,16.46333965193881,5.748537741384886
municipio,SUL,PR,Paraná,411410,Mandaguaçu,34521,0,0,0,0,0,0,0,0.0,0.0,0.0,0.0,0.0,0.0,57.182103936642385,5.179580595890367
municipio,SUL,PR,Paraná,411430,Mandirituba,29104,1,1,1,50,50,0,0,100.0,0.0,17.179769103903244,17.179769103903244,0.0,0.0,0.0,4.366806108246958
municipio,SUL,PR,Paraná,411435,Manfrinópolis,2790,0,0,0,0,0,0,0,0.0,0.0,0.0,0.0,0.0,0.0,4.6214788095139845,0.41861562128947954
municipio,SUL,PR,Paraná,411440,Mangueirinha,16737,1,1,1,68,51,0,0,75.0,0.0,40.62854752942583,30.471410647069366,0.0,0.0,0.0,2.51124360341291
municipio,SUL,PR,Paraná,411450,Manoel Ribas,14675,1,1,1,33,33,0,0,100.0,0.0,22.487223168654175,22.487223168654175,0.0,0.0,0.0,2.2018581514061335
municipio,SUL,PR,Paraná,411460,Marechal Cândido Rondon,58734,3,3,1,108,28,0,0,25.925925925925924,0.0,18.387986515476555,4.7672557632717,0.0,0.0,69.28958293834924,8.812534014629495
municipio,SUL,PR,Paraná,411470,Maria Helena,5926,1,1,1,1,1,0,0,100.0,0.0,1.6874789065136686,1.6874789065136686,0.0,0.0,8.816087249168413,0.8891455812765074
municipio,SUL,PR,Paraná,411480,Marialva,44749,0,0,0,0,0,0,0,0.0,0.0,0.0,0.0,0.0,0.0,74.12421335015817,6.714204457735814
municipio,SUL,PR,Paraná,411500,Marilena,7450,1,1,1,23,23,0,0,100.0,0.0,30.87248322147651,30.87248322147651,0.0,0.0,0.0,1.117808737851836
municipio,SUL,PR,Paraná,411510,Mariluz,9910,1,1,1,2,2,0,0,100.0,0.0,2.0181634712411705,2.0181634712411705,0.0,0.0,14.415360215872253,1.4869106835049257
municipio,SUL,PR,Paraná,411490,Marilândia do Sul,8761,0,0,0,0,0,0,0,0.0,0.0,0.0,0.0,0.0,0.0,14.51210603948101,1.3145130674254946
municipio,SUL,PR,Paraná,411520,Maringá,429660,20,20,1,1877,870,285,132,46.350559403303144,46.31578947368421,43.68570497602755,20.24856863566541,66.33151794442117,30.721966205837173,0.0,0.0
municipio,SUL,PR,Paraná,411535,Maripá,6824,0,0,0,0,0,0,0,0.0,0.0,0.0,0.0,0.0,0.0,11.303573977105172,1.0238827955840175
municipio,SUL,PR,Paraná,411530,Mariópolis,6506,0,0,0,0,0,0,0,0.0,0.0,0.0,0.0,0.0,0.0,10.776824779461643,0.976169617243496
municipio,SUL,PR,Paraná,411540,Marmeleiro,16605,0,0,0,0,0,0,0,0.0,0.0,0.0,0.0,0.0,0.0,27.505252914688068,2.491438133158354
municipio,SUL,PR,Paraná,411545,Marquinho,4491,0,0,0,0,0,0,0,0.0,0.0,0.0,0.0,0.0,0.0,7.439090083701544,0.6738361129788719
municipio,SUL,PR,Paraná,411550,Marumbi,4780,1,1,1,21,21,0,0,100.0,0.0,43.93305439330544,43.93305439330544,0.0,0.0,0.0,0.7171980895210439
municipio,SUL,PR,Paraná,411560,Matelândia,19223,1,1,1,46,40,0,0,86.95652173913044,0.0,23.929667585704625,20.80840659626489,0.0,0.0,0.0,2.884246626540382
municipio,SUL,PR,Paraná,411570,Matinhos,42063,1,1,1,10,10,0,0,100.0,0.0,2.3773863015001306,2.3773863015001306,0.0,0.0,59.675004718489866,6.3111931463438635
municipio,SUL,PR,Paraná,411573,Mato Rico,3249,0,0,0,0,0,0,0,0.0,0.0,0.0,0.0,0.0,0.0,5.381786613659833,0.4874846428564584
municipio,SUL,PR,Paraná,411575,Mauá da Serra,9689,0,0,0,0,0,0,0,0.0,0.0,0.0,0.0,0.0,0.0,16.049286087950176,1.4537515249726765
municipio,SUL,PR,Paraná,411580,Medianeira,57910,2,2,1,148,96,10,3,64.86486486486487,30.0,25.556898635814193,16.577447763771367,17.26817475392851,5.180452426178553,0.0,5.688899866979843
municipio,SUL,PR,Paraná,411585,Mercedes,6194,0,0,0,0,0,0,0,0.0,0.0,0.0,0.0,0.0,0.0,10.260014245924594,0.9293566875509092
municipio,SUL,PR,Paraná,411590,Mirador,2248,0,0,0,0,0,0,0,0.0,0.0,0.0,0.0,0.0,0.0,3.723686151895139,0.33729316009274196
municipio,SUL,PR,Paraná,411600,Miraselva,2017,1,1,1,10,10,0,0,100.0,0.0,49.5785820525533,49.5785820525533,0.0,0.0,0.0,0.3026335871472689
municipio,SUL,PR,Paraná,411605,Missal,11423,1,1,1,43,38,0,0,88.37209302325581,0.0,37.64335113367767,33.26621728092445,0.0,0.0,0.0,1.7139233842257078
municipio,SUL,PR,Paraná,411610,Moreira Sales,11043,0,0,0,0,0,0,0,0.0,0.0,0.0,0.0,0.0,0.0,18.292111287979544,1.656907636523198
municipio,SUL,PR,Paraná,411620,Morretes,19089,1,1,1,18,18,0,0,100.0,0.0,9.42951438000943,9.42951438000943,0.0,0.0,13.619859854771487,2.864141073403181
municipio,SUL,PR,Paraná,411630,Munhoz de Melo,4057,0,0,0,0,0,0,0,0.0,0.0,0.0,0.0,0.0,0.0,6.720193379999367,0.6087181274449529
municipio,SUL,PR,Paraná,411640,Nossa Senhora das Graças,3669,0,0,0,0,0,0,0,0.0,0.0,0.0,0.0,0.0,0.0,6.077493101113552,0.550502048211864
municipio,SUL,PR,Paraná,411650,Nova Aliança do Ivaí,1322,0,0,0,0,0,0,0,0.0,0.0,0.0,0.0,0.0,0.0,2.189818991461465,0.198354785428205
municipio,SUL,PR,Paraná,411660,Nova América da Colina,3286,0,0,0,0,0,0,0,0.0,0.0,0.0,0.0,0.0,0.0,5.443075042316471,0.49303617618538703
municipio,SUL,PR,Paraná,411670,Nova Aurora,14331,1,1,1,38,34,0,0,89.47368421052632,0.0,26.515944456074244,23.72479240806643,0.0,0.0,0.0,2.1502438955912297
municipio,SUL,PR,Paraná,411680,Nova Cantu,6739,1,1,1,21,21,0,0,100.0,0.0,31.161893456002375,31.161893456002375,0.0,0.0,0.0,1.011129273071614
municipio,SUL,PR,Paraná,411690,Nova Esperança,27142,1,1,1,40,40,0,0,100.0,0.0,14.737307493920861,14.737307493920861,0.0,0.0,4.959203529687657,4.072424800372421
municipio,SUL,PR,Paraná,411695,Nova Esperança do Sudoeste,5783,1,1,1,13,13,0,0,100.0,0.0,22.479681826041848,22.479681826041848,0.0,0.0,0.0,0.8676896551674051
municipio,SUL,PR,Paraná,411700,Nova Fátima,7140,1,1,1,16,14,0,0,87.5,0.0,22.408963585434172,19.607843137254903,0.0,0.0,0.0,1.071295891041894
municipio,SUL,PR,Paraná,411705,Nova Laranjeiras,12298,0,0,0,0,0,0,0,0.0,0.0,0.0,0.0,0.0,0.0,20.370948530251965,1.8452096453828026
municipio,SUL,PR,Paraná,411710,Nova Londrina,13074,1,1,1,34,32,0,0,94.11764705882352,0.0,26.005813064096678,24.476059354443937,0.0,0.0,0.0,1.9616418038489807
municipio,SUL,PR,Paraná,411720,Nova Olímpia,5982,1,1,1,8,8,0,0,100.0,0.0,13.373453694416582,13.373453694416582,0.0,0.0,1.9088481141622426,0.8975479019905616
municipio,SUL,PR,Paraná,411725,Nova Prata do Iguaçu,13340,0,0,0,0,0,0,0,0.0,0.0,0.0,0.0,0.0,0.0,22.096963196744284,2.0015528272407375
municipio,SUL,PR,Paraná,411721,Nova Santa Bárbara,4308,0,0,0,0,0,0,0,0.0,0.0,0.0,0.0,0.0,0.0,7.135960828453851,0.6463785292168738
municipio,SUL,PR,Paraná,411722,Nova Santa Rosa,8581,1,1,1,19,12,0,0,63.1578947368421,0.0,22.14194149865983,13.984384104416733,0.0,0.0,2.213946116286561,1.2875056079874638
municipio,SUL,PR,Paraná,411727,Nova Tebas,6852,1,1,1,50,50,0,0,100.0,0.0,72.97139521307648,72.97139521307648,0.0,0.0,0.0,1.0280839559410444
municipio,SUL,PR,Paraná,411729,Novo Itacolomi,3227,0,0,0,0,0,0,0,0.0,0.0,0.0,0.0,0.0,0.0,5.345344845269401,0.48418373114736574
municipio,SUL,PR,Paraná,411730,Ortigueira,24706,0,0,0,0,0,0,0,0.0,0.0,0.0,0.0,0.0,0.0,40.9241059024561,3.7069238493110688
municipio,SUL,PR,Paraná,411740,Ourizona,3193,0,0,0,0,0,0,0,0.0,0.0,0.0,0.0,0.0,0.0,5.289025748666004,0.47908232214240437
municipio,SUL,PR,Paraná,411745,Ouro Verde do Oeste,7102,0,0,0,0,0,0,0,0.0,0.0,0.0,0.0,0.0,0.0,11.764065414038823,1.0655943162716428
municipio,SUL,PR,Paraná,411750,Paiçandu,48695,1,1,1,26,26,0,0,100.0,0.0,5.339357223534244,5.339357223534244,0.0,0.0,54.66054144418762,7.306267985193981
municipio,SUL,PR,Paraná,411760,Palmas,50238,1,1,1,101,100,10,10,99.00990099009901,100.0,20.10430351526733,19.905251005215177,19.905251005215177,19.905251005215177,0.0,0.0
municipio,SUL,PR,Paraná,411770,Palmeira,34948,1,1,1,42,35,0,0,83.33333333333334,0.0,12.017855099004235,10.014879249170196,0.0,0.0,22.889405532220334,5.243648291335029
municipio,SUL,PR,Paraná,411780,Palmital,12879,0,0,0,0,0,0,0,0.0,0.0,0.0,0.0,0.0,0.0,21.333342504562943,1.9323837227911138
municipio,SUL,PR,Paraná,411790,Palotina,37039,2,2,1,80,60,10,10,75.0,100.0,21.598855260671186,16.199141445503386,26.998569075838983,26.998569075838983,1.3530299733292093,0.0
municipio,SUL,PR,Paraná,411810,Paranacity,9549,0,0,0,0,0,0,0,0.0,0.0,0.0,0.0,0.0,0.0,15.817383925465604,1.4327457231875413
municipio,SUL,PR,Paraná,411820,Paranaguá,150104,5,5,1,236,116,35,10,49.152542372881356,28.57142857142857,15.722432446836859,7.727975270479134,23.3171667643767,6.662047646964771,132.63887283988785,12.521820508256646
municipio,SUL,PR,Paraná,411830,Paranapoema,2352,1,1,1,6,6,0,0,100.0,0.0,25.51020408163265,25.51020408163265,0.0,0.0,0.0,0.3528974699902709
municipio,SUL,PR,Paraná,411840,Paranavaí,96209,3,3,1,244,175,32,30,71.72131147540983,93.75,25.361452670748058,18.18956646467586,33.26092153540729,31.182113939444335,0.0,0.0
municipio,SUL,PR,Paraná,411800,Paraíso do Norte,13728,0,0,0,0,0,0,0,0.0,0.0,0.0,0.0,0.0,0.0,22.7396634756301,2.0597689064738263
municipio,SUL,PR,Paraná,411845,Pato Bragado,6004,1,1,1,20,20,0,0,100.0,0.0,33.311125916055964,33.311125916055964,0.0,0.0,0.0,0.9008488136996543
municipio,SUL,PR,Paraná,411850,Pato Branco,97821,4,4,1,315,211,43,40,66.98412698412697,93.02325581395348,32.201674487073326,21.57001052943642,43.95784136330645,40.89101522168042,0.0,0.0
municipio,SUL,PR,Paraná,411860,Paula Freitas,5706,0,0,0,0,0,0,0,0.0,0.0,0.0,0.0,0.0,0.0,9.451669565264085,0.8561364641855809
municipio,SUL,PR,Paraná,411870,Paulo Frontin,6414,0,0,0,0,0,0,0,0.0,0.0,0.0,0.0,0.0,0.0,10.624431929828924,0.9623658046418359
municipio,SUL,PR,Paraná,411880,Peabiru,13494,0,0,0,0,0,0,0,0.0,0.0,0.0,0.0,0.0,0.0,22.352055575477316,2.024659209204386
municipio,SUL,PR,Paraná,411885,Perobal,7599,0,0,0,0,0,0,0,0.0,0.0,0.0,0.0,0.0,0.0,12.587318090859057,1.1401649126088729
municipio,SUL,PR,Paraná,411915,Pinhais,131255,3,3,1,305,270,20,0,88.52459016393442,0.0,23.2372100110472,20.57064492781227,15.237514761342425,0.0,0.0,19.693689380770838
municipio,SUL,PR,Paraná,411925,Pinhal de São Bento,2805,0,0,0,0,0,0,0,0.0,0.0,0.0,0.0,0.0,0.0,4.646325469780189,0.42086624290931546
municipio,SUL,PR,Paraná,411920,Pinhalão,6676,1,1,1,27,27,0,0,100.0,0.0,40.44337926902337,40.44337926902337,0.0,0.0,0.0,1.001676662268303
municipio,SUL,PR,Paraná,411930,Pinhão,30451,0,0,0,0,0,0,0,0.0,0.0,0.0,0.0,0.0,0.0,50.44037678441231,4.568911929708222
municipio,SUL,PR,Paraná,411950,Piraquara,127433,4,4,1,644,484,0,0,75.15527950310559,0.0,50.53636028344307,37.98074282171808,0.0,0.0,0.0,19.12023099203665
municipio,SUL,PR,Paraná,411940,Piraí do Sul,23977,1,1,1,18,18,0,0,100.0,0.0,7.507194394628185,7.507194394628185,0.0,0.0,21.716558213518567,3.597543638587043
municipio,SUL,PR,Paraná,411960,Pitanga,34527,1,1,1,95,82,0,0,86.31578947368422,0.0,27.514698641642774,23.749529353839023,0.0,0.0,0.0,5.180480844538302
municipio,SUL,PR,Paraná,411965,Pitangueiras,3141,0,0,0,0,0,0,0,0.0,0.0,0.0,0.0,0.0,0.0,5.202890659743163,0.47128016719363985
municipio,SUL,PR,Paraná,411910,Piên,14409,1,1,1,64,61,0,0,95.3125,0.0,44.416684016933864,42.33465195364008,0.0,0.0,0.0,2.161947128014377
municipio,SUL,PR,Paraná,411970,Planaltina do Paraná,4125,1,1,1,12,12,0,0,100.0,0.0,29.09090909090909,29.09090909090909,0.0,0.0,0.0,0.6189209454548756
municipio,SUL,PR,Paraná,411980,Planalto,14722,1,1,1,43,36,0,0,83.72093023255815,0.0,29.207988045102567,24.453199293574244,0.0,0.0,0.0,2.208910099148286
municipio,SUL,PR,Paraná,411990,Ponta Grossa,375632,6,6,1,953,622,148,70,65.26757607555089,47.2972972972973,25.37057545683009,16.558759637091622,39.40026408825659,18.63526004174298,0.21337927432148604,0.0
municipio,SUL,PR,Paraná,411995,Pontal do Paraná,33131,0,0,0,0,0,0,0,0.0,0.0,0.0,0.0,0.0,0.0,54.87964675197413,4.971022992452239
municipio,SUL,PR,Paraná,412000,Porecatu,11271,1,1,1,31,31,0,0,100.0,0.0,27.50421435542543,27.50421435542543,0.0,0.0,0.0,1.691117085144704
municipio,SUL,PR,Paraná,412010,Porto Amazonas,4072,0,0,0,0,0,0,0,0.0,0.0,0.0,0.0,0.0,0.0,6.745040040265573,0.6109687490647888
municipio,SUL,PR,Paraná,412015,Porto Barreiro,3057,0,0,0,0,0,0,0,0.0,0.0,0.0,0.0,0.0,0.0,5.06374936225242,0.45867668612255874
municipio,SUL,PR,Paraná,412020,Porto Rico,3370,1,1,1,10,10,0,0,100.0,0.0,29.673590504451038,29.673590504451038,0.0,0.0,0.0,0.5056396572564681
municipio,SUL,PR,Paraná,412030,Porto Vitória,3515,0,0,0,0,0,0,0,0.0,0.0,0.0,0.0,0.0,0.0,5.822400722380522,0.5273956662482153
municipio,SUL,PR,Paraná,412033,Prado Ferreira,3816,1,1,1,12,12,0,0,100.0,0.0,31.446540880503147,31.446540880503147,0.0,0.0,0.0,0.5725581400862558
municipio,SUL,PR,Paraná,412035,Pranchita,5831,1,1,1,40,40,0,0,100.0,0.0,68.59886811867604,68.59886811867604,0.0,0.0,0.0,0.8748916443508801
municipio,SUL,PR,Paraná,412040,Presidente Castelo Branco,4304,0,0,0,0,0,0,0,0.0,0.0,0.0,0.0,0.0,0.0,7.129335052382863,0.6457783634515842
municipio,SUL,PR,Paraná,412050,Primeiro de Maio,10064,1,1,1,10,10,0,0,100.0,0.0,9.936406995230524,9.936406995230524,0.0,0.0,6.670452594605285,1.5100170654685743
municipio,SUL,PR,Paraná,412060,Prudentópolis,50946,2,2,1,145,125,10,0,86.20689655172413,0.0,28.461508263651712,24.535782985906643,19.628626388725316,0.0,0.0,7.644011269610691
municipio,SUL,PR,Paraná,411890,Pérola,12389,1,1,1,21,21,0,0,100.0,0.0,16.950520623133425,16.950520623133425,0.0,0.0,0.0,1.8588634165431406
municipio,SUL,PR,Paraná,411900,Pérola d'Oeste,6218,0,0,0,0,0,0,0,0.0,0.0,0.0,0.0,0.0,0.0,10.299768902350522,0.9329576821426465
municipio,SUL,PR,Paraná,412065,Quarto Centenário,4127,0,0,0,0,0,0,0,0.0,0.0,0.0,0.0,0.0,0.0,6.836144461241654,0.6192210283375205
municipio,SUL,PR,Paraná,412070,Quatiguá,8426,1,1,1,28,26,0,0,92.85714285714286,0.0,33.23047709470686,30.856871587942084,0.0,0.0,0.0,1.2642491845824928
municipio,SUL,PR,Paraná,412080,Quatro Barras,25397,0,0,0,0,0,0,0,0.0,0.0,0.0,0.0,0.0,0.0,42.068708718719236,3.810602485264843
municipio,SUL,PR,Paraná,412085,Quatro Pontes,4672,1,1,1,1,1,0,0,100.0,0.0,2.1404109589041096,2.1404109589041096,0.0,0.0,6.73890645091374,0.7009936138582253
municipio,SUL,PR,Paraná,412090,Quedas do Iguaçu,31423,1,1,1,47,47,0,0,100.0,0.0,14.957196957642491,14.957196957642491,0.0,0.0,5.050440369662342,4.71475221067359
municipio,SUL,PR,Paraná,412100,Querência do Norte,10625,1,1,1,28,27,0,0,96.42857142857143,0.0,26.35294117647059,25.411764705882355,0.0,0.0,0.0,1.5941903140504372
municipio,SUL,PR,Paraná,412110,Quinta do Sol,5052,0,0,0,0,0,0,0,0.0,0.0,0.0,0.0,0.0,0.0,8.36835517765758,0.758009361560735
municipio,SUL,PR,Paraná,412120,Quitandinha,18882,1,1,1,25,24,0,0,96.0,0.0,13.240122868340219,12.71051795360661,0.0,0.0,7.276975943097868,2.8330824950494455
municipio,SUL,PR,Paraná,412125,Ramilândia,4279,0,0,0,0,0,0,0,0.0,0.0,0.0,0.0,0.0,0.0,7.08792395193919,0.6420273274185244
municipio,SUL,PR,Paraná,412130,Rancho Alegre,3472,1,1,1,16,16,0,0,100.0,0.0,46.08294930875576,46.08294930875576,0.0,0.0,0.0,0.5209438842713524
municipio,SUL,PR,Paraná,412135,Rancho Alegre D'Oeste,2623,0,0,0,0,0,0,0,0.0,0.0,0.0,0.0,0.0,0.0,4.344852658550244,0.3935587005886398
municipio,SUL,PR,Paraná,412140,Realeza,20097,1,1,1,31,31,0,0,100.0,0.0,15.425187838980943,15.425187838980943,0.0,0.0,2.2895554246604104,3.0153828462561547
municipio,SUL,PR,Paraná,412150,Rebouças,14825,1,1,1,56,52,0,0,92.85714285714286,0.0,37.77403035413154,35.07588532883643,0.0,0.0,0.0,2.2243643676044926
municipio,SUL,PR,Paraná,412160,Renascença,6945,0,0,0,0,0,0,0,0.0,0.0,0.0,0.0,0.0,0.0,11.504003703252554,1.042037809984027
municipio,SUL,PR,Paraná,412170,Reserva,24878,0,0,0,0,0,0,0,0.0,0.0,0.0,0.0,0.0,0.0,41.209014273508565,3.732730977218521
municipio,SUL,PR,Paraná,412175,Reserva do Iguaçu,6493,0,0,0,0,0,0,0,0.0,0.0,0.0,0.0,0.0,0.0,10.755291007230932,0.974219078506305
municipio,SUL,PR,Paraná,412180,Ribeirão Claro,12856,1,1,1,54,51,0,0,94.44444444444444,0.0,42.00373366521469,39.67019290603609,0.0,0.0,0.0,1.9289327696406986
municipio,SUL,PR,Paraná,412190,Ribeirão do Pinhal,13158,1,1,1,53,51,0,0,96.22641509433963,0.0,40.279677762577904,38.75968992248062,0.0,0.0,0.0,1.9742452849200616
municipio,SUL,PR,Paraná,412200,Rio Azul,14174,1,1,1,56,53,0,0,94.64285714285714,0.0,39.508960067729646,37.39240863552984,0.0,0.0,0.0,2.1266873893036142
municipio,SUL,PR,Paraná,412210,Rio Bom,3214,0,0,0,0,0,0,0,0.0,0.0,0.0,0.0,0.0,0.0,5.323811073038691,0.48223319241017465
municipio,SUL,PR,Paraná,412215,Rio Bonito do Iguaçu,14297,0,0,0,0,0,0,0,0.0,0.0,0.0,0.0,0.0,0.0,23.682180121728113,2.1451424865862685
municipio,SUL,PR,Paraná,412217,Rio Branco do Ivaí,3841,0,0,0,0,0,0,0,0.0,0.0,0.0,0.0,0.0,0.0,6.3624014721660265,0.5763091761193158
municipio,SUL,PR,Paraná,412220,Rio Branco do Sul,40308,1,1,1,24,24,0,0,100.0,0.0,5.954153021732659,5.954153021732659,0.0,0.0,42.76794546734397,6.047870416823062
municipio,SUL,PR,Paraná,412230,Rio Negro,31951,1,1,1,38,28,0,0,73.68421052631578,0.0,11.893211480078872,8.763418985321273,0.0,0.0,24.925042811032732,4.7939740916918145
municipio,SUL,PR,Paraná,412240,Rolândia,75818,3,3,1,245,235,0,0,95.91836734693877,0.0,32.314226173204254,30.99527816613469,0.0,0.0,0.0,11.375841998181276
municipio,SUL,PR,Paraná,412250,Roncador,11339,1,1,1,32,32,0,0,100.0,0.0,28.22118352588412,28.22118352588412,0.0,0.0,0.0,1.7013199031546267
municipio,SUL,PR,Paraná,412260,Rondon,9255,1,1,1,32,28,0,0,87.5,0.0,34.57590491626148,30.253916801728796,0.0,0.0,0.0,1.3886335394387577
municipio,SUL,PR,Paraná,412265,Rosário do Ivaí,5484,1,1,1,20,20,0,0,100.0,0.0,36.46973012399708,36.46973012399708,0.0,0.0,0.0,0.8228272642120094
municipio,SUL,PR,Paraná,412270,Sabáudia,9511,0,0,0,0,0,0,0,0.0,0.0,0.0,0.0,0.0,0.0,15.754439052791222,1.4270441484172904
municipio,SUL,PR,Paraná,412280,Salgado Filho,4090,0,0,0,0,0,0,0,0.0,0.0,0.0,0.0,0.0,0.0,6.774856032585016,0.6136694950085919
municipio,SUL,PR,Paraná,412290,Salto do Itararé,5214,1,1,1,16,16,0,0,100.0,0.0,30.686612965093975,30.686612965093975,0.0,0.0,0.0,0.7823160750549628
municipio,SUL,PR,Paraná,412300,Salto do Lontra,15706,1,1,1,24,24,0,0,100.0,0.0,15.280784413599898,15.280784413599898,0.0,0.0,2.016109742733563,2.356550877409522
municipio,SUL,PR,Paraná,412310,Santa Amélia,3358,1,1,1,4,4,0,0,100.0,0.0,11.911852293031567,11.911852293031567,0.0,0.0,1.5623390115942508,0.5038391599605995
municipio,SUL,PR,Paraná,412320,Santa Cecília do Pavão,3357,0,0,0,0,0,0,0,0.0,0.0,0.0,0.0,0.0,0.0,5.560682567576504,0.503689118519277
municipio,SUL,PR,Paraná,412330,Santa Cruz de Monte Castelo,8840,0,0,0,0,0,0,0,0.0,0.0,0.0,0.0,0.0,0.0,14.642965116883019,1.326366341289964
municipio,SUL,PR,Paraná,412340,Santa Fé,11730,0,0,0,0,0,0,0,0.0,0.0,0.0,0.0,0.0,0.0,19.4300883281717,1.7599861067116829
municipio,SUL,PR,Paraná,412350,Santa Helena,26461,2,2,1,50,50,0,0,100.0,0.0,18.89573334341106,18.89573334341106,0.0,0.0,0.0,3.9702465788318704
municipio,SUL,PR,Paraná,412360,Santa Inês,1745,0,0,0,0,0,0,0,0.0,0.0,0.0,0.0,0.0,0.0,2.890494810968424,0.2618223151075777
municipio,SUL,PR,Paraná,412370,Santa Isabel do Ivaí,9043,1,1,1,27,19,0,0,70.37037037037037,0.0,29.85734822514652,21.010726528806813,0.0,0.0,0.0,1.35682475387841
municipio,SUL,PR,Paraná,412380,Santa Izabel do Oeste,14462,1,1,1,50,50,0,0,100.0,0.0,34.57336467985064,34.57336467985064,0.0,0.0,0.0,2.1698993244044638
municipio,SUL,PR,Paraná,412382,Santa Lúcia,3638,0,0,0,0,0,0,0,0.0,0.0,0.0,0.0,0.0,0.0,6.026143336563397,0.5458507635308697
municipio,SUL,PR,Paraná,412385,Santa Maria do Oeste,9869,0,0,0,0,0,0,0,0.0,0.0,0.0,0.0,0.0,0.0,16.347446011144626,1.4807589844107074
municipio,SUL,PR,Paraná,412390,Santa Mariana,10941,1,1,1,40,40,0,0,100.0,0.0,36.55972945800201,36.55972945800201,0.0,0.0,0.0,1.6416034095083138
municipio,SUL,PR,Paraná,412395,Santa Mônica,3361,0,0,0,0,0,0,0,0.0,0.0,0.0,0.0,0.0,0.0,5.5673083436474915,0.5042892842845667
municipio,SUL,PR,Paraná,412402,Santa Tereza do Oeste,13938,0,0,0,0,0,0,0,0.0,0.0,0.0,0.0,0.0,0.0,23.08751671935696,2.091277609151529
municipio,SUL,PR,Paraná,412405,Santa Terezinha de Itaipu,25300,0,0,0,0,0,0,0,0.0,0.0,0.0,0.0,0.0,0.0,41.90803364899778,3.796048465456571
municipio,SUL,PR,Paraná,412400,Santana do Itararé,5646,1,1,1,20,20,0,0,100.0,0.0,35.423308537017355,35.423308537017355,0.0,0.0,0.0,0.8471339777062371
municipio,SUL,PR,Paraná,412410,Santo Antônio da Platina,45628,2,2,1,185,162,20,20,87.56756756756758,100.0,40.5452792145174,35.504514771631456,43.83273428596476,43.83273428596476,0.0,0.0
municipio,SUL,PR,Paraná,412420,Santo Antônio do Caiuá,2474,1,1,1,10,10,0,0,100.0,0.0,40.42037186742118,40.42037186742118,0.0,0.0,0.0,0.37120252583160307
municipio,SUL,PR,Paraná,412430,Santo Antônio do Paraíso,2088,1,1,1,10,10,0,0,100.0,0.0,47.892720306513404,47.892720306513404,0.0,0.0,0.0,0.3132865294811589
municipio,SUL,PR,Paraná,412440,Santo Antônio do Sudoeste,24980,1,1,1,29,24,0,0,82.75862068965517,0.0,11.609287429943954,9.607686148919136,0.0,0.0,17.377971563318756,3.748035204233405
municipio,SUL,PR,Paraná,412450,Santo Inácio,6463,0,0,0,0,0,0,0,0.0,0.0,0.0,0.0,0.0,0.0,10.705597686698523,0.969717835266633
municipio,SUL,PR,Paraná,412620,Sapopema,6778,1,1,1,31,31,0,0,100.0,0.0,45.73620537031572,45.73620537031572,0.0,0.0,0.0,1.0169808892831873
municipio,SUL,PR,Paraná,412625,Sarandi,128106,1,1,1,221,159,52,40,71.94570135746606,76.92307692307693,17.25133873510999,12.411596646527096,40.59138525908232,31.2241425069864,53.20041733749048,0.0
municipio,SUL,PR,Paraná,412627,Saudade do Iguaçu,6413,0,0,0,0,0,0,0,0.0,0.0,0.0,0.0,0.0,0.0,10.622775485811175,0.9622157632005135
municipio,SUL,PR,Paraná,412630,Sengés,17256,0,0,0,0,0,0,0,0.0,0.0,0.0,0.0,0.0,0.0,28.583597970241332,2.5891151114592326
municipio,SUL,PR,Paraná,412635,Serranópolis do Iguaçu,5161,0,0,0,0,0,0,0,0.0,0.0,0.0,0.0,0.0,0.0,8.548907575591999,0.774363878664876
municipio,SUL,PR,Paraná,412640,Sertaneja,5654,1,1,1,23,23,0,0,100.0,0.0,40.67916519278387,40.67916519278387,0.0,0.0,0.0,0.8483343092368163
municipio,SUL,PR,Paraná,412650,Sertanópolis,16210,1,1,1,16,16,0,0,100.0,0.0,9.870450339296731,9.870450339296731,0.0,0.0,10.850957527678023,2.4321717638360085
municipio,SUL,PR,Paraná,412660,Siqueira Campos,24031,1,1,1,54,35,0,0,64.81481481481481,0.0,22.470974990637092,14.564520827264783,0.0,0.0,4.8060061904769045,3.605645876418453
municipio,SUL,PR,Paraná,412665,Sulina,3498,0,0,0,0,0,0,0,0.0,0.0,0.0,0.0,0.0,0.0,5.794241174078824,0.5248449617457346
municipio,SUL,PR,Paraná,412460,São Carlos do Ivaí,6727,1,1,1,20,20,0,0,100.0,0.0,29.730935037906942,29.730935037906942,0.0,0.0,0.0,1.0093287757757452
municipio,SUL,PR,Paraná,412470,São Jerônimo da Serra,10884,1,1,1,20,20,0,0,100.0,0.0,18.375597206909223,18.375597206909223,0.0,0.0,0.0,1.6330510473529374
municipio,SUL,PR,Paraná,412520,São Jorge d'Oeste,9587,0,0,0,0,0,0,0,0.0,0.0,0.0,0.0,0.0,0.0,15.880328798139988,1.4384472979577922
municipio,SUL,PR,Paraná,412530,São Jorge do Ivaí,5170,0,0,0,0,0,0,0,0.0,0.0,0.0,0.0,0.0,0.0,8.56381557175172,0.7757142516367774
municipio,SUL,PR,Paraná,412535,São Jorge do Patrocínio,6690,1,1,1,24,24,0,0,100.0,0.0,35.874439461883405,35.874439461883405,0.0,0.0,0.0,1.0037772424468165
municipio,SUL,PR,Paraná,412540,São José da Boa Vista,6023,1,1,1,18,18,0,0,100.0,0.0,29.885439149925286,29.885439149925286,0.0,0.0,0.0,0.9036996010847798
municipio,SUL,PR,Paraná,412545,São José das Palmeiras,4031,1,1,1,22,19,0,0,86.36363636363636,0.0,54.57702803274621,47.134706028280824,0.0,0.0,0.0,0.6048170499705706
municipio,SUL,PR,Paraná,412550,São José dos Pinhais,349880,2,2,1,197,133,20,20,67.51269035532995,100.0,5.6305018863610385,3.8013033039899393,5.716245569909683,5.716245569909683,446.5566329293021,32.49649948987925
municipio,SUL,PR,Paraná,412480,São João,12297,0,0,0,0,0,0,0,0.0,0.0,0.0,0.0,0.0,0.0,20.369292086234218,1.8450596039414804
municipio,SUL,PR,Paraná,412490,São João do Caiuá,5607,1,1,1,17,17,0,0,100.0,0.0,30.31924380238987,30.31924380238987,0.0,0.0,0.0,0.8412823614946637
municipio,SUL,PR,Paraná,412500,São João do Ivaí,10639,1,1,1,22,22,0,0,100.0,0.0,20.678635210076134,20.678635210076134,0.0,0.0,0.0,1.5962908942289509
municipio,SUL,PR,Paraná,412510,São João do Triunfo,13899,1,1,1,25,25,0,0,100.0,0.0,17.98690553277214,17.98690553277214,0.0,0.0,0.0,2.0854259929399555
municipio,SUL,PR,Paraná,412555,São Manoel do Paraná,2176,0,0,0,0,0,0,0,0.0,0.0,0.0,0.0,0.0,0.0,3.604422182617358,0.3264901763175296
municipio,SUL,PR,Paraná,412560,São Mateus do Sul,43490,1,1,1,50,38,0,0,76.0,0.0,11.496895838123706,8.737640836974018,0.0,0.0,34.038750331814754,6.52530228311092
municipio,SUL,PR,Paraná,412570,São Miguel do Iguaçu,30416,2,2,1,190,141,20,0,74.21052631578947,0.0,62.467122567069964,46.35718043135192,65.75486586007365,0.0,0.0,4.563660479261939
municipio,SUL,PR,Paraná,412575,São Pedro do Iguaçu,5730,0,0,0,0,0,0,0,0.0,0.0,0.0,0.0,0.0,0.0,9.49142422169001,0.8597374587773182
municipio,SUL,PR,Paraná,412580,São Pedro do Ivaí,8514,1,1,1,26,24,0,0,92.3076923076923,0.0,30.5379375146817,28.188865398167724,0.0,0.0,0.0,1.2774528314188636
municipio,SUL,PR,Paraná,412590,São Pedro do Paraná,2726,0,0,0,0,0,0,0,0.0,0.0,0.0,0.0,0.0,0.0,4.515466392378181,0.4090129690448463
municipio,SUL,PR,Paraná,412600,São Sebastião da Amoreira,8063,1,1,1,8,8,0,0,100.0,0.0,9.921865310678406,9.921865310678406,0.0,0.0,5.355908115093642,1.2097841413824637
municipio,SUL,PR,Paraná,412610,São Tomé,5282,0,0,0,0,0,0,0,0.0,0.0,0.0,0.0,0.0,0.0,8.749337301739377,0.7925188930648857
municipio,SUL,PR,Paraná,412667,Tamarana,10540,1,1,1,16,16,0,0,100.0,0.0,15.180265654648956,15.180265654648956,0.0,0.0,1.458919947052831,1.5814367915380338
municipio,SUL,PR,Paraná,412670,Tamboara,4986,1,1,1,15,15,0,0,100.0,0.0,30.084235860409148,30.084235860409148,0.0,0.0,0.0,0.7481066264334569
municipio,SUL,PR,Paraná,412680,Tapejara,16326,0,0,0,0,0,0,0,0.0,0.0,0.0,0.0,0.0,0.0,27.04310503373667,2.4495765710294064
municipio,SUL,PR,Paraná,412690,Tapira,5807,0,0,0,0,0,0,0,0.0,0.0,0.0,0.0,0.0,0.0,9.618970411056527,0.8712906497591425
municipio,SUL,PR,Paraná,412700,Teixeira Soares,9540,1,1,1,5,5,0,0,100.0,0.0,5.241090146750524,5.241090146750524,0.0,0.0,10.802475929305883,1.43139535021564
municipio,SUL,PR,Paraná,412710,Telêmaco Borba,77479,3,3,1,302,224,32,10,74.17218543046357,31.25,38.97830379844861,28.911059771034733,41.301513958621044,12.906723112069077,0.0,1.6250608322177729
municipio,SUL,PR,Paraná,412720,Terra Boa,18168,2,2,1,66,64,0,0,96.96969696969697,0.0,36.327608982826945,35.22677234698371,0.0,0.0,0.0,2.7259529059452565
municipio,SUL,PR,Paraná,412730,Terra Rica,14961,1,1,1,33,31,0,0,93.93939393939394,0.0,22.057349107679965,20.72054007085088,0.0,0.0,0.0,2.244770003624338
municipio,SUL,PR,Paraná,412740,Terra Roxa,18636,0,0,0,0,0,0,0,0.0,0.0,0.0,0.0,0.0,0.0,30.86949071473212,2.796172300484137
municipio,SUL,PR,Paraná,412750,Tibagi,20374,1,1,1,16,16,0,0,100.0,0.0,7.853146166683027,7.853146166683027,0.0,0.0,17.748390417576317,3.056944325502458
municipio,SUL,PR,Paraná,412760,Tijucas do Sul,18458,1,1,1,19,19,0,0,100.0,0.0,10.2936396142594,10.2936396142594,0.0,0.0,11.574643679573164,2.76946492392875
municipio,SUL,PR,Paraná,412770,Toledo,160701,6,6,1,419,199,54,30,47.49403341288782,55.55555555555556,26.073266501141873,12.38324590388361,33.60277782963392,18.668209905352175,67.19221009595226,0.0
municipio,SUL,PR,Paraná,412780,Tomazina,8523,1,1,1,57,51,0,0,89.47368421052632,0.0,66.87785990848293,59.838085181274195,0.0,0.0,0.0,1.2788032043907651
municipio,SUL,PR,Paraná,412785,Três Barras do Paraná,11157,1,1,1,34,34,0,0,100.0,0.0,30.474141794389173,30.474141794389173,0.0,0.0,0.0,1.674012360833951
municipio,SUL,PR,Paraná,412788,Tunas do Paraná,6304,1,1,1,6,6,0,0,100.0,0.0,9.51776649746193,9.51776649746193,0.0,0.0,4.442223087876759,0.9458612460963725
municipio,SUL,PR,Paraná,412790,Tuneiras do Oeste,8067,1,1,1,22,22,0,0,100.0,0.0,27.271600347093095,27.271600347093095,0.0,0.0,0.0,1.2103843071477534
municipio,SUL,PR,Paraná,412795,Tupãssi,8208,0,0,0,0,0,0,0,0.0,0.0,0.0,0.0,0.0,0.0,13.596092497666948,1.2315401503742107
municipio,SUL,PR,Paraná,412796,Turvo,14101,1,1,1,49,49,0,0,100.0,0.0,34.74930855967662,34.74930855967662,0.0,0.0,0.0,2.1157343640870794
municipio,SUL,PR,Paraná,412800,Ubiratã,25732,2,2,1,106,51,0,0,48.113207547169814,0.0,41.19384424063423,19.819679776154203,0.0,0.0,0.0,3.8608663681078452
municipio,SUL,PR,Paraná,412810,Umuarama,123059,5,5,1,775,601,95,79,77.54838709677419,83.15789473684211,62.9779211597689,48.838362086478845,77.19874206681348,64.19684866608699,0.0,0.0
municipio,SUL,PR,Paraná,412830,Uniflor,2106,0,0,0,0,0,0,0,0.0,0.0,0.0,0.0,0.0,0.0,3.488471101375072,0.31598727542496197
municipio,SUL,PR,Paraná,412820,União da Vitória,56560,3,3,1,306,150,33,25,49.01960784313725,75.75757575757575,54.1018387553041,26.520509193776522,58.345120226308346,44.2008486562942,0.0,0.0
municipio,SUL,PR,Paraná,412840,Uraí,10308,1,1,1,31,31,0,0,100.0,0.0,30.07372914241366,30.07372914241366,0.0,0.0,0.0,1.5466271771512383
municipio,SUL,PR,Paraná,412853,Ventania,9760,0,0,0,0,0,0,0,0.0,0.0,0.0,0.0,0.0,0.0,16.16689361321021,1.4644044673065664
municipio,SUL,PR,Paraná,412855,Vera Cruz do Oeste,8178,1,1,1,27,26,0,0,96.29629629629629,0.0,33.01540719002201,31.792614331132306,0.0,0.0,0.0,1.2270389071345391
municipio,SUL,PR,Paraná,412860,Verê,8077,1,1,1,21,20,0,0,95.23809523809523,0.0,25.999752383310636,24.761668936486316,0.0,0.0,0.0,1.2118847215609772
municipio,SUL,PR,Paraná,412865,Virmond,3828,0,0,0,0,0,0,0,0.0,0.0,0.0,0.0,0.0,0.0,6.340867699935316,0.5743586373821247
municipio,SUL,PR,Paraná,412870,Vitorino,10549,0,0,0,0,0,0,0,0.0,0.0,0.0,0.0,0.0,0.0,17.473827943212555,1.5827871645099356
municipio,SUL,PR,Paraná,412850,Wenceslau Braz,19398,1,1,1,52,51,0,0,98.07692307692307,0.0,26.806887307969895,26.29137024435509,0.0,0.0,0.0,2.9105038787718005
municipio,SUL,PR,Paraná,412880,Xambrê,5835,0,0,0,0,0,0,0,0.0,0.0,0.0,0.0,0.0,0.0,9.66535084355344,0.8754918101161696
municipio,SUL,PR,Paraná,410115,Ângulo,3357,0,0,0,0,0,0,0,0.0,0.0,0.0,0.0,0.0,0.0,5.560682567576504,0.503689118519277
municipio,SUDESTE,RJ,Rio de Janeiro,330010,Angra dos Reis,179142,6,6,1,327,253,70,32,77.37003058103976,45.714285714285715,18.253675854908398,14.122874591106497,39.07514709001797,17.862924384008217,43.73869422722373,0.0
municipio,SUDESTE,RJ,Rio de Janeiro,330015,Aperibé,11426,1,1,1,35,35,0,0,100.0,0.0,30.63189217573954,30.63189217573954,0.0,0.0,0.0,1.7143735085496752
municipio,SUDESTE,RJ,Rio de Janeiro,330020,Araruama,137906,4,4,1,204,171,31,17,83.82352941176471,54.83870967741935,14.792684872304324,12.399750554725683,22.47907995301147,12.327237393586936,57.43356871141058,3.691615007006082
municipio,SUDESTE,RJ,Rio de Janeiro,330022,Areal,12239,1,1,1,20,20,0,0,100.0,0.0,16.341204346760357,16.341204346760357,0.0,0.0,0.27321833320489414,1.8363572003447814
municipio,SUDESTE,RJ,Rio de Janeiro,330023,Armação dos Búzios,42527,1,1,1,93,91,10,10,97.84946236559139,100.0,21.868460037152868,21.39817057398829,23.51447315822889,23.51447315822889,0.0,0.0
municipio,SUDESTE,RJ,Rio de Janeiro,330025,Arraial do Cabo,32822,1,1,1,84,75,9,0,89.28571428571429,0.0,25.592590335750412,22.85052708549144,27.420632502589722,0.0,0.0,4.92466018708362
municipio,SUDESTE,RJ,Rio de Janeiro,330040,Barra Mansa,181679,9,9,1,472,201,61,18,42.58474576271186,29.508196721311474,25.979887603960833,11.063469085585014,33.57570220003413,9.907584255747775,99.94109270024775,9.259379018011238
municipio,SUDESTE,RJ,Rio de Janeiro,330030,Barra do Piraí,98506,5,5,1,314,247,14,7,78.6624203821656,50.0,31.876230889488966,25.074614744279533,14.212332243721194,7.106166121860597,0.0,7.779982218903753
municipio,SUDESTE,RJ,Rio de Janeiro,330045,Belford Roxo,518384,11,11,1,595,359,1,0,60.33613445378151,0.0,11.477977715361586,6.925368066915645,0.19290718849347202,0.0,499.6740756957338,77.77908251846794
municipio,SUDESTE,RJ,Rio de Janeiro,330050,Bom Jardim,29758,1,1,1,50,42,3,0,84.0,0.0,16.802204449223737,14.11385173734794,10.081322669534243,0.0,7.292461080113676,4.464933210871804
municipio,SUDESTE,RJ,Rio de Janeiro,330060,Bom Jesus do Itabapoana,37176,1,1,1,327,230,97,25,70.33639143730886,25.773195876288657,87.95997417688831,61.867871745211964,260.9210243167635,67.24768667957822,0.0,0.0
municipio,SUDESTE,RJ,Rio de Janeiro,330070,Cabo Frio,238438,8,8,1,426,241,41,5,56.57276995305164,12.195121951219512,17.8662797037385,10.107449315964736,17.19524572425536,2.0969811858848004,153.95919870354678,30.775581186029008
municipio,SUDESTE,RJ,Rio de Janeiro,330080,Cachoeiras de Macacu,59861,1,1,1,82,82,0,0,100.0,0.0,13.698401296336513,13.698401296336513,0.0,0.0,17.156395346350045,8.981630718999833
municipio,SUDESTE,RJ,Rio de Janeiro,330090,Cambuci,15069,1,1,1,48,39,4,4,81.25,100.0,31.85347401951025,25.880947640852078,26.544561682925213,26.544561682925213,0.0,0.0
municipio,SUDESTE,RJ,Rio de Janeiro,330100,Campos dos Goytacazes,519259,19,19,1,1944,1198,382,184,61.62551440329218,48.167539267015705,37.43796448400509,23.07133819538997,73.56637053955734,35.43511041695955,0.0,0.0
municipio,SUDESTE,RJ,Rio de Janeiro,330110,Cantagalo,19995,2,2,1,108,81,25,10,75.0,40.0,54.01350337584396,40.51012753188297,125.03125781445361,50.01250312578145,0.0,0.0
municipio,SUDESTE,RJ,Rio de Janeiro,330093,Carapebus,14329,0,0,0,0,0,0,0,0.0,0.0,0.0,0.0,0.0,0.0,23.735186330296013,2.1499438127085853
municipio,SUDESTE,RJ,Rio de Janeiro,330115,Cardoso Moreira,13407,0,0,0,0,0,0,0,0.0,0.0,0.0,0.0,0.0,0.0,22.207944945933328,2.011605603809338
municipio,SUDESTE,RJ,Rio de Janeiro,330120,Carmo,17741,1,1,1,41,39,0,0,95.1219512195122,0.0,23.11030945268023,21.982977284256805,0.0,0.0,0.0,2.661885210500594
municipio,SUDESTE,RJ,Rio de Janeiro,330130,Casimiro de Abreu,48636,1,1,1,60,55,5,0,91.66666666666666,0.0,12.33654083395016,11.308495764454312,10.280450694958468,0.0,25.562811247140566,7.297415540155959
municipio,SUDESTE,RJ,Rio de Janeiro,330095,Comendador Levy Gasparian,9048,1,1,1,50,0,0,0,0.0,0.0,55.26083112290009,0.0,0.0,0.0,14.987505472574384,1.3575749610850218
municipio,SUDESTE,RJ,Rio de Janeiro,330140,Conceição de Macabu,21770,1,1,1,21,21,0,0,100.0,0.0,9.646302250803858,9.646302250803858,0.0,0.0,15.060786266351055,3.26640217758852
municipio,SUDESTE,RJ,Rio de Janeiro,330150,Cordeiro,21448,1,1,1,40,40,0,0,100.0,0.0,18.649757553151808,18.649757553151808,0.0,0.0,0.0,3.218088833482709
municipio,SUDESTE,RJ,Rio de Janeiro,330160,Duas Barras,11355,1,1,1,30,30,0,0,100.0,0.0,26.42007926023778,26.42007926023778,0.0,0.0,0.0,1.7037205662157853
municipio,SUDESTE,RJ,Rio de Janeiro,330170,Duque de Caxias,866225,17,17,1,1596,1023,378,49,64.09774436090225,12.962962962962962,18.42477416375653,11.809864642558228,43.63762301942336,5.65672890992525,411.8532192728498,80.96964750949084
municipio,SUDESTE,RJ,Rio de Janeiro,330180,Engenheiro Paulo de Frontin,12644,1,1,1,45,45,0,0,100.0,0.0,35.590003163555835,35.590003163555835,0.0,0.0,0.0,1.897123984080351
municipio,SUDESTE,RJ,Rio de Janeiro,330185,Guapimirim,54311,2,2,1,142,72,10,0,50.70422535211267,0.0,26.14571633739022,13.256982931634475,18.41247629393677,0.0,17.963131047854485,8.148900719660546
municipio,SUDESTE,RJ,Rio de Janeiro,330187,Iguaba Grande,29616,0,0,0,0,0,0,0,0.0,0.0,0.0,0.0,0.0,0.0,49.05724602959361,4.443627326204024
municipio,SUDESTE,RJ,Rio de Janeiro,330190,Itaboraí,240127,5,5,1,364,308,58,7,84.61538461538461,12.068965517241379,15.158645216906054,12.826545952766661,24.153885235729426,2.915124080174241,89.75693264952133,29.02900118042253
municipio,SUDESTE,RJ,Rio de Janeiro,330200,Itaguaí,124021,4,4,1,238,147,34,10,61.76470588235294,29.411764705882355,19.19029841720354,11.852831375331597,27.41471202457648,8.063150595463672,58.433843524994224,8.608289594244638
municipio,SUDESTE,RJ,Rio de Janeiro,330205,Italva,14518,1,1,1,56,0,0,0,0.0,0.0,38.57280617164899,0.0,0.0,0.0,24.04825424965019,2.1783016451185175
municipio,SUDESTE,RJ,Rio de Janeiro,330210,Itaocara,23645,3,3,1,88,44,12,0,50.0,0.0,37.217170649185874,18.608585324592937,50.75068724888983,0.0,0.0,3.5477298800680086
municipio,SUDESTE,RJ,Rio de Janeiro,330220,Itaperuna,107297,4,4,1,461,290,110,69,62.90672451193059,62.727272727272734,42.964854562569315,27.027782696627117,102.51917574582701,64.30748296783695,0.0,0.0
municipio,SUDESTE,RJ,Rio de Janeiro,330225,Itatiaia,32713,1,1,1,42,42,0,0,100.0,0.0,12.838932534466421,12.838932534466421,0.0,0.0,12.1872531525559,4.9083056699794785
municipio,SUDESTE,RJ,Rio de Janeiro,330227,Japeri,102171,1,1,1,34,30,0,0,88.23529411764706,0.0,3.3277544508715784,2.9362539272396275,0.0,0.0,139.24054173722342,15.329884101350329
municipio,SUDESTE,RJ,Rio de Janeiro,330230,Laje do Muriaé,7584,1,1,1,32,30,0,0,93.75,0.0,42.19409282700422,39.55696202531646,0.0,0.0,0.0,1.137914290989037
municipio,SUDESTE,RJ,Rio de Janeiro,330240,Macaé,264439,6,6,1,721,365,177,44,50.624133148404994,24.858757062146893,27.265267226089946,13.802805183804205,66.93415116529711,16.63899802979137,73.02839960898513,0.0
municipio,SUDESTE,RJ,Rio de Janeiro,330245,Macuco,5602,0,0,0,0,0,0,0,0.0,0.0,0.0,0.0,0.0,0.0,9.279399387418401,0.8405321542880518
municipio,SUDESTE,RJ,Rio de Janeiro,330250,Magé,244142,7,7,1,264,246,9,0,93.18181818181817,0.0,10.813379099048914,10.076103251386488,3.6863792383121297,0.0,158.40755538077534,36.63141756733194
municipio,SUDESTE,RJ,Rio de Janeiro,330260,Mangaratiba,43660,1,1,1,74,64,0,0,86.48648648648648,0.0,16.949152542372882,14.658726523133303,0.0,0.0,8.32034581483174,6.550809328135727
municipio,SUDESTE,RJ,Rio de Janeiro,330270,Maricá,212470,2,2,1,270,251,25,10,92.96296296296296,40.0,12.707676377841578,11.813432484586059,11.766367016519979,4.706546806607991,100.94466045069402,21.879305037769075
municipio,SUDESTE,RJ,Rio de Janeiro,330280,Mendes,18048,2,2,1,83,82,0,0,98.79518072289156,0.0,45.98847517730496,45.434397163120565,0.0,0.0,0.0,2.7079479329865688
municipio,SUDESTE,RJ,Rio de Janeiro,330285,Mesquita,178830,2,2,1,205,129,10,10,62.926829268292686,100.0,11.46340099535872,7.213554772689146,5.59190292456523,5.59190292456523,167.22188369368666,16.83191095168374
municipio,SUDESTE,RJ,Rio de Janeiro,330290,Miguel Pereira,28142,1,1,1,81,71,10,0,87.65432098765432,0.0,28.782602515812663,25.2291947978111,35.534077180015636,0.0,0.0,4.222466241694815
municipio,SUDESTE,RJ,Rio de Janeiro,330300,Miracema,28416,1,1,1,58,35,10,6,60.3448275862069,60.0,20.411036036036037,12.317004504504505,35.19144144144144,21.114864864864867,12.06951320829727,0.0
municipio,SUDESTE,RJ,Rio de Janeiro,330310,Natividade,15551,1,1,1,40,31,0,0,77.5,0.0,25.72181853257025,19.934409362741945,0.0,0.0,0.0,2.333294454004551
municipio,SUDESTE,RJ,Rio de Janeiro,330320,Nilópolis,155500,4,4,1,376,161,91,11,42.819148936170215,12.087912087912088,24.18006430868167,10.353697749196142,58.52090032154341,7.073954983922829,96.57704475965039,12.331444125632284
municipio,SUDESTE,RJ,Rio de Janeiro,330330,Niterói,516787,32,32,1,2902,1095,553,91,37.73259820813232,16.455696202531644,56.15466333324948,21.188613490664434,107.00733571084413,17.608802078999666,0.0,0.0
municipio,SUDESTE,RJ,Rio de Janeiro,330340,Nova Friburgo,203417,6,6,1,649,389,85,28,59.93836671802774,32.94117647058823,31.904904703146737,19.12327878200937,41.78608474217986,13.764827915071013,0.0,2.520979869477439
municipio,SUDESTE,RJ,Rio de Janeiro,330350,Nova Iguaçu,843220,12,12,1,1441,774,482,59,53.71269951422624,12.240663900414937,17.089253101207277,9.179099167477053,57.16183202485709,6.996987737482508,622.7467246445813,67.51794415186916
municipio,SUDESTE,RJ,Rio de Janeiro,330360,Paracambi,43627,3,3,1,77,59,0,0,76.62337662337663,0.0,17.649620647764,13.523735301533453,0.0,0.0,13.2656831622461,6.5458579605720875
municipio,SUDESTE,RJ,Rio de Janeiro,330380,Paraty,47668,1,1,1,69,67,0,0,97.10144927536231,0.0,14.475119577074768,14.055550893681296,0.0,0.0,11.959373437961506,7.152175424955882
municipio,SUDESTE,RJ,Rio de Janeiro,330370,Paraíba do Sul,44479,1,1,1,62,59,0,0,95.16129032258065,0.0,13.93916230131073,13.264686706086017,0.0,0.0,14.676973465366496,6.673693268578767
municipio,SUDESTE,RJ,Rio de Janeiro,330385,Paty do Alferes,31370,0,0,0,0,0,0,0,0.0,0.0,0.0,0.0,0.0,0.0,51.962648836721755,4.706800014283504
municipio,SUDESTE,RJ,Rio de Janeiro,330390,Petrópolis,294926,10,10,1,1521,720,189,53,47.337278106508876,28.04232804232804,51.57225880390335,24.412903575812237,64.08387188650713,17.970609576639564,0.0,0.0
municipio,SUDESTE,RJ,Rio de Janeiro,330395,Pinheiral,25096,1,1,1,43,43,0,0,100.0,0.0,17.134204654128148,17.134204654128148,0.0,0.0,0.0,3.7654400114268025
municipio,SUDESTE,RJ,Rio de Janeiro,330400,Piraí,29066,1,1,1,64,50,10,7,78.125,70.0,22.01885364343219,17.202229408931398,34.404458817862796,24.083121172503958,0.0,0.0
municipio,SUDESTE,RJ,Rio de Janeiro,330410,Porciúncula,17832,1,1,1,28,27,0,0,96.42857142857143,0.0,15.702108568864963,15.141318977119784,0.0,0.0,2.537709724463575,2.6755389816609316
municipio,SUDESTE,RJ,Rio de Janeiro,330411,Porto Real,21089,1,1,1,64,60,10,6,93.75,60.0,30.34757456493907,28.450851154630378,47.418085257717294,28.450851154630374,0.0,0.0
municipio,SUDESTE,RJ,Rio de Janeiro,330412,Quatis,14165,1,1,1,34,34,0,0,100.0,0.0,24.00282386163078,24.00282386163078,0.0,0.0,0.0,2.1253370163317125
municipio,SUDESTE,RJ,Rio de Janeiro,330414,Queimados,149135,2,2,1,111,111,0,0,100.0,0.0,7.442920843531029,7.442920843531029,0.0,0.0,136.03377858669106,22.376430351615245
municipio,SUDESTE,RJ,Rio de Janeiro,330415,Quissamã,23142,1,1,1,73,73,6,6,100.0,100.0,31.544378186846426,31.544378186846426,25.926886180969664,25.926886180969664,0.0,0.0
municipio,SUDESTE,RJ,Rio de Janeiro,330420,Resende,137697,8,8,1,466,200,99,33,42.91845493562232,33.33333333333333,33.84242212974865,14.52464469087925,71.89699121985228,23.965663739950763,28.087371911701478,0.0
municipio,SUDESTE,RJ,Rio de Janeiro,330430,Rio Bonito,59126,1,1,1,139,114,15,15,82.01438848920863,100.0,23.509116124885836,19.28085782904306,25.369549775056658,25.369549775056658,0.0,0.0
municipio,SUDESTE,RJ,Rio de Janeiro,330440,Rio Claro,17951,1,1,1,43,43,0,0,100.0,0.0,23.954097264776337,23.954097264776337,0.0,0.0,0.0,2.6933939131782965
municipio,SUDESTE,RJ,Rio de Janeiro,330450,Rio das Flores,9267,1,1,1,27,26,0,0,96.29629629629629,0.0,29.135642602784074,28.056544728606884,0.0,0.0,0.0,1.3904340367346262
municipio,SUDESTE,RJ,Rio de Janeiro,330452,Rio das Ostras,168455,4,4,1,129,99,16,0,76.74418604651163,0.0,7.6578314683446616,5.8769404291947405,9.498085542132914,0.0,180.03627700956213,25.2752309979639
municipio,SUDESTE,RJ,Rio de Janeiro,330455,Rio de Janeiro,6730729,195,195,1,20172,9658,3936,1158,47.87824707515368,29.42073170731707,29.970007706446065,14.349114338134843,58.47806381745573,17.204674263367313,1491.0757871258973,0.0
municipio,SUDESTE,RJ,Rio de Janeiro,330460,Santa Maria Madalena,10580,1,1,1,23,23,0,0,100.0,0.0,21.73913043478261,21.73913043478261,0.0,0.0,0.0,1.5874384491909295
municipio,SUDESTE,RJ,Rio de Janeiro,330470,Santo Antônio de Pádua,43697,3,3,1,203,100,8,0,49.26108374384236,0.0,46.45627846305238,22.884866237956842,18.30789299036547,0.0,0.0,6.556360861464655
municipio,SUDESTE,RJ,Rio de Janeiro,330540,Sapucaia,18291,1,1,1,18,18,0,0,100.0,0.0,9.840905363293423,9.840905363293423,0.0,0.0,12.298017528609423,2.7444080032279103
municipio,SUDESTE,RJ,Rio de Janeiro,330550,Saquarema,95315,3,3,1,253,227,49,30,89.72332015810277,61.224489795918366,26.543566070398153,23.815768766720872,51.40848764622568,31.47458427319939,0.0,0.0
municipio,SUDESTE,RJ,Rio de Janeiro,330555,Seropédica,84794,1,1,1,29,29,0,0,100.0,0.0,3.4200533056584193,3.4200533056584193,0.0,0.0,111.45651404083469,12.722613975491086
municipio,SUDESTE,RJ,Rio de Janeiro,330560,Silva Jardim,22028,1,1,1,40,40,0,0,100.0,0.0,18.158707100054478,18.158707100054478,0.0,0.0,0.0,3.3051128694496974
municipio,SUDESTE,RJ,Rio de Janeiro,330570,Sumidouro,15693,1,1,1,25,25,0,0,100.0,0.0,15.930669725355253,15.930669725355253,0.0,0.0,0.9945759705028538,2.3546003386723307
municipio,SUDESTE,RJ,Rio de Janeiro,330480,São Fidélis,41212,1,1,1,139,128,19,17,92.08633093525181,89.47368421052632,33.72804037658934,31.05891487916141,46.10307677375521,41.25012132388625,0.0,0.0
municipio,SUDESTE,RJ,Rio de Janeiro,330475,São Francisco de Itabapoana,47397,1,1,1,31,31,0,0,100.0,0.0,6.540498343777032,6.540498343777032,0.0,0.0,47.51047710915209,7.111514194357514
municipio,SUDESTE,RJ,Rio de Janeiro,330490,São Gonçalo,960196,13,13,1,975,699,193,97,71.6923076923077,50.259067357512954,10.154176855558658,7.279763714908206,20.100062903823805,10.10210415373528,891.5109200645484,47.06919179199753
municipio,SUDESTE,RJ,Rio de Janeiro,330513,São José de Ubá,7318,0,0,0,0,0,0,0,0.0,0.0,0.0,0.0,0.0,0.0,12.121857321872165,1.0980032675972802
municipio,SUDESTE,RJ,Rio de Janeiro,330515,São José do Vale do Rio Preto,22813,1,1,1,49,49,0,0,100.0,0.0,21.478981282602025,21.478981282602025,0.0,0.0,0.0,3.4228954008877768
municipio,SUDESTE,RJ,Rio de Janeiro,330500,São João da Barra,38740,2,2,1,84,84,0,0,100.0,0.0,21.683014971605576,21.683014971605576,0.0,0.0,0.0,5.812605436829547
municipio,SUDESTE,RJ,Rio de Janeiro,330510,São João de Meriti,466503,6,6,1,469,249,92,30,53.09168443496801,32.608695652173914,10.053525915160245,5.3375862534646075,19.721202221636304,6.430826811403142,523.7361036110044,39.99478250122082
municipio,SUDESTE,RJ,Rio de Janeiro,330520,São Pedro da Aldeia,110677,3,3,1,121,62,33,0,51.2396694214876,0.0,10.932714114043568,5.601886570832242,29.81649303830064,0.0,121.33025455217894,16.60613660123861
municipio,SUDESTE,RJ,Rio de Janeiro,330530,São Sebastião do Alto,7993,1,1,1,52,44,0,0,84.61538461538461,0.0,65.05692480920806,55.04816714625297,0.0,0.0,0.0,1.1992812404898963
municipio,SUDESTE,RJ,Rio de Janeiro,330575,Tanguá,32865,1,1,1,14,14,0,0,100.0,0.0,4.259850905218317,4.259850905218317,0.0,0.0,40.43903264325344,4.931111969060482
municipio,SUDESTE,RJ,Rio de Janeiro,330580,Teresópolis,176735,4,4,1,405,195,79,28,48.148148148148145,35.44303797468354,22.915664695730896,11.033468186833394,44.69969162870965,15.84292867853,97.75163347650684,0.0
municipio,SUDESTE,RJ,Rio de Janeiro,330590,Trajano de Moraes,10654,1,1,1,41,41,0,0,100.0,0.0,38.483198798573305,38.483198798573305,0.0,0.0,0.0,1.5985415158487868
municipio,SUDESTE,RJ,Rio de Janeiro,330600,Três Rios,82319,1,1,1,113,90,26,19,79.64601769911505,73.07692307692307,13.727086091910737,10.933077418335987,31.584445875192845,23.08094121648708,46.35681509691099,0.0
municipio,SUDESTE,RJ,Rio de Janeiro,330610,Valença,71449,4,4,1,301,274,40,40,91.0299003322259,100.0,42.12795140589792,38.34903217679744,55.98398857926633,55.98398857926633,0.0,0.0
municipio,SUDESTE,RJ,Rio de Janeiro,330615,Varre-Sai,10563,1,1,1,26,26,0,0,100.0,0.0,24.614219445233363,24.614219445233363,0.0,0.0,0.0,1.584887744688449
municipio,SUDESTE,RJ,Rio de Janeiro,330620,Vassouras,35907,4,4,1,540,392,93,45,72.5925925925926,48.38709677419355,150.38850363438885,109.1709137494082,259.0024229258919,125.32375302865736,0.0,0.0
municipio,SUDESTE,RJ,Rio de Janeiro,330630,Volta Redonda,279971,10,10,1,1168,609,303,112,52.140410958904106,36.96369636963696,41.71860656996617,21.752252911908734,108.22549478338827,40.004143286268935,0.0,0.0
municipio,NORDESTE,RN,Rio Grande do Norte,240010,Acari,10855,2,2,1,43,37,0,0,86.04651162790698,0.0,39.61308152924919,34.08567480423768,0.0,0.0,0.0,1.628699845554588
municipio,NORDESTE,RN,Rio Grande do Norte,240030,Afonso Bezerra,11158,1,1,1,11,11,0,0,100.0,0.0,9.858397562287148,9.858397562287148,0.0,0.0,7.482602350020444,1.6741624022752732
municipio,NORDESTE,RN,Rio Grande do Norte,240050,Alexandria,14058,2,2,1,112,112,0,0,100.0,0.0,79.66993882486841,79.66993882486841,0.0,0.0,0.0,2.1092825821102164
municipio,NORDESTE,RN,Rio Grande do Norte,240060,Almino Afonso,4802,1,1,1,52,52,0,0,100.0,0.0,108.28821324448145,108.28821324448145,0.0,0.0,0.0,0.7204990012301364
municipio,NORDESTE,RN,Rio Grande do Norte,240070,Alto do Rodrigues,12874,1,1,1,21,21,0,0,100.0,0.0,16.311946558956034,16.311946558956034,0.0,0.0,0.3250602844742082,1.9316335155845017
municipio,NORDESTE,RN,Rio Grande do Norte,240080,Angicos,11985,1,1,1,29,29,0,0,100.0,0.0,24.19691280767626,24.19691280767626,0.0,0.0,0.0,1.7982466742488934
municipio,NORDESTE,RN,Rio Grande do Norte,240090,Antônio Martins,6730,1,1,1,33,33,0,0,100.0,0.0,49.03417533432392,49.03417533432392,0.0,0.0,0.0,1.0097789000997124
municipio,NORDESTE,RN,Rio Grande do Norte,240100,Apodi,37486,2,2,1,68,68,0,0,100.0,0.0,18.140105639438723,18.140105639438723,0.0,0.0,0.0,5.624453469411265
municipio,NORDESTE,RN,Rio Grande do Norte,240110,Areia Branca,24607,1,1,1,34,34,0,0,100.0,0.0,13.81720648595928,13.81720648595928,0.0,0.0,6.760117944699145,3.6920697466201515
municipio,NORDESTE,RN,Rio Grande do Norte,240120,Arês,13681,1,1,1,9,9,0,0,100.0,0.0,6.578466486367955,6.578466486367955,0.0,0.0,13.661810606795994,2.052716958731674
municipio,NORDESTE,RN,Rio Grande do Norte,240020,Açu,59099,2,2,1,62,51,10,0,82.25806451612904,0.0,10.490871249936546,8.629587641076837,16.92076008054282,0.0,46.89418500482687,8.86729914071217
municipio,NORDESTE,RN,Rio Grande do Norte,240145,Baraúna,28415,1,1,1,29,29,0,0,100.0,0.0,10.205877177547071,10.205877177547071,0.0,0.0,18.067856764279522,4.263427555175829
municipio,NORDESTE,RN,Rio Grande do Norte,240150,Barcelona,4108,1,1,1,1,1,0,0,100.0,0.0,2.4342745861733204,2.4342745861733204,0.0,0.0,5.8046720249044625,0.616370240952395
municipio,NORDESTE,RN,Rio Grande do Norte,240140,Baía Formosa,9115,1,1,1,10,10,0,0,100.0,0.0,10.970927043335163,10.970927043335163,0.0,0.0,5.0984872217634285,1.367627737653622
municipio,NORDESTE,RN,Rio Grande do Norte,240160,Bento Fernandes,4911,1,1,1,15,15,0,0,100.0,0.0,30.543677458766037,30.543677458766037,0.0,0.0,0.0,0.7368535183342775
municipio,NORDESTE,RN,Rio Grande do Norte,240165,Bodó,2360,0,0,0,0,0,0,0,0.0,0.0,0.0,0.0,0.0,0.0,3.909207881882797,0.35409780152085013
municipio,NORDESTE,RN,Rio Grande do Norte,240170,Bom Jesus,10308,1,1,1,10,10,0,0,100.0,0.0,9.701202949165697,9.701202949165697,0.0,0.0,7.074624934935538,1.5466271771512383
municipio,NORDESTE,RN,Rio Grande do Norte,240180,Brejinho,12638,1,1,1,6,6,0,0,100.0,0.0,4.747586643456243,4.747586643456243,0.0,0.0,14.934139496285928,1.8962237354324167
municipio,NORDESTE,RN,Rio Grande do Norte,240200,Caicó,63338,3,3,1,167,147,10,10,88.02395209580838,100.0,26.36647825949667,23.20881619249108,15.788310335027944,15.788310335027944,0.0,0.0
municipio,NORDESTE,RN,Rio Grande do Norte,240185,Caiçara do Norte,6479,1,1,1,6,6,0,0,100.0,0.0,9.260688377836086,9.260688377836086,0.0,0.0,4.732100790982475,0.9721184983277914
municipio,NORDESTE,RN,Rio Grande do Norte,240190,Caiçara do Rio do Vento,3360,1,1,1,4,4,0,0,100.0,0.0,11.904761904761905,11.904761904761905,0.0,0.0,1.5656518996297448,0.5041392428432442
municipio,NORDESTE,RN,Rio Grande do Norte,240130,Campo Grande,10071,1,1,1,8,8,0,0,100.0,0.0,7.9436004368980235,7.9436004368980235,0.0,0.0,8.682047702729513,1.5110673555578311
municipio,NORDESTE,RN,Rio Grande do Norte,240210,Campo Redondo,10510,1,1,1,8,8,0,0,100.0,0.0,7.611798287345385,7.611798287345385,0.0,0.0,9.409226626520422,1.576935548298362
municipio,NORDESTE,RN,Rio Grande do Norte,240220,Canguaretama,30789,0,0,0,0,0,0,0,0.0,0.0,0.0,0.0,0.0,0.0,51.00025486241078,4.619625936875192
municipio,NORDESTE,RN,Rio Grande do Norte,240230,Caraúbas,20182,1,1,1,33,33,0,0,100.0,0.0,16.351204043206817,16.351204043206817,0.0,0.0,0.4303531661689037,3.028136368768558
municipio,NORDESTE,RN,Rio Grande do Norte,240250,Carnaubais,10026,1,1,1,10,10,0,0,100.0,0.0,9.974067424695791,9.974067424695791,0.0,0.0,6.607507721930899,1.5043154906983234
municipio,NORDESTE,RN,Rio Grande do Norte,240240,Carnaúba dos Dantas,8296,1,1,1,18,18,0,0,100.0,0.0,21.697203471552555,21.697203471552555,0.0,0.0,0.0,1.2447437972105815
municipio,NORDESTE,RN,Rio Grande do Norte,240260,Ceará-Mirim,83543,1,1,1,54,54,0,0,100.0,0.0,6.4637372371114274,6.4637372371114274,0.0,0.0,84.38430257463327,12.53491213239677
municipio,NORDESTE,RN,Rio Grande do Norte,240270,Cerro Corá,11334,1,1,1,24,24,0,0,100.0,0.0,21.175224986765485,21.175224986765485,0.0,0.0,0.0,1.7005696959480148
municipio,NORDESTE,RN,Rio Grande do Norte,240280,Coronel Ezequiel,5233,1,1,1,3,3,0,0,100.0,0.0,5.732849226065354,5.732849226065354,0.0,0.0,5.668171544869778,0.7851668624400883
municipio,NORDESTE,RN,Rio Grande do Norte,240290,Coronel João Pessoa,4297,1,1,1,9,9,0,0,100.0,0.0,20.94484524086572,20.94484524086572,0.0,0.0,0.0,0.6447280733623275
municipio,NORDESTE,RN,Rio Grande do Norte,240300,Cruzeta,8245,1,1,1,12,12,0,0,100.0,0.0,14.554275318374772,14.554275318374772,0.0,0.0,1.6573809263235852,1.2370916837031394
municipio,NORDESTE,RN,Rio Grande do Norte,240310,Currais Novos,42922,2,2,1,93,88,10,10,94.6236559139785,100.0,21.667210288430176,20.502306509482317,23.298075578957178,23.298075578957178,0.0,0.0
municipio,NORDESTE,RN,Rio Grande do Norte,240320,Doutor Severiano,7262,1,1,1,12,12,0,0,100.0,0.0,16.524373450839988,16.524373450839988,0.0,0.0,0.029096456878335845,1.089600946883226
municipio,NORDESTE,RN,Rio Grande do Norte,240330,Encanto,6289,1,1,1,8,8,0,0,100.0,0.0,12.720623310542216,12.720623310542216,0.0,0.0,2.4173764276105554,0.9436106244765364
municipio,NORDESTE,RN,Rio Grande do Norte,240340,Equador,5461,1,1,1,20,20,0,0,100.0,0.0,36.62332906061161,36.62332906061161,0.0,0.0,0.0,0.8193763110615941
municipio,NORDESTE,RN,Rio Grande do Norte,240350,Espírito Santo,10951,0,0,0,0,0,0,0,0.0,0.0,0.0,0.0,0.0,0.0,18.139718438346826,1.6431038239215379
municipio,NORDESTE,RN,Rio Grande do Norte,240360,Extremoz,68584,1,1,1,20,20,0,0,100.0,0.0,2.9161320424588824,2.9161320424588824,0.0,0.0,93.60555651315667,10.290442211655078
municipio,NORDESTE,RN,Rio Grande do Norte,240370,Felipe Guerra,6472,1,1,1,15,15,0,0,100.0,0.0,23.176761433868972,23.176761433868972,0.0,0.0,0.0,0.9710682082385347
municipio,NORDESTE,RN,Rio Grande do Norte,240375,Fernando Pedroza,3035,0,0,0,0,0,0,0,0.0,0.0,0.0,0.0,0.0,0.0,5.027307593861987,0.45537577441346616
municipio,NORDESTE,RN,Rio Grande do Norte,240380,Florânia,10556,1,1,1,10,10,0,0,100.0,0.0,9.473285335354301,9.473285335354301,0.0,0.0,7.485423051336782,1.5838374545991922
municipio,NORDESTE,RN,Rio Grande do Norte,240390,Francisco Dantas,2758,0,0,0,0,0,0,0,0.0,0.0,0.0,0.0,0.0,0.0,4.568472600946082,0.41381429516716295
municipio,NORDESTE,RN,Rio Grande do Norte,240400,Frutuoso Gomes,4230,1,1,1,7,7,0,0,100.0,0.0,16.548463356973997,16.548463356973997,0.0,0.0,0.006758195069588695,0.6346752967937271
municipio,NORDESTE,RN,Rio Grande do Norte,240410,Galinhos,2159,0,0,0,0,0,0,0,0.0,0.0,0.0,0.0,0.0,0.0,3.5762626343156603,0.3239394718150489
municipio,NORDESTE,RN,Rio Grande do Norte,240420,Goianinha,28422,1,1,1,14,14,0,0,100.0,0.0,4.92576173386813,4.92576173386813,0.0,0.0,33.07945187240375,4.264477845265086
municipio,NORDESTE,RN,Rio Grande do Norte,240430,Governador Dix-Sept Rosado,12231,1,1,1,12,12,0,0,100.0,0.0,9.811135638950208,9.811135638950208,0.0,0.0,8.25996678106292,1.8351568688142024
municipio,NORDESTE,RN,Rio Grande do Norte,240440,Grossos,10281,1,1,1,13,13,0,0,100.0,0.0,12.644684369224784,12.644684369224784,0.0,0.0,4.029900946456371,1.5425760582355337
municipio,NORDESTE,RN,Rio Grande do Norte,240450,Guamaré,16076,1,1,1,44,44,0,0,100.0,0.0,27.36999253545658,27.36999253545658,0.0,0.0,0.0,2.4120662106988076
municipio,NORDESTE,RN,Rio Grande do Norte,240460,Ielmo Marinho,11889,0,0,0,0,0,0,0,0.0,0.0,0.0,0.0,0.0,0.0,19.693462926993465,1.7838426958819436
municipio,NORDESTE,RN,Rio Grande do Norte,240470,Ipanguaçu,14560,1,1,1,6,6,0,0,100.0,0.0,4.1208791208791204,4.1208791208791204,0.0,0.0,18.11782489839556,2.184603385654058
municipio,NORDESTE,RN,Rio Grande do Norte,240480,Ipueira,2090,0,0,0,0,0,0,0,0.0,0.0,0.0,0.0,0.0,0.0,3.461967997091121,0.3135866123638037
municipio,NORDESTE,RN,Rio Grande do Norte,240485,Itajá,7551,1,1,1,8,8,0,0,100.0,0.0,10.594623228711429,10.594623228711429,0.0,0.0,4.507808778007203,1.132962923425398
municipio,NORDESTE,RN,Rio Grande do Norte,240490,Itaú,5447,1,1,1,15,15,0,0,100.0,0.0,27.53809436387002,27.53809436387002,0.0,0.0,0.0,0.8172757308830807
municipio,NORDESTE,RN,Rio Grande do Norte,240510,Jandaíra,6752,0,0,0,0,0,0,0,0.0,0.0,0.0,0.0,0.0,0.0,11.184310007827392,1.013079811808805
municipio,NORDESTE,RN,Rio Grande do Norte,240520,Janduís,4813,1,1,1,18,18,0,0,100.0,0.0,37.39871182214835,37.39871182214835,0.0,0.0,0.0,0.7221494570846828
municipio,NORDESTE,RN,Rio Grande do Norte,240530,Januário Cicco,8843,1,1,1,13,13,0,0,100.0,0.0,14.70089336198123,14.70089336198123,0.0,0.0,1.6479344489362586,1.326816465613931
municipio,NORDESTE,RN,Rio Grande do Norte,240540,Japi,5219,1,1,1,1,1,0,0,100.0,0.0,1.9160758766047137,1.9160758766047137,0.0,0.0,7.644981328621321,0.7830662822615748
municipio,NORDESTE,RN,Rio Grande do Norte,240550,Jardim de Angicos,2488,0,0,0,0,0,0,0,0.0,0.0,0.0,0.0,0.0,0.0,4.121232716154406,0.3733031060101165
municipio,NORDESTE,RN,Rio Grande do Norte,240560,Jardim de Piranhas,14446,1,1,1,25,25,0,0,100.0,0.0,17.305828603073515,17.305828603073515,0.0,0.0,0.0,2.167498661343305
municipio,NORDESTE,RN,Rio Grande do Norte,240570,Jardim do Seridó,11942,1,1,1,33,32,0,0,96.96969696969697,0.0,27.63356221738402,26.79618154412996,0.0,0.0,0.0,1.7917948922720304
municipio,NORDESTE,RN,Rio Grande do Norte,240500,Jaçanã,8053,1,1,1,2,2,0,0,100.0,0.0,2.483546504408295,2.483546504408295,0.0,0.0,11.339343674916172,1.2082837269692397
municipio,NORDESTE,RN,Rio Grande do Norte,240600,José da Penha,5966,1,1,1,10,10,0,0,100.0,0.0,16.761649346295673,16.761649346295673,0.0,0.0,0.0,0.8951472389294033
municipio,NORDESTE,RN,Rio Grande do Norte,240580,João Câmara,34849,1,1,1,32,32,0,0,100.0,0.0,9.182472954747626,9.182472954747626,0.0,0.0,25.725417574463386,5.2287941886441125
municipio,NORDESTE,RN,Rio Grande do Norte,240590,João Dias,2073,1,1,1,4,4,0,0,100.0,0.0,19.29570670525808,19.29570670525808,0.0,0.0,0.0,0.311035907861323
municipio,NORDESTE,RN,Rio Grande do Norte,240610,Jucurutu,18304,1,1,1,50,50,0,0,100.0,0.0,27.316433566433567,27.316433566433567,0.0,0.0,0.0,2.7463585419651015
municipio,NORDESTE,RN,Rio Grande do Norte,240615,Jundiá,3868,0,0,0,0,0,0,0,0.0,0.0,0.0,0.0,0.0,0.0,6.407125460645194,0.5803602950350204
municipio,NORDESTE,RN,Rio Grande do Norte,240650,Lagoa Nova,16203,1,1,1,26,26,0,0,100.0,0.0,16.04641115842745,16.04641115842745,0.0,0.0,0.839362419553799,2.4311214737467517
municipio,NORDESTE,RN,Rio Grande do Norte,240660,Lagoa Salgada,8657,0,0,0,0,0,0,0,0.0,0.0,0.0,0.0,0.0,0.0,14.339835861635327,1.2989087575279659
municipio,NORDESTE,RN,Rio Grande do Norte,240620,Lagoa d'Anta,6756,1,1,1,10,10,0,0,100.0,0.0,14.801657785671996,14.801657785671996,0.0,0.0,1.1909357838983794,1.0136799775740946
municipio,NORDESTE,RN,Rio Grande do Norte,240630,Lagoa de Pedras,7597,0,0,0,0,0,0,0,0.0,0.0,0.0,0.0,0.0,0.0,12.584005202823564,1.1398648297262282
municipio,NORDESTE,RN,Rio Grande do Norte,240640,Lagoa de Velhos,2631,0,0,0,0,0,0,0,0.0,0.0,0.0,0.0,0.0,0.0,4.35810421069222,0.3947590321192189
municipio,NORDESTE,RN,Rio Grande do Norte,240670,Lajes,10094,1,1,1,31,31,0,0,100.0,0.0,30.711313651674264,30.711313651674264,0.0,0.0,0.0,1.514518308708246
municipio,NORDESTE,RN,Rio Grande do Norte,240680,Lajes Pintadas,4950,0,0,0,0,0,0,0,0.0,0.0,0.0,0.0,0.0,0.0,8.199397887847391,0.7427051345458509
municipio,NORDESTE,RN,Rio Grande do Norte,240690,Lucrécia,3576,1,1,1,13,13,0,0,100.0,0.0,36.35346756152125,36.35346756152125,0.0,0.0,0.0,0.5365481941688813
municipio,NORDESTE,RN,Rio Grande do Norte,240700,Luís Gomes,9271,1,1,1,30,30,0,0,100.0,0.0,32.358968827526695,32.358968827526695,0.0,0.0,0.0,1.3910342024999158
municipio,NORDESTE,RN,Rio Grande do Norte,240720,Macau,28350,1,1,1,50,50,0,0,100.0,0.0,17.636684303350968,17.636684303350968,0.0,0.0,0.0,4.253674861489873
municipio,NORDESTE,RN,Rio Grande do Norte,240710,Macaíba,87056,1,1,1,57,57,10,10,100.0,100.0,6.547509648961588,6.547509648961588,11.486859033265944,11.486859033265944,87.20339040897828,3.0620077157623413
municipio,NORDESTE,RN,Rio Grande do Norte,240725,Major Sales,4086,1,1,1,10,10,0,0,100.0,0.0,24.473813020068526,24.473813020068526,0.0,0.0,0.0,0.6130693292433024
municipio,NORDESTE,RN,Rio Grande do Norte,240730,Marcelino Vieira,8083,1,1,1,15,15,0,0,100.0,0.0,18.557466287269577,18.557466287269577,0.0,0.0,0.0,1.2127849702089115
municipio,NORDESTE,RN,Rio Grande do Norte,240740,Martins,8415,1,1,1,13,13,0,0,100.0,0.0,15.448603683897801,15.448603683897801,0.0,0.0,0.9389764093405667,1.2625987287279465
municipio,NORDESTE,RN,Rio Grande do Norte,240750,Maxaranguape,10534,0,0,0,0,0,0,0,0.0,0.0,0.0,0.0,0.0,0.0,17.44898128294635,1.5805365428900995
municipio,NORDESTE,RN,Rio Grande do Norte,240760,Messias Targino,4410,1,1,1,16,16,0,0,100.0,0.0,36.281179138321995,36.281179138321995,0.0,0.0,0.0,0.661682756231758
municipio,NORDESTE,RN,Rio Grande do Norte,240770,Montanhas,11785,0,0,0,0,0,0,0,0.0,0.0,0.0,0.0,0.0,0.0,19.52119274914778,1.7682383859844144
municipio,NORDESTE,RN,Rio Grande do Norte,240780,Monte Alegre,23953,1,1,1,15,14,0,0,93.33333333333333,0.0,6.262263599549117,5.844779359579176,0.0,0.0,25.67680355709264,3.593942643995306
municipio,NORDESTE,RN,Rio Grande do Norte,240790,Monte das Gameleiras,2345,1,1,1,13,13,0,0,100.0,0.0,55.437100213219615,55.437100213219615,0.0,0.0,0.0,0.35184717990101416
municipio,NORDESTE,RN,Rio Grande do Norte,240800,Mossoró,278587,12,12,1,1107,906,178,108,81.84281842818429,60.67415730337079,39.736240384511845,32.52125906808286,63.89386439424668,38.76706378976765,0.0,0.0
municipio,NORDESTE,RN,Rio Grande do Norte,240810,Natal,784249,32,32,1,3876,2604,616,294,67.18266253869969,47.72727272727273,49.42307863956473,33.20374013865494,78.54648204843105,37.488093704933,0.0,0.0
municipio,NORDESTE,RN,Rio Grande do Norte,240830,Nova Cruz,35523,1,1,1,32,32,0,0,100.0,0.0,9.008248177237283,9.008248177237283,0.0,0.0,26.84186084242483,5.329922120095406
municipio,NORDESTE,RN,Rio Grande do Norte,240820,Nísia Floresta,34325,1,1,1,1,1,0,0,100.0,0.0,0.29133284777858703,0.29133284777858703,0.0,0.0,55.85744090916398,5.150172473391177
municipio,NORDESTE,RN,Rio Grande do Norte,240840,Olho d'Água do Borges,3736,1,1,1,10,10,0,0,100.0,0.0,26.766595289079227,26.766595289079227,0.0,0.0,0.0,0.5605548247804644
municipio,NORDESTE,RN,Rio Grande do Norte,240850,Ouro Branco,5084,0,0,0,0,0,0,0,0.0,0.0,0.0,0.0,0.0,0.0,8.421361386225483,0.7628106876830516
municipio,NORDESTE,RN,Rio Grande do Norte,240860,Paraná,4048,1,1,1,4,4,0,0,100.0,0.0,9.881422924901186,9.881422924901186,0.0,0.0,2.7052853838396453,0.6073677544730514
municipio,NORDESTE,RN,Rio Grande do Norte,240880,Parazinho,4945,1,1,1,3,3,0,0,100.0,0.0,6.066734074823054,6.066734074823054,0.0,0.0,5.191115667758657,0.741954927339239
municipio,NORDESTE,RN,Rio Grande do Norte,240870,Paraú,3650,1,1,1,1,1,0,0,100.0,0.0,2.73972602739726,2.73972602739726,0.0,0.0,5.04602066477636,0.5476512608267385
municipio,NORDESTE,RN,Rio Grande do Norte,240890,Parelhas,22242,2,2,1,52,52,0,0,100.0,0.0,23.379192518658392,23.379192518658392,0.0,0.0,0.0,3.33722173789269
municipio,NORDESTE,RN,Rio Grande do Norte,240325,Parnamirim,271713,4,4,1,237,229,27,20,96.62447257383965,74.07407407407408,8.722438749710172,8.428010437483668,9.9369555376445,7.360707805662593,221.0773733940765,20.76821014603167
municipio,NORDESTE,RN,Rio Grande do Norte,240910,Passa e Fica,11407,1,1,1,30,30,0,0,100.0,0.0,26.299640571578855,26.299640571578855,0.0,0.0,0.0,1.7115227211645496
municipio,NORDESTE,RN,Rio Grande do Norte,240920,Passagem,3233,0,0,0,0,0,0,0,0.0,0.0,0.0,0.0,0.0,0.0,5.355283509375883,0.48508397979530016
municipio,NORDESTE,RN,Rio Grande do Norte,240930,Patu,11215,1,1,1,40,40,0,0,100.0,0.0,35.666518056174766,35.666518056174766,0.0,0.0,0.0,1.6827147644306497
municipio,NORDESTE,RN,Rio Grande do Norte,240940,Pau dos Ferros,32123,3,3,1,177,159,10,10,89.83050847457628,100.0,55.10070665878031,49.49724496466706,31.130342745073623,31.130342745073623,0.0,0.0
municipio,NORDESTE,RN,Rio Grande do Norte,240950,Pedra Grande,3736,1,1,1,5,5,0,0,100.0,0.0,13.383297644539613,13.383297644539613,0.0,0.0,1.1884748503025977,0.5605548247804644
municipio,NORDESTE,RN,Rio Grande do Norte,240960,Pedra Preta,2495,1,1,1,4,4,0,0,100.0,0.0,16.03206412825651,16.03206412825651,0.0,0.0,0.13282782427863532,0.3743533960993733
municipio,NORDESTE,RN,Rio Grande do Norte,240970,Pedro Avelino,6312,1,1,1,13,13,0,0,100.0,0.0,20.595690747782005,20.595690747782005,0.0,0.0,0.0,0.9470615776269516
municipio,NORDESTE,RN,Rio Grande do Norte,240980,Pedro Velho,14197,1,1,1,11,11,0,0,100.0,0.0,7.7481157991124885,7.7481157991124885,0.0,0.0,12.516535719953419,2.130138342454029
municipio,NORDESTE,RN,Rio Grande do Norte,240990,Pendências,12499,1,1,1,14,14,0,0,100.0,0.0,11.200896071685735,11.200896071685735,0.0,0.0,6.7038937778191015,1.8753679750886039
municipio,NORDESTE,RN,Rio Grande do Norte,241000,Pilões,2992,1,1,1,10,10,0,0,100.0,0.0,33.42245989304813,33.42245989304813,0.0,0.0,0.0,0.44892399243660314
municipio,NORDESTE,RN,Rio Grande do Norte,241020,Portalegre,7859,2,2,1,43,43,0,0,100.0,0.0,54.71434024685074,54.71434024685074,0.0,0.0,0.0,1.1791756873526953
municipio,NORDESTE,RN,Rio Grande do Norte,241025,Porto do Mangue,5351,1,1,1,2,2,0,0,100.0,0.0,3.7376191366099794,3.7376191366099794,0.0,0.0,6.863631938963919,0.8028717525161309
municipio,NORDESTE,RN,Rio Grande do Norte,241010,Poço Branco,12565,1,1,1,30,30,0,0,100.0,0.0,23.875845602865102,23.875845602865102,0.0,0.0,0.0,1.8852707102158819
municipio,NORDESTE,RN,Rio Grande do Norte,241040,Pureza,9752,0,0,0,0,0,0,0,0.0,0.0,0.0,0.0,0.0,0.0,16.153642061068233,1.4632041357759873
municipio,NORDESTE,RN,Rio Grande do Norte,241050,Rafael Fernandes,5682,1,1,1,8,8,0,0,100.0,0.0,14.079549454417458,14.079549454417458,0.0,0.0,1.411914908838158,0.8525354695938433
municipio,NORDESTE,RN,Rio Grande do Norte,241060,Rafael Godeiro,3005,1,1,1,19,19,0,0,100.0,0.0,63.2279534109817,63.2279534109817,0.0,0.0,0.0,0.45087453117379434
municipio,NORDESTE,RN,Rio Grande do Norte,241070,Riacho da Cruz,2724,1,1,1,26,26,0,0,100.0,0.0,95.44787077826724,95.44787077826724,0.0,0.0,0.0,0.4087128861622015
municipio,NORDESTE,RN,Rio Grande do Norte,241080,Riacho de Santana,4245,1,1,1,6,6,0,0,100.0,0.0,14.134275618374557,14.134275618374557,0.0,0.0,1.031604855335794,0.6369259184135629
municipio,NORDESTE,RN,Rio Grande do Norte,241090,Riachuelo,7646,1,1,1,12,12,0,0,100.0,0.0,15.694480774261052,15.694480774261052,0.0,0.0,0.6651709596931628,1.1472168603510253
municipio,NORDESTE,RN,Rio Grande do Norte,240895,Rio do Fogo,10692,1,1,1,6,6,0,0,100.0,0.0,5.611672278338945,5.611672278338945,0.0,0.0,11.710699437750367,1.6042430906190377
municipio,NORDESTE,RN,Rio Grande do Norte,241100,Rodolfo Fernandes,4345,1,1,1,18,18,0,0,100.0,0.0,41.42692750287687,41.42692750287687,0.0,0.0,0.0,0.6519300625458024
municipio,NORDESTE,RN,Rio Grande do Norte,241110,Ruy Barbosa,3253,1,1,1,1,1,0,0,100.0,0.0,3.074085459575776,3.074085459575776,0.0,0.0,4.388412389730822,0.488084808621748
municipio,NORDESTE,RN,Rio Grande do Norte,241120,Santa Cruz,39101,2,2,1,116,110,5,5,94.82758620689656,100.0,29.666760440909442,28.132272831896884,12.78739674177131,12.78739674177131,0.0,0.8667703971469319
municipio,NORDESTE,RN,Rio Grande do Norte,240933,Santa Maria,5000,0,0,0,0,0,0,0,0.0,0.0,0.0,0.0,0.0,0.0,8.28222008873474,0.7502072066119705
municipio,NORDESTE,RN,Rio Grande do Norte,241140,Santana do Matos,12722,1,1,1,26,26,0,0,100.0,0.0,20.43703820154064,20.43703820154064,0.0,0.0,0.0,1.9088272165034978
municipio,NORDESTE,RN,Rio Grande do Norte,241142,Santana do Seridó,2796,1,1,1,11,11,0,0,100.0,0.0,39.34191702432046,39.34191702432046,0.0,0.0,0.0,0.41951586993741397
municipio,NORDESTE,RN,Rio Grande do Norte,241150,Santo Antônio,22793,1,1,1,51,47,0,0,92.15686274509804,0.0,22.37529065941298,20.62036590181196,0.0,0.0,0.0,3.4198945720613287
municipio,NORDESTE,RN,Rio Grande do Norte,241310,Senador Elói de Souza,6027,1,1,1,1,1,0,0,100.0,0.0,1.6592002654720426,1.6592002654720426,0.0,0.0,8.983388094960855,0.9042997668500693
municipio,NORDESTE,RN,Rio Grande do Norte,241320,Senador Georgino Avelino,4202,0,0,0,0,0,0,0,0.0,0.0,0.0,0.0,0.0,0.0,6.9603777625726755,0.6304741364367
municipio,NORDESTE,RN,Rio Grande do Norte,241030,Serra Caiada,11203,1,1,1,6,6,0,0,100.0,0.0,5.3557082924216735,5.3557082924216735,0.0,0.0,12.557142330819055,1.6809142671347812
municipio,NORDESTE,RN,Rio Grande do Norte,241340,Serra Negra do Norte,7800,1,1,1,22,22,0,0,100.0,0.0,28.205128205128208,28.205128205128208,0.0,0.0,0.0,1.1703232423146739
municipio,NORDESTE,RN,Rio Grande do Norte,241330,Serra de São Bento,5866,1,1,1,12,12,0,0,100.0,0.0,20.45687009887487,20.45687009887487,0.0,0.0,0.0,0.8801430947971638
municipio,NORDESTE,RN,Rio Grande do Norte,241335,Serra do Mel,13819,1,1,1,18,18,0,0,100.0,0.0,13.025544540125914,13.025544540125914,0.0,0.0,4.890399881245072,2.073422677634164
municipio,NORDESTE,RN,Rio Grande do Norte,241350,Serrinha,6608,0,0,0,0,0,0,0,0.0,0.0,0.0,0.0,0.0,0.0,10.945782069271832,0.9914738442583803
municipio,NORDESTE,RN,Rio Grande do Norte,241355,Serrinha dos Pintos,4810,1,1,1,13,13,0,0,100.0,0.0,27.027027027027028,27.027027027027028,0.0,0.0,0.0,0.7216993327607156
municipio,NORDESTE,RN,Rio Grande do Norte,241360,Severiano Melo,5616,1,1,1,51,51,0,0,100.0,0.0,90.81196581196582,90.81196581196582,0.0,0.0,0.0,0.8426327344665653
municipio,NORDESTE,RN,Rio Grande do Norte,241160,São Bento do Norte,3442,0,0,0,0,0,0,0,0.0,0.0,0.0,0.0,0.0,0.0,5.701480309084994,0.5164426410316806
municipio,NORDESTE,RN,Rio Grande do Norte,241170,São Bento do Trairí,3890,1,1,1,9,9,0,0,100.0,0.0,23.13624678663239,23.13624678663239,0.0,0.0,0.0,0.583661206744113
municipio,NORDESTE,RN,Rio Grande do Norte,241180,São Fernando,3606,0,0,0,0,0,0,0,0.0,0.0,0.0,0.0,0.0,0.0,5.973137127995494,0.5410494374085532
municipio,NORDESTE,RN,Rio Grande do Norte,241190,São Francisco do Oeste,4319,0,0,0,0,0,0,0,0.0,0.0,0.0,0.0,0.0,0.0,7.154181712649067,0.6480289850714201
municipio,NORDESTE,RN,Rio Grande do Norte,241200,São Gonçalo do Amarante,124495,2,2,1,77,77,0,0,100.0,0.0,6.184987348889513,6.184987348889513,0.0,0.0,129.21899798940626,18.679409237431454
municipio,NORDESTE,RN,Rio Grande do Norte,241220,São José de Mipibu,50053,2,2,1,48,48,0,0,100.0,0.0,9.589834775138353,9.589834775138353,0.0,0.0,34.909992420287985,7.510024262509792
municipio,NORDESTE,RN,Rio Grande do Norte,241230,São José do Campestre,11298,1,1,1,16,16,0,0,100.0,0.0,14.161798548415648,14.161798548415648,0.0,0.0,2.7145045125050173,1.6951682040604088
municipio,NORDESTE,RN,Rio Grande do Norte,241240,São José do Seridó,4733,1,1,1,12,12,0,0,100.0,0.0,25.35389816184238,25.35389816184238,0.0,0.0,0.0,0.7101461417788913
municipio,NORDESTE,RN,Rio Grande do Norte,241210,São João do Sabugi,6136,1,1,1,10,10,0,0,100.0,0.0,16.297262059973924,16.297262059973924,0.0,0.0,0.163940492895272,0.9206542839542102
municipio,NORDESTE,RN,Rio Grande do Norte,241250,São Miguel,24422,1,1,1,32,32,0,0,100.0,0.0,13.102939972156253,13.102939972156253,0.0,0.0,8.453675801415958,3.664312079975509
municipio,NORDESTE,RN,Rio Grande do Norte,241255,São Miguel do Gostoso,10636,1,1,1,4,3,0,0,75.0,0.0,3.7608123354644603,2.8206092515983454,0.0,0.0,14.617938572756538,1.5958407699049837
municipio,NORDESTE,RN,Rio Grande do Norte,241260,São Paulo do Potengi,17371,1,1,1,24,24,0,0,100.0,0.0,13.8161303321628,13.8161303321628,0.0,0.0,4.774089032282231,2.606369877211308
municipio,NORDESTE,RN,Rio Grande do Norte,241270,São Pedro,5890,0,0,0,0,0,0,0,0.0,0.0,0.0,0.0,0.0,0.0,9.756455264529523,0.8837440893889014
municipio,NORDESTE,RN,Rio Grande do Norte,241280,São Rafael,7889,1,1,1,20,20,0,0,100.0,0.0,25.351755609075926,25.351755609075926,0.0,0.0,0.0,1.1836769305923671
municipio,NORDESTE,RN,Rio Grande do Norte,241290,São Tomé,10161,1,1,1,10,10,0,0,100.0,0.0,9.841551028442082,9.841551028442082,0.0,0.0,6.831127664326738,1.5245710852768464
municipio,NORDESTE,RN,Rio Grande do Norte,241300,São Vicente,6530,0,0,0,0,0,0,0,0.0,0.0,0.0,0.0,0.0,0.0,10.816579435887569,0.9797706118352336
municipio,NORDESTE,RN,Rio Grande do Norte,241370,Sítio Novo,4746,1,1,1,6,6,0,0,100.0,0.0,12.642225031605564,12.642225031605564,0.0,0.0,1.8614833082270135,0.7120966805160824
municipio,NORDESTE,RN,Rio Grande do Norte,241380,Taboleiro Grande,2409,1,1,1,10,10,0,0,100.0,0.0,41.51100041511001,41.51100041511001,0.0,0.0,0.0,0.36144983214564735
municipio,NORDESTE,RN,Rio Grande do Norte,241390,Taipu,11708,1,1,1,7,7,0,0,100.0,0.0,5.978817902289033,5.978817902289033,0.0,0.0,12.393646559781264,1.7566851950025901
municipio,NORDESTE,RN,Rio Grande do Norte,241400,Tangará,13583,1,1,1,17,17,0,0,100.0,0.0,12.51564455569462,12.51564455569462,0.0,0.0,5.499479093056792,2.0380128974820795
municipio,NORDESTE,RN,Rio Grande do Norte,241410,Tenente Ananias,10610,1,1,1,27,27,0,0,100.0,0.0,25.44769085768143,25.44769085768143,0.0,0.0,0.0,1.5919396924306015
municipio,NORDESTE,RN,Rio Grande do Norte,241415,Tenente Laurentino Cruz,6152,0,0,0,0,0,0,0,0.0,0.0,0.0,0.0,0.0,0.0,10.190443597179224,0.9230549470153685
municipio,NORDESTE,RN,Rio Grande do Norte,241105,Tibau,5748,1,1,1,14,14,0,0,100.0,0.0,24.35629784272791,24.35629784272791,0.0,0.0,0.0,0.8624382047211213
municipio,NORDESTE,RN,Rio Grande do Norte,241420,Tibau do Sul,18080,1,1,1,5,5,0,0,100.0,0.0,2.765486725663717,2.765486725663717,0.0,0.0,24.948507840864817,2.712749259108885
municipio,NORDESTE,RN,Rio Grande do Norte,241430,Timbaúba dos Batistas,2424,0,0,0,0,0,0,0,0.0,0.0,0.0,0.0,0.0,0.0,4.015220299018601,0.3637004537654833
municipio,NORDESTE,RN,Rio Grande do Norte,241440,Touros,34767,1,1,1,32,31,0,0,96.875,0.0,9.204130353496131,8.916501279949378,0.0,0.0,26.58958916500813,5.216490790455676
municipio,NORDESTE,RN,Rio Grande do Norte,241445,Triunfo Potiguar,3477,1,1,1,12,12,0,0,100.0,0.0,34.51251078515962,34.51251078515962,0.0,0.0,0.0,0.5216940914779643
municipio,NORDESTE,RN,Rio Grande do Norte,241450,Umarizal,10655,1,1,1,28,28,0,0,100.0,0.0,26.278742374472078,26.278742374472078,0.0,0.0,0.0,1.5986915572901093
municipio,NORDESTE,RN,Rio Grande do Norte,241460,Upanema,14048,1,1,1,13,13,0,0,100.0,0.0,9.253986332574032,9.253986332574032,0.0,0.0,10.269725561309125,2.1077821676969926
municipio,NORDESTE,RN,Rio Grande do Norte,241475,Venha-Ver,3005,1,1,1,9,9,0,0,100.0,0.0,29.95008319467554,29.95008319467554,0.0,0.0,0.0,0.45087453117379434
municipio,NORDESTE,RN,Rio Grande do Norte,241480,Vera Cruz,11053,1,1,1,12,12,0,0,100.0,0.0,10.856780964444042,10.856780964444042,0.0,0.0,6.308675728157016,1.658408050936422
municipio,NORDESTE,RN,Rio Grande do Norte,241500,Vila Flor,3304,1,1,1,4,4,0,0,100.0,0.0,12.106537530266344,12.106537530266344,0.0,0.0,1.4728910346359156,0.4957369221291901
municipio,NORDESTE,RN,Rio Grande do Norte,241490,Viçosa,1900,1,1,1,15,15,0,0,100.0,0.0,78.94736842105263,78.94736842105263,0.0,0.0,0.0,0.28507873851254883
municipio,NORDESTE,RN,Rio Grande do Norte,241470,Várzea,5387,0,0,0,0,0,0,0,0.0,0.0,0.0,0.0,0.0,0.0,8.923263923602809,0.808273244403737
municipio,NORDESTE,RN,Rio Grande do Norte,240040,Água Nova,3029,0,0,0,0,0,0,0,0.0,0.0,0.0,0.0,0.0,0.0,5.017368929755505,0.4544755257655318
municipio,NORTE,RO,Rondônia,110001,Alta Floresta D'Oeste,22787,2,2,1,57,51,0,0,89.47368421052632,0.0,25.014262518102424,22.381182253039015,0.0,0.0,0.0,3.418994323413395
municipio,NORTE,RO,Rondônia,110037,Alto Alegre dos Parecis,12237,1,1,1,26,26,0,0,100.0,0.0,21.24703767263218,21.24703767263218,0.0,0.0,0.0,1.8360571174621367
municipio,NORTE,RO,Rondônia,110040,Alto Paraíso,17467,1,1,1,12,12,0,0,100.0,0.0,6.870097898895059,6.870097898895059,0.0,0.0,16.93310765798594,2.620773855578258
municipio,NORTE,RO,Rondônia,110034,Alvorada D'Oeste,13720,1,1,1,40,40,0,0,100.0,0.0,29.154518950437318,29.154518950437318,0.0,0.0,0.0,2.058568574943247
municipio,NORTE,RO,Rondônia,110002,Ariquemes,109170,10,10,1,461,290,65,27,62.90672451193059,41.53846153846154,42.227718237611064,26.564074379408265,59.5401667124668,24.732069249793902,0.0,0.0
municipio,NORTE,RO,Rondônia,110045,Buritis,30649,3,3,1,78,43,0,0,55.12820512820513,0.0,25.449443701262684,14.029821527619172,0.0,0.0,7.768352699926206,4.598620135090057
municipio,NORTE,RO,Rondônia,110003,Cabixi,5664,1,1,1,8,8,0,0,100.0,0.0,14.124293785310734,14.124293785310734,0.0,0.0,1.3820989165187132,0.8498347236500402
municipio,NORTE,RO,Rondônia,110060,Cacaulândia,4292,1,1,1,16,16,0,0,100.0,0.0,37.27865796831314,37.27865796831314,0.0,0.0,0.0,0.6439778661557155
municipio,NORTE,RO,Rondônia,110004,Cacoal,98280,10,10,1,554,455,78,37,82.12996389891697,47.43589743589743,56.36955636955636,46.29629629629629,79.36507936507937,37.647537647537646,0.0,0.0
municipio,NORTE,RO,Rondônia,110070,Campo Novo de Rondônia,9095,1,1,1,12,12,0,0,100.0,0.0,13.194062671797692,13.194062671797692,0.0,0.0,3.06535834140849,1.3646269088271743
municipio,NORTE,RO,Rondônia,110080,Candeias do Jamari,24313,1,1,1,15,15,0,0,100.0,0.0,6.169538929790646,6.169538929790646,0.0,0.0,25.27312340348154,3.647957562871368
municipio,NORTE,RO,Rondônia,110090,Castanheiras,3450,1,1,1,12,12,0,0,100.0,0.0,34.78260869565217,34.78260869565217,0.0,0.0,0.0,0.5176429725622597
municipio,NORTE,RO,Rondônia,110005,Cerejeiras,16966,1,1,1,42,42,0,0,100.0,0.0,24.755393139219613,24.755393139219613,0.0,0.0,0.0,2.5456030934757385
municipio,NORTE,RO,Rondônia,110092,Chupinguaia,10191,1,1,1,11,11,0,0,100.0,0.0,10.793837699931313,10.793837699931313,0.0,0.0,5.880820984859144,1.5290723285165184
municipio,NORTE,RO,Rondônia,110006,Colorado do Oeste,16508,1,1,1,50,50,0,0,100.0,0.0,30.28834504482675,30.28834504482675,0.0,0.0,0.0,2.476884113350082
municipio,NORTE,RO,Rondônia,110007,Corumbiara,7968,1,1,1,10,10,0,0,100.0,0.0,12.550200803212851,12.550200803212851,0.0,0.0,3.1985459334076807,1.195530204456836
municipio,NORTE,RO,Rondônia,110008,Costa Marques,13510,1,1,1,15,15,0,0,100.0,0.0,11.102886750555143,11.102886750555143,0.0,0.0,7.378558679761268,2.027059872265544
municipio,NORTE,RO,Rondônia,110094,Cujubim,15877,1,1,1,34,34,0,0,100.0,0.0,21.414624929142786,21.414624929142786,0.0,0.0,0.0,2.382207963875651
municipio,NORTE,RO,Rondônia,110009,Espigão D'Oeste,32842,3,3,1,55,37,0,0,67.27272727272727,0.0,16.746848547591497,11.266061750197917,0.0,0.0,17.40093443084526,4.9276610159100676
municipio,NORTE,RO,Rondônia,110100,Governador Jorge Teixeira,8340,1,1,1,21,21,0,0,100.0,0.0,25.17985611510791,25.17985611510791,0.0,0.0,0.0,1.251345620628767
municipio,NORTE,RO,Rondônia,110010,Guajará-Mirim,43594,3,3,1,201,181,10,0,90.04975124378109,0.0,46.10726246731201,41.519475157131716,22.9389365509015,0.0,0.0,6.540906593008449
municipio,NORTE,RO,Rondônia,110110,Itapuã do Oeste,9228,1,1,1,20,20,0,0,100.0,0.0,21.673168617251843,21.673168617251843,0.0,0.0,0.0,1.3845824205230528
municipio,NORTE,RO,Rondônia,110011,Jaru,55682,3,3,1,138,128,10,10,92.7536231884058,100.0,24.783592543371288,22.98768004022844,17.959125031428467,17.959125031428467,0.0,0.0
municipio,NORTE,RO,Rondônia,110012,Ji-Paraná,140101,9,9,1,483,358,93,33,74.12008281573499,35.483870967741936,34.475128657183035,25.55299391153525,66.38068250761951,23.554435728510146,0.0,0.0
municipio,NORTE,RO,Rondônia,110013,Machadinho D'Oeste,34149,1,1,1,48,48,0,0,100.0,0.0,14.056048493367303,14.056048493367303,0.0,0.0,8.565906762040518,5.123765179718436
municipio,NORTE,RO,Rondônia,110120,Ministro Andreazza,6519,1,1,1,16,16,0,0,100.0,0.0,24.54364166283172,24.54364166283172,0.0,0.0,0.0,0.9781201559806871
municipio,NORTE,RO,Rondônia,110130,Mirante da Serra,9657,1,1,1,25,25,0,0,100.0,0.0,25.88795692243968,25.88795692243968,0.0,0.0,0.0,1.44895019885036
municipio,NORTE,RO,Rondônia,110140,Monte Negro,12168,1,1,1,49,49,0,0,100.0,0.0,40.26955950032873,40.26955950032873,0.0,0.0,0.0,1.8257042580108915
municipio,NORTE,RO,Rondônia,110014,Nova Brasilândia D'Oeste,16374,1,1,1,44,44,0,0,100.0,0.0,26.87187003786491,26.87187003786491,0.0,0.0,0.0,2.4567785602128813
municipio,NORTE,RO,Rondônia,110033,Nova Mamoré,28701,1,1,1,37,37,0,0,100.0,0.0,12.891536880248074,12.891536880248074,0.0,0.0,10.541599753355154,4.306339407394033
municipio,NORTE,RO,Rondônia,110143,Nova União,6541,1,1,1,17,17,0,0,100.0,0.0,25.989909799724813,25.989909799724813,0.0,0.0,0.0,0.9814210676897799
municipio,NORTE,RO,Rondônia,110050,Novo Horizonte do Oeste,7972,1,1,1,24,24,0,0,100.0,0.0,30.105368790767688,30.105368790767688,0.0,0.0,0.0,1.1961303702221258
municipio,NORTE,RO,Rondônia,110015,Ouro Preto do Oeste,38684,4,4,1,167,77,38,0,46.10778443113773,0.0,43.170302967635195,19.904870230586287,98.23182711198427,0.0,0.0,5.804203116115493
municipio,NORTE,RO,Rondônia,110145,Parecis,4372,1,1,1,8,8,0,0,100.0,0.0,18.298261665141812,18.298261665141812,0.0,0.0,0.0,0.6559811814615071
municipio,NORTE,RO,Rondônia,110018,Pimenta Bueno,39220,2,2,1,67,57,0,0,85.07462686567165,0.0,17.083120856705765,14.533401325854156,0.0,0.0,7.965734376035296,5.884625328664296
municipio,NORTE,RO,Rondônia,110146,Pimenteiras do Oeste,2309,1,1,1,6,6,0,0,100.0,0.0,25.9852750108272,25.9852750108272,0.0,0.0,0.0,0.34644568801340797
municipio,NORTE,RO,Rondônia,110020,Porto Velho,517709,20,20,1,2272,1727,336,183,76.01232394366197,54.46428571428571,43.885657772996026,33.358508351216614,64.90132487555749,35.348043012580426,0.0,0.0
municipio,NORTE,RO,Rondônia,110025,Presidente Médici,20443,1,1,1,48,48,0,0,100.0,0.0,23.47991977694076,23.47991977694076,0.0,0.0,0.0,3.067297184953703
municipio,NORTE,RO,Rondônia,110147,Primavera de Rondônia,3268,0,0,0,0,0,0,0,0.0,0.0,0.0,0.0,0.0,0.0,5.413259049997025,0.49033543024158394
municipio,NORTE,RO,Rondônia,110026,Rio Crespo,3767,1,1,1,11,11,0,0,100.0,0.0,29.20095566764003,29.20095566764003,0.0,0.0,0.0,0.5652061094614587
municipio,NORTE,RO,Rondônia,110028,Rolim de Moura,62959,2,2,1,86,76,0,0,88.37209302325581,0.0,13.659683285947997,12.071348020140091,0.0,0.0,28.288058913330094,9.446459104216611
municipio,NORTE,RO,Rondônia,110029,Santa Luzia D'Oeste,7837,1,1,1,25,25,0,0,100.0,0.0,31.899961720045937,31.899961720045937,0.0,0.0,0.0,1.1758747756436025
municipio,NORTE,RO,Rondônia,110150,Seringueiras,12965,1,1,1,36,36,0,0,100.0,0.0,27.76706517547243,27.76706517547243,0.0,0.0,0.0,1.9452872867448394
municipio,NORTE,RO,Rondônia,110148,São Felipe D'Oeste,5588,1,1,1,12,12,0,0,100.0,0.0,21.47458840372226,21.47458840372226,0.0,0.0,0.0,0.8384315741095382
municipio,NORTE,RO,Rondônia,110149,São Francisco do Guaporé,17557,1,1,1,25,25,0,0,100.0,0.0,14.239334738281027,14.239334738281027,0.0,0.0,4.082187619583165,2.6342775852972733
municipio,NORTE,RO,Rondônia,110032,São Miguel do Guaporé,22305,1,1,1,39,39,0,0,100.0,0.0,17.484868863483523,17.484868863483523,0.0,0.0,0.0,3.3466743486960007
municipio,NORTE,RO,Rondônia,110155,Teixeirópolis,4521,1,1,1,12,12,0,0,100.0,0.0,26.542800265428003,26.542800265428003,0.0,0.0,0.0,0.6783373562185437
municipio,NORTE,RO,Rondônia,110160,Theobroma,8459,1,1,1,13,13,0,0,100.0,0.0,15.368246837687671,15.368246837687671,0.0,0.0,1.0118599461214308,1.2692005521461318
municipio,NORTE,RO,Rondônia,110170,Urupá,11314,1,1,1,25,25,0,0,100.0,0.0,22.096517588828,22.096517588828,0.0,0.0,0.0,1.697568867121567
municipio,NORTE,RO,Rondônia,110175,Vale do Anari,8220,1,1,1,13,13,0,0,100.0,0.0,15.815085158150852,15.815085158150852,0.0,0.0,0.6159698258799108,1.2333406476700794
municipio,NORTE,RO,Rondônia,110180,Vale do Paraíso,6790,1,1,1,16,16,0,0,100.0,0.0,23.5640648011782,23.5640648011782,0.0,0.0,0.0,1.018781386579056
municipio,NORTE,RO,Rondônia,110030,Vilhena,109651,3,3,1,303,233,32,10,76.89768976897689,31.25,27.633126920867113,21.249236213076035,29.18350037847352,9.119843868272975,0.0,6.452194082441836
municipio,NORTE,RR,Roraima,140005,Alto Alegre,23589,2,2,1,28,28,0,0,100.0,0.0,11.869939378523888,11.869939378523888,0.0,0.0,11.073857934632754,3.539327559353955
municipio,NORTE,RR,Roraima,140002,Amajari,16112,0,0,0,0,0,0,0,0.0,0.0,0.0,0.0,0.0,0.0,26.688626013938826,2.4174677025864137
municipio,NORTE,RR,Roraima,140010,Boa Vista,485477,7,7,1,1418,1250,104,90,88.15232722143864,86.53846153846155,29.208386803082327,25.74787271075664,21.422230095349523,18.53846835174478,0.0,0.0
municipio,NORTE,RR,Roraima,140015,Bonfim,15570,1,1,1,14,3,0,0,21.428571428571427,0.0,8.991650610147719,1.9267822736030829,0.0,0.0,22.79083335631998,2.3361452413896764
municipio,NORTE,RR,Roraima,140017,Cantá,21102,0,0,0,0,0,0,0,0.0,0.0,0.0,0.0,0.0,0.0,34.95428166249609,3.1661744947851607
municipio,NORTE,RR,Roraima,140020,Caracaraí,22750,1,1,1,15,15,0,0,100.0,0.0,6.593406593406593,6.593406593406593,0.0,0.0,22.684101403743064,3.413442790084466
municipio,NORTE,RR,Roraima,140023,Caroebe,12004,1,1,1,9,9,0,0,100.0,0.0,7.497500833055648,7.497500833055648,0.0,0.0,10.883953989034362,1.801097461634019
municipio,NORTE,RR,Roraima,140028,Iracema,10937,1,1,1,1,1,0,0,100.0,0.0,0.9143275121148395,0.9143275121148395,0.0,0.0,17.116528222098367,1.6410032437430244
municipio,NORTE,RR,Roraima,140030,Mucajaí,20006,1,1,1,18,18,0,0,100.0,0.0,8.997300809757073,8.997300809757073,0.0,0.0,15.138819019045439,3.0017290750958163
municipio,NORTE,RR,Roraima,140040,Normandia,16323,1,1,1,25,7,0,0,28.000000000000004,0.0,15.315812044354592,4.288427372419285,0.0,0.0,20.03813570168343,2.449126446705439
municipio,NORTE,RR,Roraima,140045,Pacaraima,23112,1,1,1,14,14,0,0,100.0,0.0,6.057459328487366,6.057459328487366,0.0,0.0,24.28373413816746,3.4677577918431726
municipio,NORTE,RR,Roraima,140047,Rorainópolis,37787,2,2,1,101,101,0,0,100.0,0.0,26.72876915341255,26.72876915341255,0.0,0.0,0.0,5.669615943249306
municipio,NORTE,RR,Roraima,140050,São João da Baliza,9969,1,1,1,26,26,0,0,100.0,0.0,26.080850636974624,26.080850636974624,0.0,0.0,0.0,1.495763128542947
municipio,NORTE,RR,Roraima,140060,São Luiz,7848,1,1,1,11,11,0,0,100.0,0.0,14.016309887869522,14.016309887869522,0.0,0.0,1.999772651278046,1.177525231498149
municipio,NORTE,RR,Roraima,140070,Uiramutã,16186,0,0,0,0,0,0,0,0.0,0.0,0.0,0.0,0.0,0.0,26.811202871252096,2.428570769244271
municipio,SUL,RS,Rio Grande do Sul,430003,Aceguá,4251,1,1,1,42,34,0,0,80.95238095238095,0.0,98.80028228652083,79.9811808986121,0.0,0.0,0.0,0.6378261670614973
municipio,SUL,RS,Rio Grande do Sul,430010,Agudo,16341,1,1,1,53,41,0,0,77.35849056603774,0.0,32.433755584113584,25.090263753748243,0.0,0.0,0.0,2.451827192649242
municipio,SUL,RS,Rio Grande do Sul,430020,Ajuricaba,6843,1,1,1,50,39,0,0,78.0,0.0,73.06736811340055,56.992547128452436,0.0,0.0,0.0,1.0267335829691429
municipio,SUL,RS,Rio Grande do Sul,430030,Alecrim,6219,1,1,1,50,32,0,0,64.0,0.0,80.39877793857532,51.45521788068821,0.0,0.0,0.0,0.9331077235839689
municipio,SUL,RS,Rio Grande do Sul,430040,Alegrete,74285,1,1,1,229,192,20,18,83.84279475982532,90.0,30.827219492495118,25.846402369253553,26.92333580130578,24.231002221175203,0.0,0.0
municipio,SUL,RS,Rio Grande do Sul,430045,Alegria,3705,0,0,0,0,0,0,0,0.0,0.0,0.0,0.0,0.0,0.0,6.137125085752442,0.5559035400994702
municipio,SUL,RS,Rio Grande do Sul,430047,Almirante Tamandaré do Sul,2007,0,0,0,0,0,0,0,0.0,0.0,0.0,0.0,0.0,0.0,3.3244831436181244,0.30113317273404494
municipio,SUL,RS,Rio Grande do Sul,430050,Alpestre,7235,1,1,1,23,22,0,0,95.65217391304348,0.0,31.78991015894955,30.407740152038702,0.0,0.0,0.0,1.0855498279675213
municipio,SUL,RS,Rio Grande do Sul,430055,Alto Alegre,1837,0,0,0,0,0,0,0,0.0,0.0,0.0,0.0,0.0,0.0,3.042887660601143,0.275626127709238
municipio,SUL,RS,Rio Grande do Sul,430057,Alto Feliz,3145,0,0,0,0,0,0,0,0.0,0.0,0.0,0.0,0.0,0.0,5.209516435814151,0.47188033295892945
municipio,SUL,RS,Rio Grande do Sul,430060,Alvorada,194062,1,1,1,136,126,10,10,92.64705882352942,100.0,7.008069586008595,6.492770351743258,5.152992342653379,5.152992342653379,195.4528389720082,19.117342185906445
municipio,SUL,RS,Rio Grande do Sul,430063,Amaral Ferrador,5384,0,0,0,0,0,0,0,0.0,0.0,0.0,0.0,0.0,0.0,8.918294591549568,0.8078231200797699
municipio,SUL,RS,Rio Grande do Sul,430064,Ametista do Sul,7826,1,1,1,32,29,0,0,90.625,0.0,40.88934321492461,37.05596728852543,0.0,0.0,0.0,1.1742243197890563
municipio,SUL,RS,Rio Grande do Sul,430066,André da Rocha,1156,0,0,0,0,0,0,0,0.0,0.0,0.0,0.0,0.0,0.0,1.9148492845154717,0.17344790616868758
municipio,SUL,RS,Rio Grande do Sul,430070,Anta Gorda,6080,1,1,1,38,25,0,0,65.78947368421053,0.0,62.5,41.118421052631575,0.0,0.0,0.0,0.9122519632401562
municipio,SUL,RS,Rio Grande do Sul,430080,Antônio Prado,13332,1,1,1,51,35,0,0,68.62745098039215,0.0,38.25382538253825,26.252625262526255,0.0,0.0,0.0,2.000352495710158
municipio,SUL,RS,Rio Grande do Sul,430085,Arambaré,4215,0,0,0,0,0,0,0,0.0,0.0,0.0,0.0,0.0,0.0,6.981911534803386,0.6324246751738911
municipio,SUL,RS,Rio Grande do Sul,430087,Araricá,8831,0,0,0,0,0,0,0,0.0,0.0,0.0,0.0,0.0,0.0,14.628057120723298,1.3250159683180625
municipio,SUL,RS,Rio Grande do Sul,430090,Aratiba,6618,1,1,1,36,31,0,0,86.11111111111111,0.0,54.39709882139619,46.841946207313384,0.0,0.0,0.0,0.9929742586716042
municipio,SUL,RS,Rio Grande do Sul,430130,Arroio Grande,17879,1,1,1,48,36,0,0,75.0,0.0,26.847139101739472,20.135354326304604,0.0,0.0,0.0,2.6825909294030845
municipio,SUL,RS,Rio Grande do Sul,430100,Arroio do Meio,22523,1,1,1,83,74,10,6,89.1566265060241,60.0,36.85121875416241,32.855303467566486,44.39905873995471,26.639435243972827,0.0,0.0
municipio,SUL,RS,Rio Grande do Sul,430107,Arroio do Padre,2650,0,0,0,0,0,0,0,0.0,0.0,0.0,0.0,0.0,0.0,4.389576647029412,0.39760981950434443
municipio,SUL,RS,Rio Grande do Sul,430105,Arroio do Sal,11418,0,0,0,0,0,0,0,0.0,0.0,0.0,0.0,0.0,0.0,18.91327779463465,1.713173177019096
municipio,SUL,RS,Rio Grande do Sul,430120,Arroio do Tigre,12291,1,1,1,76,61,0,0,80.26315789473685,0.0,61.833862175575625,49.62981043039622,0.0,0.0,0.0,1.844159355293546
municipio,SUL,RS,Rio Grande do Sul,430110,Arroio dos Ratos,14934,0,0,0,0,0,0,0,0.0,0.0,0.0,0.0,0.0,0.0,24.73733496103292,2.2407188847086337
municipio,SUL,RS,Rio Grande do Sul,430140,Arvorezinha,10547,1,1,1,51,31,0,0,60.78431372549019,0.0,48.35498245946715,29.392244240068266,0.0,0.0,0.0,1.5824870816272907
municipio,SUL,RS,Rio Grande do Sul,430150,Augusto Pestana,7303,1,1,1,50,44,0,0,88.0,0.0,68.46501437765302,60.249212652334656,0.0,0.0,0.0,1.0957526459774443
municipio,SUL,RS,Rio Grande do Sul,430160,Bagé,121928,2,2,1,292,184,46,25,63.013698630136986,54.347826086956516,23.94855980578702,15.090873302276753,37.727183255691884,20.503903943310807,17.966906195849862,0.0
municipio,SUL,RS,Rio Grande do Sul,430163,Balneário Pinhal,15413,0,0,0,0,0,0,0,0.0,0.0,0.0,0.0,0.0,0.0,25.530771645533708,2.3125887351020604
municipio,SUL,RS,Rio Grande do Sul,430195,Barra Funda,2557,0,0,0,0,0,0,0,0.0,0.0,0.0,0.0,0.0,0.0,4.235527353378946,0.3836559654613617
municipio,SUL,RS,Rio Grande do Sul,430185,Barra do Guarita,3231,0,0,0,0,0,0,0,0.0,0.0,0.0,0.0,0.0,0.0,5.351970621340389,0.48478389691265533
municipio,SUL,RS,Rio Grande do Sul,430187,Barra do Quaraí,4340,0,0,0,0,0,0,0,0.0,0.0,0.0,0.0,0.0,0.0,7.188967037021754,0.6511798553391904
municipio,SUL,RS,Rio Grande do Sul,430190,Barra do Ribeiro,12473,0,0,0,0,0,0,0,0.0,0.0,0.0,0.0,0.0,0.0,20.66082623335768,1.8714668976142217
municipio,SUL,RS,Rio Grande do Sul,430192,Barra do Rio Azul,1721,0,0,0,0,0,0,0,0.0,0.0,0.0,0.0,0.0,0.0,2.850740154542497,0.2582213205158403
municipio,SUL,RS,Rio Grande do Sul,430180,Barracão,4915,0,0,0,0,0,0,0,0.0,0.0,0.0,0.0,0.0,0.0,8.141422347226248,0.737453684099567
municipio,SUL,RS,Rio Grande do Sul,430200,Barros Cassal,9425,0,0,0,0,0,0,0,0.0,0.0,0.0,0.0,0.0,0.0,15.611984867264983,1.4141405844635644
municipio,SUL,RS,Rio Grande do Sul,430165,Barão,6496,1,1,1,12,11,0,0,91.66666666666666,0.0,18.472906403940886,16.933497536945815,0.0,0.0,0.0,0.9746692028302721
municipio,SUL,RS,Rio Grande do Sul,430170,Barão de Cotegipe,7320,0,0,0,0,0,0,0,0.0,0.0,0.0,0.0,0.0,0.0,12.125170209907658,1.098303350479925
municipio,SUL,RS,Rio Grande do Sul,430175,Barão do Triunfo,5972,0,0,0,0,0,0,0,0.0,0.0,0.0,0.0,0.0,0.0,9.892283673984773,0.8960474875773375
municipio,SUL,RS,Rio Grande do Sul,430205,Benjamin Constant do Sul,2118,0,0,0,0,0,0,0,0.0,0.0,0.0,0.0,0.0,0.0,3.5083484295880356,0.31778777272083075
municipio,SUL,RS,Rio Grande do Sul,430210,Bento Gonçalves,127977,1,1,1,267,140,50,27,52.43445692883895,54.0,20.86312384256546,10.939465685240316,39.0695203044297,21.09754096439204,71.98673605920115,0.0
municipio,SUL,RS,Rio Grande do Sul,430215,Boa Vista das Missões,1968,0,0,0,0,0,0,0,0.0,0.0,0.0,0.0,0.0,0.0,3.2598818269259935,0.2952815565224716
municipio,SUL,RS,Rio Grande do Sul,430220,Boa Vista do Buricá,7129,1,1,1,40,25,0,0,62.5,0.0,56.10885117127226,35.06803198204517,0.0,0.0,0.0,1.0696454351873477
municipio,SUL,RS,Rio Grande do Sul,430222,Boa Vista do Cadeado,2269,0,0,0,0,0,0,0,0.0,0.0,0.0,0.0,0.0,0.0,3.7584714762678244,0.34044403036051224
municipio,SUL,RS,Rio Grande do Sul,430223,Boa Vista do Incra,2314,0,0,0,0,0,0,0,0.0,0.0,0.0,0.0,0.0,0.0,3.833011457066437,0.34719589522002
municipio,SUL,RS,Rio Grande do Sul,430225,Boa Vista do Sul,2815,0,0,0,0,0,0,0,0.0,0.0,0.0,0.0,0.0,0.0,4.662889909957658,0.4223666573225394
municipio,SUL,RS,Rio Grande do Sul,430230,Bom Jesus,11429,1,1,1,30,23,0,0,76.66666666666667,0.0,26.249015661912676,20.12424534079972,0.0,0.0,0.0,1.7148236328736421
municipio,SUL,RS,Rio Grande do Sul,430235,Bom Princípio,13665,1,1,1,44,29,0,0,65.9090909090909,0.0,32.19904866447128,21.222100256128797,0.0,0.0,0.0,2.050316295670515
municipio,SUL,RS,Rio Grande do Sul,430237,Bom Progresso,2132,0,0,0,0,0,0,0,0.0,0.0,0.0,0.0,0.0,0.0,3.5315386458364926,0.31988835289934425
municipio,SUL,RS,Rio Grande do Sul,430240,Bom Retiro do Sul,12587,1,1,1,50,36,0,0,72.0,0.0,39.72352427107333,28.600937475172795,0.0,0.0,0.0,1.8885716219249746
municipio,SUL,RS,Rio Grande do Sul,430245,Boqueirão do Leão,6202,1,1,1,40,34,0,0,85.0,0.0,64.49532408900355,54.82102547565301,0.0,0.0,0.0,0.9305570190814882
municipio,SUL,RS,Rio Grande do Sul,430250,Bossoroca,5978,0,0,0,0,0,0,0,0.0,0.0,0.0,0.0,0.0,0.0,9.902222338091255,0.8969477362252719
municipio,SUL,RS,Rio Grande do Sul,430258,Bozano,2195,0,0,0,0,0,0,0,0.0,0.0,0.0,0.0,0.0,0.0,3.6358946189545502,0.3293409637026551
municipio,SUL,RS,Rio Grande do Sul,430260,Braga,3322,0,0,0,0,0,0,0,0.0,0.0,0.0,0.0,0.0,0.0,5.502707026955361,0.4984376680729933
municipio,SUL,RS,Rio Grande do Sul,430265,Brochier,5083,0,0,0,0,0,0,0,0.0,0.0,0.0,0.0,0.0,0.0,8.419704942207735,0.7626606462417292
municipio,SUL,RS,Rio Grande do Sul,430270,Butiá,19421,1,1,1,40,40,0,0,100.0,0.0,20.596261778487204,20.596261778487204,0.0,0.0,0.0,2.913954831922216
municipio,SUL,RS,Rio Grande do Sul,430290,Cacequi,11300,1,1,1,33,30,0,0,90.9090909090909,0.0,29.20353982300885,26.548672566371682,0.0,0.0,0.0,1.6954682869430535
municipio,SUL,RS,Rio Grande do Sul,430300,Cachoeira do Sul,82222,1,1,1,212,142,30,21,66.98113207547169,70.0,25.783853469874245,17.27031694680256,36.48658509887865,25.54060956921505,0.0,0.0
municipio,SUL,RS,Rio Grande do Sul,430310,Cachoeirinha,141503,1,1,1,101,101,10,10,100.0,100.0,7.1376578588439825,7.1376578588439825,7.066987979053447,7.066987979053447,133.39179784324634,11.231314071442734
municipio,SUL,RS,Rio Grande do Sul,430320,Cacique Doble,4692,0,0,0,0,0,0,0,0.0,0.0,0.0,0.0,0.0,0.0,7.77203533126868,0.7039944426846731
municipio,SUL,RS,Rio Grande do Sul,430330,Caibaté,4795,1,1,1,41,31,0,0,75.60975609756098,0.0,85.50573514077163,64.65067778936393,0.0,0.0,0.0,0.7194487111408797
municipio,SUL,RS,Rio Grande do Sul,430340,Caiçara,4931,1,1,1,41,33,0,0,80.48780487804879,0.0,83.14743459744474,66.92354491989454,0.0,0.0,0.0,0.7398543471607253
municipio,SUL,RS,Rio Grande do Sul,430350,Camaquã,63961,1,1,1,116,102,10,10,87.93103448275862,100.0,18.136051656478166,15.947217835868733,15.634527290067386,15.634527290067386,3.947815819112531,0.0
municipio,SUL,RS,Rio Grande do Sul,430355,Camargo,3060,0,0,0,0,0,0,0,0.0,0.0,0.0,0.0,0.0,0.0,5.068718694305661,0.459126810446526
municipio,SUL,RS,Rio Grande do Sul,430360,Cambará do Sul,6490,1,1,1,33,33,0,0,100.0,0.0,50.847457627118644,50.847457627118644,0.0,0.0,0.0,0.9737689541823378
municipio,SUL,RS,Rio Grande do Sul,430367,Campestre da Serra,3311,0,0,0,0,0,0,0,0.0,0.0,0.0,0.0,0.0,0.0,5.484486142760145,0.49678721221844685
municipio,SUL,RS,Rio Grande do Sul,430370,Campina das Missões,5999,1,1,1,55,46,0,0,83.63636363636363,0.0,91.68194699116519,76.67944657442906,0.0,0.0,0.0,0.9000986064930423
municipio,SUL,RS,Rio Grande do Sul,430380,Campinas do Sul,5388,1,1,1,50,50,0,0,100.0,0.0,92.79881217520415,92.79881217520415,0.0,0.0,0.0,0.8084232858450594
municipio,SUL,RS,Rio Grande do Sul,430390,Campo Bom,64719,1,1,1,123,123,10,10,100.0,100.0,19.005238029017754,19.005238029017754,15.451413031721751,15.451413031721751,0.0,0.0
municipio,SUL,RS,Rio Grande do Sul,430400,Campo Novo,5063,1,1,1,36,35,0,0,97.22222222222221,0.0,71.1040884850879,69.12897491605767,0.0,0.0,0.0,0.7596598174152814
municipio,SUL,RS,Rio Grande do Sul,430410,Campos Borges,3695,0,0,0,0,0,0,0,0.0,0.0,0.0,0.0,0.0,0.0,6.120560645574972,0.5544031256862462
municipio,SUL,RS,Rio Grande do Sul,430420,Candelária,29775,1,1,1,106,91,0,0,85.84905660377359,0.0,35.60033585222502,30.56255247691016,0.0,0.0,0.0,4.4674839153742845
municipio,SUL,RS,Rio Grande do Sul,430435,Candiota,11012,0,0,0,0,0,0,0,0.0,0.0,0.0,0.0,0.0,0.0,18.240761523429388,1.652256351842204
municipio,SUL,RS,Rio Grande do Sul,430440,Canela,50715,1,1,1,63,53,0,0,84.12698412698413,0.0,12.422360248447205,10.450557034407966,0.0,0.0,31.00655836003646,7.609351696665217
municipio,SUL,RS,Rio Grande do Sul,430450,Canguçu,50968,1,1,1,108,81,10,10,75.0,100.0,21.189766127766443,15.89232459582483,19.620153822005964,19.620153822005964,3.4256386965264456,0.0
municipio,SUL,RS,Rio Grande do Sul,430460,Canoas,359840,6,6,1,1050,681,126,110,64.85714285714286,87.3015873015873,29.179635393508228,18.92507781236105,35.01556247220987,30.56914184081814,0.0,0.0
municipio,SUL,RS,Rio Grande do Sul,430461,Canudos do Vale,1686,0,0,0,0,0,0,0,0.0,0.0,0.0,0.0,0.0,0.0,2.792764613921354,0.25296987006955646
municipio,SUL,RS,Rio Grande do Sul,430468,Capela de Santana,11424,0,0,0,0,0,0,0,0.0,0.0,0.0,0.0,0.0,0.0,18.923216458741134,1.7140734256670305
municipio,SUL,RS,Rio Grande do Sul,430469,Capitão,2994,0,0,0,0,0,0,0,0.0,0.0,0.0,0.0,0.0,0.0,4.9593933891343625,0.4492240753192479
municipio,SUL,RS,Rio Grande do Sul,430467,Capivari do Sul,4080,0,0,0,0,0,0,0,0.0,0.0,0.0,0.0,0.0,0.0,6.758291592407547,0.6121690805953679
municipio,SUL,RS,Rio Grande do Sul,430462,Capão Bonito do Sul,1769,0,0,0,0,0,0,0,0.0,0.0,0.0,0.0,0.0,0.0,2.9302494673943507,0.26542330969931516
municipio,SUL,RS,Rio Grande do Sul,430463,Capão da Canoa,66234,1,1,1,102,94,10,10,92.15686274509804,100.0,15.399945647250656,14.192106772956487,15.097985928677113,15.097985928677113,15.712913071451348,0.0
municipio,SUL,RS,Rio Grande do Sul,430465,Capão do Cipó,3187,0,0,0,0,0,0,0,0.0,0.0,0.0,0.0,0.0,0.0,5.279087084559523,0.47818207349447
municipio,SUL,RS,Rio Grande do Sul,430466,Capão do Leão,27416,0,0,0,0,0,0,0,0.0,0.0,0.0,0.0,0.0,0.0,45.413069190550324,4.1135361552947565
municipio,SUL,RS,Rio Grande do Sul,430470,Carazinho,63670,1,1,1,141,94,10,8,66.66666666666666,80.0,22.14543741165384,14.76362494110256,15.705983979896342,12.564787183917073,11.465790609948172,1.5531385689968327
municipio,SUL,RS,Rio Grande do Sul,430471,Caraá,7555,0,0,0,0,0,0,0,0.0,0.0,0.0,0.0,0.0,0.0,12.514434554078191,1.1335630891906874
municipio,SUL,RS,Rio Grande do Sul,430480,Carlos Barbosa,31585,1,1,1,72,37,0,0,51.388888888888886,0.0,22.795630837422827,11.71442140256451,0.0,0.0,15.318784300537343,4.739058924167818
municipio,SUL,RS,Rio Grande do Sul,430485,Carlos Gomes,1384,0,0,0,0,0,0,0,0.0,0.0,0.0,0.0,0.0,0.0,2.2925185205617757,0.20765735479019345
municipio,SUL,RS,Rio Grande do Sul,430490,Casca,9698,1,1,1,33,25,0,0,75.75757575757575,0.0,34.02763456382759,25.778511033202722,0.0,0.0,0.0,1.455101897944578
municipio,SUL,RS,Rio Grande do Sul,430495,Caseiros,3064,0,0,0,0,0,0,0,0.0,0.0,0.0,0.0,0.0,0.0,5.075344470376648,0.4597269762118156
municipio,SUL,RS,Rio Grande do Sul,430500,Catuípe,8834,0,0,0,0,0,0,0,0.0,0.0,0.0,0.0,0.0,0.0,14.633026452776537,1.3254660926420294
municipio,SUL,RS,Rio Grande do Sul,430510,Caxias do Sul,479599,9,9,1,1591,779,222,99,48.96291640477687,44.5945945945946,33.17354706744593,16.24273611913286,46.288670326668736,20.642244875406327,15.428894467418353,0.0
municipio,SUL,RS,Rio Grande do Sul,430280,Caçapava do Sul,33501,1,1,1,81,62,0,0,76.5432098765432,0.0,24.178382734843733,18.50691024148533,0.0,0.0,0.0,5.026538325741525
municipio,SUL,RS,Rio Grande do Sul,430511,Centenário,2777,0,0,0,0,0,0,0,0.0,0.0,0.0,0.0,0.0,0.0,4.599945037283274,0.41666508255228846
municipio,SUL,RS,Rio Grande do Sul,430512,Cerrito,5910,0,0,0,0,0,0,0,0.0,0.0,0.0,0.0,0.0,0.0,9.789584144884461,0.8867449182153492
municipio,SUL,RS,Rio Grande do Sul,430513,Cerro Branco,3859,0,0,0,0,0,0,0,0.0,0.0,0.0,0.0,0.0,0.0,6.392217464485472,0.5790099220631189
municipio,SUL,RS,Rio Grande do Sul,430515,Cerro Grande,2428,0,0,0,0,0,0,0,0.0,0.0,0.0,0.0,0.0,0.0,4.02184607508959,0.3643006195307729
municipio,SUL,RS,Rio Grande do Sul,430517,Cerro Grande do Sul,9333,0,0,0,0,0,0,0,0.0,0.0,0.0,0.0,0.0,0.0,15.459592017632263,1.4003367718619042
municipio,SUL,RS,Rio Grande do Sul,430520,Cerro Largo,14014,1,1,1,51,33,0,0,64.70588235294117,0.0,36.392179249322105,23.54788069073783,0.0,0.0,0.0,2.1026807586920313
municipio,SUL,RS,Rio Grande do Sul,430530,Chapada,9751,1,1,1,52,46,0,0,88.46153846153845,0.0,53.32786380884012,47.174648753973955,0.0,0.0,0.0,1.463054094334665
municipio,SUL,RS,Rio Grande do Sul,430535,Charqueadas,36110,1,1,1,59,59,0,0,100.0,0.0,16.338964275823873,16.338964275823873,0.0,0.0,0.8141934808422818,5.41799644615165
municipio,SUL,RS,Rio Grande do Sul,430537,Charrua,2800,0,0,0,0,0,0,0,0.0,0.0,0.0,0.0,0.0,0.0,4.638043249691454,0.4201160357027035
municipio,SUL,RS,Rio Grande do Sul,430540,Chiapetta,3991,1,1,1,31,26,0,0,83.87096774193549,0.0,77.67476822851415,65.14657980456026,0.0,0.0,0.0,0.5988153923176749
municipio,SUL,RS,Rio Grande do Sul,430544,Chuvisca,4682,0,0,0,0,0,0,0,0.0,0.0,0.0,0.0,0.0,0.0,7.7554708910912105,0.7024940282714492
municipio,SUL,RS,Rio Grande do Sul,430543,Chuí,6409,0,0,0,0,0,0,0,0.0,0.0,0.0,0.0,0.0,0.0,10.61614970974019,0.9616155974352238
municipio,SUL,RS,Rio Grande do Sul,430545,Cidreira,17583,0,0,0,0,0,0,0,0.0,0.0,0.0,0.0,0.0,0.0,29.12525516404458,2.6381786627716552
municipio,SUL,RS,Rio Grande do Sul,430550,Ciríaco,4208,0,0,0,0,0,0,0,0.0,0.0,0.0,0.0,0.0,0.0,6.9703164266791555,0.6313743850846344
municipio,SUL,RS,Rio Grande do Sul,430558,Colinas,2474,0,0,0,0,0,0,0,0.0,0.0,0.0,0.0,0.0,0.0,4.098042499905949,0.37120252583160307
municipio,SUL,RS,Rio Grande do Sul,430560,Colorado,3316,0,0,0,0,0,0,0,0.0,0.0,0.0,0.0,0.0,0.0,5.492768362848879,0.49753741942505886
municipio,SUL,RS,Rio Grande do Sul,430570,Condor,6538,1,1,1,36,28,0,0,77.77777777777779,0.0,55.062710308962984,42.82655246252677,0.0,0.0,0.0,0.9809709433658127
municipio,SUL,RS,Rio Grande do Sul,430580,Constantina,10631,1,1,1,51,43,0,0,84.31372549019608,0.0,47.972909415859284,40.447747154548026,0.0,0.0,0.0,1.5950905626983716
municipio,SUL,RS,Rio Grande do Sul,430583,Coqueiro Baixo,1308,0,0,0,0,0,0,0,0.0,0.0,0.0,0.0,0.0,0.0,2.166628775213008,0.19625420524969148
municipio,SUL,RS,Rio Grande do Sul,430585,Coqueiros do Sul,2248,0,0,0,0,0,0,0,0.0,0.0,0.0,0.0,0.0,0.0,3.723686151895139,0.33729316009274196
municipio,SUL,RS,Rio Grande do Sul,430587,Coronel Barros,2896,0,0,0,0,0,0,0,0.0,0.0,0.0,0.0,0.0,0.0,4.797061875395161,0.43452001406965335
municipio,SUL,RS,Rio Grande do Sul,430590,Coronel Bicaco,6214,1,1,1,31,20,0,0,64.51612903225806,0.0,49.88735114258127,32.1853878339234,0.0,0.0,0.0,0.932357516377357
municipio,SUL,RS,Rio Grande do Sul,430593,Coronel Pilar,1637,0,0,0,0,0,0,0,0.0,0.0,0.0,0.0,0.0,0.0,2.7115988570517535,0.24561783944475915
municipio,SUL,RS,Rio Grande do Sul,430595,Cotiporã,3926,0,0,0,0,0,0,0,0.0,0.0,0.0,0.0,0.0,0.0,6.503199213674518,0.5890626986317192
municipio,SUL,RS,Rio Grande do Sul,430597,Coxilha,2718,0,0,0,0,0,0,0,0.0,0.0,0.0,0.0,0.0,0.0,4.5022148402362046,0.40781263751426716
municipio,SUL,RS,Rio Grande do Sul,430600,Crissiumal,13116,1,1,1,52,36,0,0,69.23076923076923,0.0,39.64623360780726,27.447392497712716,0.0,0.0,0.0,1.967943544384521
municipio,SUL,RS,Rio Grande do Sul,430605,Cristal,7455,0,0,0,0,0,0,0,0.0,0.0,0.0,0.0,0.0,0.0,12.348790152303495,1.118558945058448
municipio,SUL,RS,Rio Grande do Sul,430607,Cristal do Sul,2745,0,0,0,0,0,0,0,0.0,0.0,0.0,0.0,0.0,0.0,4.546938828715372,0.41186375642997186
municipio,SUL,RS,Rio Grande do Sul,430610,Cruz Alta,60454,2,2,1,305,125,30,18,40.98360655737705,60.0,50.451583021801696,20.676878287623648,49.624507890296755,29.77470473417805,0.0,0.0
municipio,SUL,RS,Rio Grande do Sul,430613,Cruzaltense,1650,0,0,0,0,0,0,0,0.0,0.0,0.0,0.0,0.0,0.0,2.7331326292824643,0.2475683781819503
municipio,SUL,RS,Rio Grande do Sul,430620,Cruzeiro do Sul,12574,1,1,1,21,19,0,0,90.47619047619048,0.0,16.701129314458406,15.110545570224273,0.0,0.0,1.828127079150121,1.8866210831877834
municipio,SUL,RS,Rio Grande do Sul,430430,Cândido Godói,6419,1,1,1,39,32,0,0,82.05128205128204,0.0,60.75712727839227,49.85200186945007,0.0,0.0,0.0,0.9631160118484479
municipio,SUL,RS,Rio Grande do Sul,430630,David Canabarro,4400,1,1,1,34,26,0,0,76.47058823529412,0.0,77.27272727272728,59.090909090909086,0.0,0.0,0.0,0.6601823418185341
municipio,SUL,RS,Rio Grande do Sul,430632,Derrubadas,2793,0,0,0,0,0,0,0,0.0,0.0,0.0,0.0,0.0,0.0,4.626448141567225,0.4190657456134467
municipio,SUL,RS,Rio Grande do Sul,430635,Dezesseis de Novembro,2540,0,0,0,0,0,0,0,0.0,0.0,0.0,0.0,0.0,0.0,4.207367805077247,0.38110526095888103
municipio,SUL,RS,Rio Grande do Sul,430637,Dilermando de Aguiar,2856,0,0,0,0,0,0,0,0.0,0.0,0.0,0.0,0.0,0.0,4.7308041146852835,0.4285183564167576
municipio,SUL,RS,Rio Grande do Sul,430640,Dois Irmãos,31804,1,1,1,66,57,0,0,86.36363636363636,0.0,20.75210665325116,17.922273927807822,0.0,0.0,0.0,4.771917999817422
municipio,SUL,RS,Rio Grande do Sul,430642,Dois Irmãos das Missões,2132,0,0,0,0,0,0,0,0.0,0.0,0.0,0.0,0.0,0.0,3.5315386458364926,0.31988835289934425
municipio,SUL,RS,Rio Grande do Sul,430645,Dois Lajeados,3156,1,1,1,50,35,0,0,70.0,0.0,158.42839036755387,110.89987325728771,0.0,0.0,0.0,0.4735307888134758
municipio,SUL,RS,Rio Grande do Sul,430650,Dom Feliciano,13280,1,1,1,25,20,0,0,80.0,0.0,18.825301204819276,15.060240963855422,0.0,0.0,1.9975765556794665,1.9925503407613936
municipio,SUL,RS,Rio Grande do Sul,430660,Dom Pedrito,38080,1,1,1,124,93,10,0,75.0,0.0,32.563025210084035,24.422268907563026,26.26050420168067,0.0,0.0,5.713578085556767
municipio,SUL,RS,Rio Grande do Sul,430655,Dom Pedro de Alcântara,2617,0,0,0,0,0,0,0,0.0,0.0,0.0,0.0,0.0,0.0,4.334913994443762,0.39265845194070537
municipio,SUL,RS,Rio Grande do Sul,430670,Dona Francisca,3133,0,0,0,0,0,0,0,0.0,0.0,0.0,0.0,0.0,0.0,5.189639107601187,0.4700798356630607
municipio,SUL,RS,Rio Grande do Sul,430673,Doutor Maurício Cardoso,4534,0,0,0,0,0,0,0,0.0,0.0,0.0,0.0,0.0,0.0,7.510317176464661,0.6802878949557348
municipio,SUL,RS,Rio Grande do Sul,430675,Doutor Ricardo,1924,0,0,0,0,0,0,0,0.0,0.0,0.0,0.0,0.0,0.0,3.1869982901451275,0.2886797331042863
municipio,SUL,RS,Rio Grande do Sul,430676,Eldorado do Sul,41012,0,0,0,0,0,0,0,0.0,0.0,0.0,0.0,0.0,0.0,67.93408205583782,6.153499591514027
municipio,SUL,RS,Rio Grande do Sul,430680,Encantado,23520,1,1,1,84,51,10,8,60.71428571428571,80.0,35.714285714285715,21.683673469387756,42.517006802721085,34.01360544217687,0.0,0.0
municipio,SUL,RS,Rio Grande do Sul,430690,Encruzilhada do Sul,24275,1,1,1,59,43,0,0,72.88135593220339,0.0,24.3048403707518,17.71369721936148,0.0,0.0,0.0,3.642255988101117
municipio,SUL,RS,Rio Grande do Sul,430692,Engenho Velho,1315,0,0,0,0,0,0,0,0.0,0.0,0.0,0.0,0.0,0.0,2.1782238833372363,0.19730449533894825
municipio,SUL,RS,Rio Grande do Sul,430695,Entre Rios do Sul,2727,0,0,0,0,0,0,0,0.0,0.0,0.0,0.0,0.0,0.0,4.517122836395926,0.4091630104861687
municipio,SUL,RS,Rio Grande do Sul,430693,Entre-Ijuís,9367,0,0,0,0,0,0,0,0.0,0.0,0.0,0.0,0.0,0.0,15.515911114235662,1.4054381808668657
municipio,SUL,RS,Rio Grande do Sul,430697,Erebango,3122,0,0,0,0,0,0,0,0.0,0.0,0.0,0.0,0.0,0.0,5.171418223405971,0.4684293798085144
municipio,SUL,RS,Rio Grande do Sul,430700,Erechim,109609,4,4,1,352,188,56,37,53.40909090909091,66.07142857142857,32.11415121021084,17.151876214544426,51.09069510715361,33.75635212436935,0.0,0.0
municipio,SUL,RS,Rio Grande do Sul,430705,Ernestina,3097,0,0,0,0,0,0,0,0.0,0.0,0.0,0.0,0.0,0.0,5.130007122962297,0.4646783437754546
municipio,SUL,RS,Rio Grande do Sul,430720,Erval Grande,5027,0,0,0,0,0,0,0,0.0,0.0,0.0,0.0,0.0,0.0,8.326944077213907,0.7542583255276751
municipio,SUL,RS,Rio Grande do Sul,430730,Erval Seco,6892,0,0,0,0,0,0,0,0.0,0.0,0.0,0.0,0.0,0.0,11.416212170311963,1.0340856135939402
municipio,SUL,RS,Rio Grande do Sul,430740,Esmeralda,3264,0,0,0,0,0,0,0,0.0,0.0,0.0,0.0,0.0,0.0,5.406633273926038,0.4897352644762944
municipio,SUL,RS,Rio Grande do Sul,430745,Esperança do Sul,3293,0,0,0,0,0,0,0,0.0,0.0,0.0,0.0,0.0,0.0,5.454670150440699,0.4940864662746438
municipio,SUL,RS,Rio Grande do Sul,430750,Espumoso,15478,1,1,1,51,37,0,0,72.54901960784314,0.0,32.949993539216955,23.904897273549555,0.0,0.0,0.0,2.322341428788016
municipio,SUL,RS,Rio Grande do Sul,430755,Estação,5685,1,1,1,58,46,0,0,79.3103448275862,0.0,102.02286719437116,80.91468777484609,0.0,0.0,0.0,0.8529855939178105
municipio,SUL,RS,Rio Grande do Sul,430770,Esteio,78144,1,1,1,188,178,15,15,94.68085106382979,100.0,24.05814905814906,22.77846027846028,19.195331695331696,19.195331695331696,0.0,0.0
municipio,SUL,RS,Rio Grande do Sul,430780,Estrela,33263,1,1,1,139,108,20,14,77.6978417266187,70.0,41.78817304512521,32.46850855304693,60.126867690827645,42.08880738357935,0.0,0.0
municipio,SUL,RS,Rio Grande do Sul,430781,Estrela Velha,3115,0,0,0,0,0,0,0,0.0,0.0,0.0,0.0,0.0,0.0,5.159823115281743,0.4673790897192576
municipio,SUL,RS,Rio Grande do Sul,430760,Estância Velha,49499,1,1,1,56,54,0,0,96.42857142857143,0.0,11.313359865855876,10.909311299218166,0.0,0.0,27.992322434456174,7.426901304017186
municipio,SUL,RS,Rio Grande do Sul,430783,Eugênio de Castro,2683,0,0,0,0,0,0,0,0.0,0.0,0.0,0.0,0.0,0.0,4.44423929961506,0.4025611870679834
municipio,SUL,RS,Rio Grande do Sul,430786,Fagundes Varela,2620,0,0,0,0,0,0,0,0.0,0.0,0.0,0.0,0.0,0.0,4.339883326497003,0.3931085762646726
municipio,SUL,RS,Rio Grande do Sul,430790,Farroupilha,72552,1,1,1,143,112,20,16,78.32167832167832,80.0,19.710001102657408,15.437203660822583,27.566435108611753,22.053148086889404,8.178326375576559,0.0
municipio,SUL,RS,Rio Grande do Sul,430800,Faxinal do Soturno,6846,1,1,1,82,69,10,10,84.14634146341463,100.0,119.77797253870874,100.78878177037686,146.0706982179375,146.0706982179375,0.0,0.0
municipio,SUL,RS,Rio Grande do Sul,430805,Faxinalzinho,2572,0,0,0,0,0,0,0,0.0,0.0,0.0,0.0,0.0,0.0,4.26037401364515,0.3859065870811976
municipio,SUL,RS,Rio Grande do Sul,430807,Fazenda Vilanova,4405,0,0,0,0,0,0,0,0.0,0.0,0.0,0.0,0.0,0.0,7.296635898175306,0.660932549025146
municipio,SUL,RS,Rio Grande do Sul,430810,Feliz,13994,1,1,1,58,49,0,0,84.48275862068965,0.0,41.44633414320423,35.01500643132771,0.0,0.0,0.0,2.0996799298655833
municipio,SUL,RS,Rio Grande do Sul,430820,Flores da Cunha,32015,1,1,1,51,37,0,0,72.54901960784314,0.0,15.930032797126348,11.557082617523035,0.0,0.0,16.03105522816854,4.803576743936447
municipio,SUL,RS,Rio Grande do Sul,430825,Floriano Peixoto,1690,0,0,0,0,0,0,0,0.0,0.0,0.0,0.0,0.0,0.0,2.799390389992342,0.25357003583484605
municipio,SUL,RS,Rio Grande do Sul,430830,Fontoura Xavier,9710,0,0,0,0,0,0,0,0.0,0.0,0.0,0.0,0.0,0.0,16.084071412322864,1.4569023952404467
municipio,SUL,RS,Rio Grande do Sul,430840,Formigueiro,6527,1,1,1,14,14,0,0,100.0,0.0,21.44936417956182,21.44936417956182,0.0,0.0,0.0,0.9793204875112664
municipio,SUL,RS,Rio Grande do Sul,430843,Forquetinha,2441,0,0,0,0,0,0,0,0.0,0.0,0.0,0.0,0.0,0.0,4.043379847320299,0.366251158267964
municipio,SUL,RS,Rio Grande do Sul,430845,Fortaleza dos Valos,4569,1,1,1,24,21,0,0,87.5,0.0,52.52790544977019,45.961917268548916,0.0,0.0,0.0,0.6855393454020187
municipio,SUL,RS,Rio Grande do Sul,430850,Frederico Westphalen,33726,1,1,1,115,96,10,8,83.47826086956522,80.0,34.09832176955465,28.464685998932573,29.650714582221433,23.720571665777143,0.0,0.0
municipio,SUL,RS,Rio Grande do Sul,430860,Garibaldi,35563,1,1,1,105,67,9,6,63.8095238095238,66.66666666666666,29.52506818884796,18.83980541574108,25.307201304726824,16.87146753648455,0.0,0.0
municipio,SUL,RS,Rio Grande do Sul,430865,Garruchos,2724,0,0,0,0,0,0,0,0.0,0.0,0.0,0.0,0.0,0.0,4.512153504342686,0.4087128861622015
municipio,SUL,RS,Rio Grande do Sul,430870,Gaurama,5779,1,1,1,30,20,0,0,66.66666666666666,0.0,51.912095518255754,34.60806367883717,0.0,0.0,0.0,0.8670894894021156
municipio,SUL,RS,Rio Grande do Sul,430880,General Câmara,7743,0,0,0,0,0,0,0,0.0,0.0,0.0,0.0,0.0,0.0,12.825846029414619,1.1617708801592974
municipio,SUL,RS,Rio Grande do Sul,430885,Gentil,1784,0,0,0,0,0,0,0,0.0,0.0,0.0,0.0,0.0,0.0,2.955096127660555,0.26767393131915107
municipio,SUL,RS,Rio Grande do Sul,430890,Getúlio Vargas,16955,1,1,1,78,51,0,0,65.38461538461539,0.0,46.0041285756414,30.079622530227073,0.0,0.0,0.0,2.543952637621192
municipio,SUL,RS,Rio Grande do Sul,430900,Giruá,16273,1,1,1,57,49,0,0,85.96491228070175,0.0,35.02734591040374,30.111227186136546,0.0,0.0,0.0,2.4416243746393196
municipio,SUL,RS,Rio Grande do Sul,430905,Glorinha,7851,0,0,0,0,0,0,0,0.0,0.0,0.0,0.0,0.0,0.0,13.004741983331288,1.1779753558221162
municipio,SUL,RS,Rio Grande do Sul,430910,Gramado,41705,1,1,1,103,67,10,7,65.0485436893204,70.0,24.697278503776527,16.065219997602206,23.977940294928665,16.784558206450065,2.08199776013646,0.0
municipio,SUL,RS,Rio Grande do Sul,430915,Gramado Xavier,3350,0,0,0,0,0,0,0,0.0,0.0,0.0,0.0,0.0,0.0,5.549087459452275,0.5026388284300203
municipio,SUL,RS,Rio Grande do Sul,430912,Gramado dos Loureiros,2047,0,0,0,0,0,0,0,0.0,0.0,0.0,0.0,0.0,0.0,3.3907409043280023,0.3071348303869407
municipio,SUL,RS,Rio Grande do Sul,430920,Gravataí,275430,1,1,1,207,155,20,12,74.8792270531401,60.0,7.515521185056095,5.627564172384998,7.261373125658062,4.356823875394838,301.2343758080418,29.325914183427006
municipio,SUL,RS,Rio Grande do Sul,430925,Guabiju,1441,1,1,1,4,4,0,0,100.0,0.0,27.758501040943788,27.758501040943788,0.0,0.0,0.0,0.21620971694556992
municipio,SUL,RS,Rio Grande do Sul,430940,Guaporé,26168,1,1,1,68,43,0,0,63.23529411764706,0.0,25.985937022317334,16.432283705288903,0.0,0.0,0.34582705640213046,3.926284436524409
municipio,SUL,RS,Rio Grande do Sul,430950,Guarani das Missões,7547,1,1,1,45,36,0,0,80.0,0.0,59.62634159268583,47.70107327414867,0.0,0.0,0.0,1.1323627576601083
municipio,SUL,RS,Rio Grande do Sul,430930,Guaíba,95946,2,2,1,80,75,10,10,93.75,100.0,8.338023471536072,7.816897004565068,10.42252933942009,10.42252933942009,83.92917772674866,4.395876129118426
municipio,SUL,RS,Rio Grande do Sul,430955,Harmonia,5535,0,0,0,0,0,0,0,0.0,0.0,0.0,0.0,0.0,0.0,9.168417638229355,0.8304793777194515
municipio,SUL,RS,Rio Grande do Sul,430710,Herval,6302,1,1,1,34,34,0,0,100.0,0.0,53.95112662646779,53.95112662646779,0.0,0.0,0.0,0.9455611632137277
municipio,SUL,RS,Rio Grande do Sul,430957,Herveiras,2604,0,0,0,0,0,0,0,0.0,0.0,0.0,0.0,0.0,0.0,4.313380222213052,0.3907079132035143
municipio,SUL,RS,Rio Grande do Sul,430960,Horizontina,19252,1,1,1,60,38,0,0,63.33333333333333,0.0,31.165593185123623,19.738209017244962,0.0,0.0,0.0,2.8885978283387312
municipio,SUL,RS,Rio Grande do Sul,430965,Hulha Negra,6102,0,0,0,0,0,0,0,0.0,0.0,0.0,0.0,0.0,0.0,10.107621396291876,0.9155528749492488
municipio,SUL,RS,Rio Grande do Sul,430970,Humaitá,4772,1,1,1,30,24,0,0,80.0,0.0,62.866722548197814,50.29337803855826,0.0,0.0,0.0,0.7159977579904647
municipio,SUL,RS,Rio Grande do Sul,430975,Ibarama,3787,0,0,0,0,0,0,0,0.0,0.0,0.0,0.0,0.0,0.0,6.272953495207692,0.5682069382879065
municipio,SUL,RS,Rio Grande do Sul,430980,Ibiaçá,4617,0,0,0,0,0,0,0,0.0,0.0,0.0,0.0,0.0,0.0,7.647802029937658,0.6927413345854936
municipio,SUL,RS,Rio Grande do Sul,430990,Ibiraiaras,6827,0,0,0,0,0,0,0,0.0,0.0,0.0,0.0,0.0,0.0,11.308543309158413,1.0243329199079847
municipio,SUL,RS,Rio Grande do Sul,430995,Ibirapuitã,3789,0,0,0,0,0,0,0,0.0,0.0,0.0,0.0,0.0,0.0,6.276266383243185,0.5685070211705513
municipio,SUL,RS,Rio Grande do Sul,431000,Ibirubá,22106,1,1,1,50,41,0,0,82.0,0.0,22.618293675925088,18.547000814258574,0.0,0.0,0.0,3.316816101872844
municipio,SUL,RS,Rio Grande do Sul,431010,Igrejinha,34776,1,1,1,80,65,5,0,81.25,0.0,23.004370830457788,18.691051299746952,14.377731769036117,0.0,0.0,5.217841163427578
municipio,SUL,RS,Rio Grande do Sul,431020,Ijuí,87848,3,3,1,409,228,60,37,55.74572127139364,61.66666666666667,46.55769055641563,25.953920407977417,68.29979054730899,42.11820417084054,0.0,0.0
municipio,SUL,RS,Rio Grande do Sul,431030,Ilópolis,4245,1,1,1,42,23,0,0,54.761904761904766,0.0,98.93992932862191,54.18138987043581,0.0,0.0,0.0,0.6369259184135629
municipio,SUL,RS,Rio Grande do Sul,431033,Imbé,28027,0,0,0,0,0,0,0,0.0,0.0,0.0,0.0,0.0,0.0,46.42515648539371,4.20521147594274
municipio,SUL,RS,Rio Grande do Sul,431036,Imigrante,3149,0,0,0,0,0,0,0,0.0,0.0,0.0,0.0,0.0,0.0,5.216142211885139,0.47248049872421904
municipio,SUL,RS,Rio Grande do Sul,431040,Independência,6557,0,0,0,0,0,0,0,0.0,0.0,0.0,0.0,0.0,0.0,10.861303424366737,0.9838217307509382
municipio,SUL,RS,Rio Grande do Sul,431041,Inhacorá,2047,0,0,0,0,0,0,0,0.0,0.0,0.0,0.0,0.0,0.0,3.3907409043280023,0.3071348303869407
municipio,SUL,RS,Rio Grande do Sul,431046,Ipiranga do Sul,1748,0,0,0,0,0,0,0,0.0,0.0,0.0,0.0,0.0,0.0,2.8954641430216648,0.2622724394315449
municipio,SUL,RS,Rio Grande do Sul,431043,Ipê,5490,0,0,0,0,0,0,0,0.0,0.0,0.0,0.0,0.0,0.0,9.093877657430744,0.8237275128599437
municipio,SUL,RS,Rio Grande do Sul,431050,Iraí,7619,1,1,1,72,56,0,0,77.77777777777779,0.0,94.50059062869143,73.50045937787111,0.0,0.0,0.0,1.1431657414353207
municipio,SUL,RS,Rio Grande do Sul,431053,Itaara,5712,0,0,0,0,0,0,0,0.0,0.0,0.0,0.0,0.0,0.0,9.461608229370567,0.8570367128335152
municipio,SUL,RS,Rio Grande do Sul,431055,Itacurubi,3038,0,0,0,0,0,0,0,0.0,0.0,0.0,0.0,0.0,0.0,5.032276925915228,0.4558258987374333
municipio,SUL,RS,Rio Grande do Sul,431057,Itapuca,1963,0,0,0,0,0,0,0,0.0,0.0,0.0,0.0,0.0,0.0,3.251599606837259,0.2945313493158596
municipio,SUL,RS,Rio Grande do Sul,431060,Itaqui,36811,1,1,1,61,56,0,0,91.80327868852459,0.0,16.571133628534948,15.212843986851757,0.0,0.0,4.9753607372828945,5.5231754965186495
municipio,SUL,RS,Rio Grande do Sul,431065,Itati,2696,0,0,0,0,0,0,0,0.0,0.0,0.0,0.0,0.0,0.0,4.4657730718457715,0.4045117258051745
municipio,SUL,RS,Rio Grande do Sul,431070,Itatiba do Sul,3240,0,0,0,0,0,0,0,0.0,0.0,0.0,0.0,0.0,0.0,5.36687861750011,0.48613426988455694
municipio,SUL,RS,Rio Grande do Sul,431075,Ivorá,1962,1,1,1,10,9,0,0,90.0,0.0,50.96839959225281,45.87155963302752,0.0,0.0,0.0,0.29438130787453726
municipio,SUL,RS,Rio Grande do Sul,431080,Ivoti,23566,1,1,1,51,43,0,0,84.31372549019608,0.0,21.641347704319784,18.24662649579903,0.0,0.0,0.0,3.5358766062035394
municipio,SUL,RS,Rio Grande do Sul,431085,Jaboticaba,3847,1,1,1,51,45,0,0,88.23529411764706,0.0,132.57083441642837,116.97426566155445,0.0,0.0,0.0,0.5772094247672501
municipio,SUL,RS,Rio Grande do Sul,431087,Jacuizinho,2066,0,0,0,0,0,0,0,0.0,0.0,0.0,0.0,0.0,0.0,3.422213340665194,0.30998561777206624
municipio,SUL,RS,Rio Grande do Sul,431090,Jacutinga,3398,0,0,0,0,0,0,0,0.0,0.0,0.0,0.0,0.0,0.0,5.628596772304128,0.5098408176134952
municipio,SUL,RS,Rio Grande do Sul,431110,Jaguari,10771,1,1,1,52,42,0,0,80.76923076923077,0.0,48.277782935660575,38.993593909572,0.0,0.0,0.0,1.6160963644835071
municipio,SUL,RS,Rio Grande do Sul,431100,Jaguarão,27396,1,1,1,75,60,0,0,80.0,0.0,27.376259307928166,21.90100744634253,0.0,0.0,0.0,4.110535326468309
municipio,SUL,RS,Rio Grande do Sul,431112,Jaquirana,3751,1,1,1,9,9,0,0,100.0,0.0,23.993601706211674,23.993601706211674,0.0,0.0,0.0,0.5628054464003003
municipio,SUL,RS,Rio Grande do Sul,431113,Jari,3412,0,0,0,0,0,0,0,0.0,0.0,0.0,0.0,0.0,0.0,5.651786988552586,0.5119413977920088
municipio,SUL,RS,Rio Grande do Sul,431115,Jóia,7294,0,0,0,0,0,0,0,0.0,0.0,0.0,0.0,0.0,0.0,12.082102665446238,1.0944022730055427
municipio,SUL,RS,Rio Grande do Sul,431120,Júlio de Castilhos,18545,1,1,1,54,51,0,0,94.44444444444444,0.0,29.118360744135888,27.500674036128338,0.0,0.0,0.0,2.7825185293237986
municipio,SUL,RS,Rio Grande do Sul,431123,Lagoa Bonita do Sul,2283,0,0,0,0,0,0,0,0.0,0.0,0.0,0.0,0.0,0.0,3.781661692516282,0.34254461053902574
municipio,SUL,RS,Rio Grande do Sul,431130,Lagoa Vermelha,28622,1,1,1,85,58,0,0,68.23529411764706,0.0,29.6974355390958,20.264132485500664,0.0,0.0,0.0,4.294486133529564
municipio,SUL,RS,Rio Grande do Sul,431127,Lagoa dos Três Cantos,1781,0,0,0,0,0,0,0,0.0,0.0,0.0,0.0,0.0,0.0,2.9501267956073143,0.2672238069951839
municipio,SUL,RS,Rio Grande do Sul,431125,Lagoão,5421,0,0,0,0,0,0,0,0.0,0.0,0.0,0.0,0.0,0.0,8.979583020206205,0.8133746534086985
municipio,SUL,RS,Rio Grande do Sul,431140,Lajeado,96879,1,1,1,220,148,50,27,67.27272727272727,54.0,22.708739768164413,15.276788571310604,51.61077220037367,27.869816988201777,12.47463999530656,0.0
municipio,SUL,RS,Rio Grande do Sul,431142,Lajeado do Bugre,2661,0,0,0,0,0,0,0,0.0,0.0,0.0,0.0,0.0,0.0,4.407797531224628,0.39926027535889075
municipio,SUL,RS,Rio Grande do Sul,431150,Lavras do Sul,7290,1,1,1,33,30,0,0,90.9090909090909,0.0,45.267489711934154,41.1522633744856,0.0,0.0,0.0,1.093802107240253
municipio,SUL,RS,Rio Grande do Sul,431160,Liberato Salzano,4845,0,0,0,0,0,0,0,0.0,0.0,0.0,0.0,0.0,0.0,8.025471265983963,0.7269507832069995
municipio,SUL,RS,Rio Grande do Sul,431162,Lindolfo Collor,6420,0,0,0,0,0,0,0,0.0,0.0,0.0,0.0,0.0,0.0,10.634370593935406,0.9632660532897702
municipio,SUL,RS,Rio Grande do Sul,431164,Linha Nova,1721,0,0,0,0,0,0,0,0.0,0.0,0.0,0.0,0.0,0.0,2.850740154542497,0.2582213205158403
municipio,SUL,RS,Rio Grande do Sul,431170,Machadinho,5867,0,0,0,0,0,0,0,0.0,0.0,0.0,0.0,0.0,0.0,9.718357052121343,0.8802931362384862
municipio,SUL,RS,Rio Grande do Sul,431173,Mampituba,3203,0,0,0,0,0,0,0,0.0,0.0,0.0,0.0,0.0,0.0,5.305590188843474,0.4805827365556283
municipio,SUL,RS,Rio Grande do Sul,431175,Manoel Viana,6915,0,0,0,0,0,0,0,0.0,0.0,0.0,0.0,0.0,0.0,11.454310382720145,1.0375365667443552
municipio,SUL,RS,Rio Grande do Sul,431177,Maquiné,7593,0,0,0,0,0,0,0,0.0,0.0,0.0,0.0,0.0,0.0,12.577379426752575,1.1392646639609385
municipio,SUL,RS,Rio Grande do Sul,431179,Maratá,2521,0,0,0,0,0,0,0,0.0,0.0,0.0,0.0,0.0,0.0,4.175895368740056,0.3782544735737555
municipio,SUL,RS,Rio Grande do Sul,431180,Marau,46748,1,1,1,98,66,10,0,67.3469387755102,0.0,20.963463677590486,14.118251048173185,21.391289466929067,0.0,11.43544494163431,7.014137298939279
municipio,SUL,RS,Rio Grande do Sul,431190,Marcelino Ramos,4382,1,1,1,52,41,0,0,78.84615384615384,0.0,118.66727521679597,93.56458238247376,0.0,0.0,0.0,0.657481595874731
municipio,SUL,RS,Rio Grande do Sul,431198,Mariana Pimentel,4005,0,0,0,0,0,0,0,0.0,0.0,0.0,0.0,0.0,0.0,6.634058291076527,0.6009159724961884
municipio,SUL,RS,Rio Grande do Sul,431200,Mariano Moro,1884,1,1,1,11,11,0,0,100.0,0.0,58.3864118895966,58.3864118895966,0.0,0.0,0.0,0.2826780754513905
municipio,SUL,RS,Rio Grande do Sul,431205,Marques de Souza,4050,1,1,1,45,35,0,0,77.77777777777779,0.0,111.11111111111111,86.41975308641975,0.0,0.0,0.0,0.6076678373556961
municipio,SUL,RS,Rio Grande do Sul,431210,Mata,4782,1,1,1,15,11,0,0,73.33333333333333,0.0,31.36762860727729,23.00292764533668,0.0,0.0,0.0,0.7174981724036886
municipio,SUL,RS,Rio Grande do Sul,431213,Mato Castelhano,2611,0,0,0,0,0,0,0,0.0,0.0,0.0,0.0,0.0,0.0,4.324975330337281,0.391758203292771
municipio,SUL,RS,Rio Grande do Sul,431215,Mato Leitão,5001,0,0,0,0,0,0,0,0.0,0.0,0.0,0.0,0.0,0.0,8.283876532752487,0.7503572480532928
municipio,SUL,RS,Rio Grande do Sul,431217,Mato Queimado,1833,0,0,0,0,0,0,0,0.0,0.0,0.0,0.0,0.0,0.0,3.0362618845301554,0.2750259619439484
municipio,SUL,RS,Rio Grande do Sul,431220,Maximiliano de Almeida,4251,1,1,1,40,30,0,0,75.0,0.0,94.09550693954364,70.57163020465774,0.0,0.0,0.0,0.6378261670614973
municipio,SUL,RS,Rio Grande do Sul,431171,Maçambará,4485,0,0,0,0,0,0,0,0.0,0.0,0.0,0.0,0.0,0.0,7.429151419595062,0.6729358643309377
municipio,SUL,RS,Rio Grande do Sul,431225,Minas do Leão,7661,0,0,0,0,0,0,0,0.0,0.0,0.0,0.0,0.0,0.0,12.690017619959367,1.1494674819708612
municipio,SUL,RS,Rio Grande do Sul,431230,Miraguaí,4501,0,0,0,0,0,0,0,0.0,0.0,0.0,0.0,0.0,0.0,7.455654523879011,0.6753365273920959
municipio,SUL,RS,Rio Grande do Sul,431235,Montauri,1530,0,0,0,0,0,0,0,0.0,0.0,0.0,0.0,0.0,0.0,2.5343593471528303,0.229563405223263
municipio,SUL,RS,Rio Grande do Sul,431237,Monte Alegre dos Campos,3251,0,0,0,0,0,0,0,0.0,0.0,0.0,0.0,0.0,0.0,5.385099501695327,0.48778472573910325
municipio,SUL,RS,Rio Grande do Sul,431238,Monte Belo do Sul,2608,0,0,0,0,0,0,0,0.0,0.0,0.0,0.0,0.0,0.0,4.32000599828404,0.3913080789688038
municipio,SUL,RS,Rio Grande do Sul,431240,Montenegro,66352,2,2,1,250,140,23,10,56.00000000000001,43.47826086956522,37.67783940197733,21.099590065107307,34.663612249819145,15.071135760790934,0.0,0.0
municipio,SUL,RS,Rio Grande do Sul,431242,Mormaço,2815,0,0,0,0,0,0,0,0.0,0.0,0.0,0.0,0.0,0.0,4.662889909957658,0.4223666573225394
municipio,SUL,RS,Rio Grande do Sul,431244,Morrinhos do Sul,3133,0,0,0,0,0,0,0,0.0,0.0,0.0,0.0,0.0,0.0,5.189639107601187,0.4700798356630607
municipio,SUL,RS,Rio Grande do Sul,431245,Morro Redondo,6168,1,1,1,18,10,0,0,55.55555555555556,0.0,29.182879377431906,16.212710765239947,0.0,0.0,0.2169467014631748,0.9254556100765268
municipio,SUL,RS,Rio Grande do Sul,431247,Morro Reuter,6167,0,0,0,0,0,0,0,0.0,0.0,0.0,0.0,0.0,0.0,10.215290257445428,0.9253055686352044
municipio,SUL,RS,Rio Grande do Sul,431250,Mostardas,12347,1,1,1,21,21,0,0,100.0,0.0,17.008180124726653,17.008180124726653,0.0,0.0,0.0,1.8525616760076
municipio,SUL,RS,Rio Grande do Sul,431261,Muitos Capões,2937,0,0,0,0,0,0,0,0.0,0.0,0.0,0.0,0.0,0.0,4.864976080122786,0.44067171316387144
municipio,SUL,RS,Rio Grande do Sul,431262,Muliterno,1754,0,0,0,0,0,0,0,0.0,0.0,0.0,0.0,0.0,0.0,2.9054028071281466,0.26317268807947924
municipio,SUL,RS,Rio Grande do Sul,431260,Muçum,4692,1,1,1,31,25,0,0,80.64516129032258,0.0,66.06990622335891,53.28218243819267,0.0,0.0,0.0,0.7039944426846731
municipio,SUL,RS,Rio Grande do Sul,431267,Nicolau Vergueiro,1982,0,0,0,0,0,0,0,0.0,0.0,0.0,0.0,0.0,0.0,3.2830720431744504,0.2973821367009851
municipio,SUL,RS,Rio Grande do Sul,431270,Nonoai,14074,1,1,1,73,56,0,0,76.71232876712328,0.0,51.86869404575813,39.78968310359528,0.0,0.0,0.0,2.1116832451713745
municipio,SUL,RS,Rio Grande do Sul,431275,Nova Alvorada,3229,0,0,0,0,0,0,0,0.0,0.0,0.0,0.0,0.0,0.0,5.348657733304894,0.48448381403001056
municipio,SUL,RS,Rio Grande do Sul,431280,Nova Araçá,5098,0,0,0,0,0,0,0,0.0,0.0,0.0,0.0,0.0,0.0,8.44455160247394,0.7649112678615652
municipio,SUL,RS,Rio Grande do Sul,431290,Nova Bassano,9867,1,1,1,50,28,0,0,56.00000000000001,0.0,50.67396371744198,28.37741968176751,0.0,0.0,0.0,1.4804589015280627
municipio,SUL,RS,Rio Grande do Sul,431295,Nova Boa Vista,2089,0,0,0,0,0,0,0,0.0,0.0,0.0,0.0,0.0,0.0,3.460311553073374,0.3134365709224813
municipio,SUL,RS,Rio Grande do Sul,431300,Nova Bréscia,3104,1,1,1,33,22,0,0,66.66666666666666,0.0,106.31443298969073,70.87628865979381,0.0,0.0,0.0,0.4657286338647113
municipio,SUL,RS,Rio Grande do Sul,431301,Nova Candelária,3138,0,0,0,0,0,0,0,0.0,0.0,0.0,0.0,0.0,0.0,5.197921327689922,0.47083004286967267
municipio,SUL,RS,Rio Grande do Sul,431303,Nova Esperança do Sul,4976,0,0,0,0,0,0,0,0.0,0.0,0.0,0.0,0.0,0.0,8.242465432308812,0.746606212020233
municipio,SUL,RS,Rio Grande do Sul,431306,Nova Hartz,20558,0,0,0,0,0,0,0,0.0,0.0,0.0,0.0,0.0,0.0,34.053176116841755,3.084551950705778
municipio,SUL,RS,Rio Grande do Sul,431310,Nova Palma,5676,1,1,1,52,38,0,0,73.07692307692307,0.0,91.6138125440451,66.94855532064834,0.0,0.0,0.0,0.8516352209459089
municipio,SUL,RS,Rio Grande do Sul,431320,Nova Petrópolis,23934,1,1,1,42,31,0,0,73.80952380952381,0.0,17.548257708698923,12.952285451658728,0.0,0.0,8.64533112075545,3.5910918566101806
municipio,SUL,RS,Rio Grande do Sul,431330,Nova Prata,26637,1,1,1,75,47,0,0,62.66666666666667,0.0,28.156323910350267,17.644629650486166,0.0,0.0,0.0,3.996653872504612
municipio,SUL,RS,Rio Grande do Sul,431308,Nova Pádua,2389,0,0,0,0,0,0,0,0.0,0.0,0.0,0.0,0.0,0.0,3.957244758397459,0.35844900331919954
municipio,SUL,RS,Rio Grande do Sul,431333,Nova Ramada,2198,0,0,0,0,0,0,0,0.0,0.0,0.0,0.0,0.0,0.0,3.640863951007791,0.3297910880266222
municipio,SUL,RS,Rio Grande do Sul,431335,Nova Roma do Sul,3545,0,0,0,0,0,0,0,0.0,0.0,0.0,0.0,0.0,0.0,5.872094042912931,0.5318969094878871
municipio,SUL,RS,Rio Grande do Sul,431337,Nova Santa Rita,30189,0,0,0,0,0,0,0,0.0,0.0,0.0,0.0,0.0,0.0,50.00638845176261,4.529601072081756
municipio,SUL,RS,Rio Grande do Sul,431349,Novo Barreiro,4375,0,0,0,0,0,0,0,0.0,0.0,0.0,0.0,0.0,0.0,7.246942577642897,0.6564313057854743
municipio,SUL,RS,Rio Grande do Sul,431339,Novo Cabrais,3633,0,0,0,0,0,0,0,0.0,0.0,0.0,0.0,0.0,0.0,6.017861116474662,0.5451005563242578
municipio,SUL,RS,Rio Grande do Sul,431340,Novo Hamburgo,235802,4,4,1,556,270,88,22,48.561151079136685,25.0,23.579104502930424,11.450284560775566,37.31944597586111,9.329861493965277,120.59281227276578,13.380071946703172
municipio,SUL,RS,Rio Grande do Sul,431342,Novo Machado,3239,0,0,0,0,0,0,0,0.0,0.0,0.0,0.0,0.0,0.0,5.365222173482364,0.4859842284432345
municipio,SUL,RS,Rio Grande do Sul,431344,Novo Tiradentes,2187,0,0,0,0,0,0,0,0.0,0.0,0.0,0.0,0.0,0.0,3.622643066812575,0.32814063217207595
municipio,SUL,RS,Rio Grande do Sul,431346,Novo Xingu,1677,0,0,0,0,0,0,0,0.0,0.0,0.0,0.0,0.0,0.0,2.7778566177616315,0.2516194970976549
municipio,SUL,RS,Rio Grande do Sul,431265,Não-Me-Toque,18335,1,1,1,65,48,0,0,73.84615384615385,0.0,35.45132260703572,26.179438232887918,0.0,0.0,0.0,2.7510098266460963
municipio,SUL,RS,Rio Grande do Sul,431350,Osório,48999,1,1,1,125,108,10,8,86.4,80.0,25.510724708667524,22.04126614828874,20.40857976693402,16.326863813547213,0.0,0.0
municipio,SUL,RS,Rio Grande do Sul,431360,Paim Filho,3685,1,1,1,56,52,0,0,92.85714285714286,0.0,151.9674355495251,141.112618724559,0.0,0.0,0.0,0.5529027112730223
municipio,SUL,RS,Rio Grande do Sul,431365,Palmares do Sul,13189,1,1,1,39,30,0,0,76.92307692307693,0.0,29.57009629236485,22.74622791720373,0.0,0.0,0.0,1.9788965696010559
municipio,SUL,RS,Rio Grande do Sul,431370,Palmeira das Missões,34227,1,1,1,100,84,10,10,84.0,100.0,29.21670026587197,24.54202822333246,29.216700265871975,29.216700265871975,0.0,0.0
municipio,SUL,RS,Rio Grande do Sul,431380,Palmitinho,8042,1,1,1,51,48,0,0,94.11764705882352,0.0,63.41706043272818,59.68664511315593,0.0,0.0,0.0,1.2066332711146934
municipio,SUL,RS,Rio Grande do Sul,431390,Panambi,45102,1,1,1,61,38,0,0,62.295081967213115,0.0,13.524899117555764,8.425346991264245,0.0,0.0,36.70893808842285,6.767169086522619
municipio,SUL,RS,Rio Grande do Sul,431395,Pantano Grande,10443,0,0,0,0,0,0,0,0.0,0.0,0.0,0.0,0.0,0.0,17.298244877331374,1.5668827717297618
municipio,SUL,RS,Rio Grande do Sul,431400,Paraí,7362,1,1,1,41,29,0,0,70.73170731707317,0.0,55.69138820972562,39.391469709318116,0.0,0.0,0.0,1.1046050910154654
municipio,SUL,RS,Rio Grande do Sul,431402,Paraíso do Sul,6627,1,1,1,30,28,0,0,93.33333333333333,0.0,45.269352648257126,42.25139580503999,0.0,0.0,0.0,0.9943246316435057
municipio,SUL,RS,Rio Grande do Sul,431403,Pareci Novo,4441,0,0,0,0,0,0,0,0.0,0.0,0.0,0.0,0.0,0.0,7.356267882814196,0.6663340409127523
municipio,SUL,RS,Rio Grande do Sul,431405,Parobé,53569,1,1,1,202,192,20,10,95.04950495049505,50.0,37.708376113050456,35.84162482032519,37.3350258545054,18.6675129272527,0.0,0.0
municipio,SUL,RS,Rio Grande do Sul,431406,Passa Sete,4024,0,0,0,0,0,0,0,0.0,0.0,0.0,0.0,0.0,0.0,6.665530727413719,0.6037667598813139
municipio,SUL,RS,Rio Grande do Sul,431410,Passo Fundo,214811,9,9,1,1216,726,146,96,59.70394736842105,65.75342465753424,56.607901829980776,33.79715191493918,67.96672423665454,44.690448813142716,0.0,0.0
municipio,SUL,RS,Rio Grande do Sul,431407,Passo do Sobrado,6155,0,0,0,0,0,0,0,0.0,0.0,0.0,0.0,0.0,0.0,10.195412929232464,0.9235050713393357
municipio,SUL,RS,Rio Grande do Sul,431413,Paulo Bento,2188,0,0,0,0,0,0,0,0.0,0.0,0.0,0.0,0.0,0.0,3.624299510830322,0.3282906736133983
municipio,SUL,RS,Rio Grande do Sul,431415,Paverama,8146,0,0,0,0,0,0,0,0.0,0.0,0.0,0.0,0.0,0.0,13.493392968566637,1.2222375810122224
municipio,SUL,RS,Rio Grande do Sul,431417,Pedras Altas,2099,0,0,0,0,0,0,0,0.0,0.0,0.0,0.0,0.0,0.0,3.476875993250844,0.3149369853357052
municipio,SUL,RS,Rio Grande do Sul,431420,Pedro Osório,7631,1,1,1,46,40,0,0,86.95652173913044,0.0,60.28043506748788,52.4177696239025,0.0,0.0,0.0,1.1449662387311894
municipio,SUL,RS,Rio Grande do Sul,431430,Pejuçara,3817,1,1,1,18,16,0,0,88.88888888888889,0.0,47.15745349751114,41.917736442232126,0.0,0.0,0.0,0.5727081815275783
municipio,SUL,RS,Rio Grande do Sul,431440,Pelotas,336150,9,9,1,1320,952,147,100,72.12121212121212,68.02721088435374,39.2681838464971,28.320690168079725,43.73047746541722,29.748624126134164,0.0,0.0
municipio,SUL,RS,Rio Grande do Sul,431442,Picada Café,5473,0,0,0,0,0,0,0,0.0,0.0,0.0,0.0,0.0,0.0,9.065718109129046,0.821176808357463
municipio,SUL,RS,Rio Grande do Sul,431445,Pinhal,3039,0,0,0,0,0,0,0,0.0,0.0,0.0,0.0,0.0,0.0,5.033933369932974,0.4559759401787557
municipio,SUL,RS,Rio Grande do Sul,431447,Pinhal Grande,3861,1,1,1,16,11,0,0,68.75,0.0,41.44004144004144,28.490028490028493,0.0,0.0,0.0,0.5793100049457637
municipio,SUL,RS,Rio Grande do Sul,431446,Pinhal da Serra,2300,0,0,0,0,0,0,0,0.0,0.0,0.0,0.0,0.0,0.0,3.80982124081798,0.3450953150415065
municipio,SUL,RS,Rio Grande do Sul,431449,Pinheirinho do Vale,4638,0,0,0,0,0,0,0,0.0,0.0,0.0,0.0,0.0,0.0,7.6825873543103445,0.6958922048532639
municipio,SUL,RS,Rio Grande do Sul,431450,Pinheiro Machado,11395,1,1,1,52,52,0,0,100.0,0.0,45.63405002193945,45.63405002193945,0.0,0.0,0.0,1.709722223868681
municipio,SUL,RS,Rio Grande do Sul,431454,Pinto Bandeira,2785,0,0,0,0,0,0,0,0.0,0.0,0.0,0.0,0.0,0.0,4.61319658942525,0.4178654140828676
municipio,SUL,RS,Rio Grande do Sul,431455,Pirapó,2255,0,0,0,0,0,0,0,0.0,0.0,0.0,0.0,0.0,0.0,3.7352812600193674,0.3383434501819987
municipio,SUL,RS,Rio Grande do Sul,431460,Piratini,17770,1,1,1,105,94,0,0,89.52380952380953,0.0,59.08835115362971,52.89814293753518,0.0,0.0,0.0,2.666236412298943
municipio,SUL,RS,Rio Grande do Sul,431470,Planalto,10624,1,1,1,51,46,0,0,90.19607843137256,0.0,48.00451807228915,43.29819277108434,0.0,0.0,0.0,1.594040272609115
municipio,SUL,RS,Rio Grande do Sul,431478,Ponte Preta,1602,0,0,0,0,0,0,0,0.0,0.0,0.0,0.0,0.0,0.0,2.6536233164306102,0.24036638899847537
municipio,SUL,RS,Rio Grande do Sul,431477,Pontão,3345,0,0,0,0,0,0,0,0.0,0.0,0.0,0.0,0.0,0.0,5.540805239363541,0.5018886212234083
municipio,SUL,RS,Rio Grande do Sul,431490,Porto Alegre,1388794,32,32,1,8468,5051,1063,577,59.648086915446385,54.280338664158045,60.97376572767451,36.369684776863956,76.54122929678556,41.54683848000495,0.0,0.0
municipio,SUL,RS,Rio Grande do Sul,431500,Porto Lucena,4414,1,1,1,40,25,0,0,62.5,0.0,90.62075215224286,56.63797009515179,0.0,0.0,0.0,0.6622829219970475
municipio,SUL,RS,Rio Grande do Sul,431505,Porto Mauá,2173,0,0,0,0,0,0,0,0.0,0.0,0.0,0.0,0.0,0.0,3.5994528505641172,0.3260400519935624
municipio,SUL,RS,Rio Grande do Sul,431507,Porto Vera Cruz,1582,0,0,0,0,0,0,0,0.0,0.0,0.0,0.0,0.0,0.0,2.6204944360756715,0.23736556017202748
municipio,SUL,RS,Rio Grande do Sul,431510,Porto Xavier,10127,1,1,1,51,37,0,0,72.54901960784314,0.0,50.360422632566404,36.53599289029327,0.0,0.0,0.0,1.5194696762718851
municipio,SUL,RS,Rio Grande do Sul,431480,Portão,35273,1,1,1,61,61,0,0,100.0,0.0,17.293680718963515,17.293680718963515,0.0,0.0,0.0,5.292411759764807
municipio,SUL,RS,Rio Grande do Sul,431513,Pouso Novo,1771,0,0,0,0,0,0,0,0.0,0.0,0.0,0.0,0.0,0.0,2.933562355429845,0.26572339258196
municipio,SUL,RS,Rio Grande do Sul,431475,Poço das Antas,2224,0,0,0,0,0,0,0,0.0,0.0,0.0,0.0,0.0,0.0,3.683931495469212,0.3336921655010045
municipio,SUL,RS,Rio Grande do Sul,431514,Presidente Lucena,3166,0,0,0,0,0,0,0,0.0,0.0,0.0,0.0,0.0,0.0,5.244301760186837,0.4750312032266997
municipio,SUL,RS,Rio Grande do Sul,431515,Progresso,5423,1,1,1,50,50,0,0,100.0,0.0,92.19988936013277,92.19988936013277,0.0,0.0,0.0,0.8136747362913432
municipio,SUL,RS,Rio Grande do Sul,431517,Protásio Alves,2070,0,0,0,0,0,0,0,0.0,0.0,0.0,0.0,0.0,0.0,3.428839116736182,0.31058578353735583
municipio,SUL,RS,Rio Grande do Sul,431520,Putinga,3809,1,1,1,30,18,0,0,60.0,0.0,78.76082961407192,47.25649776844317,0.0,0.0,0.0,0.5715078499969991
municipio,SUL,RS,Rio Grande do Sul,431530,Quaraí,23995,1,1,1,59,52,0,0,88.13559322033898,0.0,24.5884559283184,21.67118149614503,0.0,0.0,0.0,3.6002443845308467
municipio,SUL,RS,Rio Grande do Sul,431531,Quatro Irmãos,1577,0,0,0,0,0,0,0,0.0,0.0,0.0,0.0,0.0,0.0,2.6122122159869368,0.23661535296541553
municipio,SUL,RS,Rio Grande do Sul,431532,Quevedos,2553,0,0,0,0,0,0,0,0.0,0.0,0.0,0.0,0.0,0.0,4.2289015773079575,0.3830557996960721
municipio,SUL,RS,Rio Grande do Sul,431535,Quinze de Novembro,4003,1,1,1,19,14,0,0,73.68421052631578,0.0,47.46440169872595,34.97376967274544,0.0,0.0,0.0,0.6006158896135436
municipio,SUL,RS,Rio Grande do Sul,431540,Redentora,9931,1,1,1,17,17,0,0,100.0,0.0,17.11811499345484,17.11811499345484,0.0,0.0,0.0,1.4900615537726958
municipio,SUL,RS,Rio Grande do Sul,431545,Relvado,1826,0,0,0,0,0,0,0,0.0,0.0,0.0,0.0,0.0,0.0,3.024666776405927,0.2739756718546916
municipio,SUL,RS,Rio Grande do Sul,431550,Restinga Sêca,15205,1,1,1,51,43,0,0,84.31372549019608,0.0,33.54159815850049,28.28017099638277,0.0,0.0,0.0,2.281380115307002
municipio,SUL,RS,Rio Grande do Sul,431560,Rio Grande,198935,3,3,1,599,490,57,45,81.80300500834724,78.94736842105263,30.110337547440118,24.6311609319627,28.652574961670897,22.620453917108605,0.0,0.0
municipio,SUL,RS,Rio Grande do Sul,431570,Rio Pardo,35641,1,1,1,101,101,0,0,100.0,0.0,28.338149883561066,28.338149883561066,0.0,0.0,0.0,5.347627010171449
municipio,SUL,RS,Rio Grande do Sul,431555,Rio dos Índios,2866,0,0,0,0,0,0,0,0.0,0.0,0.0,0.0,0.0,0.0,4.747368554862752,0.4300187708299815
municipio,SUL,RS,Rio Grande do Sul,431575,Riozinho,4574,1,1,1,33,30,0,0,90.9090909090909,0.0,72.14691735898558,65.58810668998689,0.0,0.0,0.0,0.6862895526086307
municipio,SUL,RS,Rio Grande do Sul,431580,Roca Sales,10646,1,1,1,38,26,0,0,68.42105263157895,0.0,35.69415743002067,24.422318241593086,0.0,0.0,0.0,1.5973411843182077
municipio,SUL,RS,Rio Grande do Sul,431590,Rodeio Bonito,6831,1,1,1,58,53,0,0,91.37931034482759,0.0,84.90704142878056,77.58746889181671,0.0,0.0,0.0,1.0249330856732741
municipio,SUL,RS,Rio Grande do Sul,431595,Rolador,2330,0,0,0,0,0,0,0,0.0,0.0,0.0,0.0,0.0,0.0,3.8595145613503883,0.3495965582811783
municipio,SUL,RS,Rio Grande do Sul,431600,Rolante,21752,1,1,1,60,59,0,0,98.33333333333333,0.0,27.58367046708349,27.12394262596543,0.0,0.0,0.0,3.2637014316447166
municipio,SUL,RS,Rio Grande do Sul,431610,Ronda Alta,9969,2,2,1,101,83,0,0,82.17821782178217,0.0,101.31407362824757,83.25810011034206,0.0,0.0,0.0,1.495763128542947
municipio,SUL,RS,Rio Grande do Sul,431620,Rondinha,5078,1,1,1,29,22,0,0,75.86206896551724,0.0,57.109098070106334,43.32414336352895,0.0,0.0,0.0,0.7619104390351173
municipio,SUL,RS,Rio Grande do Sul,431630,Roque Gonzales,6693,1,1,1,37,34,0,0,91.8918918918919,0.0,55.28163753174959,50.79934259674287,0.0,0.0,0.0,1.0042273667707837
municipio,SUL,RS,Rio Grande do Sul,431640,Rosário do Sul,37674,1,1,1,146,103,10,8,70.54794520547945,80.0,38.75351701438658,27.3398099485056,26.54350480437437,21.234803843499495,0.0,0.0
municipio,SUL,RS,Rio Grande do Sul,431642,Sagrada Família,2528,0,0,0,0,0,0,0,0.0,0.0,0.0,0.0,0.0,0.0,4.1874904768642836,0.37930476366301225
municipio,SUL,RS,Rio Grande do Sul,431643,Saldanha Marinho,2619,1,1,1,14,14,0,0,100.0,0.0,53.45551737304314,53.45551737304314,0.0,0.0,0.0,0.3929585348233502
municipio,SUL,RS,Rio Grande do Sul,431645,Salto do Jacuí,10357,1,1,1,32,32,0,0,100.0,0.0,30.8969778893502,30.8969778893502,0.0,0.0,0.0,1.5539792077760357
municipio,SUL,RS,Rio Grande do Sul,431647,Salvador das Missões,2955,0,0,0,0,0,0,0,0.0,0.0,0.0,0.0,0.0,0.0,4.894792072442231,0.4433724591076746
municipio,SUL,RS,Rio Grande do Sul,431650,Salvador do Sul,7184,1,1,1,15,14,0,0,93.33333333333333,0.0,20.879732739420938,19.487750556792875,0.0,0.0,0.0,1.0778977144600792
municipio,SUL,RS,Rio Grande do Sul,431660,Sananduva,16770,1,1,1,80,52,10,0,65.0,0.0,47.704233750745374,31.007751937984494,59.63029218843172,0.0,0.0,2.516194970976549
municipio,SUL,RS,Rio Grande do Sul,431710,Sant'Ana do Livramento,87329,3,3,1,215,127,15,10,59.06976744186046,66.66666666666666,24.619542191024745,14.542706317489035,17.17642478443587,11.45094985629058,17.655599625823218,3.102969029243355
municipio,SUL,RS,Rio Grande do Sul,431670,Santa Bárbara do Sul,8269,1,1,1,51,31,0,0,60.78431372549019,0.0,61.67613979925021,37.48941830934817,0.0,0.0,0.0,1.2406926782948768
municipio,SUL,RS,Rio Grande do Sul,431673,Santa Cecília do Sul,1710,0,0,0,0,0,0,0,0.0,0.0,0.0,0.0,0.0,0.0,2.8325192703472806,0.2565708646612939
municipio,SUL,RS,Rio Grande do Sul,431675,Santa Clara do Sul,7079,0,0,0,0,0,0,0,0.0,0.0,0.0,0.0,0.0,0.0,11.725967201630644,1.0621433631212278
municipio,SUL,RS,Rio Grande do Sul,431680,Santa Cruz do Sul,138270,3,3,1,407,259,45,33,63.63636363636363,73.33333333333333,29.435163086714397,18.731467418818255,32.54502061184639,23.86634844868735,0.0,0.0
municipio,SUL,RS,Rio Grande do Sul,431697,Santa Margarida do Sul,2661,0,0,0,0,0,0,0,0.0,0.0,0.0,0.0,0.0,0.0,4.407797531224628,0.39926027535889075
municipio,SUL,RS,Rio Grande do Sul,431690,Santa Maria,282395,9,9,1,1168,592,139,60,50.68493150684932,43.16546762589928,41.360505674675544,20.963543972095824,49.22183466421148,21.246835106853872,0.0,0.0
municipio,SUL,RS,Rio Grande do Sul,431695,Santa Maria do Herval,6486,0,0,0,0,0,0,0,0.0,0.0,0.0,0.0,0.0,0.0,10.743695899106703,0.9731687884170482
municipio,SUL,RS,Rio Grande do Sul,431720,Santa Rosa,79488,2,2,1,277,189,60,48,68.23104693140795,80.0,34.84802737520128,23.77717391304348,75.48309178743962,60.386473429951685,0.0,0.0
municipio,SUL,RS,Rio Grande do Sul,431725,Santa Tereza,1529,0,0,0,0,0,0,0,0.0,0.0,0.0,0.0,0.0,0.0,2.5327029031350836,0.2294133637819406
municipio,SUL,RS,Rio Grande do Sul,431730,Santa Vitória do Palmar,31965,1,1,1,62,53,0,0,85.48387096774194,0.0,19.39621460972939,16.580635069607382,0.0,0.0,0.0,4.796074671870327
municipio,SUL,RS,Rio Grande do Sul,431700,Santana da Boa Vista,7128,1,1,1,30,30,0,0,100.0,0.0,42.08754208754209,42.08754208754209,0.0,0.0,0.0,1.0694953937460252
municipio,SUL,RS,Rio Grande do Sul,431740,Santiago,50336,1,1,1,161,120,10,9,74.53416149068323,90.0,31.985060394151304,23.839796567069293,19.866497139224414,17.87984742530197,0.0,0.0
municipio,SUL,RS,Rio Grande do Sul,431760,Santo Antônio da Patrulha,44431,1,1,1,82,82,0,0,100.0,0.0,18.455582813801175,18.455582813801175,0.0,0.0,0.0,6.666491279395292
municipio,SUL,RS,Rio Grande do Sul,431770,Santo Antônio das Missões,10485,0,0,0,0,0,0,0,0.0,0.0,0.0,0.0,0.0,0.0,17.367815526076747,1.573184512265302
municipio,SUL,RS,Rio Grande do Sul,431755,Santo Antônio do Palma,2134,0,0,0,0,0,0,0,0.0,0.0,0.0,0.0,0.0,0.0,3.534851533871987,0.320188435781989
municipio,SUL,RS,Rio Grande do Sul,431775,Santo Antônio do Planalto,2138,0,0,0,0,0,0,0,0.0,0.0,0.0,0.0,0.0,0.0,3.5414773099429744,0.3207886015472786
municipio,SUL,RS,Rio Grande do Sul,431780,Santo Augusto,14196,1,1,1,78,55,0,0,70.51282051282051,0.0,54.94505494505495,38.743307974077204,0.0,0.0,0.0,2.1299883010127068
municipio,SUL,RS,Rio Grande do Sul,431790,Santo Cristo,15667,1,1,1,56,34,0,0,60.71428571428571,0.0,35.74392034212038,21.70166592200166,0.0,0.0,0.0,2.3506992611979483
municipio,SUL,RS,Rio Grande do Sul,431795,Santo Expedito do Sul,2395,0,0,0,0,0,0,0,0.0,0.0,0.0,0.0,0.0,0.0,3.9671834225039397,0.3593492519671339
municipio,SUL,RS,Rio Grande do Sul,431750,Santo Ângelo,79146,2,2,1,267,145,30,18,54.30711610486891,60.0,33.73512243196119,18.32057210724484,37.904631946023805,22.74277916761428,0.0,0.0
municipio,SUL,RS,Rio Grande do Sul,431990,Sapiranga,77935,1,1,1,157,110,20,16,70.06369426751591,80.0,20.14499262205684,14.114326040931546,25.662410983511904,20.52992878680952,19.094964523108374,0.0
municipio,SUL,RS,Rio Grande do Sul,432000,Sapucaia do Sul,136572,1,1,1,182,179,20,20,98.35164835164835,100.0,13.326304074041532,13.106639721172716,14.644290191254429,14.644290191254429,47.223872391736144,0.4914597242820092
municipio,SUL,RS,Rio Grande do Sul,432010,Sarandi,23374,1,1,1,94,78,0,0,82.97872340425532,0.0,40.21562419782665,33.370411568409345,0.0,0.0,0.0,3.5070686494696397
municipio,SUL,RS,Rio Grande do Sul,432020,Seberi,12325,1,1,1,70,58,0,0,82.85714285714286,0.0,56.79513184584179,47.05882352941176,0.0,0.0,0.0,1.8492607642985075
municipio,SUL,RS,Rio Grande do Sul,432023,Sede Nova,2750,0,0,0,0,0,0,0,0.0,0.0,0.0,0.0,0.0,0.0,4.555221048804106,0.4126139636365838
municipio,SUL,RS,Rio Grande do Sul,432026,Segredo,6098,1,1,1,24,22,0,0,91.66666666666666,0.0,39.35716628402755,36.077402427025255,0.0,0.0,0.0,0.9149527091839592
municipio,SUL,RS,Rio Grande do Sul,432030,Selbach,5222,1,1,1,47,33,0,0,70.2127659574468,0.0,90.00382995021064,63.19417847567982,0.0,0.0,0.0,0.783516406585542
municipio,SUL,RS,Rio Grande do Sul,432032,Senador Salgado Filho,2725,0,0,0,0,0,0,0,0.0,0.0,0.0,0.0,0.0,0.0,4.513809948360433,0.40886292760352394
municipio,SUL,RS,Rio Grande do Sul,432035,Sentinela do Sul,5424,0,0,0,0,0,0,0,0.0,0.0,0.0,0.0,0.0,0.0,8.984552352259445,0.8138247777326657
municipio,SUL,RS,Rio Grande do Sul,432040,Serafina Corrêa,17407,1,1,1,63,46,0,0,73.01587301587301,0.0,36.19233641638421,26.426150399264664,0.0,0.0,0.0,2.611771369098914
municipio,SUL,RS,Rio Grande do Sul,432050,Sertão,5630,1,1,1,50,43,0,0,86.0,0.0,88.80994671403197,76.3765541740675,0.0,0.0,0.0,0.8447333146450788
municipio,SUL,RS,Rio Grande do Sul,432055,Sertão Santana,5989,0,0,0,0,0,0,0,0.0,0.0,0.0,0.0,0.0,0.0,9.92044322228647,0.8985981920798183
municipio,SUL,RS,Rio Grande do Sul,432057,Sete de Setembro,1881,0,0,0,0,0,0,0,0.0,0.0,0.0,0.0,0.0,0.0,3.115771197382009,0.2822279511274233
municipio,SUL,RS,Rio Grande do Sul,432060,Severiano de Almeida,3463,1,1,1,50,45,0,0,90.0,0.0,144.3834825295986,129.94513427663875,0.0,0.0,0.0,0.5195935112994507
municipio,SUL,RS,Rio Grande do Sul,432065,Silveira Martins,2056,0,0,0,0,0,0,0,0.0,0.0,0.0,0.0,0.0,0.0,3.405648900487725,0.3084852033588423
municipio,SUL,RS,Rio Grande do Sul,432067,Sinimbu,8685,1,1,1,50,47,0,0,94.0,0.0,57.570523891767415,54.11629245826136,0.0,0.0,0.0,1.3031099178849928
municipio,SUL,RS,Rio Grande do Sul,432070,Sobradinho,14512,2,2,1,95,41,0,0,43.15789473684211,0.0,65.46306504961412,28.252480705622933,0.0,0.0,0.0,2.177401396470583
municipio,SUL,RS,Rio Grande do Sul,432080,Soledade,30939,1,1,1,110,70,10,0,63.63636363636363,0.0,35.55383173341091,22.625165648534214,32.32166521219173,0.0,0.0,4.642132153073551
municipio,SUL,RS,Rio Grande do Sul,431800,São Borja,61311,1,1,1,169,119,10,7,70.41420118343196,70.0,27.564384857529642,19.409241408556376,16.310286897946536,11.417200828562574,0.0,2.1991908089173053
municipio,SUL,RS,Rio Grande do Sul,431805,São Domingos do Sul,2806,0,0,0,0,0,0,0,0.0,0.0,0.0,0.0,0.0,0.0,4.647981913797936,0.42101628435063787
municipio,SUL,RS,Rio Grande do Sul,431810,São Francisco de Assis,17934,1,1,1,65,52,0,0,80.0,0.0,36.24400579904093,28.995204639232742,0.0,0.0,0.0,2.690843208675816
municipio,SUL,RS,Rio Grande do Sul,431820,São Francisco de Paula,22388,1,1,1,103,97,0,0,94.1747572815534,0.0,46.00678935143827,43.32678220475255,0.0,0.0,0.0,3.3591277883257593
municipio,SUL,RS,Rio Grande do Sul,431830,São Gabriel,60090,1,1,1,201,168,24,18,83.5820895522388,75.0,33.449825262106835,27.95806290564154,39.9400898652022,29.95506739890165,0.0,0.0
municipio,SUL,RS,Rio Grande do Sul,431840,São Jerônimo,21412,1,1,1,169,169,10,10,100.0,100.0,78.92770409116383,78.92770409116383,46.70278348589576,46.70278348589576,0.0,0.0
municipio,SUL,RS,Rio Grande do Sul,431844,São Jorge,2976,0,0,0,0,0,0,0,0.0,0.0,0.0,0.0,0.0,0.0,4.929577396814916,0.44652332937544487
municipio,SUL,RS,Rio Grande do Sul,431845,São José das Missões,2399,0,0,0,0,0,0,0,0.0,0.0,0.0,0.0,0.0,0.0,3.9738091985749278,0.35994941773242345
municipio,SUL,RS,Rio Grande do Sul,431846,São José do Herval,1931,0,0,0,0,0,0,0,0.0,0.0,0.0,0.0,0.0,0.0,3.1985933982693564,0.289730023193543
municipio,SUL,RS,Rio Grande do Sul,431848,São José do Hortêncio,4555,0,0,0,0,0,0,0,0.0,0.0,0.0,0.0,0.0,0.0,7.545102500837348,0.6834387652235052
municipio,SUL,RS,Rio Grande do Sul,431849,São José do Inhacorá,2466,0,0,0,0,0,0,0,0.0,0.0,0.0,0.0,0.0,0.0,4.084790947763973,0.3700021943010238
municipio,SUL,RS,Rio Grande do Sul,431850,São José do Norte,26248,1,1,1,37,37,0,0,100.0,0.0,14.09631209996952,14.09631209996952,0.0,0.0,6.478342577821891,3.9382877518302006
municipio,SUL,RS,Rio Grande do Sul,431860,São José do Ouro,6978,1,1,1,54,40,0,0,74.07407407407408,0.0,77.38607050730869,57.32301519059902,0.0,0.0,0.0,1.046989177547666
municipio,SUL,RS,Rio Grande do Sul,431861,São José do Sul,2443,0,0,0,0,0,0,0,0.0,0.0,0.0,0.0,0.0,0.0,4.046692735355793,0.36655124115060883
municipio,SUL,RS,Rio Grande do Sul,431862,São José dos Ausentes,4295,0,0,0,0,0,0,0,0.0,0.0,0.0,0.0,0.0,0.0,7.114427056223141,0.6444279904796827
municipio,SUL,RS,Rio Grande do Sul,431842,São João da Urtiga,4547,0,0,0,0,0,0,0,0.0,0.0,0.0,0.0,0.0,0.0,7.5318509486953715,0.682238433692926
municipio,SUL,RS,Rio Grande do Sul,431843,São João do Polêsine,2708,1,1,1,50,49,0,0,98.0,0.0,184.6381093057607,180.94534711964548,0.0,0.0,0.0,0.40631222310104326
municipio,SUL,RS,Rio Grande do Sul,431870,São Leopoldo,225737,2,2,1,292,257,26,26,88.01369863013699,100.0,12.935407133079645,11.384930250689964,11.517828269180507,11.517828269180507,116.92070323414274,7.869904839793278
municipio,SUL,RS,Rio Grande do Sul,431880,São Lourenço do Sul,43278,2,2,1,165,124,0,0,75.15151515151514,0.0,38.12560654374047,28.65197097832617,0.0,0.0,0.0,6.493493497550572
municipio,SUL,RS,Rio Grande do Sul,431890,São Luiz Gonzaga,35865,1,1,1,130,112,0,0,86.15384615384616,0.0,36.247037501742646,31.22821692457828,0.0,0.0,0.0,5.381236293027664
municipio,SUL,RS,Rio Grande do Sul,431900,São Marcos,21549,1,1,1,75,45,0,0,60.0,0.0,34.804399276068494,20.882639565641096,0.0,0.0,0.0,3.2332430190562707
municipio,SUL,RS,Rio Grande do Sul,431910,São Martinho,5587,1,1,1,49,39,0,0,79.59183673469387,0.0,87.70359763737247,69.80490424199033,0.0,0.0,0.0,0.8382815326682158
municipio,SUL,RS,Rio Grande do Sul,431912,São Martinho da Serra,2908,0,0,0,0,0,0,0,0.0,0.0,0.0,0.0,0.0,0.0,4.816939203608124,0.436320511365522
municipio,SUL,RS,Rio Grande do Sul,431915,São Miguel das Missões,7193,1,1,1,39,31,0,0,79.48717948717949,0.0,54.21937995273182,43.09745585986376,0.0,0.0,0.0,1.0792480874319808
municipio,SUL,RS,Rio Grande do Sul,431920,São Nicolau,5243,0,0,0,0,0,0,0,0.0,0.0,0.0,0.0,0.0,0.0,8.684735985047247,0.7866672768533124
municipio,SUL,RS,Rio Grande do Sul,431930,São Paulo das Missões,5943,1,1,1,36,25,0,0,69.44444444444444,0.0,60.575466935890965,42.06629648325761,0.0,0.0,0.0,0.8916962857789882
municipio,SUL,RS,Rio Grande do Sul,431935,São Pedro da Serra,3618,0,0,0,0,0,0,0,0.0,0.0,0.0,0.0,0.0,0.0,5.993014456208457,0.5428499347044219
municipio,SUL,RS,Rio Grande do Sul,431936,São Pedro das Missões,1790,0,0,0,0,0,0,0,0.0,0.0,0.0,0.0,0.0,0.0,2.9650347917670365,0.26857417996708544
municipio,SUL,RS,Rio Grande do Sul,431937,São Pedro do Butiá,3142,0,0,0,0,0,0,0,0.0,0.0,0.0,0.0,0.0,0.0,5.20454710376091,0.47143020863496227
municipio,SUL,RS,Rio Grande do Sul,431940,São Pedro do Sul,15863,2,2,1,51,32,0,0,62.745098039215684,0.0,32.15028683099035,20.172728991993946,0.0,0.0,0.0,2.380107383697138
municipio,SUL,RS,Rio Grande do Sul,431950,São Sebastião do Caí,24898,1,1,1,81,58,0,0,71.60493827160494,0.0,32.53273355289581,23.295043778616755,0.0,0.0,0.0,3.7357318060449685
municipio,SUL,RS,Rio Grande do Sul,431960,São Sepé,21551,1,1,1,59,52,0,0,88.13559322033898,0.0,27.37691986450745,24.128810728040463,0.0,0.0,0.0,3.233543101938915
municipio,SUL,RS,Rio Grande do Sul,431970,São Valentim,3320,0,0,0,0,0,0,0,0.0,0.0,0.0,0.0,0.0,0.0,5.499394138919867,0.4981375851903484
municipio,SUL,RS,Rio Grande do Sul,431971,São Valentim do Sul,2255,0,0,0,0,0,0,0,0.0,0.0,0.0,0.0,0.0,0.0,3.7352812600193674,0.3383434501819987
municipio,SUL,RS,Rio Grande do Sul,431973,São Valério do Sul,2593,0,0,0,0,0,0,0,0.0,0.0,0.0,0.0,0.0,0.0,4.295159338017836,0.38905745734896796
municipio,SUL,RS,Rio Grande do Sul,431975,São Vendelino,2309,0,0,0,0,0,0,0,0.0,0.0,0.0,0.0,0.0,0.0,3.8247292369777024,0.34644568801340797
municipio,SUL,RS,Rio Grande do Sul,431980,São Vicente do Sul,8257,1,1,1,27,26,0,0,96.29629629629629,0.0,32.699527673489165,31.488434055952524,0.0,0.0,0.0,1.238892180999008
municipio,SUL,RS,Rio Grande do Sul,432045,Sério,2089,1,1,1,10,10,0,0,100.0,0.0,47.86979415988511,47.86979415988511,0.0,0.0,0.0,0.3134365709224813
municipio,SUL,RS,Rio Grande do Sul,432085,Tabaí,4569,0,0,0,0,0,0,0,0.0,0.0,0.0,0.0,0.0,0.0,7.5682927170858045,0.6855393454020187
municipio,SUL,RS,Rio Grande do Sul,432090,Tapejara,25256,1,1,1,101,63,0,0,62.37623762376238,0.0,39.99049730757048,24.944567627494454,0.0,0.0,0.0,3.7894466420383854
municipio,SUL,RS,Rio Grande do Sul,432100,Tapera,10824,1,1,1,41,28,0,0,68.29268292682927,0.0,37.87878787878788,25.868440502586843,0.0,0.0,0.0,1.6240485608735937
municipio,SUL,RS,Rio Grande do Sul,432110,Tapes,14920,1,1,1,36,36,0,0,100.0,0.0,24.128686327077748,24.128686327077748,0.0,0.0,0.0,2.23861830453012
municipio,SUL,RS,Rio Grande do Sul,432120,Taquara,54353,1,1,1,81,81,10,10,100.0,100.0,14.902581274262689,14.902581274262689,18.398248486744063,18.398248486744063,9.032701696599863,0.0
municipio,SUL,RS,Rio Grande do Sul,432130,Taquari,25963,1,1,1,52,42,0,0,80.76923076923077,0.0,20.028502099141086,16.176867080075493,0.0,0.0,1.0062560327640055,3.895525941053318
municipio,SUL,RS,Rio Grande do Sul,432132,Taquaruçu do Sul,3192,0,0,0,0,0,0,0,0.0,0.0,0.0,0.0,0.0,0.0,5.287369304648258,0.47893228070108196
municipio,SUL,RS,Rio Grande do Sul,432135,Tavares,5319,0,0,0,0,0,0,0,0.0,0.0,0.0,0.0,0.0,0.0,8.810625730396016,0.7980704263938143
municipio,SUL,RS,Rio Grande do Sul,432140,Tenente Portela,14820,1,1,1,150,121,10,8,80.66666666666666,80.0,101.21457489878543,81.64642375168691,67.47638326585695,53.98110661268556,0.0,0.0
municipio,SUL,RS,Rio Grande do Sul,432143,Terra de Areia,10575,0,0,0,0,0,0,0,0.0,0.0,0.0,0.0,0.0,0.0,17.516895487673974,1.5866882419843178
municipio,SUL,RS,Rio Grande do Sul,432145,Teutônia,34023,1,1,1,79,60,0,0,75.9493670886076,0.0,23.219586750139612,17.63512917732122,0.0,0.0,0.0,5.104859958111815
municipio,SUL,RS,Rio Grande do Sul,432146,Tio Hugo,3358,0,0,0,0,0,0,0,0.0,0.0,0.0,0.0,0.0,0.0,5.562339011594251,0.5038391599605995
municipio,SUL,RS,Rio Grande do Sul,432147,Tiradentes do Sul,5188,0,0,0,0,0,0,0,0.0,0.0,0.0,0.0,0.0,0.0,8.593631564071165,0.7784149975805806
municipio,SUL,RS,Rio Grande do Sul,432149,Toropi,2594,0,0,0,0,0,0,0,0.0,0.0,0.0,0.0,0.0,0.0,4.296815782035583,0.3892074987902903
municipio,SUL,RS,Rio Grande do Sul,432150,Torres,43344,1,1,1,92,86,10,10,93.47826086956522,100.0,21.225544481358437,19.841269841269842,23.071244001476558,23.071244001476558,0.0,0.0
municipio,SUL,RS,Rio Grande do Sul,432160,Tramandaí,56430,1,1,1,118,118,25,25,100.0,100.0,20.910863016126175,20.910863016126175,44.30267588162325,44.30267588162325,0.0,0.0
municipio,SUL,RS,Rio Grande do Sul,432162,Travesseiro,2192,0,0,0,0,0,0,0,0.0,0.0,0.0,0.0,0.0,0.0,3.6309252869013102,0.3288908393786879
municipio,SUL,RS,Rio Grande do Sul,432195,Trindade do Sul,7785,1,1,1,27,25,0,0,92.5925925925926,0.0,34.68208092485549,32.113037893384714,0.0,0.0,0.0,1.1680726206948382
municipio,SUL,RS,Rio Grande do Sul,432200,Triunfo,28435,1,1,1,55,39,0,0,70.9090909090909,0.0,19.342359767891683,13.715491471777737,0.0,0.0,8.100985644634466,4.2664283840022765
municipio,SUL,RS,Rio Grande do Sul,432163,Três Arroios,2636,0,0,0,0,0,0,0,0.0,0.0,0.0,0.0,0.0,0.0,4.366386430780955,0.3955092393258309
municipio,SUL,RS,Rio Grande do Sul,432166,Três Cachoeiras,11224,0,0,0,0,0,0,0,0.0,0.0,0.0,0.0,0.0,0.0,18.591927655191743,1.6840651374025515
municipio,SUL,RS,Rio Grande do Sul,432170,Três Coroas,24428,1,1,1,55,46,0,0,83.63636363636363,0.0,22.515146553135747,18.830849844440806,0.0,0.0,0.0,3.665212328623443
municipio,SUL,RS,Rio Grande do Sul,432183,Três Forquilhas,2813,0,0,0,0,0,0,0,0.0,0.0,0.0,0.0,0.0,0.0,4.659577021922164,0.4220665744398946
municipio,SUL,RS,Rio Grande do Sul,432185,Três Palmeiras,4829,0,0,0,0,0,0,0,0.0,0.0,0.0,0.0,0.0,0.0,7.998968161700011,0.7245501201458412
municipio,SUL,RS,Rio Grande do Sul,432190,Três Passos,26304,1,1,1,101,70,10,10,69.3069306930693,100.0,38.39720194647202,26.61192214111922,38.017031630170315,38.017031630170315,0.0,0.0
municipio,SUL,RS,Rio Grande do Sul,432180,Três de Maio,25466,1,1,1,80,48,6,6,60.0,100.0,31.41443493285165,18.848660959710987,23.560826199638733,23.560826199638733,0.0,0.0
municipio,SUL,RS,Rio Grande do Sul,432210,Tucunduva,5646,1,1,1,34,22,0,0,64.70588235294117,0.0,60.21962451292951,38.96563939071909,0.0,0.0,0.0,0.8471339777062371
municipio,SUL,RS,Rio Grande do Sul,432215,Tunas,3732,0,0,0,0,0,0,0,0.0,0.0,0.0,0.0,0.0,0.0,6.181849074231609,0.5599546590151748
municipio,SUL,RS,Rio Grande do Sul,432218,Tupanci do Sul,1396,0,0,0,0,0,0,0,0.0,0.0,0.0,0.0,0.0,0.0,2.3123958487747394,0.20945785208606216
municipio,SUL,RS,Rio Grande do Sul,432220,Tupanciretã,20324,1,1,1,73,53,0,0,72.6027397260274,0.0,35.918126353080105,26.077543790592404,0.0,0.0,0.0,3.049442253436338
municipio,SUL,RS,Rio Grande do Sul,432225,Tupandi,5172,0,0,0,0,0,0,0,0.0,0.0,0.0,0.0,0.0,0.0,8.567128459787215,0.7760143345194223
municipio,SUL,RS,Rio Grande do Sul,432230,Tuparendi,8535,1,1,1,40,26,0,0,65.0,0.0,46.86584651435267,30.462800234329233,0.0,0.0,0.0,1.2806037016866336
municipio,SUL,RS,Rio Grande do Sul,432232,Turuçu,3488,0,0,0,0,0,0,0,0.0,0.0,0.0,0.0,0.0,0.0,5.7776767339013535,0.5233445473325107
municipio,SUL,RS,Rio Grande do Sul,432234,Ubiretama,2025,0,0,0,0,0,0,0,0.0,0.0,0.0,0.0,0.0,0.0,3.3542991359375693,0.30383391867784804
municipio,SUL,RS,Rio Grande do Sul,432237,Unistalda,2047,0,0,0,0,0,0,0,0.0,0.0,0.0,0.0,0.0,0.0,3.3907409043280023,0.3071348303869407
municipio,SUL,RS,Rio Grande do Sul,432235,União da Serra,1183,0,0,0,0,0,0,0,0.0,0.0,0.0,0.0,0.0,0.0,1.9595732729946393,0.17749902508439222
municipio,SUL,RS,Rio Grande do Sul,432240,Uruguaiana,120819,1,1,1,192,147,28,28,76.5625,100.0,15.891540237876493,12.16696049462419,23.17516284690322,23.17516284690322,53.12990978016849,0.0
municipio,SUL,RS,Rio Grande do Sul,432250,Vacaria,66146,1,1,1,132,90,10,8,68.18181818181817,80.0,19.955855229341154,13.606264929096241,15.11807214344027,12.094457714752215,19.567145997889618,1.9246411777110806
municipio,SUL,RS,Rio Grande do Sul,432254,Vale Real,6223,0,0,0,0,0,0,0,0.0,0.0,0.0,0.0,0.0,0.0,10.308051122439258,0.9337078893492585
municipio,SUL,RS,Rio Grande do Sul,432252,Vale Verde,3213,0,0,0,0,0,0,0,0.0,0.0,0.0,0.0,0.0,0.0,5.322154629020944,0.4820831509688523
municipio,SUL,RS,Rio Grande do Sul,432253,Vale do Sol,10069,1,1,1,40,28,0,0,70.0,0.0,39.72589134968716,27.80812394478101,0.0,0.0,0.0,1.5107672726751864
municipio,SUL,RS,Rio Grande do Sul,432255,Vanini,2047,0,0,0,0,0,0,0,0.0,0.0,0.0,0.0,0.0,0.0,3.3907409043280023,0.3071348303869407
municipio,SUL,RS,Rio Grande do Sul,432260,Venâncio Aires,70842,2,2,1,137,110,20,20,80.2919708029197,100.0,19.33881031026792,15.527511927952345,28.23183986900426,28.23183986900426,7.345807105229278,0.0
municipio,SUL,RS,Rio Grande do Sul,432270,Vera Cruz,27670,1,1,1,50,43,0,0,86.0,0.0,18.070112034694613,15.54029634983737,0.0,0.0,2.833805971058046,4.151646681390645
municipio,SUL,RS,Rio Grande do Sul,432280,Veranópolis,24554,1,1,1,78,50,0,0,64.1025641025641,0.0,31.766718253645028,20.363280931823738,0.0,0.0,0.0,3.6841175502300647
municipio,SUL,RS,Rio Grande do Sul,432285,Vespasiano Corrêa,1851,0,0,0,0,0,0,0,0.0,0.0,0.0,0.0,0.0,0.0,3.0660778768496004,0.2777267078877515
municipio,SUL,RS,Rio Grande do Sul,432290,Viadutos,4847,1,1,1,52,32,0,0,61.53846153846154,0.0,107.28285537445844,66.02021869197442,0.0,0.0,0.0,0.7272508660896443
municipio,SUL,RS,Rio Grande do Sul,432300,Viamão,231996,2,2,1,203,198,20,15,97.53694581280789,75.0,8.750150864670081,8.534629907412198,8.620838290315351,6.465628717736513,186.2883863412209,19.809014221030143
municipio,SUL,RS,Rio Grande do Sul,432310,Vicente Dutra,4741,0,0,0,0,0,0,0,0.0,0.0,0.0,0.0,0.0,0.0,7.85320108813828,0.7113464733094704
municipio,SUL,RS,Rio Grande do Sul,432320,Victor Graeff,2829,0,0,0,0,0,0,0,0.0,0.0,0.0,0.0,0.0,0.0,4.686080126206115,0.424467237501053
municipio,SUL,RS,Rio Grande do Sul,432330,Vila Flores,3741,0,0,0,0,0,0,0,0.0,0.0,0.0,0.0,0.0,0.0,6.196757070391332,0.5613050319870764
municipio,SUL,RS,Rio Grande do Sul,432335,Vila Lângaro,2121,0,0,0,0,0,0,0,0.0,0.0,0.0,0.0,0.0,0.0,3.5133177616412765,0.3182378970447979
municipio,SUL,RS,Rio Grande do Sul,432340,Vila Maria,4515,0,0,0,0,0,0,0,0.0,0.0,0.0,0.0,0.0,0.0,7.478844740127469,0.6774371075706094
municipio,SUL,RS,Rio Grande do Sul,432345,Vila Nova do Sul,3932,0,0,0,0,0,0,0,0.0,0.0,0.0,0.0,0.0,0.0,6.5131378777809985,0.5899629472796536
municipio,SUL,RS,Rio Grande do Sul,432350,Vista Alegre,2710,0,0,0,0,0,0,0,0.0,0.0,0.0,0.0,0.0,0.0,4.4889632880942285,0.4066123059836881
municipio,SUL,RS,Rio Grande do Sul,432360,Vista Alegre do Prata,1624,0,0,0,0,0,0,0,0.0,0.0,0.0,0.0,0.0,0.0,2.6900650848210432,0.24366730070756804
municipio,SUL,RS,Rio Grande do Sul,432370,Vista Gaúcha,2843,0,0,0,0,0,0,0,0.0,0.0,0.0,0.0,0.0,0.0,4.709270342454572,0.4265678176795664
municipio,SUL,RS,Rio Grande do Sul,432375,Vitória das Missões,3316,0,0,0,0,0,0,0,0.0,0.0,0.0,0.0,0.0,0.0,5.492768362848879,0.49753741942505886
municipio,SUL,RS,Rio Grande do Sul,432377,Westfália,3223,0,0,0,0,0,0,0,0.0,0.0,0.0,0.0,0.0,0.0,5.3387190691984125,0.4835835653820762
municipio,SUL,RS,Rio Grande do Sul,432380,Xangri-lá,16949,1,1,1,43,17,0,0,39.53488372093023,0.0,25.37022833205499,10.030090270812437,0.0,0.0,11.07506965679302,2.5430523889732575
municipio,SUL,RS,Rio Grande do Sul,430005,Água Santa,4003,0,0,0,0,0,0,0,0.0,0.0,0.0,0.0,0.0,0.0,6.630745403041033,0.6006158896135436
municipio,SUL,RS,Rio Grande do Sul,430155,Áurea,3458,1,1,1,15,15,0,0,100.0,0.0,43.37767495662233,43.37767495662233,0.0,0.0,0.0,0.5188433040928389
municipio,SUL,SC,Santa Catarina,420005,Abdon Batista,2629,0,0,0,0,0,0,0,0.0,0.0,0.0,0.0,0.0,0.0,4.354791322656726,0.3944589492365741
municipio,SUL,SC,Santa Catarina,420010,Abelardo Luz,17767,1,1,1,42,38,0,0,90.47619047619048,0.0,23.63933134462768,21.387966454663136,0.0,0.0,0.0,2.665786287974976
municipio,SUL,SC,Santa Catarina,420020,Agrolândia,11646,1,1,1,21,20,0,0,95.23809523809523,0.0,18.031942297784646,17.17327837884252,0.0,0.0,0.0,1.747382625640602
municipio,SUL,SC,Santa Catarina,420030,Agronômica,6511,0,0,0,0,0,0,0,0.0,0.0,0.0,0.0,0.0,0.0,10.785106999550377,0.9769198244501079
municipio,SUL,SC,Santa Catarina,420070,Alfredo Wagner,10963,1,1,1,20,20,0,0,100.0,0.0,18.243181610872934,18.243181610872934,0.0,0.0,0.0,1.6449043212174066
municipio,SUL,SC,Santa Catarina,420075,Alto Bela Vista,1847,0,0,0,0,0,0,0,0.0,0.0,0.0,0.0,0.0,0.0,3.059452100778613,0.2771265421224619
municipio,SUL,SC,Santa Catarina,420080,Anchieta,5955,0,0,0,0,0,0,0,0.0,0.0,0.0,0.0,0.0,0.0,9.864124125683075,0.8934967830748569
municipio,SUL,SC,Santa Catarina,420090,Angelina,5484,1,1,1,43,35,0,0,81.3953488372093,0.0,78.40991976659373,63.82202771699489,0.0,0.0,0.0,0.8228272642120094
municipio,SUL,SC,Santa Catarina,420100,Anita Garibaldi,8339,1,1,1,50,48,0,0,96.0,0.0,59.9592277251469,57.560858616141026,0.0,0.0,0.0,1.2511955791874445
municipio,SUL,SC,Santa Catarina,420110,Anitápolis,3761,2,2,1,45,23,0,0,51.11111111111111,0.0,119.64902951342728,61.15394841797394,0.0,0.0,0.0,0.5643058608135243
municipio,SUL,SC,Santa Catarina,420120,Antônio Carlos,12464,0,0,0,0,0,0,0,0.0,0.0,0.0,0.0,0.0,0.0,20.645918237197957,1.8701165246423204
municipio,SUL,SC,Santa Catarina,420125,Apiúna,10041,0,0,0,0,0,0,0,0.0,0.0,0.0,0.0,0.0,0.0,16.632354382197104,1.506566112318159
municipio,SUL,SC,Santa Catarina,420127,Arabutã,4505,1,1,1,24,20,0,0,83.33333333333334,0.0,53.27413984461709,44.39511653718091,0.0,0.0,0.0,0.6759366931573855
municipio,SUL,SC,Santa Catarina,420130,Araquari,52079,0,0,0,0,0,0,0,0.0,0.0,0.0,0.0,0.0,0.0,86.2659480002433,7.814008222628963
municipio,SUL,SC,Santa Catarina,420140,Araranguá,76611,2,2,1,159,154,38,38,96.85534591194968,100.0,20.754199788542113,20.101551996449594,49.60123219903147,49.60123219903147,0.0,0.0
municipio,SUL,SC,Santa Catarina,420150,Armazém,9289,1,1,1,38,38,0,0,100.0,0.0,40.90860157175153,40.90860157175153,0.0,0.0,0.0,1.393734948443719
municipio,SUL,SC,Santa Catarina,420160,Arroio Trinta,3634,1,1,1,22,20,0,0,90.9090909090909,0.0,60.53935057787562,55.0357732526142,0.0,0.0,0.0,0.5452505977655802
municipio,SUL,SC,Santa Catarina,420165,Arvoredo,2623,0,0,0,0,0,0,0,0.0,0.0,0.0,0.0,0.0,0.0,4.344852658550244,0.3935587005886398
municipio,SUL,SC,Santa Catarina,420170,Ascurra,8720,0,0,0,0,0,0,0,0.0,0.0,0.0,0.0,0.0,0.0,14.444191834753385,1.3083613683312767
municipio,SUL,SC,Santa Catarina,420180,Atalanta,3265,0,0,0,0,0,0,0,0.0,0.0,0.0,0.0,0.0,0.0,5.408289717943784,0.4898853059176168
municipio,SUL,SC,Santa Catarina,420190,Aurora,7241,0,0,0,0,0,0,0,0.0,0.0,0.0,0.0,0.0,0.0,11.994311132505649,1.0864500766154557
municipio,SUL,SC,Santa Catarina,420195,Balneário Arroio do Silva,17786,0,0,0,0,0,0,0,0.0,0.0,0.0,0.0,0.0,0.0,29.461513299647212,2.668637075360101
municipio,SUL,SC,Santa Catarina,420205,Balneário Barra do Sul,16953,0,0,0,0,0,0,0,0.0,0.0,0.0,0.0,0.0,0.0,28.081695432864006,2.5436525547385473
municipio,SUL,SC,Santa Catarina,420200,Balneário Camboriú,151674,4,4,1,353,118,56,16,33.42776203966006,28.57142857142857,23.273599957804237,7.779843611957224,36.9212917177631,10.548940490789455,133.23948994775057,6.757385571132805
municipio,SUL,SC,Santa Catarina,420207,Balneário Gaivota,17986,0,0,0,0,0,0,0,0.0,0.0,0.0,0.0,0.0,0.0,29.792802103196603,2.69864536362458
municipio,SUL,SC,Santa Catarina,421280,Balneário Piçarras,30593,0,0,0,0,0,0,0,0.0,0.0,0.0,0.0,0.0,0.0,50.675591834932376,4.590217814376003
municipio,SUL,SC,Santa Catarina,422000,Balneário Rincão,17697,0,0,0,0,0,0,0,0.0,0.0,0.0,0.0,0.0,0.0,29.314089782067736,2.655283387082408
municipio,SUL,SC,Santa Catarina,420208,Bandeirante,3265,0,0,0,0,0,0,0,0.0,0.0,0.0,0.0,0.0,0.0,5.408289717943784,0.4898853059176168
municipio,SUL,SC,Santa Catarina,420209,Barra Bonita,1642,0,0,0,0,0,0,0,0.0,0.0,0.0,0.0,0.0,0.0,2.719881077140488,0.2463680466513711
municipio,SUL,SC,Santa Catarina,420210,Barra Velha,52860,0,0,0,0,0,0,0,0.0,0.0,0.0,0.0,0.0,0.0,87.55963077810365,7.931190588301752
municipio,SUL,SC,Santa Catarina,420213,Bela Vista do Toldo,5939,0,0,0,0,0,0,0,0.0,0.0,0.0,0.0,0.0,0.0,9.837621021399123,0.8910961200136985
municipio,SUL,SC,Santa Catarina,420215,Belmonte,2712,0,0,0,0,0,0,0,0.0,0.0,0.0,0.0,0.0,0.0,4.492276176129723,0.40691238886633285
municipio,SUL,SC,Santa Catarina,420220,Benedito Novo,10757,1,1,1,32,32,0,0,100.0,0.0,29.748071023519568,29.748071023519568,0.0,0.0,0.0,1.6139957843049932
municipio,SUL,SC,Santa Catarina,420230,Biguaçu,83756,1,1,1,83,83,20,20,100.0,100.0,9.90973780982855,9.90973780982855,23.878886288743495,23.878886288743495,55.737125150413355,0.0
municipio,SUL,SC,Santa Catarina,420240,Blumenau,385558,11,11,1,838,517,110,74,61.6945107398568,67.27272727272727,21.734732517545996,13.409136887316565,28.530078483652265,19.192961889002433,121.6552425944777,0.0
municipio,SUL,SC,Santa Catarina,420243,Bocaina do Sul,3639,0,0,0,0,0,0,0,0.0,0.0,0.0,0.0,0.0,0.0,6.027799780581144,0.5460008049721922
municipio,SUL,SC,Santa Catarina,420250,Bom Jardim da Serra,3995,1,1,1,2,2,0,0,100.0,0.0,5.006257822277847,5.006257822277847,0.0,0.0,4.617493850899057,0.5994155580829645
municipio,SUL,SC,Santa Catarina,420253,Bom Jesus,2896,0,0,0,0,0,0,0,0.0,0.0,0.0,0.0,0.0,0.0,4.797061875395161,0.43452001406965335
municipio,SUL,SC,Santa Catarina,420257,Bom Jesus do Oeste,2240,0,0,0,0,0,0,0,0.0,0.0,0.0,0.0,0.0,0.0,3.710434599753163,0.3360928285621628
municipio,SUL,SC,Santa Catarina,420260,Bom Retiro,8422,1,1,1,50,42,0,0,84.0,0.0,59.368321063880316,49.869389693659464,0.0,0.0,0.0,1.2636490188172032
municipio,SUL,SC,Santa Catarina,420245,Bombinhas,28738,0,0,0,0,0,0,0,0.0,0.0,0.0,0.0,0.0,0.0,47.60288818201179,4.311890940722962
municipio,SUL,SC,Santa Catarina,420270,Botuverá,5705,0,0,0,0,0,0,0,0.0,0.0,0.0,0.0,0.0,0.0,9.450013121246338,0.8559864227442583
municipio,SUL,SC,Santa Catarina,420280,Braço do Norte,35985,1,1,1,63,50,0,0,79.36507936507937,0.0,17.507294706127553,13.89467833819647,0.0,0.0,9.607137978623918,5.399241265986352
municipio,SUL,SC,Santa Catarina,420285,Braço do Trombudo,4256,0,0,0,0,0,0,0,0.0,0.0,0.0,0.0,0.0,0.0,7.049825739531009,0.6385763742681093
municipio,SUL,SC,Santa Catarina,420287,Brunópolis,2433,0,0,0,0,0,0,0,0.0,0.0,0.0,0.0,0.0,0.0,4.030128295178324,0.36505082673738487
municipio,SUL,SC,Santa Catarina,420290,Brusque,155307,4,4,1,472,364,111,88,77.11864406779661,79.27927927927928,30.391418287649625,23.43744969640776,71.47134385443026,56.66196629900777,0.0,0.0
municipio,SUL,SC,Santa Catarina,420310,Caibi,6441,1,1,1,22,22,0,0,100.0,0.0,34.15618692749573,34.15618692749573,0.0,0.0,0.0,0.9664169235575404
municipio,SUL,SC,Santa Catarina,420315,Calmon,3519,0,0,0,0,0,0,0,0.0,0.0,0.0,0.0,0.0,0.0,5.829026498451509,0.5279958320135049
municipio,SUL,SC,Santa Catarina,420320,Camboriú,117324,2,2,1,83,47,0,0,56.62650602409639,0.0,7.07442637482527,4.006000477310695,0.0,0.0,147.3406379381429,17.603462061708566
municipio,SUL,SC,Santa Catarina,420330,Campo Alegre,12886,1,1,1,30,26,0,0,86.66666666666667,0.0,23.281080242123235,20.17693620984014,0.0,0.0,0.0,1.9334340128803704
municipio,SUL,SC,Santa Catarina,420340,Campo Belo do Sul,7324,1,1,1,29,27,0,0,93.10344827586206,0.0,39.59584926269798,36.865101037684326,0.0,0.0,0.0,1.0989035162452143
municipio,SUL,SC,Santa Catarina,420350,Campo Erê,9864,1,1,1,46,30,0,0,65.21739130434783,0.0,46.63422546634225,30.413625304136254,0.0,0.0,0.0,1.4800087772040953
municipio,SUL,SC,Santa Catarina,420360,Campos Novos,39049,1,1,1,89,68,10,10,76.40449438202246,100.0,22.79187687264719,17.414018284719198,25.608850418704705,25.608850418704705,0.0,0.0
municipio,SUL,SC,Santa Catarina,420370,Canelinha,13618,1,1,1,10,10,0,0,100.0,0.0,7.343222205903951,7.343222205903951,0.0,0.0,12.557454633677935,2.0432643479283628
municipio,SUL,SC,Santa Catarina,420380,Canoinhas,56948,1,1,1,92,66,10,10,71.73913043478261,100.0,16.155088852988694,11.589520264100583,17.559879188031186,17.559879188031186,28.331173922653182,0.0
municipio,SUL,SC,Santa Catarina,420390,Capinzal,24414,1,1,1,63,59,0,0,93.65079365079364,0.0,25.804866060457112,24.166461866142377,0.0,0.0,0.0,3.66311174844493
municipio,SUL,SC,Santa Catarina,420395,Capivari de Baixo,25015,0,0,0,0,0,0,0,0.0,0.0,0.0,0.0,0.0,0.0,41.435947103939895,3.7532866546796884
municipio,SUL,SC,Santa Catarina,420325,Capão Alto,2636,0,0,0,0,0,0,0,0.0,0.0,0.0,0.0,0.0,0.0,4.366386430780955,0.3955092393258309
municipio,SUL,SC,Santa Catarina,420400,Catanduvas,11033,1,1,1,33,23,0,0,69.6969696969697,0.0,29.910269192422735,20.846551255324936,0.0,0.0,0.0,1.6554072221099743
municipio,SUL,SC,Santa Catarina,420410,Caxambu do Sul,4752,1,1,1,33,29,0,0,87.87878787878788,0.0,69.44444444444444,61.02693602693603,0.0,0.0,0.0,0.7129969291640168
municipio,SUL,SC,Santa Catarina,420300,Caçador,76298,2,2,1,136,107,20,20,78.67647058823529,100.0,17.824844687934153,14.023958688301134,26.213006894020815,26.213006894020815,19.383365666056637,0.0
municipio,SUL,SC,Santa Catarina,420415,Celso Ramos,2864,0,0,0,0,0,0,0,0.0,0.0,0.0,0.0,0.0,0.0,4.744055666827259,0.42971868794733675
municipio,SUL,SC,Santa Catarina,420417,Cerro Negro,3303,0,0,0,0,0,0,0,0.0,0.0,0.0,0.0,0.0,0.0,5.471234590618169,0.4955868806878677
municipio,SUL,SC,Santa Catarina,420419,Chapadão do Lageado,3053,0,0,0,0,0,0,0,0.0,0.0,0.0,0.0,0.0,0.0,5.057123586181432,0.4580765203572692
municipio,SUL,SC,Santa Catarina,420420,Chapecó,282648,3,3,1,532,320,90,37,60.150375939849624,41.11111111111111,18.821997679092014,11.321502363363619,31.84172539696018,13.090487107639184,148.1905887281393,5.408913306892049
municipio,SUL,SC,Santa Catarina,420425,Cocal do Sul,18106,0,0,0,0,0,0,0,0.0,0.0,0.0,0.0,0.0,0.0,29.99157538532624,2.716650336583268
municipio,SUL,SC,Santa Catarina,420430,Concórdia,87206,2,2,1,257,128,26,19,49.80544747081712,73.07692307692307,29.470449281012776,14.677889136068618,29.814462307639385,21.787491686351856,16.451857011640342,0.0
municipio,SUL,SC,Santa Catarina,420435,Cordilheira Alta,5192,0,0,0,0,0,0,0,0.0,0.0,0.0,0.0,0.0,0.0,8.600257340142152,0.7790151633458703
municipio,SUL,SC,Santa Catarina,420440,Coronel Freitas,10604,1,1,1,45,37,0,0,82.22222222222221,0.0,42.43681629573746,34.89249339871746,0.0,0.0,0.0,1.5910394437826672
municipio,SUL,SC,Santa Catarina,420445,Coronel Martins,1993,0,0,0,0,0,0,0,0.0,0.0,0.0,0.0,0.0,0.0,3.3012929273696665,0.29903259255553144
municipio,SUL,SC,Santa Catarina,420455,Correia Pinto,16253,1,1,1,16,16,0,0,100.0,0.0,9.844336430197501,9.844336430197501,0.0,0.0,10.922184620441145,2.438623545812871
municipio,SUL,SC,Santa Catarina,420450,Corupá,15912,0,0,0,0,0,0,0,0.0,0.0,0.0,0.0,0.0,0.0,26.357337210389435,2.387459414321935
municipio,SUL,SC,Santa Catarina,420460,Criciúma,227438,4,4,1,621,363,86,60,58.454106280193244,69.76744186046511,27.304144426173288,15.960393601772791,37.81250274800165,26.38081587069883,13.738314508330312,0.0
municipio,SUL,SC,Santa Catarina,420470,Cunha Porã,11242,1,1,1,49,42,0,0,85.71428571428571,0.0,43.586550435865504,37.359900373599004,0.0,0.0,0.0,1.6867658833463546
municipio,SUL,SC,Santa Catarina,420475,Cunhataí,2026,0,0,0,0,0,0,0,0.0,0.0,0.0,0.0,0.0,0.0,3.3559555799553165,0.30398396011917045
municipio,SUL,SC,Santa Catarina,420480,Curitibanos,41741,1,1,1,160,123,18,18,76.875,100.0,38.33161639634891,29.46743010469323,43.12306844589253,43.12306844589253,0.0,0.0
municipio,SUL,SC,Santa Catarina,420490,Descanso,8652,1,1,1,62,51,0,0,82.25806451612904,0.0,71.6597318539066,58.945908460471564,0.0,0.0,0.0,1.2981585503213537
municipio,SUL,SC,Santa Catarina,420500,Dionísio Cerqueira,15316,1,1,1,49,45,0,0,91.83673469387756,0.0,31.992687385740403,29.38103943588404,0.0,0.0,0.0,2.298034715293788
municipio,SUL,SC,Santa Catarina,420510,Dona Emma,4435,0,0,0,0,0,0,0,0.0,0.0,0.0,0.0,0.0,0.0,7.346329218707714,0.6654337922648179
municipio,SUL,SC,Santa Catarina,420515,Doutor Pedrinho,3729,0,0,0,0,0,0,0,0.0,0.0,0.0,0.0,0.0,0.0,6.176879742178368,0.5595045346912076
municipio,SUL,SC,Santa Catarina,420517,Entre Rios,3561,0,0,0,0,0,0,0,0.0,0.0,0.0,0.0,0.0,0.0,5.898597147196881,0.5342975725490454
municipio,SUL,SC,Santa Catarina,420519,Ermo,2354,0,0,0,0,0,0,0,0.0,0.0,0.0,0.0,0.0,0.0,3.899269217776315,0.3531975528729157
municipio,SUL,SC,Santa Catarina,420520,Erval Velho,5137,0,0,0,0,0,0,0,0.0,0.0,0.0,0.0,0.0,0.0,8.509152919166072,0.7707628840731385
municipio,SUL,SC,Santa Catarina,420530,Faxinal dos Guedes,11537,1,1,1,37,35,0,0,94.5945945945946,0.0,32.07072895900148,30.337176042298694,0.0,0.0,0.0,1.7310281085364607
municipio,SUL,SC,Santa Catarina,420535,Flor do Sertão,1868,0,0,0,0,0,0,0,0.0,0.0,0.0,0.0,0.0,0.0,3.0942374251512987,0.2802774123902322
municipio,SUL,SC,Santa Catarina,420540,Florianópolis,587486,31,31,1,2248,1289,294,138,57.33985765124555,46.93877551020408,38.264741627885606,21.940948380046503,50.043745723302344,23.489921461958243,0.0,0.0
municipio,SUL,SC,Santa Catarina,420543,Formosa do Sul,2752,0,0,0,0,0,0,0,0.0,0.0,0.0,0.0,0.0,0.0,4.5585339368396,0.4129140465192286
municipio,SUL,SC,Santa Catarina,420545,Forquilhinha,34771,0,0,0,0,0,0,0,0.0,0.0,0.0,0.0,0.0,0.0,57.596214941079126,5.217090956220965
municipio,SUL,SC,Santa Catarina,420550,Fraiburgo,34065,1,1,1,60,54,0,0,90.0,0.0,17.613386173491854,15.852047556142669,0.0,0.0,2.426765464549778,5.111161698647355
municipio,SUL,SC,Santa Catarina,420555,Frei Rogério,2437,0,0,0,0,0,0,0,0.0,0.0,0.0,0.0,0.0,0.0,4.036754071249312,0.3656509925026744
municipio,SUL,SC,Santa Catarina,420560,Galvão,3168,0,0,0,0,0,0,0,0.0,0.0,0.0,0.0,0.0,0.0,5.247614648222331,0.4753312861093445
municipio,SUL,SC,Santa Catarina,420570,Garopaba,34070,0,0,0,0,0,0,0,0.0,0.0,0.0,0.0,0.0,0.0,56.43504768463852,5.111911905853967
municipio,SUL,SC,Santa Catarina,420580,Garuva,19970,0,0,0,0,0,0,0,0.0,0.0,0.0,0.0,0.0,0.0,33.079187034406544,2.9963275832082106
municipio,SUL,SC,Santa Catarina,420590,Gaspar,78344,1,1,1,109,102,10,10,93.57798165137615,100.0,13.912999080976206,13.019503727152047,12.764219340345145,12.764219340345145,27.77245012636688,1.7548466789616437
municipio,SUL,SC,Santa Catarina,420600,Governador Celso Ramos,18280,0,0,0,0,0,0,0,0.0,0.0,0.0,0.0,0.0,0.0,30.279796644414205,2.742757547373364
municipio,SUL,SC,Santa Catarina,420620,Gravatal,13158,0,0,0,0,0,0,0,0.0,0.0,0.0,0.0,0.0,0.0,21.79549038551434,1.9742452849200616
municipio,SUL,SC,Santa Catarina,420610,Grão-Pará,6403,0,0,0,0,0,0,0,0.0,0.0,0.0,0.0,0.0,0.0,10.606211045633708,0.9607153487872894
municipio,SUL,SC,Santa Catarina,420630,Guabiruba,26645,0,0,0,0,0,0,0,0.0,0.0,0.0,0.0,0.0,0.0,44.135950852867424,3.997854204035191
municipio,SUL,SC,Santa Catarina,420640,Guaraciaba,11071,1,1,1,32,30,0,0,93.75,0.0,28.90434468431036,27.097823141540964,0.0,0.0,0.0,1.6611087968802252
municipio,SUL,SC,Santa Catarina,420650,Guaramirim,51009,1,1,1,50,50,0,0,100.0,0.0,9.80219177007979,9.80219177007979,0.0,0.0,34.493552901254056,7.653463880414002
municipio,SUL,SC,Santa Catarina,420660,Guarujá do Sul,4893,1,1,1,22,20,0,0,90.9090909090909,0.0,44.96219088493766,40.87471898630697,0.0,0.0,0.0,0.7341527723904744
municipio,SUL,SC,Santa Catarina,420665,Guatambú,9611,0,0,0,0,0,0,0,0.0,0.0,0.0,0.0,0.0,0.0,15.920083454565916,1.44204829254953
municipio,SUL,SC,Santa Catarina,420670,Herval d'Oeste,22222,0,0,0,0,0,0,0,0.0,0.0,0.0,0.0,0.0,0.0,36.80949896237267,3.3342209090662416
municipio,SUL,SC,Santa Catarina,420675,Ibiam,2061,0,0,0,0,0,0,0,0.0,0.0,0.0,0.0,0.0,0.0,3.4139311205764593,0.3092354105654543
municipio,SUL,SC,Santa Catarina,420680,Ibicaré,3295,1,1,1,30,0,0,0,0.0,0.0,91.04704097116844,0.0,0.0,0.0,5.457983038476193,0.49438654915728864
municipio,SUL,SC,Santa Catarina,420690,Ibirama,20900,1,1,1,90,90,10,10,100.0,100.0,43.062200956937794,43.062200956937794,47.84688995215311,47.84688995215311,0.0,0.0
municipio,SUL,SC,Santa Catarina,420710,Ilhota,18627,0,0,0,0,0,0,0,0.0,0.0,0.0,0.0,0.0,0.0,30.8545827185724,2.7948219275122352
municipio,SUL,SC,Santa Catarina,420720,Imaruí,12150,1,1,1,25,25,0,0,100.0,0.0,20.5761316872428,20.5761316872428,0.0,0.0,0.0,1.8230035120670884
municipio,SUL,SC,Santa Catarina,420730,Imbituba,57256,1,1,1,86,77,10,10,89.53488372093024,100.0,15.020259885426857,13.448372222998463,17.465418471426574,17.465418471426574,17.841358680119246,0.0
municipio,SUL,SC,Santa Catarina,420740,Imbuia,6166,0,0,0,0,0,0,0,0.0,0.0,0.0,0.0,0.0,0.0,10.21363381342768,0.925155527193882
municipio,SUL,SC,Santa Catarina,420750,Indaial,77888,1,1,1,148,93,22,10,62.83783783783784,45.45454545454545,19.00164338537387,11.940221857025472,28.245686113393592,12.838948233360723,36.017111654274274,1.6864277817186324
municipio,SUL,SC,Santa Catarina,420757,Iomerê,2967,0,0,0,0,0,0,0,0.0,0.0,0.0,0.0,0.0,0.0,4.914669400655194,0.44517295640354326
municipio,SUL,SC,Santa Catarina,420760,Ipira,4622,1,1,1,30,26,0,0,86.66666666666667,0.0,64.90696668109044,56.25270445694505,0.0,0.0,0.0,0.6934915417921056
municipio,SUL,SC,Santa Catarina,420765,Iporã do Oeste,9759,1,1,1,26,20,0,0,76.92307692307693,0.0,26.642073982990063,20.49390306383851,0.0,0.0,0.0,1.4642544258652441
municipio,SUL,SC,Santa Catarina,420768,Ipuaçu,8133,0,0,0,0,0,0,0,0.0,0.0,0.0,0.0,0.0,0.0,13.471859196335927,1.2202870422750314
municipio,SUL,SC,Santa Catarina,420770,Ipumirim,8121,1,1,1,21,20,0,0,95.23809523809523,0.0,25.858884373845584,24.627508927471986,0.0,0.0,0.0,1.2184865449791626
municipio,SUL,SC,Santa Catarina,420775,Iraceminha,3981,0,0,0,0,0,0,0,0.0,0.0,0.0,0.0,0.0,0.0,6.5943036346506,0.597314977904451
municipio,SUL,SC,Santa Catarina,420780,Irani,10560,1,1,1,4,4,0,0,100.0,0.0,3.787878787878788,3.787878787878788,0.0,0.0,13.492048827407768,1.5844376203644817
municipio,SUL,SC,Santa Catarina,420785,Irati,2098,0,0,0,0,0,0,0,0.0,0.0,0.0,0.0,0.0,0.0,3.475219549233097,0.31478694389438283
municipio,SUL,SC,Santa Catarina,420790,Irineópolis,10427,1,1,1,22,22,0,0,100.0,0.0,21.09906972283495,21.09906972283495,0.0,0.0,0.0,1.5644821086686034
municipio,SUL,SC,Santa Catarina,420810,Itaiópolis,22906,1,1,1,13,13,0,0,100.0,0.0,5.675368898978434,5.675368898978434,0.0,0.0,24.942506670511587,3.436849254930759
municipio,SUL,SC,Santa Catarina,420820,Itajaí,294850,3,3,1,598,529,92,75,88.46153846153845,81.52173913043478,20.281499067322365,17.941326098015942,31.20230625741903,25.436662709852463,0.0,0.0
municipio,SUL,SC,Santa Catarina,420830,Itapema,86116,1,1,1,48,48,0,0,100.0,0.0,5.573877096010033,5.573877096010033,0.0,0.0,94.64633303229616,12.920968760919292
municipio,SUL,SC,Santa Catarina,420840,Itapiranga,17268,1,1,1,48,34,0,0,70.83333333333334,0.0,27.79708130646282,19.689599258744497,0.0,0.0,0.0,2.5909156087551017
municipio,SUL,SC,Santa Catarina,420845,Itapoá,36033,0,0,0,0,0,0,0,0.0,0.0,0.0,0.0,0.0,0.0,59.686647291475765,5.406443255169827
municipio,SUL,SC,Santa Catarina,420850,Ituporanga,28461,1,1,1,70,57,10,10,81.42857142857143,100.0,24.595059906538772,20.027405923895856,35.135799866483964,35.135799866483964,0.0,0.0
municipio,SUL,SC,Santa Catarina,420800,Itá,7370,1,1,1,36,26,0,0,72.22222222222221,0.0,48.846675712347356,35.27815468113975,0.0,0.0,0.0,1.1058054225460445
municipio,SUL,SC,Santa Catarina,420700,Içara,63489,1,1,1,101,98,20,20,97.02970297029702,100.0,15.90826757391044,15.435744774685379,31.501519948337506,31.501519948337506,7.165974242735971,0.0
municipio,SUL,SC,Santa Catarina,420860,Jaborá,4461,0,0,0,0,0,0,0,0.0,0.0,0.0,0.0,0.0,0.0,7.389396763169134,0.6693348697392001
municipio,SUL,SC,Santa Catarina,420870,Jacinto Machado,10818,1,1,1,50,43,0,0,86.0,0.0,46.2192641893141,39.748567202810136,0.0,0.0,0.0,1.6231483122256594
municipio,SUL,SC,Santa Catarina,420880,Jaguaruna,21570,1,1,1,51,46,0,0,90.19607843137256,0.0,23.64394993045897,21.325915623551232,0.0,0.0,0.0,3.236393889324041
municipio,SUL,SC,Santa Catarina,420890,Jaraguá do Sul,199519,2,2,1,418,292,61,47,69.85645933014354,77.04918032786885,20.95038567755452,14.63519765034909,30.57352933805803,23.556653752274222,38.49205397685328,0.0
municipio,SUL,SC,Santa Catarina,420895,Jardinópolis,1810,0,0,0,0,0,0,0,0.0,0.0,0.0,0.0,0.0,0.0,2.9981636721219753,0.27157500879353336
municipio,SUL,SC,Santa Catarina,420900,Joaçaba,31809,4,4,1,356,241,67,40,67.69662921348315,59.70149253731343,111.91801062592347,75.76472067653809,210.63221100946274,125.75057373699268,0.0,0.0
municipio,SUL,SC,Santa Catarina,420910,Joinville,664541,10,10,1,1469,973,205,147,66.2355343771273,71.70731707317073,22.105483333609214,14.641685012662876,30.84835999584676,22.120531314094993,127.77496399757446,0.0
municipio,SUL,SC,Santa Catarina,420915,José Boiteux,6415,1,1,1,1,1,0,0,100.0,0.0,1.558846453624318,1.558846453624318,0.0,0.0,9.626088373846672,0.9625158460831582
municipio,SUL,SC,Santa Catarina,420917,Jupiá,2713,0,0,0,0,0,0,0,0.0,0.0,0.0,0.0,0.0,0.0,4.493932620147469,0.4070624303076552
municipio,SUL,SC,Santa Catarina,420920,Lacerdópolis,2302,0,0,0,0,0,0,0,0.0,0.0,0.0,0.0,0.0,0.0,3.8131341288534744,0.34539539792415125
municipio,SUL,SC,Santa Catarina,420930,Lages,172458,5,5,1,630,474,102,79,75.23809523809524,77.45098039215686,36.53063354555892,27.484952858087187,59.144835264238246,45.808254763478644,0.0,0.0
municipio,SUL,SC,Santa Catarina,420940,Laguna,44060,1,1,1,96,82,10,10,85.41666666666666,100.0,21.788470267816614,18.61098502042669,22.696323195642307,22.696323195642307,0.0,0.0
municipio,SUL,SC,Santa Catarina,420945,Lajeado Grande,1791,0,0,0,0,0,0,0,0.0,0.0,0.0,0.0,0.0,0.0,2.9666912357847837,0.26872422140840785
municipio,SUL,SC,Santa Catarina,420950,Laurentino,8605,1,1,1,1,1,0,0,100.0,0.0,1.1621150493898897,1.1621150493898897,0.0,0.0,13.253700772712488,1.2911066025792013
municipio,SUL,SC,Santa Catarina,420960,Lauro Müller,14628,1,1,1,35,35,0,0,100.0,0.0,23.92671588733935,23.92671588733935,0.0,0.0,0.0,2.194806203663981
municipio,SUL,SC,Santa Catarina,420970,Lebon Régis,11575,1,1,1,41,41,0,0,100.0,0.0,35.42116630669547,35.42116630669547,0.0,0.0,0.0,1.7367296833067116
municipio,SUL,SC,Santa Catarina,420980,Leoberto Leal,3379,0,0,0,0,0,0,0,0.0,0.0,0.0,0.0,0.0,0.0,5.597124335966937,0.5069900302283696
municipio,SUL,SC,Santa Catarina,420985,Lindóia do Sul,4604,1,1,1,105,70,0,0,66.66666666666666,0.0,228.06255430060818,152.0417028670721,0.0,0.0,0.0,0.6907907958483025
municipio,SUL,SC,Santa Catarina,420990,Lontras,13829,0,0,0,0,0,0,0,0.0,0.0,0.0,0.0,0.0,0.0,22.906964321422542,2.074923092047388
municipio,SUL,SC,Santa Catarina,421000,Luiz Alves,12246,1,1,1,28,26,0,0,92.85714285714286,0.0,22.86460885187,21.231422505307854,0.0,0.0,0.0,1.8374074904340383
municipio,SUL,SC,Santa Catarina,421003,Luzerna,5951,1,1,1,63,58,0,0,92.06349206349206,0.0,105.86456057805411,97.4626113258276,0.0,0.0,0.0,0.8928966173095674
municipio,SUL,SC,Santa Catarina,421005,Macieira,1796,0,0,0,0,0,0,0,0.0,0.0,0.0,0.0,0.0,0.0,2.9749734558735184,0.2694744286150198
municipio,SUL,SC,Santa Catarina,421010,Mafra,57262,2,2,1,176,151,54,40,85.79545454545455,74.07407407407408,30.735915615940765,26.370018511403725,94.30337745800007,69.85435367259264,0.0,0.0
municipio,SUL,SC,Santa Catarina,421020,Major Gercino,3253,0,0,0,0,0,0,0,0.0,0.0,0.0,0.0,0.0,0.0,5.388412389730822,0.488084808621748
municipio,SUL,SC,Santa Catarina,421030,Major Vieira,7543,1,1,1,36,36,0,0,100.0,0.0,47.72636881877237,47.72636881877237,0.0,0.0,0.0,1.1317625918948189
municipio,SUL,SC,Santa Catarina,421040,Maracajá,8344,0,0,0,0,0,0,0,0.0,0.0,0.0,0.0,0.0,0.0,13.821368884080533,1.2519457863940564
municipio,SUL,SC,Santa Catarina,421050,Maravilha,30743,1,1,1,87,70,11,10,80.45977011494253,90.9090909090909,28.299125004065967,22.769410922811698,35.78050287870409,32.527729889731,0.0,0.0
municipio,SUL,SC,Santa Catarina,421055,Marema,2218,0,0,0,0,0,0,0,0.0,0.0,0.0,0.0,0.0,0.0,3.67399283136273,0.33279191685307014
municipio,SUL,SC,Santa Catarina,421060,Massaranduba,18122,1,1,1,21,19,0,0,90.47619047619048,0.0,11.588124931023065,10.484493985211346,0.0,0.0,11.018078489610188,2.719050999644426
municipio,SUL,SC,Santa Catarina,421070,Matos Costa,2789,0,0,0,0,0,0,0,0.0,0.0,0.0,0.0,0.0,0.0,4.619822365496238,0.41846557984815713
municipio,SUL,SC,Santa Catarina,421080,Meleiro,7128,1,1,1,50,49,0,0,98.0,0.0,70.14590347923681,68.74298540965208,0.0,0.0,0.0,1.0694953937460252
municipio,SUL,SC,Santa Catarina,421085,Mirim Doce,2554,0,0,0,0,0,0,0,0.0,0.0,0.0,0.0,0.0,0.0,4.230558021325705,0.38320584113739453
municipio,SUL,SC,Santa Catarina,421090,Modelo,4159,1,1,1,50,47,0,0,94.0,0.0,120.22120702091848,113.00793459966337,0.0,0.0,0.0,0.6240223544598371
municipio,SUL,SC,Santa Catarina,421100,Mondaí,10206,1,1,1,65,54,0,0,83.07692307692308,0.0,63.68802665098962,52.910052910052904,0.0,0.0,0.0,1.531322950136354
municipio,SUL,SC,Santa Catarina,421105,Monte Carlo,9218,1,1,1,14,14,0,0,100.0,0.0,15.187676285528314,15.187676285528314,0.0,0.0,1.2691009555913657,1.383082006109829
municipio,SUL,SC,Santa Catarina,421110,Monte Castelo,7747,1,1,1,12,12,0,0,100.0,0.0,15.48986704530786,15.48986704530786,0.0,0.0,0.8324718054856052,1.162371045924587
municipio,SUL,SC,Santa Catarina,421125,Morro Grande,3097,0,0,0,0,0,0,0,0.0,0.0,0.0,0.0,0.0,0.0,5.130007122962297,0.4646783437754546
municipio,SUL,SC,Santa Catarina,421120,Morro da Fumaça,19490,1,1,1,95,83,0,0,87.36842105263159,0.0,48.74294510005131,42.58594150846588,0.0,0.0,0.0,2.9243076913734614
municipio,SUL,SC,Santa Catarina,421130,Navegantes,96046,1,1,1,47,42,0,0,89.36170212765957,0.0,4.89348853674281,4.372904649855278,0.0,0.0,117.09482212852335,14.410880273250665
municipio,SUL,SC,Santa Catarina,421140,Nova Erechim,5490,1,1,1,35,32,0,0,91.42857142857143,0.0,63.75227686703097,58.287795992714024,0.0,0.0,0.0,0.8237275128599437
municipio,SUL,SC,Santa Catarina,421145,Nova Itaberaba,4672,0,0,0,0,0,0,0,0.0,0.0,0.0,0.0,0.0,0.0,7.73890645091374,0.7009936138582253
municipio,SUL,SC,Santa Catarina,421150,Nova Trento,14395,1,1,1,50,50,0,0,100.0,0.0,34.73428273706148,34.73428273706148,0.0,0.0,0.0,2.1598465478358633
municipio,SUL,SC,Santa Catarina,421160,Nova Veneza,14004,1,1,1,60,55,0,0,91.66666666666666,0.0,42.84490145672665,39.274493001999424,0.0,0.0,0.0,2.101180344278807
municipio,SUL,SC,Santa Catarina,421165,Novo Horizonte,2661,0,0,0,0,0,0,0,0.0,0.0,0.0,0.0,0.0,0.0,4.407797531224628,0.39926027535889075
municipio,SUL,SC,Santa Catarina,421170,Orleans,24686,1,1,1,55,36,0,0,65.45454545454545,0.0,22.27983472413514,14.583164546706636,0.0,0.0,4.890977022101154,3.7039230204846207
municipio,SUL,SC,Santa Catarina,421175,Otacílio Costa,17873,1,1,1,50,48,0,0,96.0,0.0,27.975158059643036,26.856151737257314,0.0,0.0,0.0,2.6816906807551497
municipio,SUL,SC,Santa Catarina,421180,Ouro,7062,0,0,0,0,0,0,0,0.0,0.0,0.0,0.0,0.0,0.0,11.697807653328946,1.0595926586187472
municipio,SUL,SC,Santa Catarina,421185,Ouro Verde,2195,0,0,0,0,0,0,0,0.0,0.0,0.0,0.0,0.0,0.0,3.6358946189545502,0.3293409637026551
municipio,SUL,SC,Santa Catarina,421187,Paial,2007,0,0,0,0,0,0,0,0.0,0.0,0.0,0.0,0.0,0.0,3.3244831436181244,0.30113317273404494
municipio,SUL,SC,Santa Catarina,421189,Painel,2216,0,0,0,0,0,0,0,0.0,0.0,0.0,0.0,0.0,0.0,3.670679943327236,0.33249183397042537
municipio,SUL,SC,Santa Catarina,421190,Palhoça,253469,1,1,1,22,0,0,0,0.0,0.0,0.8679562392245206,0.0,0.0,0.0,419.8572087343011,38.030854090545915
municipio,SUL,SC,Santa Catarina,421200,Palma Sola,7696,1,1,1,37,31,0,0,83.78378378378379,0.0,48.07692307692308,40.28066528066528,0.0,0.0,0.0,1.1547189324171452
municipio,SUL,SC,Santa Catarina,421205,Palmeira,2658,0,0,0,0,0,0,0,0.0,0.0,0.0,0.0,0.0,0.0,4.402828199171387,0.39881015103492357
municipio,SUL,SC,Santa Catarina,421210,Palmitos,15781,1,1,1,65,56,0,0,86.15384615384616,0.0,41.18877130726823,35.4857106647234,0.0,0.0,0.0,2.367803985508701
municipio,SUL,SC,Santa Catarina,421220,Papanduva,19769,1,1,1,45,44,0,0,97.77777777777777,0.0,22.76291162931863,22.257069148667107,0.0,0.0,0.0,2.966169253502409
municipio,SUL,SC,Santa Catarina,421223,Paraíso,4394,0,0,0,0,0,0,0,0.0,0.0,0.0,0.0,0.0,0.0,7.278415013980088,0.6592820931705997
municipio,SUL,SC,Santa Catarina,421225,Passo de Torres,14859,0,0,0,0,0,0,0,0.0,0.0,0.0,0.0,0.0,0.0,24.613101659701897,2.229465776609454
municipio,SUL,SC,Santa Catarina,421227,Passos Maia,3997,0,0,0,0,0,0,0,0.0,0.0,0.0,0.0,0.0,0.0,6.620806738934551,0.5997156409656093
municipio,SUL,SC,Santa Catarina,421230,Paulo Lopes,9879,0,0,0,0,0,0,0,0.0,0.0,0.0,0.0,0.0,0.0,16.3640104513221,1.4822593988239314
municipio,SUL,SC,Santa Catarina,421240,Pedras Grandes,4355,0,0,0,0,0,0,0,0.0,0.0,0.0,0.0,0.0,0.0,7.213813697287958,0.6534304769590263
municipio,SUL,SC,Santa Catarina,421250,Penha,36995,2,2,1,92,31,0,0,33.69565217391305,0.0,24.86822543586971,8.379510744695228,0.0,0.0,30.28014643654834,5.55078312172197
municipio,SUL,SC,Santa Catarina,421260,Peritiba,3040,1,1,1,33,27,0,0,81.81818181818183,0.0,108.55263157894737,88.8157894736842,0.0,0.0,0.0,0.4561259816200781
municipio,SUL,SC,Santa Catarina,421265,Pescaria Brava,10615,0,0,0,0,0,0,0,0.0,0.0,0.0,0.0,0.0,0.0,17.58315324838385,1.5926898996372134
municipio,SUL,SC,Santa Catarina,421270,Petrolândia,6996,1,1,1,21,21,0,0,100.0,0.0,30.01715265866209,30.01715265866209,0.0,0.0,0.0,1.0496899234914692
municipio,SUL,SC,Santa Catarina,421290,Pinhalzinho,23897,1,1,1,40,25,0,0,62.5,0.0,16.738502740929825,10.46156421308114,0.0,0.0,14.584042692098814,3.585540323281252
municipio,SUL,SC,Santa Catarina,421300,Pinheiro Preto,3631,0,0,0,0,0,0,0,0.0,0.0,0.0,0.0,0.0,0.0,6.014548228439168,0.544800473441613
municipio,SUL,SC,Santa Catarina,421310,Piratuba,6144,0,0,0,0,0,0,0,0.0,0.0,0.0,0.0,0.0,0.0,10.177192045037248,0.9218546154847894
municipio,SUL,SC,Santa Catarina,421315,Planalto Alegre,3081,0,0,0,0,0,0,0,0.0,0.0,0.0,0.0,0.0,0.0,5.103504018678347,0.4622776807142962
municipio,SUL,SC,Santa Catarina,421320,Pomerode,37003,1,1,1,66,55,0,0,83.33333333333334,0.0,17.836391643920763,14.863659703267304,0.0,0.0,6.293397988690305,5.551983453252549
municipio,SUL,SC,Santa Catarina,421330,Ponte Alta,4390,1,1,1,38,36,0,0,94.73684210526315,0.0,86.56036446469247,82.00455580865605,0.0,0.0,0.0,0.6586819274053102
municipio,SUL,SC,Santa Catarina,421335,Ponte Alta do Norte,3241,0,0,0,0,0,0,0,0.0,0.0,0.0,0.0,0.0,0.0,5.368535061517858,0.4862843113258793
municipio,SUL,SC,Santa Catarina,421340,Ponte Serrada,10732,1,1,1,111,90,0,0,81.08108108108108,0.0,103.42899739098026,83.86134923592994,0.0,0.0,0.0,1.6102447482719335
municipio,SUL,SC,Santa Catarina,421350,Porto Belo,31557,0,0,0,0,0,0,0,0.0,0.0,0.0,0.0,0.0,0.0,52.27240386804043,4.734857763810791
municipio,SUL,SC,Santa Catarina,421360,Porto União,33694,1,1,1,101,83,10,8,82.17821782178217,80.0,29.9756633228468,24.63346589897311,29.67887457707604,23.74309966166083,0.0,0.0
municipio,SUL,SC,Santa Catarina,421370,Pouso Redondo,18051,1,1,1,25,25,0,0,100.0,0.0,13.84964821893524,13.84964821893524,0.0,0.0,4.900470964350154,2.7083980573105357
municipio,SUL,SC,Santa Catarina,421380,Praia Grande,8696,1,1,1,51,50,0,0,98.0392156862745,0.0,58.647654093836245,57.49770009199632,0.0,0.0,0.0,1.3047603737395392
municipio,SUL,SC,Santa Catarina,421390,Presidente Castello Branco,1707,0,0,0,0,0,0,0,0.0,0.0,0.0,0.0,0.0,0.0,2.82754993829404,0.25612074033732674
municipio,SUL,SC,Santa Catarina,421400,Presidente Getúlio,21764,1,1,1,51,50,0,0,98.0392156862745,0.0,23.433192427862526,22.973718066531887,0.0,0.0,0.0,3.2655019289405853
municipio,SUL,SC,Santa Catarina,421410,Presidente Nereu,2347,0,0,0,0,0,0,0,0.0,0.0,0.0,0.0,0.0,0.0,3.887674109652087,0.35214726278365893
municipio,SUL,SC,Santa Catarina,421415,Princesa,3073,0,0,0,0,0,0,0,0.0,0.0,0.0,0.0,0.0,0.0,5.090252466536371,0.46107734918371707
municipio,SUL,SC,Santa Catarina,421420,Quilombo,11433,1,1,1,50,43,0,0,86.0,0.0,43.733053441791306,37.61042595994052,0.0,0.0,0.0,1.7154237986389318
municipio,SUL,SC,Santa Catarina,421430,Rancho Queimado,3484,0,0,0,0,0,0,0,0.0,0.0,0.0,0.0,0.0,0.0,5.771050957830366,0.522744381567221
municipio,SUL,SC,Santa Catarina,421490,Rio Fortuna,5044,1,1,1,26,20,0,0,76.92307692307693,0.0,51.54639175257732,39.65107057890563,0.0,0.0,0.0,0.7568090300301559
municipio,SUL,SC,Santa Catarina,421500,Rio Negrinho,40132,1,1,1,106,97,10,10,91.50943396226415,100.0,26.412837635801857,24.170238213894148,24.91777135453005,24.91777135453005,0.0,0.0
municipio,SUL,SC,Santa Catarina,421505,Rio Rufino,2429,0,0,0,0,0,0,0,0.0,0.0,0.0,0.0,0.0,0.0,4.023502519107336,0.3644506609720953
municipio,SUL,SC,Santa Catarina,421440,Rio das Antas,6399,0,0,0,0,0,0,0,0.0,0.0,0.0,0.0,0.0,0.0,10.59958526956272,0.9601151830219998
municipio,SUL,SC,Santa Catarina,421450,Rio do Campo,6638,1,1,1,25,25,0,0,100.0,0.0,37.66194636938837,37.66194636938837,0.0,0.0,0.0,0.995975087498052
municipio,SUL,SC,Santa Catarina,421460,Rio do Oeste,8071,0,0,0,0,0,0,0,0.0,0.0,0.0,0.0,0.0,0.0,13.369159667235616,1.2109844729130428
municipio,SUL,SC,Santa Catarina,421480,Rio do Sul,77451,2,2,1,304,225,30,29,74.01315789473685,96.66666666666667,39.250622974525825,29.05062555680366,38.73416740907154,37.443028495435826,0.0,0.0
municipio,SUL,SC,Santa Catarina,421470,Rio dos Cedros,11218,1,1,1,27,23,0,0,85.18518518518519,0.0,24.068461401319308,20.50276341593867,0.0,0.0,0.0,1.6831648887546171
municipio,SUL,SC,Santa Catarina,421507,Riqueza,4828,0,0,0,0,0,0,0,0.0,0.0,0.0,0.0,0.0,0.0,7.997311717682265,0.7244000787045188
municipio,SUL,SC,Santa Catarina,421510,Rodeio,13491,0,0,0,0,0,0,0,0.0,0.0,0.0,0.0,0.0,0.0,22.347086243424073,2.024209084880419
municipio,SUL,SC,Santa Catarina,421520,Romelândia,4684,0,0,0,0,0,0,0,0.0,0.0,0.0,0.0,0.0,0.0,7.758783779126704,0.702794111154094
municipio,SUL,SC,Santa Catarina,421530,Salete,7656,1,1,1,32,29,0,0,90.625,0.0,41.797283176593524,37.87878787878788,0.0,0.0,0.0,1.1487172747642493
municipio,SUL,SC,Santa Catarina,421535,Saltinho,3604,0,0,0,0,0,0,0,0.0,0.0,0.0,0.0,0.0,0.0,5.96982423996,0.5407493545259083
municipio,SUL,SC,Santa Catarina,421540,Salto Veloso,4495,1,1,1,15,13,0,0,86.66666666666667,0.0,33.370411568409345,28.921023359288096,0.0,0.0,0.0,0.6744362787441616
municipio,SUL,SC,Santa Catarina,421545,Sangão,13797,0,0,0,0,0,0,0,0.0,0.0,0.0,0.0,0.0,0.0,22.853958112854638,2.0701217659250712
municipio,SUL,SC,Santa Catarina,421550,Santa Cecília,15749,1,1,1,70,58,0,0,82.85714285714286,0.0,44.44726649311067,36.827735094291704,0.0,0.0,0.0,2.363002659386385
municipio,SUL,SC,Santa Catarina,421555,Santa Helena,2476,0,0,0,0,0,0,0,0.0,0.0,0.0,0.0,0.0,0.0,4.101355387941443,0.37150260871424784
municipio,SUL,SC,Santa Catarina,421560,Santa Rosa de Lima,2131,0,0,0,0,0,0,0,0.0,0.0,0.0,0.0,0.0,0.0,3.5298822018187455,0.31973831145802184
municipio,SUL,SC,Santa Catarina,421565,Santa Rosa do Sul,10450,0,0,0,0,0,0,0,0.0,0.0,0.0,0.0,0.0,0.0,17.309839985455604,1.5679330618190184
municipio,SUL,SC,Santa Catarina,421567,Santa Terezinha,8015,0,0,0,0,0,0,0,0.0,0.0,0.0,0.0,0.0,0.0,13.276398802241788,1.2025821521989888
municipio,SUL,SC,Santa Catarina,421568,Santa Terezinha do Progresso,2534,0,0,0,0,0,0,0,0.0,0.0,0.0,0.0,0.0,0.0,4.197429140970765,0.3802050123109467
municipio,SUL,SC,Santa Catarina,421569,Santiago do Sul,1732,0,0,0,0,0,0,0,0.0,0.0,0.0,0.0,0.0,0.0,2.8689610387377136,0.25987177637038655
municipio,SUL,SC,Santa Catarina,421570,Santo Amaro da Imperatriz,30099,1,1,1,60,49,5,0,81.66666666666667,0.0,19.934217083624038,16.279610618292967,16.6118475696867,0.0,0.8573084901653821,4.51609734236274
municipio,SUL,SC,Santa Catarina,421730,Saudades,10799,1,1,1,32,30,0,0,93.75,0.0,29.63237336790444,27.78035003241041,0.0,0.0,0.0,1.620297524840534
municipio,SUL,SC,Santa Catarina,421740,Schroeder,21710,0,0,0,0,0,0,0,0.0,0.0,0.0,0.0,0.0,0.0,35.96139962528624,3.257399691109176
municipio,SUL,SC,Santa Catarina,421750,Seara,19399,1,1,1,52,40,0,0,76.92307692307693,0.0,26.80550543842466,20.61961956801897,0.0,0.0,0.0,2.9106539202131234
municipio,SUL,SC,Santa Catarina,421755,Serra Alta,3370,0,0,0,0,0,0,0,0.0,0.0,0.0,0.0,0.0,0.0,5.582216339807214,0.5056396572564681
municipio,SUL,SC,Santa Catarina,421760,Siderópolis,14156,0,0,0,0,0,0,0,0.0,0.0,0.0,0.0,0.0,0.0,23.448621515225792,2.123986643359811
municipio,SUL,SC,Santa Catarina,421770,Sombrio,31722,1,1,1,162,136,30,10,83.9506172839506,33.33333333333333,51.068658974843956,42.87245444801715,94.57159069415547,31.523863564718493,0.0,0.0
municipio,SUL,SC,Santa Catarina,421775,Sul Brasil,2900,0,0,0,0,0,0,0,0.0,0.0,0.0,0.0,0.0,0.0,4.803687651466149,0.4351201798349429
municipio,SUL,SC,Santa Catarina,421580,São Bento do Sul,87661,2,2,1,127,76,10,10,59.84251968503938,100.0,14.487628477886405,8.66976192377454,11.40758147865071,11.40758147865071,69.20553903971519,3.15278278776239
municipio,SUL,SC,Santa Catarina,421575,São Bernardino,2715,0,0,0,0,0,0,0,0.0,0.0,0.0,0.0,0.0,0.0,4.497245508182964,0.40736251319030004
municipio,SUL,SC,Santa Catarina,421590,São Bonifácio,2982,1,1,1,27,27,0,0,100.0,0.0,90.54325955734407,90.54325955734407,0.0,0.0,0.0,0.44742357802337923
municipio,SUL,SC,Santa Catarina,421600,São Carlos,10462,1,1,1,50,30,0,0,60.0,0.0,47.79200917606577,28.675205505639457,0.0,0.0,0.0,1.569733559114887
municipio,SUL,SC,Santa Catarina,421605,São Cristóvão do Sul,6489,0,0,0,0,0,0,0,0.0,0.0,0.0,0.0,0.0,0.0,10.748665231159945,0.9736189127410154
municipio,SUL,SC,Santa Catarina,421610,São Domingos,9343,0,0,0,0,0,0,0,0.0,0.0,0.0,0.0,0.0,0.0,15.476156457809735,1.401837186275128
municipio,SUL,SC,Santa Catarina,421620,São Francisco do Sul,56726,1,1,1,37,37,0,0,100.0,0.0,6.522582237421993,6.522582237421993,0.0,0.0,56.96344335071336,8.511250800454128
municipio,SUL,SC,Santa Catarina,421650,São Joaquim,26982,1,1,1,74,53,0,0,71.62162162162163,0.0,27.425691201541767,19.642724779482617,0.0,0.0,0.0,4.048418169760838
municipio,SUL,SC,Santa Catarina,421660,São José,295658,6,6,1,1043,791,101,73,75.83892617449665,72.27722772277228,35.27724600721103,26.75388455580434,34.16109153143159,24.690689918757485,0.0,0.0
municipio,SUL,SC,Santa Catarina,421670,São José do Cedro,14538,1,1,1,28,23,0,0,82.14285714285714,0.0,19.25987068372541,15.820608061631585,0.0,0.0,1.0813831300051293,2.1813024739449656
municipio,SUL,SC,Santa Catarina,421680,São José do Cerrito,8706,0,0,0,0,0,0,0,0.0,0.0,0.0,0.0,0.0,0.0,14.42100161850493,1.306260788152763
municipio,SUL,SC,Santa Catarina,421630,São João Batista,35336,2,2,1,35,32,0,0,91.42857142857143,0.0,9.904912836767037,9.05592030790129,0.0,0.0,26.532105811106145,5.301864370568118
municipio,SUL,SC,Santa Catarina,421635,São João do Itaperiú,4827,0,0,0,0,0,0,0,0.0,0.0,0.0,0.0,0.0,0.0,7.995655273664517,0.7242500372631963
municipio,SUL,SC,Santa Catarina,421625,São João do Oeste,6467,1,1,1,21,20,0,0,95.23809523809523,0.0,32.47255296118757,30.92624091541673,0.0,0.0,0.0,0.9703180010319228
municipio,SUL,SC,Santa Catarina,421640,São João do Sul,9278,0,0,0,0,0,0,0,0.0,0.0,0.0,0.0,0.0,0.0,15.36848759665618,1.3920844925891724
municipio,SUL,SC,Santa Catarina,421690,São Lourenço do Oeste,26056,1,1,1,50,32,0,0,64.0,0.0,19.18943813325146,12.281240405280935,0.0,0.0,11.16030532641447,3.9094797950963005
municipio,SUL,SC,Santa Catarina,421700,São Ludgero,14444,0,0,0,0,0,0,0,0.0,0.0,0.0,0.0,0.0,0.0,23.925677392336915,2.16719857846066
municipio,SUL,SC,Santa Catarina,421710,São Martinho,3520,1,1,1,20,20,0,0,100.0,0.0,56.81818181818182,56.81818181818182,0.0,0.0,0.0,0.5281458734548272
municipio,SUL,SC,Santa Catarina,421715,São Miguel da Boa Vista,1777,0,0,0,0,0,0,0,0.0,0.0,0.0,0.0,0.0,0.0,2.9435010195363263,0.2666236412298943
municipio,SUL,SC,Santa Catarina,421720,São Miguel do Oeste,47724,3,3,1,150,101,10,10,67.33333333333333,100.0,31.430726678400802,21.163355963456542,20.95381778560054,20.95381778560054,0.0,0.0
municipio,SUL,SC,Santa Catarina,421725,São Pedro de Alcântara,6175,1,1,1,108,108,0,0,100.0,0.0,174.8987854251012,174.8987854251012,0.0,0.0,0.0,0.9265059001657837
municipio,SUL,SC,Santa Catarina,421780,Taió,18909,1,1,1,43,37,0,0,86.04651162790698,0.0,22.740493944682427,19.567401766354646,0.0,0.0,0.0,2.8371336139651504
municipio,SUL,SC,Santa Catarina,421790,Tangará,8144,1,1,1,50,48,0,0,96.0,0.0,61.39489194499017,58.93909626719057,0.0,0.0,0.0,1.2219374981295776
municipio,SUL,SC,Santa Catarina,421795,Tigrinhos,2535,0,0,0,0,0,0,0,0.0,0.0,0.0,0.0,0.0,0.0,4.199085584988513,0.3803550537522691
municipio,SUL,SC,Santa Catarina,421800,Tijucas,58695,1,1,1,50,27,0,0,54.0,0.0,8.51861316977596,4.600051111679019,0.0,0.0,70.22498162165711,8.806682398417923
municipio,SUL,SC,Santa Catarina,421810,Timbé do Sul,5503,1,1,1,45,44,0,0,97.77777777777777,0.0,81.77357804833727,79.95638742504089,0.0,0.0,0.0,0.8256780515971348
municipio,SUL,SC,Santa Catarina,421820,Timbó,49768,2,2,1,204,162,40,34,79.41176470588235,85.0,40.99019450249156,32.551036810802124,80.37293039704227,68.31699083748593,0.0,0.0
municipio,SUL,SC,Santa Catarina,421825,Timbó Grande,7521,0,0,0,0,0,0,0,0.0,0.0,0.0,0.0,0.0,0.0,12.458115457474795,1.1284616801857261
municipio,SUL,SC,Santa Catarina,421835,Treviso,3920,0,0,0,0,0,0,0,0.0,0.0,0.0,0.0,0.0,0.0,6.493260549568036,0.5881624499837849
municipio,SUL,SC,Santa Catarina,421850,Treze Tílias,9531,0,0,0,0,0,0,0,0.0,0.0,0.0,0.0,0.0,0.0,15.78756793314616,1.4300449772437382
municipio,SUL,SC,Santa Catarina,421840,Treze de Maio,7633,1,1,1,41,39,0,0,95.1219512195122,0.0,53.714135988471114,51.09393423293594,0.0,0.0,0.0,1.1452663216138341
municipio,SUL,SC,Santa Catarina,421860,Trombudo Central,7599,1,1,1,68,65,0,0,95.58823529411765,0.0,89.48545861297539,85.53757073299118,0.0,0.0,0.0,1.1401649126088729
municipio,SUL,SC,Santa Catarina,421830,Três Barras,20525,1,1,1,58,47,0,0,81.03448275862068,0.0,28.25822168087698,22.89890377588307,0.0,0.0,0.0,3.0796005831421387
municipio,SUL,SC,Santa Catarina,421870,Tubarão,116725,2,2,1,428,257,48,35,60.046728971962615,72.91666666666666,36.667380595416574,22.017562647247804,41.12229599485971,29.98500749625187,0.0,0.0
municipio,SUL,SC,Santa Catarina,421875,Tunápolis,5081,1,1,1,50,47,0,0,94.0,0.0,98.405825624877,92.50147608738436,0.0,0.0,0.0,0.7623605633590845
municipio,SUL,SC,Santa Catarina,421880,Turvo,13604,1,1,1,50,30,0,0,60.0,0.0,36.753895912966776,22.052337547780066,0.0,0.0,0.0,2.0411637677498495
municipio,SUL,SC,Santa Catarina,421885,União do Oeste,2791,0,0,0,0,0,0,0,0.0,0.0,0.0,0.0,0.0,0.0,4.623135253531732,0.4187656627308019
municipio,SUL,SC,Santa Catarina,421890,Urubici,11064,1,1,1,49,46,0,0,93.87755102040816,0.0,44.28778018799711,41.57628344179321,0.0,0.0,0.0,1.6600585067909686
municipio,SUL,SC,Santa Catarina,421895,Urupema,2751,0,0,0,0,0,0,0,0.0,0.0,0.0,0.0,0.0,0.0,4.556877492821854,0.41276400507790617
municipio,SUL,SC,Santa Catarina,421900,Urussanga,21464,1,1,1,96,69,0,0,71.875,0.0,44.72605292582929,32.14685054043981,0.0,0.0,0.0,3.220489496543867
municipio,SUL,SC,Santa Catarina,421915,Vargem,2613,0,0,0,0,0,0,0,0.0,0.0,0.0,0.0,0.0,0.0,4.328288218372775,0.39205828617541577
municipio,SUL,SC,Santa Catarina,421917,Vargem Bonita,4597,0,0,0,0,0,0,0,0.0,0.0,0.0,0.0,0.0,0.0,7.614673149582719,0.6897405057590458
municipio,SUL,SC,Santa Catarina,421910,Vargeão,3726,1,1,1,25,21,0,0,84.0,0.0,67.09608158883522,56.36070853462158,0.0,0.0,0.0,0.5590544103672405
municipio,SUL,SC,Santa Catarina,421920,Vidal Ramos,6266,1,1,1,20,20,0,0,100.0,0.0,31.91828917969997,31.91828917969997,0.0,0.0,0.0,0.9401596713261214
municipio,SUL,SC,Santa Catarina,421930,Videira,59074,2,2,1,165,121,18,18,73.33333333333333,100.0,27.931069506043265,20.482784304431732,30.470257642956295,30.470257642956295,0.0,0.0
municipio,SUL,SC,Santa Catarina,421935,Vitor Meireles,5507,1,1,1,20,20,0,0,100.0,0.0,36.317414200108956,36.317414200108956,0.0,0.0,0.0,0.8262782173624243
municipio,SUL,SC,Santa Catarina,421940,Witmarsum,4513,1,1,1,23,23,0,0,100.0,0.0,50.96388211832484,50.96388211832484,0.0,0.0,0.0,0.6771370246879646
municipio,SUL,SC,Santa Catarina,421950,Xanxerê,54891,1,1,1,172,138,31,31,80.23255813953489,100.0,31.334827203002313,25.140733453571624,56.47556065657394,56.47556065657394,0.0,0.0
municipio,SUL,SC,Santa Catarina,421960,Xavantina,3583,1,1,1,24,21,0,0,87.5,0.0,66.98297516048004,58.610103265420044,0.0,0.0,0.0,0.537598484258138
municipio,SUL,SC,Santa Catarina,421970,Xaxim,34485,1,1,1,65,46,0,0,70.76923076923077,0.0,18.848774829636074,13.339132956357837,0.0,0.0,11.122471952003497,5.174179104002761
municipio,SUL,SC,Santa Catarina,421985,Zortéa,4257,0,0,0,0,0,0,0,0.0,0.0,0.0,0.0,0.0,0.0,7.0514821835487576,0.6387264157094318
municipio,SUL,SC,Santa Catarina,420040,Água Doce,6587,1,1,1,30,28,0,0,93.33333333333333,0.0,45.54425383330803,42.507970244420825,0.0,0.0,0.0,0.9883229739906101
municipio,SUL,SC,Santa Catarina,420055,Águas Frias,3000,0,0,0,0,0,0,0,0.0,0.0,0.0,0.0,0.0,0.0,4.969332053240843,0.4501243239671823
municipio,SUL,SC,Santa Catarina,420060,Águas Mornas,7193,0,0,0,0,0,0,0,0.0,0.0,0.0,0.0,0.0,0.0,11.914801819653796,1.0792480874319808
municipio,SUL,SC,Santa Catarina,420050,Águas de Chapecó,6123,0,0,0,0,0,0,0,0.0,0.0,0.0,0.0,0.0,0.0,10.142406720664562,0.9187037452170191
municipio,NORDESTE,SE,Sergipe,280010,Amparo do São Francisco,2202,0,0,0,0,0,0,0,0.0,0.0,0.0,0.0,0.0,0.0,3.647489727078779,0.3303912537919118
municipio,NORDESTE,SE,Sergipe,280020,Aquidabã,20556,1,1,1,32,32,0,0,100.0,0.0,15.567230978789649,15.567230978789649,0.0,0.0,2.049863228806258,3.0842518678231334
municipio,NORDESTE,SE,Sergipe,280030,Aracaju,630932,26,26,1,3033,1964,492,240,64.75436861193538,48.78048780487805,48.07174148719672,31.128552680796027,77.97987738773752,38.03896457938415,0.0,0.0
municipio,NORDESTE,SE,Sergipe,280040,Arauá,10464,0,0,0,0,0,0,0,0.0,0.0,0.0,0.0,0.0,0.0,17.333030201704062,1.5700336419975318
municipio,NORDESTE,SE,Sergipe,280050,Areia Branca,18626,0,0,0,0,0,0,0,0.0,0.0,0.0,0.0,0.0,0.0,30.85292627455465,2.7946718860709128
municipio,NORDESTE,SE,Sergipe,280060,Barra dos Coqueiros,45175,0,0,0,0,0,0,0,0.0,0.0,0.0,0.0,0.0,0.0,74.82985850171836,6.778122111739155
municipio,NORDESTE,SE,Sergipe,280067,Boquim,25007,1,1,1,18,18,0,0,100.0,0.0,7.19798456432199,7.19798456432199,0.0,0.0,23.422695551797926,3.7520863231491095
municipio,NORDESTE,SE,Sergipe,280070,Brejo Grande,8025,0,0,0,0,0,0,0,0.0,0.0,0.0,0.0,0.0,0.0,13.292963242419257,1.2040825666122126
municipio,NORDESTE,SE,Sergipe,280100,Campo do Brito,18719,0,0,0,0,0,0,0,0.0,0.0,0.0,0.0,0.0,0.0,31.006975568205117,2.808625740113895
municipio,NORDESTE,SE,Sergipe,280110,Canhoba,3850,0,0,0,0,0,0,0,0.0,0.0,0.0,0.0,0.0,0.0,6.377309468325749,0.5776595490912173
municipio,NORDESTE,SE,Sergipe,280120,Canindé de São Francisco,33641,1,1,1,20,20,0,0,100.0,0.0,5.945126482565917,5.945126482565917,0.0,0.0,35.724433201025064,5.04754412752666
municipio,NORDESTE,SE,Sergipe,280130,Capela,32783,2,2,1,88,88,0,0,100.0,0.0,26.843180916938657,26.843180916938657,0.0,0.0,0.0,4.918808570872046
municipio,NORDESTE,SE,Sergipe,280140,Carira,20314,1,1,1,1,1,0,0,100.0,0.0,0.4922713399625874,0.4922713399625874,0.0,0.0,32.6490037765115,3.047941839023114
municipio,NORDESTE,SE,Sergipe,280150,Carmópolis,14203,0,0,0,0,0,0,0,0.0,0.0,0.0,0.0,0.0,0.0,23.5264743840599,2.1310385911019636
municipio,NORDESTE,SE,Sergipe,280160,Cedro de São João,5474,0,0,0,0,0,0,0,0.0,0.0,0.0,0.0,0.0,0.0,9.067374553146793,0.8213268497987855
municipio,NORDESTE,SE,Sergipe,280170,Cristinápolis,17594,0,0,0,0,0,0,0,0.0,0.0,0.0,0.0,0.0,0.0,29.143476048239798,2.639829118626202
municipio,NORDESTE,SE,Sergipe,280190,Cumbe,3872,0,0,0,0,0,0,0,0.0,0.0,0.0,0.0,0.0,0.0,6.413751236716182,0.5809604608003099
municipio,NORDESTE,SE,Sergipe,280200,Divina Pastora,4436,0,0,0,0,0,0,0,0.0,0.0,0.0,0.0,0.0,0.0,7.34798566272546,0.6655838337061403
municipio,NORDESTE,SE,Sergipe,280210,Estância,67060,2,2,1,215,189,20,10,87.90697674418605,50.0,32.06084103787653,28.183716075156575,29.824038174768866,14.912019087384433,0.0,0.061779055079748076
municipio,NORDESTE,SE,Sergipe,280220,Feira Nova,6358,0,0,0,0,0,0,0,0.0,0.0,0.0,0.0,0.0,0.0,10.531671064835095,0.9539634839277817
municipio,NORDESTE,SE,Sergipe,280230,Frei Paulo,14921,1,1,1,1,1,0,0,100.0,0.0,0.6701963675356879,0.6701963675356879,0.0,0.0,23.71580118880221,2.2387683459714425
municipio,NORDESTE,SE,Sergipe,280240,Gararu,11294,0,0,0,0,0,0,0,0.0,0.0,0.0,0.0,0.0,0.0,18.70787873643403,1.6945680382951192
municipio,NORDESTE,SE,Sergipe,280250,General Maynard,3118,0,0,0,0,0,0,0,0.0,0.0,0.0,0.0,0.0,0.0,5.1647924473349835,0.46782921404322486
municipio,NORDESTE,SE,Sergipe,280260,Gracho Cardoso,5910,0,0,0,0,0,0,0,0.0,0.0,0.0,0.0,0.0,0.0,9.789584144884461,0.8867449182153492
municipio,NORDESTE,SE,Sergipe,280270,Ilha das Flores,8499,0,0,0,0,0,0,0,0.0,0.0,0.0,0.0,0.0,0.0,14.078117706831309,1.2752022097990274
municipio,NORDESTE,SE,Sergipe,280280,Indiaroba,16991,0,0,0,0,0,0,0,0.0,0.0,0.0,0.0,0.0,0.0,28.14464030553839,2.5493541295087985
municipio,NORDESTE,SE,Sergipe,280290,Itabaiana,109250,3,3,1,181,147,10,10,81.21546961325967,100.0,16.5675057208238,13.45537757437071,9.153318077803204,9.153318077803204,33.96650893885405,6.392027464471555
municipio,NORDESTE,SE,Sergipe,280300,Itabaianinha,42230,1,1,1,30,30,0,0,100.0,0.0,7.1039545346909785,7.1039545346909785,0.0,0.0,39.95163086945361,6.336250067044703
municipio,NORDESTE,SE,Sergipe,280310,Itabi,4816,0,0,0,0,0,0,0,0.0,0.0,0.0,0.0,0.0,0.0,7.977434389469301,0.72259958140865
municipio,NORDESTE,SE,Sergipe,280320,Itaporanga d'Ajuda,36074,0,0,0,0,0,0,0,0.0,0.0,0.0,0.0,0.0,0.0,59.754561496203394,5.412594954264045
municipio,NORDESTE,SE,Sergipe,280330,Japaratuba,16451,0,0,0,0,0,0,0,0.0,0.0,0.0,0.0,0.0,0.0,27.25016053595504,2.4683317511947056
municipio,NORDESTE,SE,Sergipe,280340,Japoatã,13723,1,1,1,22,21,0,0,95.45454545454545,0.0,16.031479997085185,15.30277636085404,0.0,0.0,1.7313812555413668,2.0590186992672144
municipio,NORDESTE,SE,Sergipe,280350,Lagarto,105957,4,4,1,330,309,30,30,93.63636363636364,100.0,31.14470964636598,29.16277357796087,28.313372405787256,28.313372405787256,0.0,0.0
municipio,NORDESTE,SE,Sergipe,280360,Laranjeiras,24047,1,1,1,1,1,0,0,100.0,0.0,0.4158522892668524,0.4158522892668524,0.0,0.0,38.832509294760854,3.608046539479611
municipio,NORDESTE,SE,Sergipe,280370,Macambira,7048,0,0,0,0,0,0,0,0.0,0.0,0.0,0.0,0.0,0.0,11.674617437080489,1.0574920784402335
municipio,NORDESTE,SE,Sergipe,280380,Malhada dos Bois,3674,0,0,0,0,0,0,0,0.0,0.0,0.0,0.0,0.0,0.0,6.085775321202286,0.551252255418476
municipio,NORDESTE,SE,Sergipe,280390,Malhador,11712,0,0,0,0,0,0,0,0.0,0.0,0.0,0.0,0.0,0.0,19.40027233585225,1.7572853607678798
municipio,NORDESTE,SE,Sergipe,280400,Maruim,15956,0,0,0,0,0,0,0,0.0,0.0,0.0,0.0,0.0,0.0,26.4302207471703,2.3940612377401203
municipio,NORDESTE,SE,Sergipe,280410,Moita Bonita,11297,0,0,0,0,0,0,0,0.0,0.0,0.0,0.0,0.0,0.0,18.71284806848727,1.695018162619086
municipio,NORDESTE,SE,Sergipe,280420,Monte Alegre de Sergipe,14781,0,0,0,0,0,0,0,0.0,0.0,0.0,0.0,0.0,0.0,24.483899026317637,2.217762544186307
municipio,NORDESTE,SE,Sergipe,280430,Muribeca,8059,0,0,0,0,0,0,0,0.0,0.0,0.0,0.0,0.0,0.0,13.349282339022652,1.209183975617174
municipio,NORDESTE,SE,Sergipe,280440,Neópolis,16473,0,0,0,0,0,0,0,0.0,0.0,0.0,0.0,0.0,0.0,27.286602304345475,2.471632662903798
municipio,NORDESTE,SE,Sergipe,280445,Nossa Senhora Aparecida,9534,0,0,0,0,0,0,0,0.0,0.0,0.0,0.0,0.0,0.0,15.7925372651994,1.4304951015677052
municipio,NORDESTE,SE,Sergipe,280450,Nossa Senhora da Glória,43686,1,1,1,77,67,10,0,87.01298701298701,0.0,17.625784004028752,15.33672114636268,22.890628576660713,0.0,5.363413359293164,6.554710405610109
municipio,NORDESTE,SE,Sergipe,280460,Nossa Senhora das Dores,25569,0,0,0,0,0,0,0,0.0,0.0,0.0,0.0,0.0,0.0,42.35361708977171,3.836409613172295
municipio,NORDESTE,SE,Sergipe,280470,Nossa Senhora de Lourdes,6409,0,0,0,0,0,0,0,0.0,0.0,0.0,0.0,0.0,0.0,10.61614970974019,0.9616155974352238
municipio,NORDESTE,SE,Sergipe,280480,Nossa Senhora do Socorro,204081,1,1,1,57,57,0,0,100.0,0.0,2.793008658326841,2.793008658326841,0.0,0.0,281.04875158581484,30.620607386515513
municipio,NORDESTE,SE,Sergipe,280490,Pacatuba,12690,0,0,0,0,0,0,0,0.0,0.0,0.0,0.0,0.0,0.0,21.020274585208767,1.904025890381181
municipio,NORDESTE,SE,Sergipe,280500,Pedra Mole,2811,0,0,0,0,0,0,0,0.0,0.0,0.0,0.0,0.0,0.0,4.656264133886671,0.4217664915572498
municipio,NORDESTE,SE,Sergipe,280510,Pedrinhas,7355,0,0,0,0,0,0,0,0.0,0.0,0.0,0.0,0.0,0.0,12.183145750528801,1.1035548009262086
municipio,NORDESTE,SE,Sergipe,280520,Pinhão,5759,0,0,0,0,0,0,0,0.0,0.0,0.0,0.0,0.0,0.0,9.539461098204672,0.8640886605756676
municipio,NORDESTE,SE,Sergipe,280530,Pirambu,8021,0,0,0,0,0,0,0,0.0,0.0,0.0,0.0,0.0,0.0,13.286337466348268,1.2034824008469232
municipio,NORDESTE,SE,Sergipe,280560,Porto da Folha,27348,1,1,1,24,24,0,0,100.0,0.0,8.775778850372971,8.775778850372971,0.0,0.0,21.300430997343526,4.103333337284834
municipio,NORDESTE,SE,Sergipe,280540,Poço Redondo,29238,1,1,1,19,19,0,0,100.0,0.0,6.498392502907175,6.498392502907175,0.0,0.0,29.431110190885256,4.386911661384159
municipio,NORDESTE,SE,Sergipe,280550,Poço Verde,22217,0,0,0,0,0,0,0,0.0,0.0,0.0,0.0,0.0,0.0,36.80121674228394,3.33347070185963
municipio,NORDESTE,SE,Sergipe,280570,Propriá,27213,1,1,1,68,68,0,0,100.0,0.0,24.988057178554367,24.988057178554367,0.0,0.0,0.0,4.083077742706311
municipio,NORDESTE,SE,Sergipe,280590,Riachuelo,8853,1,1,1,57,57,0,0,100.0,0.0,64.38495425279567,64.38495425279567,0.0,0.0,0.0,1.328316880027155
municipio,NORDESTE,SE,Sergipe,280580,Riachão do Dantas,18541,1,1,1,1,1,0,0,100.0,0.0,0.5393452348848498,0.5393452348848498,0.0,0.0,29.71212853304616,2.781918363558509
municipio,NORDESTE,SE,Sergipe,280600,Ribeirópolis,17365,0,0,0,0,0,0,0,0.0,0.0,0.0,0.0,0.0,0.0,28.76415036817575,2.6054696285633736
municipio,NORDESTE,SE,Sergipe,280610,Rosário do Catete,9507,1,1,1,13,13,0,0,100.0,0.0,13.674134848006732,13.674134848006732,0.0,0.0,2.7478132767202332,1.4264439826520008
municipio,NORDESTE,SE,Sergipe,280620,Salgado,20825,0,0,0,0,0,0,0,0.0,0.0,0.0,0.0,0.0,0.0,34.49544666958019,3.1246130155388574
municipio,NORDESTE,SE,Sergipe,280630,Santa Luzia do Itanhy,14003,0,0,0,0,0,0,0,0.0,0.0,0.0,0.0,0.0,0.0,23.195185580510508,2.1010303028374846
municipio,NORDESTE,SE,Sergipe,280650,Santa Rosa de Lima,4049,0,0,0,0,0,0,0,0.0,0.0,0.0,0.0,0.0,0.0,6.706941827857393,0.6075177959143737
municipio,NORDESTE,SE,Sergipe,280640,Santana do São Francisco,7549,0,0,0,0,0,0,0,0.0,0.0,0.0,0.0,0.0,0.0,12.50449588997171,1.132662840542753
municipio,NORDESTE,SE,Sergipe,280660,Santo Amaro das Brotas,11289,0,0,0,0,0,0,0,0.0,0.0,0.0,0.0,0.0,0.0,18.69959651634529,1.693817831088507
municipio,NORDESTE,SE,Sergipe,280710,Simão Dias,44503,1,1,1,21,21,0,0,100.0,0.0,4.71878300339303,4.71878300339303,0.0,0.0,52.71672812179242,6.677294263170505
municipio,NORDESTE,SE,Sergipe,280720,Siriri,7981,0,0,0,0,0,0,0,0.0,0.0,0.0,0.0,0.0,0.0,13.220079705638392,1.1974807431940273
municipio,NORDESTE,SE,Sergipe,280670,São Cristóvão,101213,2,2,1,42,41,0,0,97.61904761904762,0.0,4.149664568780691,4.050863031428769,0.0,0.0,126.65366836822184,15.186144400563474
municipio,NORDESTE,SE,Sergipe,280680,São Domingos,10559,0,0,0,0,0,0,0,0.0,0.0,0.0,0.0,0.0,0.0,17.49039238339002,1.5842875789231594
municipio,NORDESTE,SE,Sergipe,280690,São Francisco,3330,0,0,0,0,0,0,0,0.0,0.0,0.0,0.0,0.0,0.0,5.515958579097336,0.4996379996035724
municipio,NORDESTE,SE,Sergipe,280700,São Miguel do Aleixo,3471,0,0,0,0,0,0,0,0.0,0.0,0.0,0.0,0.0,0.0,5.749517185599656,0.5207938428300299
municipio,NORDESTE,SE,Sergipe,280730,Telha,3389,0,0,0,0,0,0,0,0.0,0.0,0.0,0.0,0.0,0.0,5.613688776144406,0.5084904446415937
municipio,NORDESTE,SE,Sergipe,280740,Tobias Barreto,52783,0,0,0,0,0,0,0,0.0,0.0,0.0,0.0,0.0,0.0,87.43208458873714,7.919637397319928
municipio,NORDESTE,SE,Sergipe,280750,Tomar do Geru,12094,0,0,0,0,0,0,0,0.0,0.0,0.0,0.0,0.0,0.0,20.033033950631587,1.8146011913530342
municipio,NORDESTE,SE,Sergipe,280760,Umbaúba,24618,0,0,0,0,0,0,0,0.0,0.0,0.0,0.0,0.0,0.0,40.77833882889436,3.6937202024746982
municipio,SUDESTE,SP,São Paulo,350010,Adamantina,35673,2,2,1,204,142,9,8,69.6078431372549,88.88888888888889,57.186107139853675,39.80601575421187,25.229164914641323,22.425924368570065,0.0,0.0
municipio,SUDESTE,SP,São Paulo,350020,Adolfo,4505,0,0,0,0,0,0,0,0.0,0.0,0.0,0.0,0.0,0.0,7.46228029995,0.6759366931573855
municipio,SUDESTE,SP,São Paulo,350030,Aguaí,32886,1,1,1,24,24,0,0,100.0,0.0,7.297938332421091,7.297938332421091,0.0,0.0,30.473817967626132,4.934262839328253
municipio,SUDESTE,SP,São Paulo,350070,Agudos,38988,1,1,1,36,28,0,0,77.77777777777779,0.0,9.233610341643582,7.181696932389453,0.0,0.0,36.581439363918,5.849815714277502
municipio,SUDESTE,SP,São Paulo,350075,Alambari,6373,0,0,0,0,0,0,0,0.0,0.0,0.0,0.0,0.0,0.0,10.556517725101298,0.9562141055476177
municipio,SUDESTE,SP,São Paulo,350080,Alfredo Marcondes,4574,0,0,0,0,0,0,0,0.0,0.0,0.0,0.0,0.0,0.0,7.576574937174539,0.6862895526086307
municipio,SUDESTE,SP,São Paulo,350090,Altair,3467,0,0,0,0,0,0,0,0.0,0.0,0.0,0.0,0.0,0.0,5.742891409528668,0.5201936770647404
municipio,SUDESTE,SP,São Paulo,350100,Altinópolis,17197,1,1,1,21,19,0,0,90.47619047619048,0.0,12.211432226551143,11.048438681165319,0.0,0.0,9.485867773194263,2.5802626664212114
municipio,SUDESTE,SP,São Paulo,350110,Alto Alegre,3874,1,1,1,16,16,0,0,100.0,0.0,41.30098089829634,41.30098089829634,0.0,0.0,0.0,0.5812605436829548
municipio,SUDESTE,SP,São Paulo,350115,Alumínio,17607,0,0,0,0,0,0,0,0.0,0.0,0.0,0.0,0.0,0.0,29.165009820470512,2.6417796573633927
municipio,SUDESTE,SP,São Paulo,350150,Alvinlândia,2919,0,0,0,0,0,0,0,0.0,0.0,0.0,0.0,0.0,0.0,4.835160087803341,0.4379709672200684
municipio,SUDESTE,SP,São Paulo,350160,Americana,247571,5,5,1,501,172,73,23,34.3313373253493,31.506849315068493,20.23661899010789,6.947501928739634,29.486490744069375,9.290264207035557,238.08750191762965,14.145909669626432
municipio,SUDESTE,SP,São Paulo,350190,Amparo,69792,3,3,1,399,222,18,7,55.639097744360896,38.88888888888889,57.16987620357634,31.808803301237965,25.79092159559835,10.029802842732693,0.0,3.471692272772529
municipio,SUDESTE,SP,São Paulo,350170,Américo Brasiliense,33708,2,2,1,144,144,10,10,100.0,100.0,42.71982912068352,42.71982912068352,29.666548000474666,29.666548000474666,0.0,0.0
municipio,SUDESTE,SP,São Paulo,350180,Américo de Campos,5981,0,0,0,0,0,0,0,0.0,0.0,0.0,0.0,0.0,0.0,9.907191670144496,0.8973978605492391
municipio,SUDESTE,SP,São Paulo,350200,Analândia,4694,0,0,0,0,0,0,0,0.0,0.0,0.0,0.0,0.0,0.0,7.775348219304174,0.7042945255673179
municipio,SUDESTE,SP,São Paulo,350210,Andradina,61625,1,1,1,104,68,10,10,65.38461538461539,100.0,16.8762677484787,11.03448275862069,16.227180527383368,16.227180527383368,34.078362593655655,0.0
municipio,SUDESTE,SP,São Paulo,350220,Angatuba,24573,1,1,1,57,54,0,0,94.73684210526315,0.0,23.19619094127701,21.975338786472957,0.0,0.0,0.0,3.6869683376151907
municipio,SUDESTE,SP,São Paulo,350230,Anhembi,5766,0,0,0,0,0,0,0,0.0,0.0,0.0,0.0,0.0,0.0,9.5510562063289,0.8651389506649245
municipio,SUDESTE,SP,São Paulo,350240,Anhumas,4118,0,0,0,0,0,0,0,0.0,0.0,0.0,0.0,0.0,0.0,6.821236465081932,0.6178706553656189
municipio,SUDESTE,SP,São Paulo,350250,Aparecida,33141,1,1,1,101,58,9,9,57.42574257425742,100.0,30.47584562928095,17.500980658398962,27.156694125101836,27.156694125101836,0.0,0.0
municipio,SUDESTE,SP,São Paulo,350260,Aparecida d'Oeste,4112,1,1,1,13,12,0,0,92.3076923076923,0.0,31.6147859922179,29.182879377431906,0.0,0.0,0.0,0.6169704067176845
municipio,SUDESTE,SP,São Paulo,350270,Apiaí,24857,1,1,1,51,45,0,0,88.23529411764706,0.0,20.51735929516836,18.103552319266203,0.0,0.0,0.0,3.7295801069507504
municipio,SUDESTE,SP,São Paulo,350300,Aramina,5535,0,0,0,0,0,0,0,0.0,0.0,0.0,0.0,0.0,0.0,9.168417638229355,0.8304793777194515
municipio,SUDESTE,SP,São Paulo,350310,Arandu,7076,1,1,1,6,6,0,0,100.0,0.0,8.479366873940078,8.479366873940078,0.0,0.0,5.7209978695774035,1.0616932387972606
municipio,SUDESTE,SP,São Paulo,350315,Arapeí,2355,0,0,0,0,0,0,0,0.0,0.0,0.0,0.0,0.0,0.0,3.900925661794062,0.35334759431423807
municipio,SUDESTE,SP,São Paulo,350320,Araraquara,253474,6,6,1,530,305,58,34,57.54716981132076,58.620689655172406,20.909442388568454,12.032792317949768,22.88203129315038,13.413604551157121,114.86549095438988,4.031604297752523
municipio,SUDESTE,SP,São Paulo,350330,Araras,135744,4,4,1,448,203,52,21,45.3125,40.38461538461539,33.00330033003301,14.954620462046206,38.30740216878831,15.470297029702971,21.85233674504167,0.0
municipio,SUDESTE,SP,São Paulo,350275,Araçariguama,22314,0,0,0,0,0,0,0,0.0,0.0,0.0,0.0,0.0,0.0,36.9618918120054,3.348024721667902
municipio,SUDESTE,SP,São Paulo,350280,Araçatuba,208415,3,3,1,509,352,72,60,69.15520628683693,83.33333333333334,24.42242640884773,16.88937936328959,34.54645778854689,28.78871482378907,0.0,0.0
municipio,SUDESTE,SP,São Paulo,350290,Araçoiaba da Serra,33832,4,4,1,88,0,0,0,0.0,0.0,26.01087727595176,0.0,0.0,0.0,56.04081400841474,5.076202042819237
municipio,SUDESTE,SP,São Paulo,350335,Arco-Íris,2089,0,0,0,0,0,0,0,0.0,0.0,0.0,0.0,0.0,0.0,3.460311553073374,0.3134365709224813
municipio,SUDESTE,SP,São Paulo,350340,Arealva,8290,1,1,1,26,15,0,0,57.692307692307686,0.0,31.363088057901088,18.094089264173704,0.0,0.0,0.0,1.2438435485626471
municipio,SUDESTE,SP,São Paulo,350350,Areias,3617,0,0,0,0,0,0,0,0.0,0.0,0.0,0.0,0.0,0.0,5.991358012190711,0.5426998932630995
municipio,SUDESTE,SP,São Paulo,350360,Areiópolis,10242,0,0,0,0,0,0,0,0.0,0.0,0.0,0.0,0.0,0.0,16.96529962976424,1.5367244420239605
municipio,SUDESTE,SP,São Paulo,350370,Ariranha,7621,0,0,0,0,0,0,0,0.0,0.0,0.0,0.0,0.0,0.0,12.623759859249489,1.1434658243179654
municipio,SUDESTE,SP,São Paulo,350380,Artur Nogueira,53467,1,1,1,12,12,0,0,100.0,0.0,2.24437503506836,2.24437503506836,0.0,0.0,76.56509229687606,8.022265743184446
municipio,SUDESTE,SP,São Paulo,350390,Arujá,90273,2,2,1,91,31,20,0,34.065934065934066,0.0,10.080533492849467,3.4340278931684995,22.155018665603226,0.0,118.53217081407023,13.544691032496484
municipio,SUDESTE,SP,São Paulo,350395,Aspásia,1875,0,0,0,0,0,0,0,0.0,0.0,0.0,0.0,0.0,0.0,3.105832533275527,0.28132770247948896
municipio,SUDESTE,SP,São Paulo,350400,Assis,104858,4,4,1,340,203,54,32,59.705882352941174,59.25925925925925,32.4248030670049,19.35951477235881,51.49821663583132,30.517461710122262,0.0,0.0
municipio,SUDESTE,SP,São Paulo,350410,Atibaia,167161,6,6,1,323,72,12,6,22.291021671826623,50.0,19.322688904708635,4.30722477132824,7.178707952213734,3.589353976106867,204.89283845059757,19.08107737289272
municipio,SUDESTE,SP,São Paulo,350420,Auriflama,13856,1,1,1,44,35,0,0,79.54545454545455,0.0,31.755196304849882,25.259815242494227,0.0,0.0,0.0,2.0789742109630924
municipio,SUDESTE,SP,São Paulo,350440,Avanhandava,11436,0,0,0,0,0,0,0,0.0,0.0,0.0,0.0,0.0,0.0,18.943093786954098,1.715873922962899
municipio,SUDESTE,SP,São Paulo,350450,Avaré,96450,1,1,1,205,162,20,19,79.02439024390245,95.0,21.254536029030586,16.796267496111977,20.73613271124935,19.699326075686884,0.0,0.0
municipio,SUDESTE,SP,São Paulo,350430,Avaí,4503,0,0,0,0,0,0,0,0.0,0.0,0.0,0.0,0.0,0.0,7.4589674119145055,0.6756366102747406
municipio,SUDESTE,SP,São Paulo,350460,Bady Bassitt,29346,0,0,0,0,0,0,0,0.0,0.0,0.0,0.0,0.0,0.0,48.61000614480193,4.403116137046977
municipio,SUDESTE,SP,São Paulo,350470,Balbinos,3969,0,0,0,0,0,0,0,0.0,0.0,0.0,0.0,0.0,0.0,6.574426306437635,0.5955144806085823
municipio,SUDESTE,SP,São Paulo,350490,Bananal,10097,1,1,1,15,15,0,0,100.0,0.0,14.855897791423194,14.855897791423194,0.0,0.0,1.7251152471909332,1.5149684330322133
municipio,SUDESTE,SP,São Paulo,350510,Barbosa,5627,0,0,0,0,0,0,0,0.0,0.0,0.0,0.0,0.0,0.0,9.320810487862076,0.8442831903211117
municipio,SUDESTE,SP,São Paulo,350520,Bariri,32406,1,1,1,55,49,0,0,89.0909090909091,0.0,16.972165648336727,15.120656668518176,0.0,0.0,4.67872483910759,4.862242947493503
municipio,SUDESTE,SP,São Paulo,350530,Barra Bonita,35129,1,1,1,65,47,0,0,72.3076923076923,0.0,18.50323094878875,13.379259301431864,0.0,0.0,11.189221899432537,5.270805792214382
municipio,SUDESTE,SP,São Paulo,350535,Barra do Chapéu,5254,0,0,0,0,0,0,0,0.0,0.0,0.0,0.0,0.0,0.0,8.702956869242463,0.7883177327078587
municipio,SUDESTE,SP,São Paulo,350540,Barra do Turvo,6894,0,0,0,0,0,0,0,0.0,0.0,0.0,0.0,0.0,0.0,11.419525058347459,1.034385696476585
municipio,SUDESTE,SP,São Paulo,350550,Barretos,126957,5,5,1,594,521,98,76,87.7104377104377,77.55102040816327,46.78749497861481,41.03751663949211,77.1914900320581,59.86278818812669,0.0,0.0
municipio,SUDESTE,SP,São Paulo,350560,Barrinha,33304,1,1,1,7,7,0,0,100.0,0.0,2.1018496276723515,2.1018496276723515,0.0,0.0,48.16621156704435,4.996980161801013
municipio,SUDESTE,SP,São Paulo,350570,Barueri,333737,8,8,1,882,692,116,39,78.45804988662131,33.62068965517241,26.42799569721068,20.734890048151687,34.75790817320225,11.685848437542136,0.0,11.074380502611843
municipio,SUDESTE,SP,São Paulo,350500,Barão de Antonina,3632,0,0,0,0,0,0,0,0.0,0.0,0.0,0.0,0.0,0.0,6.016204672456915,0.5449505148829353
municipio,SUDESTE,SP,São Paulo,350580,Bastos,21936,1,1,1,30,18,0,0,60.0,0.0,13.676148796498905,8.205689277899344,0.0,0.0,18.335755973297047,3.2913090568480374
municipio,SUDESTE,SP,São Paulo,350590,Batatais,59939,1,1,1,141,108,8,7,76.59574468085107,87.5,23.523915981247605,18.018318623934334,13.3469026843958,11.678539848846327,0.0,1.9933339514229802
municipio,SUDESTE,SP,São Paulo,350600,Bauru,392947,12,12,1,1324,834,190,112,62.99093655589124,58.94736842105262,33.6941114196062,21.224236347395454,48.35257681061314,28.502571593624584,0.0,0.0
municipio,SUDESTE,SP,São Paulo,350610,Bebedouro,78257,4,4,1,190,144,16,10,75.78947368421053,62.5,24.278978238368452,18.40090982276346,20.445455358626063,12.778409599141291,0.0,1.7417930735665952
municipio,SUDESTE,SP,São Paulo,350620,Bento de Abreu,2640,0,0,0,0,0,0,0,0.0,0.0,0.0,0.0,0.0,0.0,4.373012206851942,0.3961094050911204
municipio,SUDESTE,SP,São Paulo,350630,Bernardino de Campos,11881,1,1,1,27,27,0,0,100.0,0.0,22.725359818197123,22.725359818197123,0.0,0.0,0.0,1.7826423643513645
municipio,SUDESTE,SP,São Paulo,350635,Bertioga,67436,1,1,1,84,74,10,0,88.09523809523809,0.0,12.456254819384306,10.973367340886174,14.828874784981316,0.0,37.70395878078317,10.11819463701697
municipio,SUDESTE,SP,São Paulo,350640,Bilac,7464,1,1,1,36,35,0,0,97.22222222222221,0.0,48.231511254019296,46.89174705251876,0.0,0.0,0.0,1.1199093180303497
municipio,SUDESTE,SP,São Paulo,350650,Birigui,123340,2,2,1,164,87,10,10,53.04878048780488,100.0,13.296578563320903,7.053672774444624,8.107669855683477,8.107669855683477,117.30580514890855,8.506111372704089
municipio,SUDESTE,SP,São Paulo,350660,Biritiba Mirim,30564,1,1,1,13,13,0,0,100.0,0.0,4.253369977751603,4.253369977751603,0.0,0.0,37.62755495841771,4.585866612577654
municipio,SUDESTE,SP,São Paulo,350670,Boa Esperança do Sul,13113,1,1,1,15,14,0,0,93.33333333333333,0.0,11.439029970258524,10.676427972241287,0.0,0.0,7.720950404715727,1.967493420060554
municipio,SUDESTE,SP,São Paulo,350680,Bocaina,11480,1,1,1,18,18,0,0,100.0,0.0,15.679442508710801,15.679442508710801,0.0,0.0,1.0159773237349612,1.7224757463810842
municipio,SUDESTE,SP,São Paulo,350690,Bofete,10710,0,0,0,0,0,0,0,0.0,0.0,0.0,0.0,0.0,0.0,17.74051543006981,1.606943836562841
municipio,SUDESTE,SP,São Paulo,350700,Boituva,63850,1,1,1,52,32,0,0,61.53846153846154,0.0,8.144087705559906,5.011746280344558,0.0,0.0,73.76395053314263,9.580146028434864
municipio,SUDESTE,SP,São Paulo,350710,Bom Jesus dos Perdões,22579,1,1,1,13,13,0,0,100.0,0.0,5.757562336684529,5.757562336684529,0.0,0.0,24.400849476708338,3.3877857036183365
municipio,SUDESTE,SP,São Paulo,350715,Bom Sucesso de Itararé,3609,0,0,0,0,0,0,0,0.0,0.0,0.0,0.0,0.0,0.0,5.978106460048735,0.5414995617325203
municipio,SUDESTE,SP,São Paulo,350730,Boracéia,4838,0,0,0,0,0,0,0,0.0,0.0,0.0,0.0,0.0,0.0,8.013876157859734,0.7259004931177427
municipio,SUDESTE,SP,São Paulo,350740,Borborema,14405,1,1,1,26,16,0,0,61.53846153846154,0.0,18.049288441513365,11.107254425546685,0.0,0.0,7.8610760756447835,2.161346962249087
municipio,SUDESTE,SP,São Paulo,350745,Borebi,2801,0,0,0,0,0,0,0,0.0,0.0,0.0,0.0,0.0,0.0,4.6396996937092005,0.4202660771440259
municipio,SUDESTE,SP,São Paulo,350720,Borá,932,0,0,0,0,0,0,0,0.0,0.0,0.0,0.0,0.0,0.0,1.5438058245401556,0.1398386233124713
municipio,SUDESTE,SP,São Paulo,350750,Botucatu,151053,5,5,1,925,610,76,74,65.94594594594595,97.36842105263158,61.23678443989858,40.383176765770955,50.31346613440316,48.989427551918865,0.0,0.0
municipio,SUDESTE,SP,São Paulo,350760,Bragança Paulista,185688,3,3,1,404,235,67,39,58.168316831683164,58.2089552238806,21.756925595622768,12.65563741329542,36.082030071948644,21.00297272844772,72.58177676739527,0.0
municipio,SUDESTE,SP,São Paulo,350770,Braúna,5477,0,0,0,0,0,0,0,0.0,0.0,0.0,0.0,0.0,0.0,9.072343885200032,0.8217769741227526
municipio,SUDESTE,SP,São Paulo,350775,Brejo Alegre,2605,0,0,0,0,0,0,0,0.0,0.0,0.0,0.0,0.0,0.0,4.3150366662307995,0.39085795464483664
municipio,SUDESTE,SP,São Paulo,350780,Brodowski,26314,0,0,0,0,0,0,0,0.0,0.0,0.0,0.0,0.0,0.0,43.58766788299318,3.9481904869574787
municipio,SUDESTE,SP,São Paulo,350790,Brotas,24501,1,1,1,42,36,0,0,85.71428571428571,0.0,17.142157462960697,14.693277825394881,0.0,0.0,4.58453487881797,3.676165353839978
municipio,SUDESTE,SP,São Paulo,350800,Buri,20731,0,0,0,0,0,0,0,0.0,0.0,0.0,0.0,0.0,0.0,34.339740931911976,3.1105091200545525
municipio,SUDESTE,SP,São Paulo,350810,Buritama,17658,1,1,1,36,26,0,0,72.22222222222221,0.0,20.387359836901123,14.72420432665081,0.0,0.0,3.249488465375605,2.649431770870835
municipio,SUDESTE,SP,São Paulo,350820,Buritizal,4458,0,0,0,0,0,0,0,0.0,0.0,0.0,0.0,0.0,0.0,7.384427431115894,0.6688847454152329
municipio,SUDESTE,SP,São Paulo,350480,Bálsamo,9902,0,0,0,0,0,0,0,0.0,0.0,0.0,0.0,0.0,0.0,16.402108663730278,1.4857103519743466
municipio,SUDESTE,SP,São Paulo,350840,Cabreúva,48654,2,2,1,22,17,0,0,77.27272727272727,0.0,4.521724832490648,3.4940600978336827,0.0,0.0,63.59262723946001,7.300116286099763
municipio,SUDESTE,SP,São Paulo,350830,Cabrália Paulista,4360,0,0,0,0,0,0,0,0.0,0.0,0.0,0.0,0.0,0.0,7.222095917376692,0.6541806841656383
municipio,SUDESTE,SP,São Paulo,350860,Cachoeira Paulista,32534,1,1,1,31,31,0,0,100.0,0.0,9.528493268580561,9.528493268580561,0.0,0.0,22.890749673379204,4.88144825198277
municipio,SUDESTE,SP,São Paulo,350870,Caconde,17228,1,1,1,66,66,0,0,100.0,0.0,38.30972834919898,38.30972834919898,0.0,0.0,0.0,2.5849139511022057
municipio,SUDESTE,SP,São Paulo,350880,Cafelândia,16907,1,1,1,45,34,0,0,75.55555555555556,0.0,26.616194475660972,20.110013603832734,0.0,0.0,0.0,2.5367506484377174
municipio,SUDESTE,SP,São Paulo,350890,Caiabu,3726,0,0,0,0,0,0,0,0.0,0.0,0.0,0.0,0.0,0.0,6.171910410125128,0.5590544103672405
municipio,SUDESTE,SP,São Paulo,350900,Caieiras,98549,4,4,1,156,101,6,6,64.74358974358975,100.0,15.829688784259607,10.248708764168079,6.088341840099848,6.088341840099848,62.24090150494396,8.786434000880618
municipio,SUDESTE,SP,São Paulo,350910,Caiuá,5599,0,0,0,0,0,0,0,0.0,0.0,0.0,0.0,0.0,0.0,9.274430055365162,0.8400820299640847
municipio,SUDESTE,SP,São Paulo,350920,Cajamar,98365,1,1,1,51,41,10,0,80.3921568627451,0.0,5.184771005947238,4.16814924007523,10.166217658720074,0.0,121.93611580567851,14.758826375677296
municipio,SUDESTE,SP,São Paulo,350925,Cajati,29262,0,0,0,0,0,0,0,0.0,0.0,0.0,0.0,0.0,0.0,48.470864847311184,4.390512655975897
municipio,SUDESTE,SP,São Paulo,350930,Cajobi,9210,1,1,1,32,26,0,0,81.25,0.0,34.74484256243214,28.230184581976115,0.0,0.0,0.0,1.3818816745792497
municipio,SUDESTE,SP,São Paulo,350940,Cajuru,24233,1,1,1,73,55,0,0,75.34246575342466,0.0,30.124210786943422,22.696323195642307,0.0,0.0,0.0,3.6359542475655764
municipio,SUDESTE,SP,São Paulo,350945,Campina do Monte Alegre,6090,0,0,0,0,0,0,0,0.0,0.0,0.0,0.0,0.0,0.0,10.087744068078912,0.9137523776533801
municipio,SUDESTE,SP,São Paulo,350950,Campinas,1187974,26,26,1,3472,1638,750,287,47.17741935483871,38.266666666666666,29.2262288568605,13.788180549405963,63.13269482328738,24.158777885711302,329.81242553891263,0.0
municipio,SUDESTE,SP,São Paulo,350960,Campo Limpo Paulista,79781,1,1,1,66,66,10,10,100.0,100.0,8.272646369436332,8.272646369436332,12.534312680964138,12.534312680964138,66.15276017986925,1.970456230141925
municipio,SUDESTE,SP,São Paulo,350980,Campos Novos Paulista,5003,0,0,0,0,0,0,0,0.0,0.0,0.0,0.0,0.0,0.0,8.28718942078798,0.7506573309359378
municipio,SUDESTE,SP,São Paulo,350970,Campos do Jordão,47956,2,2,1,211,185,0,0,87.67772511848341,0.0,43.99866544332305,38.57702894319793,0.0,0.0,0.0,7.195387360056732
municipio,SUDESTE,SP,São Paulo,350990,Cananéia,12491,0,0,0,0,0,0,0,0.0,0.0,0.0,0.0,0.0,0.0,20.690642225677124,1.8741676435580248
municipio,SUDESTE,SP,São Paulo,350995,Canas,5068,0,0,0,0,0,0,0,0.0,0.0,0.0,0.0,0.0,0.0,8.39485828194153,0.7604100246218934
municipio,SUDESTE,SP,São Paulo,351015,Canitar,6589,0,0,0,0,0,0,0,0.0,0.0,0.0,0.0,0.0,0.0,10.914309632934641,0.9886230568732548
municipio,SUDESTE,SP,São Paulo,351030,Capela do Alto,23777,1,1,1,17,0,0,0,0.0,0.0,7.149766581149851,0.0,0.0,0.0,39.38526940996918,3.5675353503225646
municipio,SUDESTE,SP,São Paulo,351040,Capivari,51369,2,2,1,121,72,17,7,59.50413223140496,41.17647058823529,23.555062391714845,14.016235472755943,33.09388931067375,13.626895598512721,13.089872747642962,0.7074787992900631
municipio,SUDESTE,SP,São Paulo,351020,Capão Bonito,47409,1,1,1,63,55,10,10,87.3015873015873,100.0,13.288616085553375,11.601172773102153,21.093041405640278,21.093041405640278,23.530354437365055,0.0
municipio,SUDESTE,SP,São Paulo,351050,Caraguatatuba,142248,3,3,1,382,322,70,70,84.29319371727748,100.0,26.854507620493788,22.636522130363872,49.20983071818233,49.20983071818233,0.0,0.0
municipio,SUDESTE,SP,São Paulo,351060,Carapicuíba,398236,3,3,1,299,258,53,39,86.2876254180602,73.58490566037736,7.508110768489036,6.478570495886861,13.30869132875983,9.793187958898743,401.65563985147355,20.751903426464942
municipio,SUDESTE,SP,São Paulo,351070,Cardoso,11476,1,1,1,31,10,0,0,32.25806451612903,0.0,27.012896479609623,8.71383757406762,0.0,0.0,9.009351547663973,1.7218755806157948
municipio,SUDESTE,SP,São Paulo,351080,Casa Branca,28779,2,2,1,245,234,0,0,95.51020408163265,0.0,85.13151951075437,81.30928802251643,0.0,0.0,0.0,4.31804263981718
municipio,SUDESTE,SP,São Paulo,351100,Castilho,20485,1,1,1,31,30,0,0,96.7741935483871,0.0,15.133024164022457,14.644862094215279,0.0,0.0,3.9322557035462276,3.073598925489243
municipio,SUDESTE,SP,São Paulo,351110,Catanduva,119275,4,4,1,684,422,64,39,61.69590643274854,60.9375,57.346468245650804,35.38042339132257,53.65751414797736,32.69754768392371,0.0,0.0
municipio,SUDESTE,SP,São Paulo,351120,Catiguá,7101,0,0,0,0,0,0,0,0.0,0.0,0.0,0.0,0.0,0.0,11.762408970021077,1.0654442748303206
municipio,SUDESTE,SP,São Paulo,350850,Caçapava,100071,5,5,1,235,176,10,10,74.8936170212766,100.0,23.48332683794506,17.587512865865236,9.99290503742343,9.99290503742343,0.0,5.0147970745733
municipio,SUDESTE,SP,São Paulo,351130,Cedral,13314,2,2,1,60,0,0,0,0.0,0.0,45.06534474988734,0.0,0.0,0.0,22.053895652282865,1.9976517497663553
municipio,SUDESTE,SP,São Paulo,351140,Cerqueira César,22210,1,1,1,40,37,0,0,92.5,0.0,18.0099054479964,16.659162539396668,0.0,0.0,0.0,3.332420411770373
municipio,SUDESTE,SP,São Paulo,351150,Cerquilho,46391,1,1,1,43,27,0,0,62.7906976744186,0.0,9.269039253303442,5.820094414864952,0.0,0.0,49.84409442729866,6.9605725043871844
municipio,SUDESTE,SP,São Paulo,351160,Cesário Lange,19707,1,1,1,27,23,0,0,85.18518518518519,0.0,13.700715481808494,11.670979854873902,0.0,0.0,9.643542257739101,2.9568666841404205
municipio,SUDESTE,SP,São Paulo,351170,Charqueada,15814,2,2,1,35,28,0,0,80.0,0.0,22.132287846212215,17.705830276969774,0.0,0.0,0.0,2.3727553530723404
municipio,SUDESTE,SP,São Paulo,355720,Chavantes,12415,1,1,1,51,30,0,0,58.82352941176471,0.0,41.07933950865888,24.164317358034634,0.0,0.0,0.0,1.862764494017523
municipio,SUDESTE,SP,São Paulo,351190,Clementina,7084,1,1,1,24,21,0,0,87.5,0.0,33.87916431394692,29.644268774703555,0.0,0.0,0.0,1.06289357032784
municipio,SUDESTE,SP,São Paulo,351200,Colina,18880,1,1,1,51,42,10,10,82.35294117647058,100.0,27.01271186440678,22.24576271186441,52.96610169491525,52.96610169491525,0.0,0.0
municipio,SUDESTE,SP,São Paulo,351210,Colômbia,6802,1,1,1,20,20,0,0,100.0,0.0,29.403116730373423,29.403116730373423,0.0,0.0,0.0,1.0205818838749248
municipio,SUDESTE,SP,São Paulo,351220,Conchal,29132,1,1,1,50,40,0,0,80.0,0.0,17.163256899629275,13.73060551970342,0.0,0.0,8.25552712500408,4.371007268603985
municipio,SUDESTE,SP,São Paulo,351230,Conchas,15345,1,1,1,15,14,0,0,93.33333333333333,0.0,9.775171065493646,9.123492994460737,0.0,0.0,11.418133452326915,2.3023859170921375
municipio,SUDESTE,SP,São Paulo,351240,Cordeirópolis,25286,0,0,0,0,0,0,0,0.0,0.0,0.0,0.0,0.0,0.0,41.88484343274933,3.7939478852780577
municipio,SUDESTE,SP,São Paulo,351250,Coroados,5504,0,0,0,0,0,0,0,0.0,0.0,0.0,0.0,0.0,0.0,9.1170678736792,0.8258280930384572
municipio,SUDESTE,SP,São Paulo,351260,Coronel Macedo,4271,1,1,1,2,2,0,0,100.0,0.0,4.682744088035589,4.682744088035589,0.0,0.0,5.0746723997972145,0.6408269958879452
municipio,SUDESTE,SP,São Paulo,351270,Corumbataí,4296,1,1,1,2,2,0,0,100.0,0.0,4.655493482309125,4.655493482309125,0.0,0.0,5.1160835002408875,0.644578031921005
municipio,SUDESTE,SP,São Paulo,351290,Cosmorama,9019,0,0,0,0,0,0,0,0.0,0.0,0.0,0.0,0.0,0.0,14.93946859605972,1.3532237592866725
municipio,SUDESTE,SP,São Paulo,351280,Cosmópolis,61167,1,1,1,81,49,10,5,60.49382716049383,50.0,13.242434646132718,8.010855526672879,16.348684748312,8.174342374156,52.31971123352756,4.17758484136688
municipio,SUDESTE,SP,São Paulo,351300,Cotia,289493,5,5,1,273,165,26,26,60.43956043956044,100.0,9.430279834054708,5.699619679923176,8.981218889575914,8.981218889575914,314.5289480296172,17.43594697274384
municipio,SUDESTE,SP,São Paulo,351310,Cravinhos,34307,1,1,1,15,13,0,0,86.66666666666667,0.0,4.3722855393942925,3.7893141341417205,0.0,0.0,43.827624916844535,5.147471727447375
municipio,SUDESTE,SP,São Paulo,351320,Cristais Paulista,9600,0,0,0,0,0,0,0,0.0,0.0,0.0,0.0,0.0,0.0,15.9018625703707,1.4403978366949834
municipio,SUDESTE,SP,São Paulo,351340,Cruzeiro,76444,2,2,1,193,149,30,18,77.2020725388601,60.0,25.247239809533774,19.49139239181623,39.244414211710534,23.54664852702632,0.0,0.0
municipio,SUDESTE,SP,São Paulo,351330,Cruzália,2123,0,0,0,0,0,0,0,0.0,0.0,0.0,0.0,0.0,0.0,3.5166306496767707,0.3185379799274427
municipio,SUDESTE,SP,São Paulo,351350,Cubatão,114870,1,1,1,146,138,18,18,94.52054794520548,100.0,12.710020022634282,12.013580569339252,15.669887699138156,15.669887699138156,52.275724318591905,0.0
municipio,SUDESTE,SP,São Paulo,351360,Cunha,22460,1,1,1,40,25,0,0,62.5,0.0,17.809439002671414,11.130899376669634,0.0,0.0,12.203732638596453,3.3699307721009717
municipio,SUDESTE,SP,São Paulo,351090,Cássia dos Coqueiros,2861,0,0,0,0,0,0,0,0.0,0.0,0.0,0.0,0.0,0.0,4.739086334774018,0.42926856362336957
municipio,SUDESTE,SP,São Paulo,351000,Cândido Mota,30157,1,1,1,30,25,0,0,83.33333333333334,0.0,9.947939118612593,8.289949265510495,0.0,0.0,24.953382243194703,4.524799745959439
municipio,SUDESTE,SP,São Paulo,351010,Cândido Rodrigues,2959,0,0,0,0,0,0,0,0.0,0.0,0.0,0.0,0.0,0.0,4.901417848513218,0.44397262487296413
municipio,SUDESTE,SP,São Paulo,351370,Descalvado,32663,1,1,1,40,25,0,0,62.5,0.0,12.246272540795395,7.653920337997122,0.0,0.0,29.10443095166856,4.900803597913359
municipio,SUDESTE,SP,São Paulo,351380,Diadema,403579,4,4,1,574,514,91,70,89.54703832752612,76.92307692307693,14.222742015813509,12.736044244125685,22.548249537265317,17.34480733635794,154.5060202382955,0.0
municipio,SUDESTE,SP,São Paulo,351385,Dirce Reis,1639,0,0,0,0,0,0,0,0.0,0.0,0.0,0.0,0.0,0.0,2.7149117450872478,0.24591792232740395
municipio,SUDESTE,SP,São Paulo,351390,Divinolândia,11305,1,1,1,186,186,0,0,100.0,0.0,164.52896948252985,164.52896948252985,0.0,0.0,0.0,1.6962184941496654
municipio,SUDESTE,SP,São Paulo,351400,Dobrada,8986,0,0,0,0,0,0,0,0.0,0.0,0.0,0.0,0.0,0.0,14.884805943474074,1.3482723917230335
municipio,SUDESTE,SP,São Paulo,351410,Dois Córregos,24847,1,1,1,67,47,0,0,70.1492537313433,0.0,26.96502595886827,18.915764478609088,0.0,0.0,0.0,3.728079692537526
municipio,SUDESTE,SP,São Paulo,351420,Dolcinópolis,2254,0,0,0,0,0,0,0,0.0,0.0,0.0,0.0,0.0,0.0,3.7336248160016208,0.3381934087406763
municipio,SUDESTE,SP,São Paulo,351430,Dourado,8169,1,1,1,12,12,0,0,100.0,0.0,14.689680499449135,14.689680499449135,0.0,0.0,1.5314911809748182,1.2256885341626376
municipio,SUDESTE,SP,São Paulo,351440,Dracena,46735,1,1,1,163,128,20,20,78.52760736196319,100.0,34.87750080239649,27.38846688777148,42.794479512142935,42.794479512142935,0.0,0.0
municipio,SUDESTE,SP,São Paulo,351450,Duartina,12532,1,1,1,39,35,0,0,89.74358974358975,0.0,31.12033195020747,27.928503032237472,0.0,0.0,0.0,1.8803193426522429
municipio,SUDESTE,SP,São Paulo,351460,Dumont,9764,0,0,0,0,0,0,0,0.0,0.0,0.0,0.0,0.0,0.0,16.173519389281196,1.465004633071856
municipio,SUDESTE,SP,São Paulo,351470,Echaporã,6291,0,0,0,0,0,0,0,0.0,0.0,0.0,0.0,0.0,0.0,10.42068931564605,0.9439107073591814
municipio,SUDESTE,SP,São Paulo,351480,Eldorado,13109,0,0,0,0,0,0,0,0.0,0.0,0.0,0.0,0.0,0.0,21.71432462864474,1.9668932542952644
municipio,SUDESTE,SP,São Paulo,351490,Elias Fausto,18168,1,1,1,6,6,0,0,100.0,0.0,3.3025099075297226,3.3025099075297226,0.0,0.0,24.09427491442655,2.7259529059452565
municipio,SUDESTE,SP,São Paulo,351492,Elisiário,3190,0,0,0,0,0,0,0,0.0,0.0,0.0,0.0,0.0,0.0,5.2840564166127635,0.4786321978184372
municipio,SUDESTE,SP,São Paulo,351495,Embaúba,2349,0,0,0,0,0,0,0,0.0,0.0,0.0,0.0,0.0,0.0,3.89098699768758,0.35244734566630376
municipio,SUDESTE,SP,São Paulo,351500,Embu das Artes,259788,3,3,1,109,99,10,10,90.82568807339449,100.0,4.195728825041957,3.810799575038108,3.8492925000384925,3.8492925000384925,331.32427848244413,28.978965958262123
municipio,SUDESTE,SP,São Paulo,351510,Embu-Guaçu,68913,1,1,1,17,17,0,0,100.0,0.0,2.4668785279990715,2.4668785279990715,0.0,0.0,97.15052659499541,10.339805845850146
municipio,SUDESTE,SP,São Paulo,351512,Emilianópolis,3061,0,0,0,0,0,0,0,0.0,0.0,0.0,0.0,0.0,0.0,5.070375138323407,0.4592768518878484
municipio,SUDESTE,SP,São Paulo,351515,Engenheiro Coelho,20261,0,0,0,0,0,0,0,0.0,0.0,0.0,0.0,0.0,0.0,33.561212243570914,3.0399896426330266
municipio,SUDESTE,SP,São Paulo,351518,Espírito Santo do Pinhal,40610,3,3,1,684,308,10,10,45.02923976608187,100.0,168.4314208323073,75.84338832799803,24.624476729869492,24.624476729869492,0.0,0.0
municipio,SUDESTE,SP,São Paulo,351519,Espírito Santo do Turvo,4214,0,0,0,0,0,0,0,0.0,0.0,0.0,0.0,0.0,0.0,6.980255090785637,0.6322746337325688
municipio,SUDESTE,SP,São Paulo,355730,Estiva Gerbi,11609,0,0,0,0,0,0,0,0.0,0.0,0.0,0.0,0.0,0.0,19.22965860202432,1.7418310923116733
municipio,SUDESTE,SP,São Paulo,351520,Estrela d'Oeste,9696,1,1,1,51,12,0,0,23.52941176470588,0.0,52.599009900990104,12.376237623762377,0.0,0.0,4.060881196074406,1.4548018150619333
municipio,SUDESTE,SP,São Paulo,351530,Estrela do Norte,2751,0,0,0,0,0,0,0,0.0,0.0,0.0,0.0,0.0,0.0,4.556877492821854,0.41276400507790617
municipio,SUDESTE,SP,São Paulo,351535,Euclides da Cunha Paulista,7883,0,0,0,0,0,0,0,0.0,0.0,0.0,0.0,0.0,0.0,13.05774819189919,1.1827766819444328
municipio,SUDESTE,SP,São Paulo,351540,Fartura,17029,1,1,1,20,12,0,0,60.0,0.0,11.744670855599272,7.046802513359563,0.0,0.0,16.207585178212774,2.555055704279049
municipio,SUDESTE,SP,São Paulo,351560,Fernando Prestes,6080,0,0,0,0,0,0,0,0.0,0.0,0.0,0.0,0.0,0.0,10.071179627901442,0.9122519632401562
municipio,SUDESTE,SP,São Paulo,351550,Fernandópolis,73508,2,2,1,140,93,10,9,66.42857142857143,90.0,19.04554606301355,12.65168417043043,13.603961473581107,12.243565326222996,28.761886856542638,2.0292462687265465
municipio,SUDESTE,SP,São Paulo,351565,Fernão,1692,0,0,0,0,0,0,0,0.0,0.0,0.0,0.0,0.0,0.0,2.8027032780278356,0.2538701187174908
municipio,SUDESTE,SP,São Paulo,351570,Ferraz de Vasconcelos,186479,1,1,1,255,225,43,30,88.23529411764706,69.76744186046511,13.674462003764498,12.065701768027498,23.058896712230332,16.08760235737,83.8920239854331,0.0
municipio,SUDESTE,SP,São Paulo,351580,Flora Rica,1483,0,0,0,0,0,0,0,0.0,0.0,0.0,0.0,0.0,0.0,2.456506478318724,0.22251145748111045
municipio,SUDESTE,SP,São Paulo,351590,Floreal,2747,0,0,0,0,0,0,0,0.0,0.0,0.0,0.0,0.0,0.0,4.550251716750866,0.41216383931261663
municipio,SUDESTE,SP,São Paulo,351610,Florínea,4022,0,0,0,0,0,0,0,0.0,0.0,0.0,0.0,0.0,0.0,6.662217839378225,0.6034666769986691
municipio,SUDESTE,SP,São Paulo,351600,Flórida Paulista,13175,1,1,1,47,30,0,0,63.829787234042556,0.0,35.673624288425046,22.770398481973434,0.0,0.0,0.0,1.9767959894225424
municipio,SUDESTE,SP,São Paulo,351620,Franca,365494,6,6,1,719,482,75,57,67.0375521557719,76.0,19.67200555959879,13.187630987102388,20.520172697773425,15.595331250307805,123.42034982240295,0.0
municipio,SUDESTE,SP,São Paulo,351630,Francisco Morato,171476,2,2,1,204,194,39,29,95.09803921568627,74.35897435897436,11.896708577293616,11.313536588210594,22.743707574237792,16.91198768340759,90.04039438717564,0.0
municipio,SUDESTE,SP,São Paulo,351640,Franco da Rocha,150241,3,3,1,299,200,42,20,66.88963210702342,47.61904761904761,19.90135848403565,13.311945474271337,27.955085495969808,13.311945474271338,48.865805670319205,2.5423761857178113
municipio,SUDESTE,SP,São Paulo,351650,Gabriel Monteiro,2813,0,0,0,0,0,0,0,0.0,0.0,0.0,0.0,0.0,0.0,4.659577021922164,0.4220665744398946
municipio,SUDESTE,SP,São Paulo,351670,Garça,43081,2,2,1,271,225,10,10,83.02583025830258,100.0,62.904760799424345,52.22719992572132,23.21208885587614,23.21208885587614,0.0,0.0
municipio,SUDESTE,SP,São Paulo,351680,Gastão Vidigal,3203,0,0,0,0,0,0,0,0.0,0.0,0.0,0.0,0.0,0.0,5.305590188843474,0.4805827365556283
municipio,SUDESTE,SP,São Paulo,351685,Gavião Peixoto,4806,0,0,0,0,0,0,0,0.0,0.0,0.0,0.0,0.0,0.0,7.960869949291832,0.7210991669954261
municipio,SUDESTE,SP,São Paulo,351690,General Salgado,10437,1,1,1,28,19,0,0,67.85714285714286,0.0,26.82763246143528,18.204464884545366,0.0,0.0,0.0,1.5659825230818274
municipio,SUDESTE,SP,São Paulo,351700,Getulina,10337,1,1,1,38,33,0,0,86.8421052631579,0.0,36.76114926961401,31.924155944664797,0.0,0.0,0.0,1.550978378949588
municipio,SUDESTE,SP,São Paulo,351710,Glicério,4158,0,0,0,0,0,0,0,0.0,0.0,0.0,0.0,0.0,0.0,6.8874942257918095,0.6238723130185146
municipio,SUDESTE,SP,São Paulo,351730,Guaimbê,5609,0,0,0,0,0,0,0,0.0,0.0,0.0,0.0,0.0,0.0,9.29099449554263,0.8415824443773086
municipio,SUDESTE,SP,São Paulo,351720,Guaiçara,11478,0,0,0,0,0,0,0,0.0,0.0,0.0,0.0,0.0,0.0,19.01266443569947,1.7221756634984395
municipio,SUDESTE,SP,São Paulo,351760,Guapiara,17225,1,1,1,12,12,0,0,100.0,0.0,6.966618287373005,6.966618287373005,0.0,0.0,16.532248205691175,2.5844638267782387
municipio,SUDESTE,SP,São Paulo,351750,Guapiaçu,22445,0,0,0,0,0,0,0,0.0,0.0,0.0,0.0,0.0,0.0,37.17888597833025,3.367680150481136
municipio,SUDESTE,SP,São Paulo,351790,Guaraci,10554,0,0,0,0,0,0,0,0.0,0.0,0.0,0.0,0.0,0.0,17.48211016330129,1.5835373717165473
municipio,SUDESTE,SP,São Paulo,351800,Guarani d'Oeste,1999,0,0,0,0,0,0,0,0.0,0.0,0.0,0.0,0.0,0.0,3.3112315914761488,0.2999328412034658
municipio,SUDESTE,SP,São Paulo,351810,Guarantã,6532,0,0,0,0,0,0,0,0.0,0.0,0.0,0.0,0.0,0.0,10.819892323923064,0.9800706947178783
municipio,SUDESTE,SP,São Paulo,351820,Guararapes,31888,1,1,1,74,63,0,0,85.13513513513513,0.0,23.206221776216758,19.756648268941294,0.0,0.0,0.0,4.784521480888503
municipio,SUDESTE,SP,São Paulo,351830,Guararema,32620,1,1,1,31,29,0,0,93.54838709677419,0.0,9.50337216431637,8.890251379521766,0.0,0.0,25.033203858905438,4.894351815936496
municipio,SUDESTE,SP,São Paulo,351840,Guaratinguetá,121916,5,5,1,394,250,100,40,63.45177664974619,40.0,32.317333245841404,20.505922110305455,82.02368844122182,32.80947537648873,0.0,0.0
municipio,SUDESTE,SP,São Paulo,351780,Guaraçaí,7453,1,1,1,23,15,0,0,65.21739130434783,0.0,30.860056353146383,20.12612370857373,0.0,0.0,0.0,1.1182588621758032
municipio,SUDESTE,SP,São Paulo,351850,Guareí,15285,0,0,0,0,0,0,0,0.0,0.0,0.0,0.0,0.0,0.0,25.3187468112621,2.293383430612794
municipio,SUDESTE,SP,São Paulo,351860,Guariba,38678,1,1,1,61,53,0,0,86.88524590163934,0.0,15.771239464294949,13.702880190289052,0.0,0.0,11.067941718416451,5.8033028674675595
municipio,SUDESTE,SP,São Paulo,351870,Guarujá,294871,5,5,1,487,375,76,62,77.00205338809035,81.57894736842105,16.515696694486742,12.717425586103754,25.77398252117027,21.02614363569154,113.43730395706024,0.0
municipio,SUDESTE,SP,São Paulo,351880,Guarulhos,1349100,17,17,1,2227,1597,300,150,71.71082173327346,50.0,16.507301163738788,11.837521310503298,22.237046920169,11.1185234600845,637.7086243424073,52.420908488041896
municipio,SUDESTE,SP,São Paulo,351770,Guará,18748,1,1,1,50,46,0,0,92.0,0.0,26.669511414550882,24.535950501386818,0.0,0.0,0.0,2.8129769419122446
municipio,SUDESTE,SP,São Paulo,351885,Guatapará,7474,0,0,0,0,0,0,0,0.0,0.0,0.0,0.0,0.0,0.0,12.380262588640688,1.1214097324435737
municipio,SUDESTE,SP,São Paulo,351740,Guaíra,40489,1,1,1,61,48,10,10,78.68852459016394,100.0,15.065820346266888,11.855071747882139,24.698066141421126,24.698066141421126,19.06776183455618,0.0
municipio,SUDESTE,SP,São Paulo,351890,Guzolândia,4259,0,0,0,0,0,0,0,0.0,0.0,0.0,0.0,0.0,0.0,7.054795071584251,0.6390264985920765
municipio,SUDESTE,SP,São Paulo,351660,Gália,6413,1,1,1,45,27,0,0,60.0,0.0,70.16996725401528,42.10198035240917,0.0,0.0,0.0,0.9622157632005135
municipio,SUDESTE,SP,São Paulo,351900,Herculândia,9316,1,1,1,58,58,0,0,100.0,0.0,62.2584800343495,62.2584800343495,0.0,0.0,0.0,1.3977860673594236
municipio,SUDESTE,SP,São Paulo,351905,Holambra,15718,0,0,0,0,0,0,0,0.0,0.0,0.0,0.0,0.0,0.0,26.035987070946526,2.3583513747053906
municipio,SUDESTE,SP,São Paulo,351907,Hortolândia,248842,2,2,1,126,94,16,10,74.60317460317461,62.5,5.063453918550726,3.7774973678076855,6.429782753715208,4.0186142210720055,318.19284226418597,27.336612341547195
municipio,SUDESTE,SP,São Paulo,351910,Iacanga,10648,1,1,1,30,28,0,0,93.33333333333333,0.0,28.174305033809166,26.29601803155522,0.0,0.0,0.0,1.5976412672008524
municipio,SUDESTE,SP,São Paulo,351920,Iacri,6197,0,0,0,0,0,0,0,0.0,0.0,0.0,0.0,0.0,0.0,10.264983577977835,0.9298068118748763
municipio,SUDESTE,SP,São Paulo,351925,Iaras,8313,0,0,0,0,0,0,0,0.0,0.0,0.0,0.0,0.0,0.0,13.770019119530378,1.247294501713062
municipio,SUDESTE,SP,São Paulo,351930,Ibaté,33160,1,1,1,29,29,0,0,100.0,0.0,8.745476477683956,8.745476477683956,0.0,0.0,25.927683628488793,4.9753741942505885
municipio,SUDESTE,SP,São Paulo,351950,Ibirarema,6450,0,0,0,0,0,0,0,0.0,0.0,0.0,0.0,0.0,0.0,10.684063914467814,0.9677672965294419
municipio,SUDESTE,SP,São Paulo,351940,Ibirá,11952,1,1,1,27,9,0,0,33.33333333333333,0.0,22.59036144578313,7.530120481927711,0.0,0.0,10.79781890011152,1.7932953066852544
municipio,SUDESTE,SP,São Paulo,351960,Ibitinga,62143,2,2,1,114,66,10,9,57.89473684210527,90.0,18.344785414286406,10.620665239850023,16.091917030075795,14.482725327068215,36.93640059484858,0.3240252880975364
municipio,SUDESTE,SP,São Paulo,351970,Ibiúna,77801,4,4,1,201,63,0,0,31.343283582089555,0.0,25.835143507152864,8.097582293286719,0.0,0.0,65.8730010247303,11.673374176323584
municipio,SUDESTE,SP,São Paulo,351980,Icém,7982,0,0,0,0,0,0,0,0.0,0.0,0.0,0.0,0.0,0.0,13.221736149656138,1.1976307846353498
municipio,SUDESTE,SP,São Paulo,351990,Iepê,7739,1,1,1,20,20,0,0,100.0,0.0,25.843132187621137,25.843132187621137,0.0,0.0,0.0,1.161170714394008
municipio,SUDESTE,SP,São Paulo,352010,Igarapava,26696,1,1,1,47,37,0,0,78.72340425531915,0.0,17.6056338028169,13.859754270302666,0.0,0.0,7.220429497772522,4.005506317542633
municipio,SUDESTE,SP,São Paulo,352020,Igaratá,10984,1,1,1,8,8,0,0,100.0,0.0,7.283321194464676,7.283321194464676,0.0,0.0,10.194381090932474,1.6480551914851769
municipio,SUDESTE,SP,São Paulo,352000,Igaraçu do Tietê,23421,0,0,0,0,0,0,0,0.0,0.0,0.0,0.0,0.0,0.0,38.795575339651265,3.5141205972117926
municipio,SUDESTE,SP,São Paulo,352030,Iguape,29891,0,0,0,0,0,0,0,0.0,0.0,0.0,0.0,0.0,0.0,49.51276813447402,4.484888722567682
municipio,SUDESTE,SP,São Paulo,352042,Ilha Comprida,14104,0,0,0,0,0,0,0,0.0,0.0,0.0,0.0,0.0,0.0,23.362486426302954,2.116184488411047
municipio,SUDESTE,SP,São Paulo,352044,Ilha Solteira,26257,1,1,1,82,76,10,8,92.6829268292683,80.0,31.22976730014853,28.94466237574742,38.08508207335187,30.468065658681496,0.0,0.0
municipio,SUDESTE,SP,São Paulo,352040,Ilhabela,36559,1,1,1,55,55,6,6,100.0,100.0,15.044175168905058,15.044175168905058,16.411827456987336,16.411827456987336,5.557936844810666,0.0
municipio,SUDESTE,SP,São Paulo,352050,Indaiatuba,269657,5,5,1,462,260,53,36,56.27705627705628,67.9245283018868,17.132876209406763,9.641878386246232,19.654598248886547,13.350293150187088,186.67172449358873,4.459724942672831
municipio,SUDESTE,SP,São Paulo,352060,Indiana,5200,0,0,0,0,0,0,0,0.0,0.0,0.0,0.0,0.0,0.0,8.613508892284129,0.7802154948764494
municipio,SUDESTE,SP,São Paulo,352070,Indiaporã,4113,1,1,1,36,4,0,0,11.11111111111111,0.0,87.527352297593,9.725261366399222,0.0,0.0,2.812954244993197,0.617120448159007
municipio,SUDESTE,SP,São Paulo,352080,Inúbia Paulista,3671,0,0,0,0,0,0,0,0.0,0.0,0.0,0.0,0.0,0.0,6.080805989149045,0.5508021310945087
municipio,SUDESTE,SP,São Paulo,352090,Ipaussu,13935,1,1,1,49,28,0,0,57.14285714285714,0.0,35.163257983494795,20.09329027628274,0.0,0.0,0.0,2.090827484827562
municipio,SUDESTE,SP,São Paulo,352100,Iperó,38277,1,1,1,15,15,0,0,100.0,0.0,3.918802413982287,3.918802413982287,0.0,0.0,48.40370766729992,5.743136249497279
municipio,SUDESTE,SP,São Paulo,352110,Ipeúna,7027,0,0,0,0,0,0,0,0.0,0.0,0.0,0.0,0.0,0.0,11.639832112707802,1.0543412081724635
municipio,SUDESTE,SP,São Paulo,352115,Ipiguá,7115,0,0,0,0,0,0,0,0.0,0.0,0.0,0.0,0.0,0.0,11.785599186269534,1.0675448550088342
municipio,SUDESTE,SP,São Paulo,352120,Iporanga,4083,0,0,0,0,0,0,0,0.0,0.0,0.0,0.0,0.0,0.0,6.763260924460789,0.6126192049193352
municipio,SUDESTE,SP,São Paulo,352130,Ipuã,14701,1,1,1,50,43,0,0,86.0,0.0,34.01129174886062,29.249710904020134,0.0,0.0,0.0,2.205759228880516
municipio,SUDESTE,SP,São Paulo,352140,Iracemápolis,22500,1,1,1,3,3,0,0,100.0,0.0,1.3333333333333335,1.3333333333333335,0.0,0.0,34.26999039930632,3.3759324297538673
municipio,SUDESTE,SP,São Paulo,352160,Irapuru,7120,0,0,0,0,0,0,0,0.0,0.0,0.0,0.0,0.0,0.0,11.793881406358269,1.0682950622154461
municipio,SUDESTE,SP,São Paulo,352150,Irapuã,6932,0,0,0,0,0,0,0,0.0,0.0,0.0,0.0,0.0,0.0,11.482469931021843,1.0400872712468359
municipio,SUDESTE,SP,São Paulo,352170,Itaberá,18263,1,1,1,19,19,0,0,100.0,0.0,10.403548157476864,10.403548157476864,0.0,0.0,11.25163709611251,2.7402068428708835
municipio,SUDESTE,SP,São Paulo,352190,Itajobi,17502,1,1,1,50,35,0,0,70.0,0.0,28.568163638441323,19.997714546908927,0.0,0.0,0.0,2.6260253060245415
municipio,SUDESTE,SP,São Paulo,352200,Itaju,3715,0,0,0,0,0,0,0,0.0,0.0,0.0,0.0,0.0,0.0,6.153689525929911,0.5574039545126941
municipio,SUDESTE,SP,São Paulo,352210,Itanhaém,118495,2,2,1,182,174,30,27,95.6043956043956,90.0,15.359297860669226,14.684163888771678,25.31752394615807,22.785771551542258,22.280333882924584,0.0
municipio,SUDESTE,SP,São Paulo,352215,Itaoca,3497,0,0,0,0,0,0,0,0.0,0.0,0.0,0.0,0.0,0.0,5.792584730061077,0.5246949203044122
municipio,SUDESTE,SP,São Paulo,352220,Itapecerica da Serra,163003,7,7,1,662,245,36,34,37.00906344410876,94.44444444444444,40.61274945859892,15.03039821352981,22.085483089268294,20.85851180653117,25.005344224805768,0.0
municipio,SUDESTE,SP,São Paulo,352230,Itapetininga,164256,2,2,1,245,194,24,18,79.18367346938776,75.0,14.915741281901422,11.810831872199493,14.61133839859731,10.958503798947984,78.08086857904267,6.645206985851167
municipio,SUDESTE,SP,São Paulo,352240,Itapeva,92393,1,1,1,160,134,32,30,83.75,93.75,17.317329234898747,14.5032632342277,34.63465846979749,32.46999231543516,19.043832131693758,0.0
municipio,SUDESTE,SP,São Paulo,352250,Itapevi,242995,3,3,1,446,260,78,30,58.29596412556054,38.46153846153847,18.354287125249492,10.699808638037819,32.09942591411346,12.345933043889792,142.5076140924196,6.459320034135156
municipio,SUDESTE,SP,São Paulo,352260,Itapira,74038,4,4,1,940,391,20,10,41.59574468085106,50.0,126.96183041141036,52.810718820065375,27.013155406683055,13.506577703341527,0.0,1.1087682326274149
municipio,SUDESTE,SP,São Paulo,352265,Itapirapuã Paulista,4420,0,0,0,0,0,0,0,0.0,0.0,0.0,0.0,0.0,0.0,7.3214825584415095,0.663183170644982
municipio,SUDESTE,SP,São Paulo,352280,Itaporanga,14245,1,1,1,40,34,0,0,85.0,0.0,28.08002808002808,23.86802386802387,0.0,0.0,0.0,2.137340331637504
municipio,SUDESTE,SP,São Paulo,352300,Itapura,4002,0,0,0,0,0,0,0,0.0,0.0,0.0,0.0,0.0,0.0,6.629088959023285,0.6004658481722213
municipio,SUDESTE,SP,São Paulo,352290,Itapuí,14035,1,1,1,35,35,0,0,100.0,0.0,24.93765586034913,24.93765586034913,0.0,0.0,0.0,2.1058316289598014
municipio,SUDESTE,SP,São Paulo,352310,Itaquaquecetuba,382983,2,2,1,282,282,30,30,100.0,100.0,7.363251110362601,7.363251110362601,7.833245862087874,7.833245862087874,352.38989924877933,27.463321321974462
municipio,SUDESTE,SP,São Paulo,352320,Itararé,45213,1,1,1,80,53,0,0,66.25,0.0,17.694026054453364,11.722292261075353,0.0,0.0,21.89280337439276,6.783823686509405
municipio,SUDESTE,SP,São Paulo,352330,Itariri,15916,0,0,0,0,0,0,0,0.0,0.0,0.0,0.0,0.0,0.0,26.36396298646042,2.3880595800872246
municipio,SUDESTE,SP,São Paulo,352340,Itatiba,127112,2,2,1,174,109,25,14,62.643678160919535,56.00000000000001,13.688715463528228,8.575114859336647,19.667694631506073,11.013908993643401,101.55391198385004,5.07206768937216
municipio,SUDESTE,SP,São Paulo,352350,Itatinga,19462,1,1,1,14,7,0,0,50.0,0.0,7.193505292364607,3.5967526461823036,0.0,0.0,25.237713473391103,2.9201065310164345
municipio,SUDESTE,SP,São Paulo,352180,Itaí,25979,1,1,1,37,35,0,0,94.5945945945946,0.0,14.242272604796183,13.472420031563955,0.0,0.0,8.032759137047961,3.8979266041144762
municipio,SUDESTE,SP,São Paulo,352360,Itirapina,16454,1,1,1,11,11,0,0,100.0,0.0,6.685304485231554,6.685304485231554,0.0,0.0,16.255129868008282,2.4687818755186726
municipio,SUDESTE,SP,São Paulo,352370,Itirapuã,5857,0,0,0,0,0,0,0,0.0,0.0,0.0,0.0,0.0,0.0,9.701792611943874,0.8787927218252622
municipio,SUDESTE,SP,São Paulo,352380,Itobi,8227,0,0,0,0,0,0,0,0.0,0.0,0.0,0.0,0.0,0.0,13.62756493400414,1.2343909377593363
municipio,SUDESTE,SP,São Paulo,352390,Itu,175047,6,6,1,508,348,92,44,68.50393700787401,47.82608695652174,29.0207772769599,19.880374985004025,52.55731317874628,25.13610630287865,0.0,0.0
municipio,SUDESTE,SP,São Paulo,352400,Itupeva,74994,2,2,1,88,50,0,0,56.81818181818182,0.0,11.73427207509934,6.667200042670081,0.0,0.0,74.2233626669146,11.252207850531624
municipio,SUDESTE,SP,São Paulo,352410,Ituverava,38413,2,2,1,135,64,10,9,47.40740740740741,90.0,35.14435217244162,16.661026215083435,26.03285346106787,23.429568114961082,0.0,0.0
municipio,SUDESTE,SP,São Paulo,352270,Itápolis,40445,1,1,1,90,64,9,9,71.11111111111111,100.0,22.252441587340837,15.823958462109038,22.252441587340833,22.252441587340833,2.9948782977753003,0.0
municipio,SUDESTE,SP,São Paulo,352420,Jaborandi,6280,1,1,1,17,17,0,0,100.0,0.0,27.070063694267514,27.070063694267514,0.0,0.0,0.0,0.942260251504635
municipio,SUDESTE,SP,São Paulo,352430,Jaboticabal,73473,2,2,1,233,41,10,3,17.59656652360515,30.0,31.712329699345336,5.580281191730295,13.6104419310495,4.08313257931485,80.7039113159215,8.023994818280263
municipio,SUDESTE,SP,São Paulo,352440,Jacareí,250952,5,5,1,457,252,94,40,55.14223194748359,42.5531914893617,18.210653830214543,10.041760974210208,37.457362364117444,15.939303133666996,163.68793914163206,0.0
municipio,SUDESTE,SP,São Paulo,352450,Jaci,7944,1,1,1,249,173,0,0,69.47791164658635,0.0,313.44410876132935,217.7744209466264,0.0,0.0,0.0,1.1919292098650989
municipio,SUDESTE,SP,São Paulo,352460,Jacupiranga,16216,0,0,0,0,0,0,0,0.0,0.0,0.0,0.0,0.0,0.0,26.860896191784505,2.433072012483943
municipio,SUDESTE,SP,São Paulo,352470,Jaguariúna,62309,2,2,1,135,99,15,15,73.33333333333333,100.0,21.666211943699945,15.888555425379963,24.073568826333275,24.073568826333275,4.211370301794565,0.0
municipio,SUDESTE,SP,São Paulo,352480,Jales,50078,2,2,1,182,126,25,23,69.23076923076923,92.0,36.3433044450657,25.16074923119933,49.922121490474865,45.92835177123687,0.0,0.0
municipio,SUDESTE,SP,São Paulo,352490,Jambeiro,6611,0,0,0,0,0,0,0,0.0,0.0,0.0,0.0,0.0,0.0,10.950751401325073,0.9919239685823474
municipio,SUDESTE,SP,São Paulo,352500,Jandira,121550,0,0,0,0,0,0,0,0.0,0.0,0.0,0.0,0.0,0.0,201.3407703571415,18.237537192737005
municipio,SUDESTE,SP,São Paulo,352510,Jardinópolis,47125,0,0,0,0,0,0,0,0.0,0.0,0.0,0.0,0.0,0.0,78.05992433632493,7.070702922317822
municipio,SUDESTE,SP,São Paulo,352520,Jarinu,40007,2,2,1,30,18,0,0,60.0,0.0,7.498687729647312,4.499212637788387,0.0,0.0,48.26935581800214,6.002707942985022
municipio,SUDESTE,SP,São Paulo,352530,Jaú,137409,4,4,1,991,638,114,68,64.37941473259335,59.64912280701754,72.12045790304856,46.43072870044902,82.96399799139795,49.48729704750053,0.0,0.0
municipio,SUDESTE,SP,São Paulo,352540,Jeriquara,4000,0,0,0,0,0,0,0,0.0,0.0,0.0,0.0,0.0,0.0,6.625776070987791,0.6001657652895764
municipio,SUDESTE,SP,São Paulo,352550,Joanópolis,13131,1,1,1,12,12,0,0,100.0,0.0,9.138679460817912,9.138679460817912,0.0,0.0,9.750766397035173,1.9701941660043572
municipio,SUDESTE,SP,São Paulo,352570,José Bonifácio,37992,1,1,1,67,43,0,0,64.17910447761194,0.0,17.635291640345336,11.318172246788796,0.0,0.0,19.93162112224205,5.700374438720397
municipio,SUDESTE,SP,São Paulo,352560,João Ramalho,4464,0,0,0,0,0,0,0,0.0,0.0,0.0,0.0,0.0,0.0,7.3943660952223755,0.6697849940631673
municipio,SUDESTE,SP,São Paulo,352585,Jumirim,3132,0,0,0,0,0,0,0,0.0,0.0,0.0,0.0,0.0,0.0,5.1879826635834405,0.46992979422173836
municipio,SUDESTE,SP,São Paulo,352590,Jundiaí,463039,10,10,1,1175,517,246,101,44.0,41.05691056910569,25.37583227330743,11.16536620025527,53.12727437645641,21.81241752854511,249.99818153352896,0.0
municipio,SUDESTE,SP,São Paulo,352600,Junqueirópolis,20939,1,1,1,52,25,0,0,48.07692307692308,0.0,24.834041740293234,11.939443144371745,0.0,0.0,9.684281287603344,3.1417177398496103
municipio,SUDESTE,SP,São Paulo,352620,Juquitiba,27969,0,0,0,0,0,0,0,0.0,0.0,0.0,0.0,0.0,0.0,46.329082732364384,4.196509072346041
municipio,SUDESTE,SP,São Paulo,352610,Juquiá,17184,0,0,0,0,0,0,0,0.0,0.0,0.0,0.0,0.0,0.0,28.464334000963554,2.57831212768402
municipio,SUDESTE,SP,São Paulo,352580,Júlio Mesquita,4302,0,0,0,0,0,0,0,0.0,0.0,0.0,0.0,0.0,0.0,7.126022164347369,0.6454782805689394
municipio,SUDESTE,SP,São Paulo,352630,Lagoinha,5183,0,0,0,0,0,0,0,0.0,0.0,0.0,0.0,0.0,0.0,8.58534934398243,0.7776647903739687
municipio,SUDESTE,SP,São Paulo,352640,Laranjal Paulista,27044,1,1,1,48,30,0,0,62.5,0.0,17.748853719863927,11.093033574914953,0.0,0.0,14.796872015948459,4.057720739122827
municipio,SUDESTE,SP,São Paulo,352660,Lavrinhas,7348,0,0,0,0,0,0,0,0.0,0.0,0.0,0.0,0.0,0.0,12.171550642404572,1.102504510836952
municipio,SUDESTE,SP,São Paulo,352650,Lavínia,9940,0,0,0,0,0,0,0,0.0,0.0,0.0,0.0,0.0,0.0,16.46505353640466,1.4914119267445975
municipio,SUDESTE,SP,São Paulo,352670,Leme,101537,2,2,1,160,94,10,8,58.75,80.0,15.757802574430995,9.257709012478209,9.848626609019371,7.878901287215498,74.19035622997185,7.234757827551929
municipio,SUDESTE,SP,São Paulo,352680,Lençóis Paulista,68568,2,2,1,96,49,10,6,51.041666666666664,60.0,14.00070003500175,7.146190642865476,14.584062536460157,8.750437521876094,64.57905340887272,4.288041548593919
municipio,SUDESTE,SP,São Paulo,352690,Limeira,301292,4,4,1,473,246,109,55,52.00845665961945,50.45871559633027,15.699056065212485,8.164836769645394,36.17752877607106,18.25471635489824,253.07333099501344,0.0
municipio,SUDESTE,SP,São Paulo,352700,Lindóia,7158,0,0,0,0,0,0,0,0.0,0.0,0.0,0.0,0.0,0.0,11.856826279032653,1.073996636985697
municipio,SUDESTE,SP,São Paulo,352710,Lins,76844,4,4,1,362,274,29,16,75.69060773480662,55.172413793103445,47.108427463432406,35.65665504138254,37.73879548175525,20.821404403727033,0.0,0.0
municipio,SUDESTE,SP,São Paulo,352720,Lorena,87468,2,2,1,217,128,40,22,58.986175115207374,55.00000000000001,24.809073032423285,14.633923263364888,45.73101019801527,25.152055608908398,16.88584534429003,0.0
municipio,SUDESTE,SP,São Paulo,352725,Lourdes,1962,0,0,0,0,0,0,0,0.0,0.0,0.0,0.0,0.0,0.0,3.2499431628195117,0.29438130787453726
municipio,SUDESTE,SP,São Paulo,352730,Louveira,54865,2,2,1,51,39,8,0,76.47058823529412,0.0,9.29554360703545,7.108356875968286,14.581244873781099,0.0,51.88080103368629,8.232023678153153
municipio,SUDESTE,SP,São Paulo,352750,Lucianópolis,2423,0,0,0,0,0,0,0,0.0,0.0,0.0,0.0,0.0,0.0,4.0135638550008546,0.3635504123241609
municipio,SUDESTE,SP,São Paulo,352740,Lucélia,20378,1,1,1,32,26,0,0,81.25,0.0,15.70320934340956,12.758857591520266,0.0,0.0,7.755016193647304,3.0575444912677474
municipio,SUDESTE,SP,São Paulo,352770,Luiziânia,4740,0,0,0,0,0,0,0,0.0,0.0,0.0,0.0,0.0,0.0,7.851544644120533,0.7111964318681481
municipio,SUDESTE,SP,São Paulo,352780,Lupércio,4004,0,0,0,0,0,0,0,0.0,0.0,0.0,0.0,0.0,0.0,6.632401847058779,0.600765931054866
municipio,SUDESTE,SP,São Paulo,352790,Lutécia,2697,0,0,0,0,0,0,0,0.0,0.0,0.0,0.0,0.0,0.0,4.467429515863518,0.4046617672464969
municipio,SUDESTE,SP,São Paulo,352760,Luís Antônio,12564,0,0,0,0,0,0,0,0.0,0.0,0.0,0.0,0.0,0.0,20.811562638972653,1.8851206687745594
municipio,SUDESTE,SP,São Paulo,352800,Macatuba,17140,1,1,1,31,18,0,0,58.06451612903226,0.0,18.086347724620772,10.501750291715286,0.0,0.0,10.391450464182686,2.5717103042658347
municipio,SUDESTE,SP,São Paulo,352810,Macaubal,7581,1,1,1,15,10,0,0,66.66666666666666,0.0,19.786307874950534,13.19087191663369,0.0,0.0,2.5575020985396115,1.1374641666650698
municipio,SUDESTE,SP,São Paulo,352820,Macedônia,4058,0,0,0,0,0,0,0,0.0,0.0,0.0,0.0,0.0,0.0,6.721849824017115,0.6088681688862753
municipio,SUDESTE,SP,São Paulo,352830,Magda,3211,0,0,0,0,0,0,0,0.0,0.0,0.0,0.0,0.0,0.0,5.31884174098545,0.4817830680862075
municipio,SUDESTE,SP,São Paulo,352840,Mairinque,51888,0,0,0,0,0,0,0,0.0,0.0,0.0,0.0,0.0,0.0,85.94956719285362,7.785350307336386
municipio,SUDESTE,SP,São Paulo,352850,Mairiporã,97835,2,2,1,41,41,0,0,100.0,0.0,4.190729289109214,4.190729289109214,0.0,0.0,121.05820047627263,14.679304411776426
municipio,SUDESTE,SP,São Paulo,352860,Manduri,10122,0,0,0,0,0,0,0,0.0,0.0,0.0,0.0,0.0,0.0,16.766526347634606,1.518719469065273
municipio,SUDESTE,SP,São Paulo,352870,Marabá Paulista,4619,0,0,0,0,0,0,0,0.0,0.0,0.0,0.0,0.0,0.0,7.651114917973152,0.6930414174681384
municipio,SUDESTE,SP,São Paulo,352880,Maracaí,12804,1,1,1,26,22,0,0,84.61538461538461,0.0,20.306154326772884,17.18213058419244,0.0,0.0,0.0,1.921130614691934
municipio,SUDESTE,SP,São Paulo,352885,Marapoama,3415,0,0,0,0,0,0,0,0.0,0.0,0.0,0.0,0.0,0.0,5.656756320605827,0.5123915221159759
municipio,SUDESTE,SP,São Paulo,352910,Marinópolis,1862,0,0,0,0,0,0,0,0.0,0.0,0.0,0.0,0.0,0.0,3.084298761044817,0.2793771637422978
municipio,SUDESTE,SP,São Paulo,352890,Mariápolis,3526,0,0,0,0,0,0,0,0.0,0.0,0.0,0.0,0.0,0.0,5.840621606575739,0.5290461221027617
municipio,SUDESTE,SP,São Paulo,352920,Martinópolis,25240,1,1,1,49,43,0,0,87.75510204081633,0.0,19.413629160063394,17.0364500792393,0.0,0.0,0.0,3.7870459789772273
municipio,SUDESTE,SP,São Paulo,352900,Marília,247348,6,6,1,1060,737,167,130,69.52830188679245,77.84431137724552,42.85460161392047,29.796076782508855,67.51621197664828,52.557530281223215,0.0,0.0
municipio,SUDESTE,SP,São Paulo,352930,Matão,81075,1,1,1,195,121,35,27,62.05128205128205,77.14285714285715,24.051803885291395,14.92445266728338,43.16990440949738,33.30249768732655,13.2961987388338,0.0
municipio,SUDESTE,SP,São Paulo,352940,Mauá,429014,4,4,1,543,249,100,57,45.85635359116022,56.99999999999999,12.656929610688696,5.804006396061666,23.30926263478581,13.286279701827912,461.63767382968916,7.369878907485588
municipio,SUDESTE,SP,São Paulo,352950,Mendonça,6420,0,0,0,0,0,0,0,0.0,0.0,0.0,0.0,0.0,0.0,10.634370593935406,0.9632660532897702
municipio,SUDESTE,SP,São Paulo,352960,Meridiano,4721,0,0,0,0,0,0,0,0.0,0.0,0.0,0.0,0.0,0.0,7.8200722077833404,0.7083456444830226
municipio,SUDESTE,SP,São Paulo,352965,Mesópolis,1990,0,0,0,0,0,0,0,0.0,0.0,0.0,0.0,0.0,0.0,3.2963235953164265,0.29858246823156426
municipio,SUDESTE,SP,São Paulo,352970,Miguelópolis,19621,1,1,1,72,51,0,0,70.83333333333334,0.0,36.695377401763416,25.99255899291575,0.0,0.0,0.0,2.943963120186695
municipio,SUDESTE,SP,São Paulo,352980,Mineiros do Tietê,11322,1,1,1,11,11,0,0,100.0,0.0,9.715597950892068,9.715597950892068,0.0,0.0,7.754259168930944,1.6987691986521463
municipio,SUDESTE,SP,São Paulo,353000,Mira Estrela,3209,0,0,0,0,0,0,0,0.0,0.0,0.0,0.0,0.0,0.0,5.315528852949956,0.4814829852035627
municipio,SUDESTE,SP,São Paulo,352990,Miracatu,18610,0,0,0,0,0,0,0,0.0,0.0,0.0,0.0,0.0,0.0,30.8264231702707,2.792271223009754
municipio,SUDESTE,SP,São Paulo,353010,Mirandópolis,28754,1,1,1,90,90,10,10,100.0,100.0,31.29999304444599,31.29999304444599,34.77777004938443,34.77777004938443,0.0,0.0
municipio,SUDESTE,SP,São Paulo,353020,Mirante do Paranapanema,16031,1,1,1,23,23,0,0,100.0,0.0,14.347202295552368,14.347202295552368,0.0,0.0,3.5544540485013205,2.4053143458392996
municipio,SUDESTE,SP,São Paulo,353030,Mirassol,65811,1,1,1,164,0,20,0,0.0,0.0,24.91984622631475,0.0,30.39005637355457,0.0,109.01223725194437,9.874377294868077
municipio,SUDESTE,SP,São Paulo,353040,Mirassolândia,4783,0,0,0,0,0,0,0,0.0,0.0,0.0,0.0,0.0,0.0,7.922771736883652,0.7176482138450111
municipio,SUDESTE,SP,São Paulo,353050,Mococa,69372,1,1,1,145,100,20,18,68.96551724137932,90.0,20.901804762728478,14.415037767398951,28.8300755347979,25.94706798131811,14.91083439914126,0.0
municipio,SUDESTE,SP,São Paulo,353070,Mogi Guaçu,160318,3,3,1,385,194,44,33,50.38961038961038,75.0,24.01477064334635,12.100949363140758,27.4454521638244,20.5840891228683,71.55779203715518,0.0
municipio,SUDESTE,SP,São Paulo,353080,Mogi Mirim,95742,3,3,1,205,131,30,20,63.90243902439025,66.66666666666666,21.411710639009005,13.682605335171607,31.33421069123269,20.889473794155126,27.591263147128284,0.0
municipio,SUDESTE,SP,São Paulo,353060,Mogi das Cruzes,470302,10,10,1,1030,725,150,92,70.3883495145631,61.33333333333333,21.900821174479375,15.41562655485199,31.894399768659287,19.561898524777696,54.02893443442502,0.0
municipio,SUDESTE,SP,São Paulo,353090,Mombuca,3830,0,0,0,0,0,0,0,0.0,0.0,0.0,0.0,0.0,0.0,6.34418058797081,0.5746587202647694
municipio,SUDESTE,SP,São Paulo,353110,Mongaguá,64845,1,1,1,36,36,0,0,100.0,0.0,5.551700208188758,5.551700208188758,0.0,0.0,71.41211233080082,9.729437262550645
municipio,SUDESTE,SP,São Paulo,353120,Monte Alegre do Sul,8923,0,0,0,0,0,0,0,0.0,0.0,0.0,0.0,0.0,0.0,14.780449970356017,1.3388197809197226
municipio,SUDESTE,SP,São Paulo,353130,Monte Alto,48758,2,2,1,116,59,26,16,50.86206896551724,61.53846153846154,23.790967636080236,12.100578366627014,53.32458263259363,32.81512777390377,21.76489741730569,0.0
municipio,SUDESTE,SP,São Paulo,353140,Monte Aprazível,22668,1,1,1,80,30,0,0,37.5,0.0,35.29204164460914,13.234515616728428,0.0,0.0,7.548272994287813,3.4011393918960295
municipio,SUDESTE,SP,São Paulo,353150,Monte Azul Paulista,18337,2,2,1,70,51,0,0,72.85714285714285,0.0,38.17418334514915,27.812619294322953,0.0,0.0,0.0,2.7513099095287408
municipio,SUDESTE,SP,São Paulo,353160,Monte Castelo,4306,0,0,0,0,0,0,0,0.0,0.0,0.0,0.0,0.0,0.0,7.132647940418357,0.6460784463342291
municipio,SUDESTE,SP,São Paulo,353180,Monte Mor,67832,1,1,1,35,26,0,0,74.28571428571429,0.0,5.159806580964736,3.832999174430947,0.0,0.0,86.35991061181096,10.177611047780637
municipio,SUDESTE,SP,São Paulo,353170,Monteiro Lobato,4205,0,0,0,0,0,0,0,0.0,0.0,0.0,0.0,0.0,0.0,6.9653470946259155,0.6309242607606672
municipio,SUDESTE,SP,São Paulo,353100,Monções,1947,0,0,0,0,0,0,0,0.0,0.0,0.0,0.0,0.0,0.0,3.2250965025533076,0.29213068625470134
municipio,SUDESTE,SP,São Paulo,353190,Morro Agudo,28521,1,1,1,61,47,11,10,77.04918032786885,90.9090909090909,21.387749377651556,16.479085586059394,38.56807264822412,35.06188422565829,0.24343983016070106,0.0
municipio,SUDESTE,SP,São Paulo,353200,Morungaba,14147,1,1,1,12,12,0,0,100.0,0.0,8.482363752032233,8.482363752032233,0.0,0.0,11.433713519066071,2.1226362703879094
municipio,SUDESTE,SP,São Paulo,353205,Motuca,4071,0,0,0,0,0,0,0,0.0,0.0,0.0,0.0,0.0,0.0,6.743383596247825,0.6108187076234664
municipio,SUDESTE,SP,São Paulo,353210,Murutinga do Sul,3748,0,0,0,0,0,0,0,0.0,0.0,0.0,0.0,0.0,0.0,6.208352178515561,0.5623553220763331
municipio,SUDESTE,SP,São Paulo,353215,Nantes,2697,0,0,0,0,0,0,0,0.0,0.0,0.0,0.0,0.0,0.0,4.467429515863518,0.4046617672464969
municipio,SUDESTE,SP,São Paulo,353220,Narandiba,5956,0,0,0,0,0,0,0,0.0,0.0,0.0,0.0,0.0,0.0,9.86578056970082,0.8936468245161794
municipio,SUDESTE,SP,São Paulo,353230,Natividade da Serra,7155,0,0,0,0,0,0,0,0.0,0.0,0.0,0.0,0.0,0.0,11.851856946979412,1.0735465126617298
municipio,SUDESTE,SP,São Paulo,353240,Nazaré Paulista,18675,2,2,1,26,17,0,0,65.38461538461539,0.0,13.92235609103079,9.103078982597054,0.0,0.0,13.934092031424251,2.8020239166957097
municipio,SUDESTE,SP,São Paulo,353250,Neves Paulista,9953,1,1,1,21,10,0,0,47.61904761904761,0.0,21.099166080578723,10.047221943132723,0.0,0.0,6.486587308635373,1.4933624654817887
municipio,SUDESTE,SP,São Paulo,353260,Nhandeara,9915,2,2,1,129,35,0,0,27.131782945736433,0.0,130.10590015128594,35.300050428643466,0.0,0.0,0.0,1.4876608907115374
municipio,SUDESTE,SP,São Paulo,353270,Nipoã,4876,0,0,0,0,0,0,0,0.0,0.0,0.0,0.0,0.0,0.0,8.076821030534116,0.7316020678879936
municipio,SUDESTE,SP,São Paulo,353280,Nova Aliança,6885,0,0,0,0,0,0,0,0.0,0.0,0.0,0.0,0.0,0.0,11.404617062187736,1.0330353235046834
municipio,SUDESTE,SP,São Paulo,353282,Nova Campina,8630,0,0,0,0,0,0,0,0.0,0.0,0.0,0.0,0.0,0.0,14.295111873156161,1.294857638612261
municipio,SUDESTE,SP,São Paulo,353284,Nova Canaã Paulista,2055,0,0,0,0,0,0,0,0.0,0.0,0.0,0.0,0.0,0.0,3.403992456469978,0.30833516191751986
municipio,SUDESTE,SP,São Paulo,353286,Nova Castilho,1072,0,0,0,0,0,0,0,0.0,0.0,0.0,0.0,0.0,0.0,1.7757079870247283,0.1608444250976065
municipio,SUDESTE,SP,São Paulo,353290,Nova Europa,9459,1,1,1,16,12,0,0,75.0,0.0,16.91510730521197,12.686330478908975,0.0,0.0,3.6683039638683805,1.4192419934685259
municipio,SUDESTE,SP,São Paulo,353300,Nova Granada,19733,1,1,1,62,31,0,0,50.0,0.0,31.419449652865758,15.709724826432879,0.0,0.0,1.6866098022005218,2.960767761614803
municipio,SUDESTE,SP,São Paulo,353310,Nova Guataporanga,2188,0,0,0,0,0,0,0,0.0,0.0,0.0,0.0,0.0,0.0,3.624299510830322,0.3282906736133983
municipio,SUDESTE,SP,São Paulo,353320,Nova Independência,4847,0,0,0,0,0,0,0,0.0,0.0,0.0,0.0,0.0,0.0,8.028784154019457,0.7272508660896443
municipio,SUDESTE,SP,São Paulo,353330,Nova Luzitânia,2817,0,0,0,0,0,0,0,0.0,0.0,0.0,0.0,0.0,0.0,4.666202797993152,0.4226667402051842
municipio,SUDESTE,SP,São Paulo,353340,Nova Odessa,64596,2,2,1,77,72,5,0,93.5064935064935,0.0,11.920242739488513,11.14620100315809,7.740417363304229,0.0,34.999657770381845,9.69207694366137
municipio,SUDESTE,SP,São Paulo,353325,Novais,4463,0,0,0,0,0,0,0,0.0,0.0,0.0,0.0,0.0,0.0,7.392709651204628,0.6696349526218449
municipio,SUDESTE,SP,São Paulo,353350,Novo Horizonte,39494,1,1,1,83,49,10,8,59.036144578313255,80.0,21.015850508938065,12.40694789081886,25.32030181799767,20.256241454398136,16.419600036897954,0.0
municipio,SUDESTE,SP,São Paulo,353360,Nuporanga,7570,0,0,0,0,0,0,0,0.0,0.0,0.0,0.0,0.0,0.0,12.539281214344395,1.1358137108105233
municipio,SUDESTE,SP,São Paulo,353370,Ocauçu,4418,0,0,0,0,0,0,0,0.0,0.0,0.0,0.0,0.0,0.0,7.318169670406016,0.6628830877623373
municipio,SUDESTE,SP,São Paulo,353390,Olímpia,56874,3,3,1,86,53,7,5,61.627906976744185,71.42857142857143,15.121144987164609,9.318845166508423,12.30790871048282,8.791363364630588,41.20859706533991,3.533456933769842
municipio,SUDESTE,SP,São Paulo,353400,Onda Verde,4942,0,0,0,0,0,0,0,0.0,0.0,0.0,0.0,0.0,0.0,8.186146335705416,0.7415048030152717
municipio,SUDESTE,SP,São Paulo,353410,Oriente,6180,0,0,0,0,0,0,0,0.0,0.0,0.0,0.0,0.0,0.0,10.236824029676137,0.9272561073723956
municipio,SUDESTE,SP,São Paulo,353420,Orindiúva,6157,0,0,0,0,0,0,0,0.0,0.0,0.0,0.0,0.0,0.0,10.198725817267958,0.9238051542219805
municipio,SUDESTE,SP,São Paulo,353430,Orlândia,39144,1,1,1,98,60,0,0,61.224489795918366,0.0,25.03576537911302,15.328019619865113,0.0,0.0,4.839844630686527,5.873222179123795
municipio,SUDESTE,SP,São Paulo,353440,Osasco,759524,14,14,1,1115,751,151,86,67.35426008968611,56.95364238410596,14.680247102132387,9.887771814978855,19.8808727571479,11.322881172945161,507.10898613523284,27.960075678950055
municipio,SUDESTE,SP,São Paulo,353450,Oscar Bressane,2502,0,0,0,0,0,0,0,0.0,0.0,0.0,0.0,0.0,0.0,4.144422932402864,0.37540368618863007
municipio,SUDESTE,SP,São Paulo,353460,Osvaldo Cruz,32112,1,1,1,71,53,0,0,74.64788732394366,0.0,22.110114598903838,16.504733432984555,0.0,0.0,0.19173029788998713,4.818130763744719
municipio,SUDESTE,SP,São Paulo,353470,Ourinhos,106911,4,4,1,251,142,43,28,56.573705179282875,65.11627906976744,23.47747191589266,13.282075745246047,40.22037021447746,26.19000851175277,35.092086381343925,0.0
municipio,SUDESTE,SP,São Paulo,353480,Ouro Verde,7900,0,0,0,0,0,0,0,0.0,0.0,0.0,0.0,0.0,0.0,13.085907740200888,1.1853273864469134
municipio,SUDESTE,SP,São Paulo,353475,Ouroeste,10660,1,1,1,33,28,0,0,84.84848484848484,0.0,30.956848030018765,26.26641651031895,0.0,0.0,0.0,1.5994417644967212
municipio,SUDESTE,SP,São Paulo,353490,Pacaembu,15273,0,0,0,0,0,0,0,0.0,0.0,0.0,0.0,0.0,0.0,25.298869483049135,2.291582933316925
municipio,SUDESTE,SP,São Paulo,353500,Palestina,11704,0,0,0,0,0,0,0,0.0,0.0,0.0,0.0,0.0,0.0,19.38702078371028,1.7560850292373007
municipio,SUDESTE,SP,São Paulo,353510,Palmares Paulista,9666,0,0,0,0,0,0,0,0.0,0.0,0.0,0.0,0.0,0.0,16.011187875542,1.4503005718222615
municipio,SUDESTE,SP,São Paulo,353520,Palmeira d'Oeste,8971,1,1,1,20,12,0,0,60.0,0.0,22.294058633374206,13.376435180024522,0.0,0.0,2.8599592832078704,1.3460217701031976
municipio,SUDESTE,SP,São Paulo,353530,Palmital,19714,1,1,1,43,29,0,0,67.44186046511628,0.0,21.811910317540836,14.71035812113219,0.0,0.0,3.655137365863331,2.9579169742296774
municipio,SUDESTE,SP,São Paulo,353540,Panorama,15227,0,0,0,0,0,0,0,0.0,0.0,0.0,0.0,0.0,0.0,25.222673058232775,2.284681027016095
municipio,SUDESTE,SP,São Paulo,353550,Paraguaçu Paulista,42049,1,1,1,117,89,17,16,76.06837606837607,94.11764705882352,27.824680729624962,21.165782777236082,40.42902328236106,38.05084544222217,0.0,0.0
municipio,SUDESTE,SP,São Paulo,353560,Paraibuna,17959,0,0,0,0,0,0,0,0.0,0.0,0.0,0.0,0.0,0.0,29.748078114717437,2.6945942447088758
municipio,SUDESTE,SP,São Paulo,353580,Paranapanema,19853,1,1,1,22,22,0,0,100.0,0.0,11.081448647559561,11.081448647559561,0.0,0.0,10.885383084330158,2.9787727345734902
municipio,SUDESTE,SP,São Paulo,353590,Paranapuã,4118,0,0,0,0,0,0,0,0.0,0.0,0.0,0.0,0.0,0.0,6.821236465081932,0.6178706553656189
municipio,SUDESTE,SP,São Paulo,353600,Parapuã,10720,1,1,1,32,26,0,0,81.25,0.0,29.850746268656717,24.25373134328358,0.0,0.0,0.0,1.608444250976065
municipio,SUDESTE,SP,São Paulo,353570,Paraíso,6218,0,0,0,0,0,0,0,0.0,0.0,0.0,0.0,0.0,0.0,10.299768902350522,0.9329576821426465
municipio,SUDESTE,SP,São Paulo,353610,Pardinho,7435,0,0,0,0,0,0,0,0.0,0.0,0.0,0.0,0.0,0.0,12.315661271948558,1.115558116232
municipio,SUDESTE,SP,São Paulo,353620,Pariquera-Açu,19603,1,1,1,176,176,26,26,100.0,100.0,89.78217619752078,89.78217619752078,132.63276029179207,132.63276029179207,0.0,0.0
municipio,SUDESTE,SP,São Paulo,353625,Parisi,3030,0,0,0,0,0,0,0,0.0,0.0,0.0,0.0,0.0,0.0,5.019025373773252,0.45462556720685415
municipio,SUDESTE,SP,São Paulo,353630,Patrocínio Paulista,14888,1,1,1,35,30,0,0,85.71428571428571,0.0,23.508866200967223,20.150456743686192,0.0,0.0,0.0,2.2338169784078032
municipio,SUDESTE,SP,São Paulo,353640,Paulicéia,8255,0,0,0,0,0,0,0,0.0,0.0,0.0,0.0,0.0,0.0,13.673945366501055,1.2385920981163634
municipio,SUDESTE,SP,São Paulo,353657,Paulistânia,2156,0,0,0,0,0,0,0,0.0,0.0,0.0,0.0,0.0,0.0,3.5712933022624194,0.32348934749108166
municipio,SUDESTE,SP,São Paulo,353660,Paulo de Faria,7390,1,1,1,24,18,0,0,75.0,0.0,32.47631935047361,24.357239512855212,0.0,0.0,0.0,1.1088062513724923
municipio,SUDESTE,SP,São Paulo,353650,Paulínia,116674,3,3,1,203,180,14,14,88.66995073891626,100.0,17.39890635445772,15.42760169360783,11.99924576169498,11.99924576169498,13.2639493266074,3.50593512484901
municipio,SUDESTE,SP,São Paulo,353670,Pederneiras,46337,1,1,1,73,64,11,10,87.67123287671232,90.9090909090909,15.75414895224119,13.811856615663508,23.739128558171654,21.581025961974234,12.754646450340324,0.0
municipio,SUDESTE,SP,São Paulo,353680,Pedra Bela,6745,0,0,0,0,0,0,0,0.0,0.0,0.0,0.0,0.0,0.0,11.172714899703163,1.0120295217195483
municipio,SUDESTE,SP,São Paulo,353690,Pedranópolis,2856,0,0,0,0,0,0,0,0.0,0.0,0.0,0.0,0.0,0.0,4.7308041146852835,0.4285183564167576
municipio,SUDESTE,SP,São Paulo,353700,Pedregulho,15737,1,1,1,64,55,0,0,85.9375,0.0,40.66848827603736,34.949482112219606,0.0,0.0,0.0,2.361202162090516
municipio,SUDESTE,SP,São Paulo,353710,Pedreira,44385,1,1,1,38,38,10,10,100.0,100.0,8.561450940633097,8.561450940633097,22.530134054297623,22.530134054297623,35.52126772769827,0.0
municipio,SUDESTE,SP,São Paulo,353715,Pedrinhas Paulista,2833,0,0,0,0,0,0,0,0.0,0.0,0.0,0.0,0.0,0.0,4.692705902277104,0.4250674032663425
municipio,SUDESTE,SP,São Paulo,353720,Pedro de Toledo,11617,1,1,1,3,3,0,0,100.0,0.0,2.582422312128777,2.582422312128777,0.0,0.0,16.242910154166292,1.7430314238422524
municipio,SUDESTE,SP,São Paulo,353730,Penápolis,63426,2,2,1,169,133,10,10,78.69822485207101,100.0,26.64522435594236,20.969318575978306,15.766404944344591,15.766404944344591,0.0,0.0
municipio,SUDESTE,SP,São Paulo,353740,Pereira Barreto,24360,1,1,1,54,50,0,0,92.5925925925926,0.0,22.167487684729064,20.525451559934318,0.0,0.0,0.0,3.6550095106135205
municipio,SUDESTE,SP,São Paulo,353750,Pereiras,9013,0,0,0,0,0,0,0,0.0,0.0,0.0,0.0,0.0,0.0,14.92952993195324,1.3523235106387381
municipio,SUDESTE,SP,São Paulo,353760,Peruíbe,70629,1,1,1,18,18,0,0,100.0,0.0,2.548528224950091,2.548528224950091,0.0,0.0,98.99298452944917,10.597276959159375
municipio,SUDESTE,SP,São Paulo,353770,Piacatu,5631,0,0,0,0,0,0,0,0.0,0.0,0.0,0.0,0.0,0.0,9.327436263933063,0.8448833560864012
municipio,SUDESTE,SP,São Paulo,353780,Piedade,54266,1,1,1,76,60,0,0,78.94736842105263,0.0,14.005086057568274,11.056646887553901,0.0,0.0,29.88859106705587,8.14214885480104
municipio,SUDESTE,SP,São Paulo,353790,Pilar do Sul,28459,1,1,1,35,27,0,0,77.14285714285715,0.0,12.298394181102639,9.487332653993464,0.0,0.0,20.14074030106039,4.270029378594014
municipio,SUDESTE,SP,São Paulo,353800,Pindamonhangaba,172681,4,4,1,464,161,52,27,34.69827586206897,51.92307692307693,26.87035632177252,9.323550361649515,30.11333036060713,15.63576768723832,125.03640942856072,0.0
municipio,SUDESTE,SP,São Paulo,353810,Pindorama,14704,0,0,0,0,0,0,0,0.0,0.0,0.0,0.0,0.0,0.0,24.35635283695112,2.206209353204483
municipio,SUDESTE,SP,São Paulo,353820,Pinhalzinho,15676,0,0,0,0,0,0,0,0.0,0.0,0.0,0.0,0.0,0.0,25.966416422201153,2.35204963416985
municipio,SUDESTE,SP,São Paulo,353830,Piquerobi,3287,0,0,0,0,0,0,0,0.0,0.0,0.0,0.0,0.0,0.0,5.444731486334217,0.4931862176267094
municipio,SUDESTE,SP,São Paulo,353850,Piquete,12516,0,0,0,0,0,0,0,0.0,0.0,0.0,0.0,0.0,0.0,20.7320533261208,1.8779186795910847
municipio,SUDESTE,SP,São Paulo,353860,Piracaia,26795,1,1,1,30,28,0,0,93.33333333333333,0.0,11.196118678857996,10.449710766934128,0.0,0.0,16.384417455529473,4.02036042023355
municipio,SUDESTE,SP,São Paulo,353870,Piracicaba,440835,6,6,1,971,510,159,84,52.523171987641604,52.83018867924528,22.02638175281001,11.568954370682908,36.06791656742318,19.054748375242436,220.21849856347578,0.0
municipio,SUDESTE,SP,São Paulo,353880,Piraju,30294,1,1,1,68,49,0,0,72.05882352941177,0.0,22.44668911335578,16.174820096388725,0.0,0.0,1.1803150736260348,4.545355423420607
municipio,SUDESTE,SP,São Paulo,353890,Pirajuí,22734,2,2,1,285,83,0,0,29.122807017543863,0.0,125.3628925837952,36.509193278789475,0.0,0.0,0.0,3.411042127023308
municipio,SUDESTE,SP,São Paulo,353900,Pirangi,11085,1,1,1,47,22,0,0,46.808510638297875,0.0,42.39963915200722,19.846639603067207,0.0,0.0,0.0,1.6632093770587386
municipio,SUDESTE,SP,São Paulo,353910,Pirapora do Bom Jesus,18925,0,0,0,0,0,0,0,0.0,0.0,0.0,0.0,0.0,0.0,31.348203035860987,2.8395342770263086
municipio,SUDESTE,SP,São Paulo,353920,Pirapozinho,26097,0,0,0,0,0,0,0,0.0,0.0,0.0,0.0,0.0,0.0,43.2282195311421,3.915631494190519
municipio,SUDESTE,SP,São Paulo,353930,Pirassununga,75594,3,3,1,132,67,10,6,50.75757575757576,60.0,17.46170330978649,8.863137286027992,13.228563113474614,7.937137868084769,58.21722907756277,5.34223271532506
municipio,SUDESTE,SP,São Paulo,353940,Piratininga,15657,1,1,1,25,21,0,0,84.0,0.0,15.967298971705945,13.412531136232994,0.0,0.0,4.934943985863963,2.3491988467847245
municipio,SUDESTE,SP,São Paulo,353950,Pitangueiras,34361,2,2,1,53,30,0,0,56.60377358490566,0.0,15.424463781612875,8.730828555629929,0.0,0.0,26.91707289380288,5.155573965278784
municipio,SUDESTE,SP,São Paulo,353960,Planalto,4451,0,0,0,0,0,0,0,0.0,0.0,0.0,0.0,0.0,0.0,7.372832322991665,0.6678344553259762
municipio,SUDESTE,SP,São Paulo,353970,Platina,3055,0,0,0,0,0,0,0,0.0,0.0,0.0,0.0,0.0,0.0,5.060436474216925,0.45837660323991397
municipio,SUDESTE,SP,São Paulo,353990,Poloni,5702,0,0,0,0,0,0,0,0.0,0.0,0.0,0.0,0.0,0.0,9.445043789193097,0.8555362984202911
municipio,SUDESTE,SP,São Paulo,354000,Pompéia,20520,1,1,1,21,16,0,0,76.19047619047619,0.0,10.233918128654972,7.797270955165692,0.0,0.0,17.990231244167372,3.0788503759355272
municipio,SUDESTE,SP,São Paulo,354010,Pongaí,3440,0,0,0,0,0,0,0,0.0,0.0,0.0,0.0,0.0,0.0,5.6981674210495,0.5161425581490358
municipio,SUDESTE,SP,São Paulo,354020,Pontal,38286,1,1,1,38,30,0,0,78.94736842105263,0.0,9.925299064932352,7.835762419683435,0.0,0.0,33.418615663459654,5.74448662246918
municipio,SUDESTE,SP,São Paulo,354025,Pontalinda,4198,0,0,0,0,0,0,0,0.0,0.0,0.0,0.0,0.0,0.0,6.953751986501688,0.6298739706714104
municipio,SUDESTE,SP,São Paulo,354030,Pontes Gestal,2411,0,0,0,0,0,0,0,0.0,0.0,0.0,0.0,0.0,0.0,3.9936865267878914,0.3617499150282922
municipio,SUDESTE,SP,São Paulo,354040,Populina,4182,1,1,1,18,6,0,0,33.33333333333333,0.0,43.0416068866571,14.347202295552368,0.0,0.0,0.9272488822177358,0.6274733076102521
municipio,SUDESTE,SP,São Paulo,354050,Porangaba,10850,0,0,0,0,0,0,0,0.0,0.0,0.0,0.0,0.0,0.0,17.972417592554386,1.6279496383479761
municipio,SUDESTE,SP,São Paulo,354060,Porto Feliz,58605,1,1,1,93,72,10,0,77.41935483870968,0.0,15.868953160993089,12.285641156897876,17.063390495691493,0.0,25.075901660059877,8.793178668698907
municipio,SUDESTE,SP,São Paulo,354070,Porto Ferreira,53966,1,1,1,61,37,6,4,60.65573770491803,66.66666666666666,11.303413260200868,6.856168698810363,11.118111403476263,7.412074268984176,52.39165786173179,4.097136422404319
municipio,SUDESTE,SP,São Paulo,354075,Potim,20801,0,0,0,0,0,0,0,0.0,0.0,0.0,0.0,0.0,0.0,34.45569201315426,3.12101202094712
municipio,SUDESTE,SP,São Paulo,354080,Potirendaba,19097,1,1,1,32,21,0,0,65.625,0.0,16.756558621773053,10.996491595538565,0.0,0.0,10.633111406913466,2.86534140493376
municipio,SUDESTE,SP,São Paulo,353980,Poá,106355,0,0,0,0,0,0,0,0.0,0.0,0.0,0.0,0.0,0.0,176.17110350747666,15.957657491843225
municipio,SUDESTE,SP,São Paulo,354085,Pracinha,2589,0,0,0,0,0,0,0,0.0,0.0,0.0,0.0,0.0,0.0,4.288533561946848,0.3884572915836783
municipio,SUDESTE,SP,São Paulo,354090,Pradópolis,17299,0,0,0,0,0,0,0,0.0,0.0,0.0,0.0,0.0,0.0,28.65482506300445,2.5955668934360956
municipio,SUDESTE,SP,São Paulo,354100,Praia Grande,368539,3,3,1,471,257,95,50,54.56475583864119,52.63157894736842,12.780194226391236,6.973481775334496,25.777461815438798,13.56708516602042,353.46422185644246,5.296122743513809
municipio,SUDESTE,SP,São Paulo,354105,Pratânia,5264,0,0,0,0,0,0,0,0.0,0.0,0.0,0.0,0.0,0.0,8.719521309419934,0.7898181471210826
municipio,SUDESTE,SP,São Paulo,354110,Presidente Alves,3830,0,0,0,0,0,0,0,0.0,0.0,0.0,0.0,0.0,0.0,6.34418058797081,0.5746587202647694
municipio,SUDESTE,SP,São Paulo,354120,Presidente Bernardes,14803,1,1,1,35,28,0,0,80.0,0.0,23.643855975140177,18.91508478011214,0.0,0.0,0.0,2.2210634558954
municipio,SUDESTE,SP,São Paulo,354130,Presidente Epitácio,40322,1,1,1,78,68,0,0,87.17948717948718,0.0,19.34427855761123,16.86424284509697,0.0,0.0,0.0,6.049970997001576
municipio,SUDESTE,SP,São Paulo,354140,Presidente Prudente,234706,9,9,1,1323,828,120,74,62.585034013605444,61.66666666666667,56.3683927977981,35.27817780542466,51.127793920905305,31.52880625122494,0.0,0.0
municipio,SUDESTE,SP,São Paulo,354150,Presidente Venceslau,35810,1,1,1,112,72,10,10,64.28571428571429,100.0,31.276179838034068,20.106115610164757,27.925160569673274,27.925160569673274,0.0,0.0
municipio,SUDESTE,SP,São Paulo,354160,Promissão,35973,1,1,1,74,74,10,10,100.0,100.0,20.570983793400604,20.570983793400604,27.798626747838657,27.798626747838657,0.0,0.0
municipio,SUDESTE,SP,São Paulo,354165,Quadra,3477,0,0,0,0,0,0,0,0.0,0.0,0.0,0.0,0.0,0.0,5.759455849706137,0.5216940914779643
municipio,SUDESTE,SP,São Paulo,354170,Quatá,13412,0,0,0,0,0,0,0,0.0,0.0,0.0,0.0,0.0,0.0,22.216227166022062,2.01235581101595
municipio,SUDESTE,SP,São Paulo,354180,Queiroz,3366,0,0,0,0,0,0,0,0.0,0.0,0.0,0.0,0.0,0.0,5.575590563736227,0.5050394914911785
municipio,SUDESTE,SP,São Paulo,354190,Queluz,9074,1,1,1,19,19,0,0,100.0,0.0,20.938946440379105,20.938946440379105,0.0,0.0,0.0,1.3614760385594042
municipio,SUDESTE,SP,São Paulo,354200,Quintana,7260,0,0,0,0,0,0,0,0.0,0.0,0.0,0.0,0.0,0.0,12.025783568842842,1.0893008640005812
municipio,SUDESTE,SP,São Paulo,354210,Rafard,9145,0,0,0,0,0,0,0,0.0,0.0,0.0,0.0,0.0,0.0,15.14818054229584,1.3721289808932942
municipio,SUDESTE,SP,São Paulo,354220,Rancharia,29387,1,1,1,115,81,10,10,70.43478260869566,100.0,39.13294994385272,27.563208221322352,34.02865212508932,34.02865212508932,0.0,0.0
municipio,SUDESTE,SP,São Paulo,354230,Redenção da Serra,4637,0,0,0,0,0,0,0,0.0,0.0,0.0,0.0,0.0,0.0,7.680930910292597,0.6957421634119414
municipio,SUDESTE,SP,São Paulo,354240,Regente Feijó,20620,1,1,1,45,36,0,0,80.0,0.0,21.823472356935014,17.458777885548013,0.0,0.0,0.0,3.0938545200677665
municipio,SUDESTE,SP,São Paulo,354250,Reginópolis,7820,0,0,0,0,0,0,0,0.0,0.0,0.0,0.0,0.0,0.0,12.953392218781131,1.173324071141122
municipio,SUDESTE,SP,São Paulo,354260,Registro,61927,3,3,1,279,224,50,30,80.28673835125448,60.0,45.05304632874191,36.171621425226476,80.74022639559482,48.44413583735689,0.0,0.0
municipio,SUDESTE,SP,São Paulo,354270,Restinga,6486,0,0,0,0,0,0,0,0.0,0.0,0.0,0.0,0.0,0.0,10.743695899106703,0.9731687884170482
municipio,SUDESTE,SP,São Paulo,354280,Ribeira,3158,0,0,0,0,0,0,0,0.0,0.0,0.0,0.0,0.0,0.0,5.231050208044861,0.4738308716961206
municipio,SUDESTE,SP,São Paulo,354290,Ribeirão Bonito,11040,1,1,1,21,17,0,0,80.95238095238095,0.0,19.021739130434785,15.398550724637682,0.0,0.0,1.2871419559263038,1.6564575121992309
municipio,SUDESTE,SP,São Paulo,354300,Ribeirão Branco,18942,1,1,1,18,18,0,0,100.0,0.0,9.502692429521698,9.502692429521698,0.0,0.0,13.376362584162687,2.8420849815287887
municipio,SUDESTE,SP,São Paulo,354310,Ribeirão Corrente,4717,0,0,0,0,0,0,0,0.0,0.0,0.0,0.0,0.0,0.0,7.813446431712354,0.7077454787177331
municipio,SUDESTE,SP,São Paulo,354325,Ribeirão Grande,7571,0,0,0,0,0,0,0,0.0,0.0,0.0,0.0,0.0,0.0,12.540937658362141,1.1359637522518458
municipio,SUDESTE,SP,São Paulo,354330,Ribeirão Pires,118954,2,2,1,144,43,0,0,29.86111111111111,0.0,12.105519780755587,3.61484271230896,0.0,0.0,154.04064168707043,17.848029611064067
municipio,SUDESTE,SP,São Paulo,354340,Ribeirão Preto,731639,18,18,1,2555,1609,409,189,62.974559686888455,46.21026894865526,34.921593846145434,21.991719960253622,55.90188603942655,25.832411886189774,0.0,0.0
municipio,SUDESTE,SP,São Paulo,354320,Ribeirão do Sul,4776,0,0,0,0,0,0,0,0.0,0.0,0.0,0.0,0.0,0.0,7.911176628759423,0.7165979237557543
municipio,SUDESTE,SP,São Paulo,354323,Ribeirão dos Índios,2040,0,0,0,0,0,0,0,0.0,0.0,0.0,0.0,0.0,0.0,3.3791457962037734,0.30608454029768395
municipio,SUDESTE,SP,São Paulo,354360,Rifaina,4179,0,0,0,0,0,0,0,0.0,0.0,0.0,0.0,0.0,0.0,6.922279550164496,0.627023183286285
municipio,SUDESTE,SP,São Paulo,354370,Rincão,9101,0,0,0,0,0,0,0,0.0,0.0,0.0,0.0,0.0,0.0,15.075297005514972,1.3655271574751087
municipio,SUDESTE,SP,São Paulo,354380,Rinópolis,9334,1,1,1,24,23,0,0,95.83333333333334,0.0,25.712449110777804,24.641097064495394,0.0,0.0,0.0,1.4004868133032267
municipio,SUDESTE,SP,São Paulo,354390,Rio Claro,210323,5,5,1,508,266,49,19,52.362204724409445,38.775510204081634,24.153326074656597,12.647214046965859,23.297499560200265,9.033724319261326,82.38827514459129,12.557166063249896
municipio,SUDESTE,SP,São Paulo,354410,Rio Grande da Serra,45324,0,0,0,0,0,0,0,0.0,0.0,0.0,0.0,0.0,0.0,75.07666866036266,6.80047828649619
municipio,SUDESTE,SP,São Paulo,354400,Rio das Pedras,32329,2,2,1,72,64,0,0,88.88888888888889,0.0,22.271026013795662,19.796467567818368,0.0,0.0,0.0,4.850689756511679
municipio,SUDESTE,SP,São Paulo,354420,Riolândia,10444,1,1,1,36,25,0,0,69.44444444444444,0.0,34.469551895825354,23.937188816545383,0.0,0.0,0.0,1.567032813171084
municipio,SUDESTE,SP,São Paulo,354350,Riversul,5628,0,0,0,0,0,0,0,0.0,0.0,0.0,0.0,0.0,0.0,9.322466931879823,0.844433231762434
municipio,SUDESTE,SP,São Paulo,354425,Rosana,17434,1,1,1,72,72,0,0,100.0,0.0,41.29861190776643,41.29861190776643,0.0,0.0,0.0,2.615822488014619
municipio,SUDESTE,SP,São Paulo,354430,Roseira,11137,1,1,1,14,14,0,0,100.0,0.0,12.57071024512885,12.57071024512885,0.0,0.0,4.447817025647757,1.6710115320075032
municipio,SUDESTE,SP,São Paulo,354450,Rubinéia,3998,0,0,0,0,0,0,0,0.0,0.0,0.0,0.0,0.0,0.0,6.6224631829522975,0.5998656824069316
municipio,SUDESTE,SP,São Paulo,354440,Rubiácea,2740,0,0,0,0,0,0,0,0.0,0.0,0.0,0.0,0.0,0.0,4.538656608626638,0.41111354922335985
municipio,SUDESTE,SP,São Paulo,354460,Sabino,5182,0,0,0,0,0,0,0,0.0,0.0,0.0,0.0,0.0,0.0,8.583692899964685,0.7775147489326463
municipio,SUDESTE,SP,São Paulo,354470,Sagres,2522,0,0,0,0,0,0,0,0.0,0.0,0.0,0.0,0.0,0.0,4.177551812757803,0.37840451501507794
municipio,SUDESTE,SP,São Paulo,354480,Sales,6645,0,0,0,0,0,0,0,0.0,0.0,0.0,0.0,0.0,0.0,11.007070497928469,0.9970253775873089
municipio,SUDESTE,SP,São Paulo,354490,Sales Oliveira,11683,1,1,1,21,17,0,0,80.95238095238095,0.0,17.97483523067705,14.55105709150047,0.0,0.0,2.352235459337593,1.7529341589695302
municipio,SUDESTE,SP,São Paulo,354500,Salesópolis,15381,1,1,1,11,11,0,0,100.0,0.0,7.151680644951564,7.151680644951564,0.0,0.0,14.477765436965804,2.3077874089797437
municipio,SUDESTE,SP,São Paulo,354510,Salmourão,4883,0,0,0,0,0,0,0,0.0,0.0,0.0,0.0,0.0,0.0,8.088416138658346,0.7326523579772504
municipio,SUDESTE,SP,São Paulo,354515,Saltinho,8407,0,0,0,0,0,0,0,0.0,0.0,0.0,0.0,0.0,0.0,13.92572485719859,1.2613983971973672
municipio,SUDESTE,SP,São Paulo,354520,Salto,141111,1,1,1,131,126,10,10,96.18320610687023,100.0,9.283471876749509,8.929140889087314,7.0866197532439,7.0866197532439,107.74247178828956,11.172497826444355
municipio,SUDESTE,SP,São Paulo,354540,Salto Grande,9221,1,1,1,34,22,0,0,64.70588235294117,0.0,36.87235657737772,23.858583667714996,0.0,0.0,0.0,1.383532130433796
municipio,SUDESTE,SP,São Paulo,354530,Salto de Pirapora,45262,2,2,1,56,47,0,0,83.92857142857143,0.0,12.372409526755336,10.383986567098228,0.0,0.0,27.973969131262354,6.791175717134202
municipio,SUDESTE,SP,São Paulo,354550,Sandovalina,3697,0,0,0,0,0,0,0,0.0,0.0,0.0,0.0,0.0,0.0,6.123873533610467,0.554703208568891
municipio,SUDESTE,SP,São Paulo,354560,Santa Adélia,14193,1,1,1,23,19,0,0,82.6086956521739,0.0,16.20517156344677,13.386880856760374,0.0,0.0,4.509909943882431,2.12953817668874
municipio,SUDESTE,SP,São Paulo,354570,Santa Albertina,6566,0,0,0,0,0,0,0,0.0,0.0,0.0,0.0,0.0,0.0,10.87621142052646,0.9851721037228397
municipio,SUDESTE,SP,São Paulo,354600,Santa Branca,14219,0,0,0,0,0,0,0,0.0,0.0,0.0,0.0,0.0,0.0,23.552977488343853,2.1334392541631217
municipio,SUDESTE,SP,São Paulo,354580,Santa Bárbara d'Oeste,189456,2,2,1,176,110,23,18,62.5,78.26086956521739,9.289755932775948,5.806097457984968,12.140021957604931,9.500886749429947,203.82325782626575,10.426251307175496
municipio,SUDESTE,SP,São Paulo,354610,Santa Clara d'Oeste,2694,0,0,0,0,0,0,0,0.0,0.0,0.0,0.0,0.0,0.0,4.462460183810277,0.4042116429225297
municipio,SUDESTE,SP,São Paulo,354620,Santa Cruz da Conceição,4375,0,0,0,0,0,0,0,0.0,0.0,0.0,0.0,0.0,0.0,7.246942577642897,0.6564313057854743
municipio,SUDESTE,SP,São Paulo,354625,Santa Cruz da Esperança,2168,0,0,0,0,0,0,0,0.0,0.0,0.0,0.0,0.0,0.0,3.5911706304753834,0.32528984478695044
municipio,SUDESTE,SP,São Paulo,354630,Santa Cruz das Palmeiras,29489,1,1,1,34,25,0,0,73.52941176470588,0.0,11.529722947539762,8.477737461426294,0.0,0.0,23.84687763933975,4.42457206315608
municipio,SUDESTE,SP,São Paulo,354640,Santa Cruz do Rio Pardo,47759,1,1,1,123,82,20,20,66.66666666666666,100.0,25.754308088527818,17.16953872568521,41.876923721183445,41.876923721183445,0.0,0.0
municipio,SUDESTE,SP,São Paulo,354650,Santa Ernestina,6274,0,0,0,0,0,0,0,0.0,0.0,0.0,0.0,0.0,0.0,10.392529767344351,0.9413600028567006
municipio,SUDESTE,SP,São Paulo,354660,Santa Fé do Sul,36288,1,1,1,91,67,10,9,73.62637362637363,90.0,25.077160493827158,18.463403880070544,27.55731922398589,24.8015873015873,0.0,0.0
municipio,SUDESTE,SP,São Paulo,354670,Santa Gertrudes,23192,0,0,0,0,0,0,0,0.0,0.0,0.0,0.0,0.0,0.0,38.416249659587216,3.4797611071489642
municipio,SUDESTE,SP,São Paulo,354680,Santa Isabel,54691,1,1,1,57,42,7,6,73.68421052631578,85.71428571428571,10.42219012268929,7.679508511455267,12.799180852425446,10.970726444936096,48.59257977459832,2.205916467363056
municipio,SUDESTE,SP,São Paulo,354690,Santa Lúcia,7144,1,1,1,8,0,0,0,0.0,0.0,11.198208286674133,0.0,0.0,0.0,11.833636062784196,1.0718960568071836
municipio,SUDESTE,SP,São Paulo,354700,Santa Maria da Serra,5308,1,1,1,6,6,0,0,100.0,0.0,11.303692539562924,11.303692539562924,0.0,0.0,2.792404846200799,0.7964199705392679
municipio,SUDESTE,SP,São Paulo,354710,Santa Mercedes,3017,0,0,0,0,0,0,0,0.0,0.0,0.0,0.0,0.0,0.0,4.997491601542541,0.452675028469663
municipio,SUDESTE,SP,São Paulo,354740,Santa Rita d'Oeste,2796,0,0,0,0,0,0,0,0.0,0.0,0.0,0.0,0.0,0.0,4.631417473620466,0.41951586993741397
municipio,SUDESTE,SP,São Paulo,354750,Santa Rita do Passa Quatro,24996,3,3,1,264,251,0,0,95.07575757575758,0.0,105.61689870379261,100.41606657065131,0.0,0.0,0.0,3.7504358672945632
municipio,SUDESTE,SP,São Paulo,354760,Santa Rosa de Viterbo,23710,1,1,1,32,19,0,0,59.375,0.0,13.496415014761704,8.013496415014762,0.0,0.0,20.274287660780132,3.5574825737539646
municipio,SUDESTE,SP,São Paulo,354765,Santa Salete,1692,0,0,0,0,0,0,0,0.0,0.0,0.0,0.0,0.0,0.0,2.8027032780278356,0.2538701187174908
municipio,SUDESTE,SP,São Paulo,354720,Santana da Ponte Pensa,1699,0,0,0,0,0,0,0,0.0,0.0,0.0,0.0,0.0,0.0,2.814298386152064,0.2549204088067476
municipio,SUDESTE,SP,São Paulo,354730,Santana de Parnaíba,163787,1,1,1,76,74,0,0,97.36842105263158,0.0,4.64017290749571,4.518063094140561,0.0,0.0,197.30399633471933,24.574837549870963
municipio,SUDESTE,SP,São Paulo,354770,Santo Anastácio,17960,1,1,1,50,36,0,0,72.0,0.0,27.839643652561247,20.044543429844097,0.0,0.0,0.0,2.6947442861501982
municipio,SUDESTE,SP,São Paulo,354780,Santo André,782048,12,12,1,1711,743,374,164,43.424897720631215,43.85026737967914,21.87845247350546,9.500695609476656,47.823151520111296,20.970579810957894,552.418731190965,0.0
municipio,SUDESTE,SP,São Paulo,354790,Santo Antônio da Alegria,6933,1,1,1,9,9,0,0,100.0,0.0,12.981393336218089,12.981393336218089,0.0,0.0,2.4841263750395886,1.0402373126881583
municipio,SUDESTE,SP,São Paulo,354800,Santo Antônio de Posse,23867,0,0,0,0,0,0,0,0.0,0.0,0.0,0.0,0.0,0.0,39.5343493715664,3.58103908004158
municipio,SUDESTE,SP,São Paulo,354805,Santo Antônio do Aracanguá,8593,0,0,0,0,0,0,0,0.0,0.0,0.0,0.0,0.0,0.0,14.233823444499524,1.2893061052833326
municipio,SUDESTE,SP,São Paulo,354810,Santo Antônio do Jardim,6243,0,0,0,0,0,0,0,0.0,0.0,0.0,0.0,0.0,0.0,10.341180002794195,0.9367087181757064
municipio,SUDESTE,SP,São Paulo,354820,Santo Antônio do Pinhal,7314,0,0,0,0,0,0,0,0.0,0.0,0.0,0.0,0.0,0.0,12.115231545801176,1.0974031018319905
municipio,SUDESTE,SP,São Paulo,354830,Santo Expedito,3069,0,0,0,0,0,0,0,0.0,0.0,0.0,0.0,0.0,0.0,5.083626690465383,0.4604771834184275
municipio,SUDESTE,SP,São Paulo,354850,Santos,429547,17,17,1,2059,824,358,143,40.019426906265174,39.94413407821229,47.934219072650954,19.182999764868573,83.3436154832882,33.290885514274336,0.0,0.0
municipio,SUDESTE,SP,São Paulo,354840,Santópolis do Aguapeí,3921,0,0,0,0,0,0,0,0.0,0.0,0.0,0.0,0.0,0.0,6.4949169935857824,0.5883124914251073
municipio,SUDESTE,SP,São Paulo,355110,Sarapuí,10677,0,0,0,0,0,0,0,0.0,0.0,0.0,0.0,0.0,0.0,17.68585277748416,1.601992468999202
municipio,SUDESTE,SP,São Paulo,355120,Sarutaiá,3772,0,0,0,0,0,0,0,0.0,0.0,0.0,0.0,0.0,0.0,6.248106834941487,0.5659563166680706
municipio,SUDESTE,SP,São Paulo,355130,Sebastianópolis do Sul,3191,0,0,0,0,0,0,0,0.0,0.0,0.0,0.0,0.0,0.0,5.285712860630511,0.4787822392597596
municipio,SUDESTE,SP,São Paulo,355140,Serra Azul,13108,0,0,0,0,0,0,0,0.0,0.0,0.0,0.0,0.0,0.0,21.71266818462699,1.966743212853942
municipio,SUDESTE,SP,São Paulo,355160,Serra Negra,31047,1,1,1,49,33,0,0,67.3469387755102,0.0,15.782523271169516,10.629046284665186,0.0,0.0,18.427617418989488,4.65833662873637
municipio,SUDESTE,SP,São Paulo,355150,Serrana,45580,2,2,1,98,96,10,10,97.95918367346938,100.0,21.500658183413776,21.06186924089513,21.93944712593243,21.93944712593243,0.0,0.0
municipio,SUDESTE,SP,São Paulo,355170,Sertãozinho,132176,2,2,1,157,83,20,14,52.86624203821656,70.0,11.878101924706453,6.279506113061373,15.131340031473187,10.591938022031231,135.9421444897206,5.831877548228764
municipio,SUDESTE,SP,São Paulo,355180,Sete Barras,12903,0,0,0,0,0,0,0,0.0,0.0,0.0,0.0,0.0,0.0,21.37309716098887,1.9359847173828513
municipio,SUDESTE,SP,São Paulo,355190,Severínia,14693,0,0,0,0,0,0,0,0.0,0.0,0.0,0.0,0.0,0.0,24.338131952755905,2.2045588973499366
municipio,SUDESTE,SP,São Paulo,355200,Silveiras,6329,1,1,1,2,2,0,0,100.0,0.0,3.1600568810238583,3.1600568810238583,0.0,0.0,8.483634188320432,0.9496122821294323
municipio,SUDESTE,SP,São Paulo,355210,Socorro,41527,1,1,1,68,56,7,7,82.35294117647058,100.0,16.37488862667662,13.48520239843957,16.85650299804946,16.85650299804946,12.787150724977499,0.0
municipio,SUDESTE,SP,São Paulo,355220,Sorocaba,762172,12,12,1,2096,1142,378,171,54.48473282442748,45.23809523809524,27.500354250746554,14.983494539290342,49.59510451709063,22.435880614874332,120.49524989422686,0.0
municipio,SUDESTE,SP,São Paulo,355230,Sud Mennucci,7464,1,1,1,22,20,0,0,90.9090909090909,0.0,29.47481243301179,26.795284030010716,0.0,0.0,0.0,1.1199093180303497
municipio,SUDESTE,SP,São Paulo,355240,Sumaré,291116,2,2,1,299,211,76,36,70.5685618729097,47.368421052631575,10.270819879360804,7.247969881421838,26.106431800381976,12.366204537023044,271.2173566704205,7.679464232010076
municipio,SUDESTE,SP,São Paulo,355250,Suzano,320261,4,4,1,416,209,70,18,50.24038461538461,25.71428571428571,12.989405516125911,6.525927290553643,21.857172743481097,5.620415848323711,321.49441756765526,30.05242203935126
municipio,SUDESTE,SP,São Paulo,355255,Suzanápolis,3465,0,0,0,0,0,0,0,0.0,0.0,0.0,0.0,0.0,0.0,5.739578521493174,0.5198935941820956
municipio,SUDESTE,SP,São Paulo,354860,São Bento do Sapucaí,11989,1,1,1,40,26,0,0,65.0,0.0,33.36391692384686,21.68654600050046,0.0,0.0,0.0,1.798846840014183
municipio,SUDESTE,SP,São Paulo,354870,São Bernardo do Campo,841154,22,22,1,2122,816,381,138,38.454288407163055,36.22047244094488,25.22724732926432,9.700958445183641,45.29491626979126,16.406032664648805,577.3245113039161,0.0
municipio,SUDESTE,SP,São Paulo,354880,São Caetano do Sul,172693,7,7,1,1155,251,259,44,21.73160173160173,16.988416988416986,66.881691788318,14.534462890794648,149.97712704047066,25.47873972888305,35.056286756773645,0.0
municipio,SUDESTE,SP,São Paulo,354890,São Carlos,266427,5,5,1,506,288,94,60,56.916996047430835,63.829787234042556,18.99206912212351,10.809715231564368,35.281709436355925,22.5202400657591,153.32141031626608,0.0
municipio,SUDESTE,SP,São Paulo,354900,São Francisco,2623,0,0,0,0,0,0,0,0.0,0.0,0.0,0.0,0.0,0.0,4.344852658550244,0.3935587005886398
municipio,SUDESTE,SP,São Paulo,354940,São Joaquim da Barra,49885,1,1,1,113,81,10,8,71.68141592920354,80.0,22.652099829608098,16.237345895559788,20.046106043900974,16.03688483512078,1.631709825306493,0.0
municipio,SUDESTE,SP,São Paulo,354950,São José da Bela Vista,7664,0,0,0,0,0,0,0,0.0,0.0,0.0,0.0,0.0,0.0,12.69498695201261,1.1499176062948284
municipio,SUDESTE,SP,São Paulo,354960,São José do Barreiro,3888,0,0,0,0,0,0,0,0.0,0.0,0.0,0.0,0.0,0.0,6.440254341000133,0.5833611238614683
municipio,SUDESTE,SP,São Paulo,354970,São José do Rio Pardo,53427,2,2,1,151,86,10,7,56.95364238410596,70.0,28.262863346248153,16.096730117730736,18.717128043872947,13.101989630711063,2.498834536166178,1.0162640855315501
municipio,SUDESTE,SP,São Paulo,354980,São José do Rio Preto,504166,16,16,1,2760,1441,463,258,52.21014492753623,55.72354211663067,54.743874041486336,28.5818559760079,91.83483217829048,51.17362138660679,0.0,0.0
municipio,SUDESTE,SP,São Paulo,354990,São José dos Campos,727078,24,24,1,1938,951,324,161,49.07120743034056,49.691358024691354,26.654636778997574,13.079752103625747,44.56193145714765,22.1434289030888,253.36400353541524,0.0
municipio,SUDESTE,SP,São Paulo,354910,São João da Boa Vista,96080,2,2,1,224,105,30,18,46.875,60.0,23.313905079100753,10.928393005828477,31.22398001665279,18.734388009991676,54.15114122512675,0.0
municipio,SUDESTE,SP,São Paulo,354920,São João das Duas Pontes,2623,0,0,0,0,0,0,0,0.0,0.0,0.0,0.0,0.0,0.0,4.344852658550244,0.3935587005886398
municipio,SUDESTE,SP,São Paulo,354925,São João de Iracema,1882,0,0,0,0,0,0,0,0.0,0.0,0.0,0.0,0.0,0.0,3.1174276413997557,0.28237799256874574
municipio,SUDESTE,SP,São Paulo,354930,São João do Pau d'Alho,2293,0,0,0,0,0,0,0,0.0,0.0,0.0,0.0,0.0,0.0,3.7982261326937516,0.34404502495224965
municipio,SUDESTE,SP,São Paulo,354995,São Lourenço da Serra,16479,0,0,0,0,0,0,0,0.0,0.0,0.0,0.0,0.0,0.0,27.29654096845195,2.4725329115517325
municipio,SUDESTE,SP,São Paulo,355000,São Luiz do Paraitinga,10487,1,1,1,25,16,0,0,64.0,0.0,23.839038809955184,15.256984838371316,0.0,0.0,1.3711284141122426,1.573484595147947
municipio,SUDESTE,SP,São Paulo,355010,São Manuel,38131,1,1,1,70,51,10,7,72.85714285714285,70.0,18.357766646560542,13.374944271065537,26.225380923657916,18.357766646560542,12.161866840708868,0.0
municipio,SUDESTE,SP,São Paulo,355020,São Miguel Arcanjo,32924,1,1,1,79,79,0,0,100.0,0.0,23.99465435548536,23.99465435548536,0.0,0.0,0.0,4.939964414098504
municipio,SUDESTE,SP,São Paulo,355030,São Paulo,11904961,225,225,1,36941,17918,6141,2247,48.50437183617119,36.590131900341966,31.029921055600266,15.05086828927873,51.58353731692191,18.874484343123843,1801.9014299607218,0.0
municipio,SUDESTE,SP,São Paulo,355040,São Pedro,39855,2,2,1,87,71,10,10,81.60919540229885,100.0,21.82913059841927,17.81457784468699,25.09095471082675,25.09095471082675,0.0,0.0
municipio,SUDESTE,SP,São Paulo,355050,São Pedro do Turvo,7333,0,0,0,0,0,0,0,0.0,0.0,0.0,0.0,0.0,0.0,12.14670398213837,1.1002538892171159
municipio,SUDESTE,SP,São Paulo,355060,São Roque,81366,4,4,1,249,70,22,8,28.11244979919679,36.36363636363637,30.60246294521053,8.603102032790108,27.0383206744832,9.83211660890298,64.77822394799816,4.20827191463792
municipio,SUDESTE,SP,São Paulo,355070,São Sebastião,84280,2,2,1,114,113,8,7,99.12280701754386,87.5,13.526340768865687,13.407688656858094,9.492168960607499,8.305647840531561,26.605101815712754,5.645492674651376
municipio,SUDESTE,SP,São Paulo,355080,São Sebastião da Grama,10428,1,1,1,30,26,0,0,86.66666666666667,0.0,28.768699654775606,24.932873034138858,0.0,0.0,0.0,1.5646321501099256
municipio,SUDESTE,SP,São Paulo,355090,São Simão,13560,1,1,1,34,33,0,0,97.05882352941177,0.0,25.073746312684367,24.336283185840706,0.0,0.0,0.0,2.034561944331664
municipio,SUDESTE,SP,São Paulo,355100,São Vicente,338326,4,4,1,291,200,35,18,68.72852233676976,51.42857142857142,8.601171651011155,5.91145817938911,10.345051813930942,5.320312361450199,360.41807874825383,32.76292067684031
municipio,SUDESTE,SP,São Paulo,355260,Tabapuã,11498,1,1,1,30,11,0,0,36.666666666666664,0.0,26.091494172899633,9.566881196729867,0.0,0.0,8.045793316054406,1.7251764923248873
municipio,SUDESTE,SP,São Paulo,355270,Tabatinga,14997,1,1,1,35,22,0,0,62.857142857142854,0.0,23.338000933520036,14.669600586784025,0.0,0.0,2.841690934150975,2.2501714955119447
municipio,SUDESTE,SP,São Paulo,355280,Taboão da Serra,285307,5,5,1,598,393,36,35,65.7190635451505,97.22222222222221,20.959878306525955,13.774635743252007,12.617986940383517,12.267487303150642,79.5950733713284,7.807873499368294
municipio,SUDESTE,SP,São Paulo,355290,Taciba,6418,0,0,0,0,0,0,0,0.0,0.0,0.0,0.0,0.0,0.0,10.631057705899911,0.9629659704071254
municipio,SUDESTE,SP,São Paulo,355300,Taguaí,13068,1,1,1,30,25,0,0,83.33333333333334,0.0,22.95684113865932,19.13070094888277,0.0,0.0,0.0,1.9607415552010463
municipio,SUDESTE,SP,São Paulo,355310,Taiaçu,5744,0,0,0,0,0,0,0,0.0,0.0,0.0,0.0,0.0,0.0,9.514614437938468,0.8618380389558318
municipio,SUDESTE,SP,São Paulo,355320,Taiúva,6770,0,0,0,0,0,0,0,0.0,0.0,0.0,0.0,0.0,0.0,11.214126000146837,1.0157805577526082
municipio,SUDESTE,SP,São Paulo,355330,Tambaú,21650,1,1,1,36,27,0,0,75.0,0.0,16.628175519630485,12.471131639722863,0.0,0.0,8.862012984221423,3.2483972046298324
municipio,SUDESTE,SP,São Paulo,355340,Tanabi,26071,1,1,1,72,30,0,0,41.66666666666667,0.0,27.6168923324767,11.507038471865291,0.0,0.0,13.185151986680678,3.911730416716137
municipio,SUDESTE,SP,São Paulo,355360,Tapiratiba,11903,1,1,1,24,24,0,0,100.0,0.0,20.162984121650005,20.162984121650005,0.0,0.0,0.0,1.785943276060457
municipio,SUDESTE,SP,São Paulo,355350,Tapiraí,8122,0,0,0,0,0,0,0,0.0,0.0,0.0,0.0,0.0,0.0,13.45363831214071,1.218636586420485
municipio,SUDESTE,SP,São Paulo,355365,Taquaral,2649,0,0,0,0,0,0,0,0.0,0.0,0.0,0.0,0.0,0.0,4.387920203011665,0.397459778063022
municipio,SUDESTE,SP,São Paulo,355370,Taquaritinga,53264,1,1,1,138,88,13,10,63.76811594202898,76.92307692307693,25.908681285671374,16.521477921297688,24.406728747371584,18.774406728747373,0.2288341612734255,0.0
municipio,SUDESTE,SP,São Paulo,355380,Taquarituba,24932,1,1,1,50,35,0,0,70.0,0.0,20.05454837157067,14.03818386009947,0.0,0.0,6.298462250466903,3.74083321504993
municipio,SUDESTE,SP,São Paulo,355385,Taquarivaí,7170,0,0,0,0,0,0,0,0.0,0.0,0.0,0.0,0.0,0.0,11.876703607245616,1.0757971342815658
municipio,SUDESTE,SP,São Paulo,355390,Tarabai,6633,0,0,0,0,0,0,0,0.0,0.0,0.0,0.0,0.0,0.0,10.987193169715505,0.9952248802914401
municipio,SUDESTE,SP,São Paulo,355395,Tarumã,15315,0,0,0,0,0,0,0,0.0,0.0,0.0,0.0,0.0,0.0,25.368440131794507,2.2978846738524656
municipio,SUDESTE,SP,São Paulo,355400,Tatuí,129130,3,3,1,228,99,19,8,43.42105263157895,42.10526315789473,17.65662510648184,7.666692480446062,14.713854255401532,6.195307054905909,114.89661601166337,11.37485131796075
municipio,SUDESTE,SP,São Paulo,355410,Taubaté,322397,5,5,1,558,419,79,73,75.08960573476703,92.40506329113924,17.307853360918372,12.996398849865228,24.50395009879124,22.642890597617225,115.03258198956274,0.0
municipio,SUDESTE,SP,São Paulo,355420,Tejupá,4119,0,0,0,0,0,0,0,0.0,0.0,0.0,0.0,0.0,0.0,6.822892909099679,0.6180206968069414
municipio,SUDESTE,SP,São Paulo,355430,Teodoro Sampaio,22598,1,1,1,50,43,0,0,86.0,0.0,22.125851845296044,19.028232586954598,0.0,0.0,0.0,3.390636491003462
municipio,SUDESTE,SP,São Paulo,355440,Terra Roxa,7965,1,1,1,34,30,0,0,88.23529411764706,0.0,42.68675455116133,37.66478342749529,0.0,0.0,0.0,1.1950800801328691
municipio,SUDESTE,SP,São Paulo,355450,Tietê,38723,1,1,1,56,34,0,0,60.71428571428571,0.0,14.461689435219379,8.780311442811765,0.0,0.0,30.14248169921506,5.810054732327067
municipio,SUDESTE,SP,São Paulo,355460,Timburi,2484,0,0,0,0,0,0,0,0.0,0.0,0.0,0.0,0.0,0.0,4.114606940083418,0.372702940244827
municipio,SUDESTE,SP,São Paulo,355465,Torre de Pedra,2056,0,0,0,0,0,0,0,0.0,0.0,0.0,0.0,0.0,0.0,3.405648900487725,0.3084852033588423
municipio,SUDESTE,SP,São Paulo,355470,Torrinha,9484,1,1,1,20,13,0,0,65.0,0.0,21.08814846056516,13.707296499367356,0.0,0.0,2.709715064312053,1.4229930295015858
municipio,SUDESTE,SP,São Paulo,355475,Trabiju,1724,0,0,0,0,0,0,0,0.0,0.0,0.0,0.0,0.0,0.0,2.855709486595738,0.2586714448398074
municipio,SUDESTE,SP,São Paulo,355480,Tremembé,53426,2,2,1,12,0,0,0,0.0,0.0,2.2460974057574963,0.0,0.0,0.0,88.49717809214843,8.016114044090228
municipio,SUDESTE,SP,São Paulo,355490,Três Fronteiras,7060,0,0,0,0,0,0,0,0.0,0.0,0.0,0.0,0.0,0.0,11.69449476529345,1.0592925757361025
municipio,SUDESTE,SP,São Paulo,355495,Tuiuti,6976,0,0,0,0,0,0,0,0.0,0.0,0.0,0.0,0.0,0.0,11.555353467802707,1.0466890946650214
municipio,SUDESTE,SP,São Paulo,355510,Tupi Paulista,16259,1,1,1,48,30,0,0,62.5,0.0,29.52211083092441,18.451319269327755,0.0,0.0,0.0,2.4395237944608055
municipio,SUDESTE,SP,São Paulo,355500,Tupã,65433,2,2,1,368,352,32,32,95.65217391304348,100.0,56.24073479742638,53.79548545840784,48.904986780370756,48.904986780370756,0.0,0.0
municipio,SUDESTE,SP,São Paulo,355520,Turiúba,1835,0,0,0,0,0,0,0,0.0,0.0,0.0,0.0,0.0,0.0,3.0395747725656492,0.2753260448265932
municipio,SUDESTE,SP,São Paulo,355530,Turmalina,1662,0,0,0,0,0,0,0,0.0,0.0,0.0,0.0,0.0,0.0,2.7530099574954274,0.24936887547781902
municipio,SUDESTE,SP,São Paulo,355535,Ubarana,5458,0,0,0,0,0,0,0,0.0,0.0,0.0,0.0,0.0,0.0,9.040871448862841,0.818926186737627
municipio,SUDESTE,SP,São Paulo,355540,Ubatuba,97096,1,1,1,92,86,0,0,93.47826086956522,0.0,9.475158605915794,8.857213479443026,0.0,0.0,74.83408834715765,14.568423786639178
municipio,SUDESTE,SP,São Paulo,355550,Ubirajara,5289,0,0,0,0,0,0,0,0.0,0.0,0.0,0.0,0.0,0.0,8.760932409863608,0.7935691831541424
municipio,SUDESTE,SP,São Paulo,355560,Uchoa,10670,1,1,1,4,4,0,0,100.0,0.0,3.7488284910965324,3.7488284910965324,0.0,0.0,13.674257669359935,1.6009421789099452
municipio,SUDESTE,SP,São Paulo,355570,União Paulista,1628,0,0,0,0,0,0,0,0.0,0.0,0.0,0.0,0.0,0.0,2.6966908608920312,0.2442674664728576
municipio,SUDESTE,SP,São Paulo,355590,Uru,1424,0,0,0,0,0,0,0,0.0,0.0,0.0,0.0,0.0,0.0,2.3587762812716537,0.21365901244308919
municipio,SUDESTE,SP,São Paulo,355600,Urupês,14073,1,1,1,29,14,0,0,48.275862068965516,0.0,20.60683578483621,9.948127620265756,0.0,0.0,9.311136661752798,2.1115332037300525
municipio,SUDESTE,SP,São Paulo,355580,Urânia,8973,1,1,1,26,24,0,0,92.3076923076923,0.0,28.975816337902597,26.746907388833165,0.0,0.0,0.0,1.3463218529858423
municipio,SUDESTE,SP,São Paulo,355610,Valentim Gentil,14634,0,0,0,0,0,0,0,0.0,0.0,0.0,0.0,0.0,0.0,24.240401755708834,2.1957064523119154
municipio,SUDESTE,SP,São Paulo,355620,Valinhos,132258,2,2,1,231,70,81,11,30.303030303030305,13.580246913580247,17.465862178469354,5.292685508627077,61.24393231411332,8.31707722784255,149.07797289917582,8.8441809464172
municipio,SUDESTE,SP,São Paulo,355630,Valparaíso,24779,1,1,1,50,32,0,0,64.0,0.0,20.178376851366078,12.91416118487429,0.0,0.0,9.045026315751619,3.7178768745276036
municipio,SUDESTE,SP,São Paulo,355635,Vargem,10863,0,0,0,0,0,0,0,0.0,0.0,0.0,0.0,0.0,0.0,17.993951364785094,1.629900177085167
municipio,SUDESTE,SP,São Paulo,355645,Vargem Grande Paulista,52352,1,1,1,40,0,0,0,0.0,0.0,7.640586797066015,0.0,0.0,0.0,86.71815721708822,7.8549695361099765
municipio,SUDESTE,SP,São Paulo,355640,Vargem Grande do Sul,41256,1,1,1,54,35,0,0,64.81481481481481,0.0,13.089005235602095,8.483614504556913,0.0,0.0,33.338254396168075,6.190109703196691
municipio,SUDESTE,SP,São Paulo,355660,Vera Cruz,10274,0,0,0,0,0,0,0,0.0,0.0,0.0,0.0,0.0,0.0,17.018305838332143,1.541525768146277
municipio,SUDESTE,SP,São Paulo,355670,Vinhedo,79089,1,1,1,100,63,18,0,63.0,0.0,12.643983360517899,7.9657095171262755,22.759170048932216,0.0,68.00650091958836,11.866627552746827
municipio,SUDESTE,SP,São Paulo,355680,Viradouro,17685,1,1,1,23,20,0,0,86.95652173913044,0.0,13.005371783997738,11.309018942606729,0.0,0.0,9.294212453854772,2.6534828897865395
municipio,SUDESTE,SP,São Paulo,355690,Vista Alegre do Alto,8368,0,0,0,0,0,0,0,0.0,0.0,0.0,0.0,0.0,0.0,13.86112354050646,1.2555467809857939
municipio,SUDESTE,SP,São Paulo,355695,Vitória Brasil,1828,0,0,0,0,0,0,0,0.0,0.0,0.0,0.0,0.0,0.0,3.0279796644414207,0.27427575473733645
municipio,SUDESTE,SP,São Paulo,355700,Votorantim,133510,2,2,1,122,74,10,10,60.65573770491803,100.0,9.137892292712156,5.542655980825406,7.490075649764063,7.490075649764063,147.15184080939503,10.032032830952836
municipio,SUDESTE,SP,São Paulo,355710,Votuporanga,100568,2,2,1,258,146,42,21,56.58914728682171,50.0,25.654283668761433,14.517540370694455,41.76278736775117,20.881393683875586,20.585261976775055,0.0
municipio,SUDESTE,SP,São Paulo,355650,Várzea Paulista,119655,2,2,1,81,73,0,0,90.12345679012346,0.0,6.769462203836029,6.100873344197902,0.0,0.0,125.20180894351105,17.953208661431066
municipio,SUDESTE,SP,São Paulo,355715,Zacarias,2773,0,0,0,0,0,0,0,0.0,0.0,0.0,0.0,0.0,0.0,4.593319261212286,0.41606491678699886
municipio,SUDESTE,SP,São Paulo,350040,Águas da Prata,7463,0,0,0,0,0,0,0,0.0,0.0,0.0,0.0,0.0,0.0,12.362041704445472,1.1197592765890272
municipio,SUDESTE,SP,São Paulo,350050,Águas de Lindóia,18257,1,1,1,42,30,0,0,71.42857142857143,0.0,23.004874842526153,16.432053458947255,0.0,0.0,0.24169843200602323,2.7393065942229495
municipio,SUDESTE,SP,São Paulo,350055,Águas de Santa Bárbara,7460,0,0,0,0,0,0,0,0.0,0.0,0.0,0.0,0.0,0.0,12.35707237239223,1.11930915226506
municipio,SUDESTE,SP,São Paulo,350060,Águas de São Pedro,2928,0,0,0,0,0,0,0,0.0,0.0,0.0,0.0,0.0,0.0,4.8500680839630625,0.43932134019196994
municipio,SUDESTE,SP,São Paulo,350120,Álvares Florence,3979,0,0,0,0,0,0,0,0.0,0.0,0.0,0.0,0.0,0.0,6.590990746615105,0.5970148950218062
municipio,SUDESTE,SP,São Paulo,350130,Álvares Machado,28386,1,1,1,18,16,0,0,88.88888888888889,0.0,6.341154090044388,5.63658141337279,0.0,0.0,31.01981988776486,4.25907635337748
municipio,SUDESTE,SP,São Paulo,350140,Álvaro de Carvalho,4901,0,0,0,0,0,0,0,0.0,0.0,0.0,0.0,0.0,0.0,8.118232130977791,0.7353531039210536
municipio,SUDESTE,SP,São Paulo,353380,Óleo,2535,0,0,0,0,0,0,0,0.0,0.0,0.0,0.0,0.0,0.0,4.199085584988513,0.3803550537522691
municipio,NORTE,TO,Tocantins,170025,Abreulândia,2682,0,0,0,0,0,0,0,0.0,0.0,0.0,0.0,0.0,0.0,4.442582855597315,0.402411145626661
municipio,NORTE,TO,Tocantins,170030,Aguiarnópolis,4502,0,0,0,0,0,0,0,0.0,0.0,0.0,0.0,0.0,0.0,7.45731096789676,0.6754865688334183
municipio,NORTE,TO,Tocantins,170035,Aliança do Tocantins,5196,0,0,0,0,0,0,0,0.0,0.0,0.0,0.0,0.0,0.0,8.60688311621314,0.7796153291111598
municipio,NORTE,TO,Tocantins,170040,Almas,6483,0,0,0,0,0,0,0,0.0,0.0,0.0,0.0,0.0,0.0,10.738726567053464,0.972718664093081
municipio,NORTE,TO,Tocantins,170070,Alvorada,9128,1,1,1,37,37,0,0,100.0,0.0,40.53461875547765,40.53461875547765,0.0,0.0,0.0,1.3695782763908133
municipio,NORTE,TO,Tocantins,170100,Ananás,10700,1,1,1,20,20,0,0,100.0,0.0,18.69158878504673,18.69158878504673,0.0,0.0,0.0,1.6054434221496168
municipio,NORTE,TO,Tocantins,170105,Angico,2903,0,0,0,0,0,0,0,0.0,0.0,0.0,0.0,0.0,0.0,4.8086569835193895,0.43557030415891007
municipio,NORTE,TO,Tocantins,170110,Aparecida do Rio Negro,5110,0,0,0,0,0,0,0,0.0,0.0,0.0,0.0,0.0,0.0,8.464428930686903,0.7667117651574339
municipio,NORTE,TO,Tocantins,170130,Aragominas,5330,0,0,0,0,0,0,0,0.0,0.0,0.0,0.0,0.0,0.0,8.828846614591232,0.7997208822483606
municipio,NORTE,TO,Tocantins,170190,Araguacema,6022,1,1,1,24,24,0,0,100.0,0.0,39.85386914646297,39.85386914646297,0.0,0.0,0.0,0.9035495596434573
municipio,NORTE,TO,Tocantins,170215,Araguanã,4300,0,0,0,0,0,0,0,0.0,0.0,0.0,0.0,0.0,0.0,7.122709276311875,0.6451781976862947
municipio,NORTE,TO,Tocantins,170220,Araguatins,33286,1,1,1,30,30,0,0,100.0,0.0,9.012798173406237,9.012798173406237,0.0,0.0,25.136395574724908,4.994279415857211
municipio,NORTE,TO,Tocantins,170200,Araguaçu,8242,1,1,1,29,29,0,0,100.0,0.0,35.18563455471973,35.18563455471973,0.0,0.0,0.0,1.2366415593791722
municipio,NORTE,TO,Tocantins,170210,Araguaína,183024,7,7,1,740,615,115,74,83.1081081081081,64.34782608695652,40.431855931462536,33.60215053763441,62.83328962321882,40.43185593146254,0.0,0.0
municipio,NORTE,TO,Tocantins,170230,Arapoema,5488,1,1,1,29,29,0,0,100.0,0.0,52.84256559766764,52.84256559766764,0.0,0.0,0.0,0.8234274299772989
municipio,NORTE,TO,Tocantins,170240,Arraias,10511,1,1,1,55,55,0,0,100.0,0.0,52.32613452573495,52.32613452573495,0.0,0.0,0.0,1.5770855897396843
municipio,NORTE,TO,Tocantins,170255,Augustinópolis,18237,1,1,1,110,95,10,0,86.36363636363636,0.0,60.31693809288808,52.091901080221525,54.83358008444372,0.0,0.0,2.7363057653965015
municipio,NORTE,TO,Tocantins,170270,Aurora do Tocantins,3418,0,0,0,0,0,0,0,0.0,0.0,0.0,0.0,0.0,0.0,5.661725652659068,0.5128416464399431
municipio,NORTE,TO,Tocantins,170290,Axixá do Tocantins,10732,0,0,0,0,0,0,0,0.0,0.0,0.0,0.0,0.0,0.0,17.77695719846024,1.6102447482719335
municipio,NORTE,TO,Tocantins,170300,Babaçulândia,7636,0,0,0,0,0,0,0,0.0,0.0,0.0,0.0,0.0,0.0,12.648606519515694,1.1457164459378013
municipio,NORTE,TO,Tocantins,170305,Bandeirantes do Tocantins,3555,1,1,1,3,3,0,0,100.0,0.0,8.438818565400844,8.438818565400844,0.0,0.0,2.8886584830903996,0.533397323901111
municipio,NORTE,TO,Tocantins,170307,Barra do Ouro,4667,0,0,0,0,0,0,0,0.0,0.0,0.0,0.0,0.0,0.0,7.730624230825006,0.7002434066516133
municipio,NORTE,TO,Tocantins,170310,Barrolândia,4890,0,0,0,0,0,0,0,0.0,0.0,0.0,0.0,0.0,0.0,8.100011246782575,0.7337026480665072
municipio,NORTE,TO,Tocantins,170320,Bernardo Sayão,4307,0,0,0,0,0,0,0,0.0,0.0,0.0,0.0,0.0,0.0,7.1343043844361045,0.6462284877755514
municipio,NORTE,TO,Tocantins,170330,Bom Jesus do Tocantins,4201,0,0,0,0,0,0,0,0.0,0.0,0.0,0.0,0.0,0.0,6.958721318554928,0.6303240949953777
municipio,NORTE,TO,Tocantins,170360,Brasilândia do Tocantins,2013,0,0,0,0,0,0,0,0.0,0.0,0.0,0.0,0.0,0.0,3.334421807724606,0.30203342138197936
municipio,NORTE,TO,Tocantins,170370,Brejinho de Nazaré,4774,1,1,1,5,5,0,0,100.0,0.0,10.473397570171764,10.473397570171764,0.0,0.0,2.9078637407239287,0.7162978408731095
municipio,NORTE,TO,Tocantins,170380,Buriti do Tocantins,10696,0,0,0,0,0,0,0,0.0,0.0,0.0,0.0,0.0,0.0,17.717325213821354,1.6048432563843273
municipio,NORTE,TO,Tocantins,170382,Cachoeirinha,1982,0,0,0,0,0,0,0,0.0,0.0,0.0,0.0,0.0,0.0,3.2830720431744504,0.2973821367009851
municipio,NORTE,TO,Tocantins,170384,Campos Lindos,8990,0,0,0,0,0,0,0,0.0,0.0,0.0,0.0,0.0,0.0,14.891431719545063,1.3488725574883231
municipio,NORTE,TO,Tocantins,170386,Cariri do Tocantins,4166,0,0,0,0,0,0,0,0.0,0.0,0.0,0.0,0.0,0.0,6.900745777933784,0.6250726445490938
municipio,NORTE,TO,Tocantins,170388,Carmolândia,2242,0,0,0,0,0,0,0,0.0,0.0,0.0,0.0,0.0,0.0,3.7137474877886567,0.3363929114448076
municipio,NORTE,TO,Tocantins,170389,Carrasco Bonito,3344,0,0,0,0,0,0,0,0.0,0.0,0.0,0.0,0.0,0.0,5.539148795345794,0.5017385797820859
municipio,NORTE,TO,Tocantins,170390,Caseara,5028,0,0,0,0,0,0,0,0.0,0.0,0.0,0.0,0.0,0.0,8.328600521231653,0.7544083669689976
municipio,NORTE,TO,Tocantins,170410,Centenário,2111,0,0,0,0,0,0,0,0.0,0.0,0.0,0.0,0.0,0.0,3.4967533214638067,0.316737482631574
municipio,NORTE,TO,Tocantins,170510,Chapada da Natividade,3176,0,0,0,0,0,0,0,0.0,0.0,0.0,0.0,0.0,0.0,5.2608662003643065,0.4765316176399237
municipio,NORTE,TO,Tocantins,170460,Chapada de Areia,1574,0,0,0,0,0,0,0,0.0,0.0,0.0,0.0,0.0,0.0,2.607242883933696,0.23616522864144834
municipio,NORTE,TO,Tocantins,170550,Colinas do Tocantins,36209,1,1,1,65,65,0,0,100.0,0.0,17.95133806512193,17.95133806512193,0.0,0.0,0.0,5.432850548842568
municipio,NORTE,TO,Tocantins,171670,Colméia,9155,1,1,1,21,21,0,0,100.0,0.0,22.938285090114693,22.938285090114693,0.0,0.0,0.0,1.3736293953065182
municipio,NORTE,TO,Tocantins,170555,Combinado,4906,0,0,0,0,0,0,0,0.0,0.0,0.0,0.0,0.0,0.0,8.126514351066527,0.7361033111276655
municipio,NORTE,TO,Tocantins,170560,Conceição do Tocantins,3942,0,0,0,0,0,0,0,0.0,0.0,0.0,0.0,0.0,0.0,6.529702317958469,0.5914633616928776
municipio,NORTE,TO,Tocantins,170600,Couto Magalhães,5540,0,0,0,0,0,0,0,0.0,0.0,0.0,0.0,0.0,0.0,9.176699858318091,0.8312295849260634
municipio,NORTE,TO,Tocantins,170610,Cristalândia,6392,1,1,1,28,28,0,0,100.0,0.0,43.80475594493116,43.80475594493116,0.0,0.0,0.0,0.9590648929327431
municipio,NORTE,TO,Tocantins,170625,Crixás do Tocantins,1494,0,0,0,0,0,0,0,0.0,0.0,0.0,0.0,0.0,0.0,2.4747273625139403,0.2241619133356568
municipio,NORTE,TO,Tocantins,170650,Darcinópolis,6093,0,0,0,0,0,0,0,0.0,0.0,0.0,0.0,0.0,0.0,10.092713400132153,0.9142025019773473
municipio,NORTE,TO,Tocantins,170700,Dianópolis,17966,1,1,1,48,48,0,0,100.0,0.0,26.717132361126573,26.717132361126573,0.0,0.0,0.0,2.695644534798132
municipio,NORTE,TO,Tocantins,170710,Divinópolis do Tocantins,7343,1,1,1,26,26,0,0,100.0,0.0,35.407871442189844,35.407871442189844,0.0,0.0,0.0,1.1017543036303399
municipio,NORTE,TO,Tocantins,170720,Dois Irmãos do Tocantins,6352,0,0,0,0,0,0,0,0.0,0.0,0.0,0.0,0.0,0.0,10.521732400728613,0.9530632352798474
municipio,NORTE,TO,Tocantins,170730,Dueré,4304,1,1,1,17,16,0,0,94.11764705882352,0.0,39.49814126394052,37.174721189591075,0.0,0.0,0.0,0.6457783634515842
municipio,NORTE,TO,Tocantins,170740,Esperantina,7385,0,0,0,0,0,0,0,0.0,0.0,0.0,0.0,0.0,0.0,12.23283907106121,1.1080560441658804
municipio,NORTE,TO,Tocantins,170765,Figueirópolis,5334,1,1,1,5,5,0,0,100.0,0.0,9.373828271466067,9.373828271466067,0.0,0.0,3.8354723906622197,0.8003210480136501
municipio,NORTE,TO,Tocantins,170770,Filadélfia,7784,1,1,1,5,5,0,0,100.0,0.0,6.423432682425488,6.423432682425488,0.0,0.0,7.893760234142242,1.1679225792535157
municipio,NORTE,TO,Tocantins,170820,Formoso do Araguaia,19473,1,1,1,39,39,0,0,100.0,0.0,20.027730704051763,20.027730704051763,0.0,0.0,0.0,2.9217569868709803
municipio,NORTE,TO,Tocantins,170755,Fátima,3503,0,0,0,0,0,0,0,0.0,0.0,0.0,0.0,0.0,0.0,5.802523394167559,0.5255951689523466
municipio,NORTE,TO,Tocantins,170830,Goianorte,4832,0,0,0,0,0,0,0,0.0,0.0,0.0,0.0,0.0,0.0,8.003937493753252,0.7250002444698084
municipio,NORTE,TO,Tocantins,170900,Goiatins,12851,1,1,1,19,19,0,0,100.0,0.0,14.784841646564471,14.784841646564471,0.0,0.0,2.2869620720660246,1.9281825624340865
municipio,NORTE,TO,Tocantins,170930,Guaraí,25831,1,1,1,64,61,0,0,95.3125,0.0,24.776431419612095,23.615036196817776,0.0,0.0,0.0,3.8757204707987625
municipio,NORTE,TO,Tocantins,170950,Gurupi,90209,4,4,1,260,176,36,20,67.6923076923077,55.55555555555556,28.821957897770734,19.510248423106344,39.90732631999025,22.170736844439027,0.0,0.0
municipio,NORTE,TO,Tocantins,170980,Ipueiras,1626,0,0,0,0,0,0,0,0.0,0.0,0.0,0.0,0.0,0.0,2.693377972856537,0.2439673835902128
municipio,NORTE,TO,Tocantins,171050,Itacajá,6959,1,1,1,28,28,0,0,100.0,0.0,40.23566604397183,40.23566604397183,0.0,0.0,0.0,1.0441383901625405
municipio,NORTE,TO,Tocantins,171070,Itaguatins,5160,0,0,0,0,0,0,0,0.0,0.0,0.0,0.0,0.0,0.0,8.547251131574251,0.7742138372235535
municipio,NORTE,TO,Tocantins,171090,Itapiratins,3685,0,0,0,0,0,0,0,0.0,0.0,0.0,0.0,0.0,0.0,6.103996205397502,0.5529027112730223
municipio,NORTE,TO,Tocantins,171110,Itaporã do Tocantins,2464,0,0,0,0,0,0,0,0.0,0.0,0.0,0.0,0.0,0.0,4.08147805972848,0.36970211141837905
municipio,NORTE,TO,Tocantins,171150,Jaú do Tocantins,3396,0,0,0,0,0,0,0,0.0,0.0,0.0,0.0,0.0,0.0,5.625283884268635,0.5095407347308504
municipio,NORTE,TO,Tocantins,171180,Juarina,2308,0,0,0,0,0,0,0,0.0,0.0,0.0,0.0,0.0,0.0,3.8230727929599553,0.3462956465720856
municipio,NORTE,TO,Tocantins,171190,Lagoa da Confusão,16629,1,1,1,31,31,0,0,100.0,0.0,18.6421312165494,18.6421312165494,0.0,0.0,0.0,2.4950391277500916
municipio,NORTE,TO,Tocantins,171195,Lagoa do Tocantins,3613,0,0,0,0,0,0,0,0.0,0.0,0.0,0.0,0.0,0.0,5.984732236119723,0.5420997274978099
municipio,NORTE,TO,Tocantins,171200,Lajeado,3559,0,0,0,0,0,0,0,0.0,0.0,0.0,0.0,0.0,0.0,5.895284259161388,0.5339974896664007
municipio,NORTE,TO,Tocantins,171215,Lavandeira,1676,0,0,0,0,0,0,0,0.0,0.0,0.0,0.0,0.0,0.0,2.7762001737438844,0.25146945565633255
municipio,NORTE,TO,Tocantins,171240,Lizarda,2950,0,0,0,0,0,0,0,0.0,0.0,0.0,0.0,0.0,0.0,4.8865098523534956,0.44262225190106264
municipio,NORTE,TO,Tocantins,171245,Luzinópolis,2811,0,0,0,0,0,0,0,0.0,0.0,0.0,0.0,0.0,0.0,4.656264133886671,0.4217664915572498
municipio,NORTE,TO,Tocantins,171250,Marianópolis do Tocantins,4793,1,1,1,35,35,0,0,100.0,0.0,73.02315877321094,73.02315877321094,0.0,0.0,0.0,0.719148628258235
municipio,NORTE,TO,Tocantins,171270,Mateiros,2922,0,0,0,0,0,0,0,0.0,0.0,0.0,0.0,0.0,0.0,4.840129419856582,0.4384210915440356
municipio,NORTE,TO,Tocantins,171280,Maurilândia do Tocantins,3171,0,0,0,0,0,0,0,0.0,0.0,0.0,0.0,0.0,0.0,5.252583980275572,0.4757814104333117
municipio,NORTE,TO,Tocantins,171320,Miracema do Tocantins,18679,1,1,1,83,83,0,0,100.0,0.0,44.43492692328284,44.43492692328284,0.0,0.0,0.0,2.8026240824609996
municipio,NORTE,TO,Tocantins,171330,Miranorte,13073,1,1,1,20,20,0,0,100.0,0.0,15.298707259236595,15.298707259236595,0.0,0.0,1.6546926440058483,1.961491762407658
municipio,NORTE,TO,Tocantins,171370,Monte Santo do Tocantins,2521,0,0,0,0,0,0,0,0.0,0.0,0.0,0.0,0.0,0.0,4.175895368740056,0.3782544735737555
municipio,NORTE,TO,Tocantins,171360,Monte do Carmo,5667,1,1,1,15,15,0,0,100.0,0.0,26.469031233456857,26.469031233456857,0.0,0.0,0.0,0.8502848479740074
municipio,NORTE,TO,Tocantins,171395,Muricilândia,3501,0,0,0,0,0,0,0,0.0,0.0,0.0,0.0,0.0,0.0,5.799210506132065,0.5252950860697018
municipio,NORTE,TO,Tocantins,171420,Natividade,8956,1,1,1,25,25,0,0,100.0,0.0,27.914247431889233,27.914247431889233,0.0,0.0,0.0,1.3437711484833617
municipio,NORTE,TO,Tocantins,171430,Nazaré,4672,0,0,0,0,0,0,0,0.0,0.0,0.0,0.0,0.0,0.0,7.73890645091374,0.7009936138582253
municipio,NORTE,TO,Tocantins,171488,Nova Olinda,10600,0,0,0,0,0,0,0,0.0,0.0,0.0,0.0,0.0,0.0,17.55830658811765,1.5904392780173777
municipio,NORTE,TO,Tocantins,171500,Nova Rosalândia,3382,0,0,0,0,0,0,0,0.0,0.0,0.0,0.0,0.0,0.0,5.602093668020178,0.5074401545523369
municipio,NORTE,TO,Tocantins,171510,Novo Acordo,4118,0,0,0,0,0,0,0,0.0,0.0,0.0,0.0,0.0,0.0,6.821236465081932,0.6178706553656189
municipio,NORTE,TO,Tocantins,171515,Novo Alegre,1817,0,0,0,0,0,0,0,0.0,0.0,0.0,0.0,0.0,0.0,3.0097587802462042,0.2726252988827901
municipio,NORTE,TO,Tocantins,171525,Novo Jardim,2251,0,0,0,0,0,0,0,0.0,0.0,0.0,0.0,0.0,0.0,3.72865548394838,0.33774328441670914
municipio,NORTE,TO,Tocantins,171550,Oliveira de Fátima,1220,0,0,0,0,0,0,0,0.0,0.0,0.0,0.0,0.0,0.0,2.020861701651276,0.1830505584133208
municipio,NORTE,TO,Tocantins,172100,Palmas,328499,22,22,1,1621,833,342,98,51.388032078963604,28.654970760233915,49.34566010855437,25.35776364616026,104.1099059662282,29.83266311312972,0.0,0.0
municipio,NORTE,TO,Tocantins,171570,Palmeirante,4905,0,0,0,0,0,0,0,0.0,0.0,0.0,0.0,0.0,0.0,8.124857907048778,0.7359532696863431
municipio,NORTE,TO,Tocantins,171380,Palmeiras do Tocantins,4850,0,0,0,0,0,0,0,0.0,0.0,0.0,0.0,0.0,0.0,8.033753486072698,0.7277009904136115
municipio,NORTE,TO,Tocantins,171575,Palmeirópolis,7104,1,1,1,33,33,0,0,100.0,0.0,46.4527027027027,46.4527027027027,0.0,0.0,0.0,1.0658943991542877
municipio,NORTE,TO,Tocantins,171620,Paranã,10877,1,1,1,33,33,0,0,100.0,0.0,30.33924795439919,30.33924795439919,0.0,0.0,0.0,1.6320007572636805
municipio,NORTE,TO,Tocantins,171610,Paraíso do Tocantins,55704,4,4,1,150,125,20,0,83.33333333333334,0.0,26.92804825506247,22.44004021255206,35.904064340083295,0.0,0.0,8.357908447422641
municipio,NORTE,TO,Tocantins,171630,Pau D'Arco,4057,0,0,0,0,0,0,0,0.0,0.0,0.0,0.0,0.0,0.0,6.720193379999367,0.6087181274449529
municipio,NORTE,TO,Tocantins,171650,Pedro Afonso,14895,1,1,1,35,35,0,0,100.0,0.0,23.497818059751594,23.497818059751594,0.0,0.0,0.0,2.23486726849706
municipio,NORTE,TO,Tocantins,171660,Peixe,9384,1,1,1,29,29,0,0,100.0,0.0,30.90366581415175,30.90366581415175,0.0,0.0,0.0,1.4079888853693463
municipio,NORTE,TO,Tocantins,171665,Pequizeiro,5035,0,0,0,0,0,0,0,0.0,0.0,0.0,0.0,0.0,0.0,8.340195629355883,0.7554586570582543
municipio,NORTE,TO,Tocantins,171700,Pindorama do Tocantins,4599,1,1,1,20,20,0,0,100.0,0.0,43.48771472059143,43.48771472059143,0.0,0.0,0.0,0.6900405886416906
municipio,NORTE,TO,Tocantins,171720,Piraquê,2229,1,1,1,6,6,0,0,100.0,0.0,26.917900403768506,26.917900403768506,0.0,0.0,0.0,0.33444237270761645
municipio,NORTE,TO,Tocantins,171750,Pium,7408,1,1,1,21,21,0,0,100.0,0.0,28.34773218142549,28.34773218142549,0.0,0.0,0.0,1.1115069973162957
municipio,NORTE,TO,Tocantins,171780,Ponte Alta do Bom Jesus,4280,0,0,0,0,0,0,0,0.0,0.0,0.0,0.0,0.0,0.0,7.089580395956937,0.6421773688598468
municipio,NORTE,TO,Tocantins,171790,Ponte Alta do Tocantins,7874,1,1,1,28,28,0,0,100.0,0.0,35.56007112014224,35.56007112014224,0.0,0.0,0.0,1.1814263089725312
municipio,NORTE,TO,Tocantins,171800,Porto Alegre do Tocantins,2960,0,0,0,0,0,0,0,0.0,0.0,0.0,0.0,0.0,0.0,4.903074292530966,0.44412266631428654
municipio,NORTE,TO,Tocantins,171820,Porto Nacional,69551,2,2,1,145,139,10,10,95.86206896551724,100.0,20.848010812209747,19.985334502738997,14.377938491179135,14.377938491179135,0.0,0.43553228541383227
municipio,NORTE,TO,Tocantins,171830,Praia Norte,9552,0,0,0,0,0,0,0,0.0,0.0,0.0,0.0,0.0,0.0,15.822353257518847,1.4331958475115085
municipio,NORTE,TO,Tocantins,171840,Presidente Kennedy,3016,0,0,0,0,0,0,0,0.0,0.0,0.0,0.0,0.0,0.0,4.9958351575247955,0.4525249870283406
municipio,NORTE,TO,Tocantins,171845,Pugmil,2223,0,0,0,0,0,0,0,0.0,0.0,0.0,0.0,0.0,0.0,3.682275051451465,0.3335421240596821
municipio,NORTE,TO,Tocantins,171850,Recursolândia,3454,0,0,0,0,0,0,0,0.0,0.0,0.0,0.0,0.0,0.0,5.721357637297958,0.5182431383275492
municipio,NORTE,TO,Tocantins,171855,Riachinho,4029,0,0,0,0,0,0,0,0.0,0.0,0.0,0.0,0.0,0.0,6.673812947502453,0.6045169670879259
municipio,NORTE,TO,Tocantins,171875,Rio Sono,4718,0,0,0,0,0,0,0,0.0,0.0,0.0,0.0,0.0,0.0,7.8151028757300995,0.7078955201590554
municipio,NORTE,TO,Tocantins,171865,Rio da Conceição,1827,0,0,0,0,0,0,0,0.0,0.0,0.0,0.0,0.0,0.0,3.0263232204236736,0.27412571329601404
municipio,NORTE,TO,Tocantins,171870,Rio dos Bois,2845,0,0,0,0,0,0,0,0.0,0.0,0.0,0.0,0.0,0.0,4.7125832304900666,0.4268679005622112
municipio,NORTE,TO,Tocantins,171880,Sampaio,4397,0,0,0,0,0,0,0,0.0,0.0,0.0,0.0,0.0,0.0,7.28338434603333,0.6597322174945669
municipio,NORTE,TO,Tocantins,171884,Sandolândia,3900,0,0,0,0,0,0,0,0.0,0.0,0.0,0.0,0.0,0.0,6.460131669213097,0.5851616211573369
municipio,NORTE,TO,Tocantins,171886,Santa Fé do Araguaia,7533,1,1,1,4,4,0,0,100.0,0.0,5.309969467675561,5.309969467675561,0.0,0.0,8.477992785687757,1.1302621774815949
municipio,NORTE,TO,Tocantins,171888,Santa Maria do Tocantins,2716,0,0,0,0,0,0,0,0.0,0.0,0.0,0.0,0.0,0.0,4.49890195220071,0.4075125546316224
municipio,NORTE,TO,Tocantins,171889,Santa Rita do Tocantins,2299,0,0,0,0,0,0,0,0.0,0.0,0.0,0.0,0.0,0.0,3.8081647968002335,0.34494527360018407
municipio,NORTE,TO,Tocantins,171890,Santa Rosa do Tocantins,4799,0,0,0,0,0,0,0,0.0,0.0,0.0,0.0,0.0,0.0,7.949274841167603,0.7200488769061694
municipio,NORTE,TO,Tocantins,171900,Santa Tereza do Tocantins,2907,0,0,0,0,0,0,0,0.0,0.0,0.0,0.0,0.0,0.0,4.815282759590377,0.43617046992419967
municipio,NORTE,TO,Tocantins,172000,Santa Terezinha do Tocantins,2461,0,0,0,0,0,0,0,0.0,0.0,0.0,0.0,0.0,0.0,4.076508727675239,0.36925198709441187
municipio,NORTE,TO,Tocantins,172065,Silvanópolis,5259,1,1,1,14,14,0,0,100.0,0.0,26.62103061418521,26.62103061418521,0.0,0.0,0.0,0.7890679399144707
municipio,NORTE,TO,Tocantins,172085,Sucupira,1591,0,0,0,0,0,0,0,0.0,0.0,0.0,0.0,0.0,0.0,2.635402432235394,0.23871593314392903
municipio,NORTE,TO,Tocantins,172010,São Bento do Tocantins,6004,0,0,0,0,0,0,0,0.0,0.0,0.0,0.0,0.0,0.0,9.945289882552675,0.9008488136996543
municipio,NORTE,TO,Tocantins,172015,São Félix do Tocantins,1897,0,0,0,0,0,0,0,0.0,0.0,0.0,0.0,0.0,0.0,3.1422743016659602,0.28462861418858165
municipio,NORTE,TO,Tocantins,172020,São Miguel do Tocantins,14116,0,0,0,0,0,0,0,0.0,0.0,0.0,0.0,0.0,0.0,23.382363754515914,2.1179849857069155
municipio,NORTE,TO,Tocantins,172025,São Salvador do Tocantins,2356,0,0,0,0,0,0,0,0.0,0.0,0.0,0.0,0.0,0.0,3.902582105811809,0.35349763575556054
municipio,NORTE,TO,Tocantins,172030,São Sebastião do Tocantins,4182,0,0,0,0,0,0,0,0.0,0.0,0.0,0.0,0.0,0.0,6.927248882217736,0.6274733076102521
municipio,NORTE,TO,Tocantins,172049,São Valério,4554,1,1,1,14,14,0,0,100.0,0.0,30.742204655248134,30.742204655248134,0.0,0.0,0.0,0.6832887237821827
municipio,NORTE,TO,Tocantins,172080,Sítio Novo do Tocantins,11446,1,1,1,20,20,0,0,100.0,0.0,17.473353136466887,17.473353136466887,0.0,0.0,0.0,1.717374337376123
municipio,NORTE,TO,Tocantins,170825,Tabocão,3741,0,0,0,0,0,0,0,0.0,0.0,0.0,0.0,0.0,0.0,6.196757070391332,0.5613050319870764
municipio,NORTE,TO,Tocantins,172090,Taguatinga,14199,1,1,1,31,31,0,0,100.0,0.0,21.832523417142053,21.832523417142053,0.0,0.0,0.0,2.130438425336674
municipio,NORTE,TO,Tocantins,172093,Taipas do Tocantins,2092,0,0,0,0,0,0,0,0.0,0.0,0.0,0.0,0.0,0.0,3.465280885126615,0.31388669524644847
municipio,NORTE,TO,Tocantins,172097,Talismã,2505,0,0,0,0,0,0,0,0.0,0.0,0.0,0.0,0.0,0.0,4.149392264456104,0.37585381051259725
municipio,NORTE,TO,Tocantins,172120,Tocantinópolis,23225,1,1,1,40,40,0,0,100.0,0.0,17.222820236813778,17.222820236813778,0.0,0.0,0.0,3.484712474712603
municipio,NORTE,TO,Tocantins,172110,Tocantínia,7802,0,0,0,0,0,0,0,0.0,0.0,0.0,0.0,0.0,0.0,12.923576226461687,1.1706233251973188
municipio,NORTE,TO,Tocantins,172125,Tupirama,2024,0,0,0,0,0,0,0,0.0,0.0,0.0,0.0,0.0,0.0,3.3526426919198222,0.3036838772365257
municipio,NORTE,TO,Tocantins,172130,Tupiratins,1886,0,0,0,0,0,0,0,0.0,0.0,0.0,0.0,0.0,0.0,3.1240534174707437,0.2829781583340353
municipio,NORTE,TO,Tocantins,172208,Wanderlândia,10734,0,0,0,0,0,0,0,0.0,0.0,0.0,0.0,0.0,0.0,17.780270086495737,1.6105448311545785
municipio,NORTE,TO,Tocantins,172210,Xambioá,10636,1,1,1,34,34,0,0,100.0,0.0,31.966904851447914,31.966904851447914,0.0,0.0,0.0,1.5958407699049837
