co_ibge6,municipio,uf,regiao,populacao_2025,ubs,ubs_por_10k_hab,pct_populacao_vinculada_aps,media_indicadores_previne,leitos_sus,leitos_sus_por_10k_hab,uti_total_sus,uti_sus_por_100k_hab,gap_estimado_leitos_sus_para_media_nacional,gap_estimado_uti_sus_para_media_nacional,sinais_aps,sinais_hospitalares,sinais_integrados,oportunidades_geradas,score_integrado
330452,Rio das Ostras,RJ,SUDESTE,168455,14,0.8310824849366301,22.989428848476194,35.333333333333336,99,5.8769404291947405,0,0.0,180.03627700956213,25.2752309979639,ubs_por_10k_abaixo_de_50pct_media_nacional;mais_de_10k_habitantes_por_ubs;vinculo_aps_abaixo_50pct;media_indicadores_previne_abaixo_40,leitos_sus_por_10k_abaixo_de_50pct_media_nacional;municipio_100k_mais_sem_uti_sus_no_arquivo,aps_fragil_e_leitos_sus_baixos;desempenho_aps_baixo_e_uti_sus_critica;baixa_densidade_ubs_e_baixo_vinculo;baixo_vinculo_e_baixo_desempenho_previne,gestao_de_carteira_e_qualidade_do_registro;gestao_territorial_e_busca_ativa_aps;monitoramento_territorial_preventivo;regulacao_integrada_aps_e_retaguarda,35
354730,Santana de Parnaíba,SP,SUDESTE,163787,14,0.854768693486052,19.690035172876847,34.0,74,4.518063094140561,0,0.0,197.30399633471933,24.574837549870963,ubs_por_10k_abaixo_de_50pct_media_nacional;mais_de_10k_habitantes_por_ubs;vinculo_aps_abaixo_50pct;media_indicadores_previne_abaixo_40,leitos_sus_por_10k_abaixo_de_50pct_media_nacional;municipio_100k_mais_sem_uti_sus_no_arquivo,aps_fragil_e_leitos_sus_baixos;desempenho_aps_baixo_e_uti_sus_critica;baixa_densidade_ubs_e_baixo_vinculo;baixo_vinculo_e_baixo_desempenho_previne,gestao_de_carteira_e_qualidade_do_registro;gestao_territorial_e_busca_ativa_aps;monitoramento_territorial_preventivo;regulacao_integrada_aps_e_retaguarda,35
352500,Jandira,SP,SUDESTE,121550,10,0.8227067050596462,16.608190969603566,36.0,0,0.0,0,0.0,201.3407703571415,18.237537192737005,ubs_por_10k_abaixo_de_50pct_media_nacional;mais_de_10k_habitantes_por_ubs;vinculo_aps_abaixo_50pct;media_indicadores_previne_abaixo_40,municipio_20k_mais_sem_leitos_sus_no_arquivo;municipio_100k_mais_sem_uti_sus_no_arquivo,aps_fragil_e_leitos_sus_baixos;desempenho_aps_baixo_e_uti_sus_critica;baixa_densidade_ubs_e_baixo_vinculo;baixo_vinculo_e_baixo_desempenho_previne,gestao_de_carteira_e_qualidade_do_registro;gestao_territorial_e_busca_ativa_aps;monitoramento_territorial_preventivo;regulacao_integrada_aps_e_retaguarda;validacao_cadastral_cnes_e_mapa_de_oferta,35
330045,Belford Roxo,RJ,SUDESTE,518384,57,1.0995709744127904,25.488217372260802,22.166666666666668,359,6.925368066915645,0,0.0,499.6740756957338,77.77908251846794,ubs_por_10k_abaixo_de_50pct_media_nacional;vinculo_aps_abaixo_50pct;media_indicadores_previne_abaixo_40,leitos_sus_por_10k_abaixo_de_50pct_media_nacional;municipio_100k_mais_sem_uti_sus_no_arquivo,aps_fragil_e_leitos_sus_baixos;desempenho_aps_baixo_e_uti_sus_critica;baixa_densidade_ubs_e_baixo_vinculo;baixo_vinculo_e_baixo_desempenho_previne,gestao_de_carteira_e_qualidade_do_registro;gestao_territorial_e_busca_ativa_aps;monitoramento_territorial_preventivo;regulacao_integrada_aps_e_retaguarda,33
330510,São João de Meriti,RJ,SUDESTE,466503,22,0.4715939661695637,25.59159421780956,27.833333333333332,249,5.3375862534646075,30,6.430826811403142,523.7361036110044,39.99478250122082,ubs_por_10k_abaixo_de_50pct_media_nacional;mais_de_10k_habitantes_por_ubs;vinculo_aps_abaixo_50pct;media_indicadores_previne_abaixo_40,leitos_sus_por_10k_abaixo_de_50pct_media_nacional;uti_sus_por_100k_abaixo_de_50pct_media_nacional,aps_fragil_e_leitos_sus_baixos;desempenho_aps_baixo_e_uti_sus_critica;baixa_densidade_ubs_e_baixo_vinculo;baixo_vinculo_e_baixo_desempenho_previne,gestao_de_carteira_e_qualidade_do_registro;gestao_territorial_e_busca_ativa_aps;monitoramento_territorial_preventivo;regulacao_integrada_aps_e_retaguarda,33
351907,Hortolândia,SP,SUDESTE,248842,23,0.9242812708465613,20.540894590649778,38.333333333333336,94,3.7774973678076855,10,4.0186142210720055,318.19284226418597,27.336612341547195,ubs_por_10k_abaixo_de_50pct_media_nacional;mais_de_10k_habitantes_por_ubs;vinculo_aps_abaixo_50pct;media_indicadores_previne_abaixo_40,leitos_sus_por_10k_abaixo_de_50pct_media_nacional;uti_sus_por_100k_abaixo_de_50pct_media_nacional,aps_fragil_e_leitos_sus_baixos;desempenho_aps_baixo_e_uti_sus_critica;baixa_densidade_ubs_e_baixo_vinculo;baixo_vinculo_e_baixo_desempenho_previne,gestao_de_carteira_e_qualidade_do_registro;gestao_territorial_e_busca_ativa_aps;monitoramento_territorial_preventivo;regulacao_integrada_aps_e_retaguarda,33
411820,Paranaguá,PR,SUL,150104,13,0.8660661941054203,35.149747361816594,32.833333333333336,116,7.727975270479134,10,6.662047646964771,132.63887283988785,12.521820508256646,ubs_por_10k_abaixo_de_50pct_media_nacional;mais_de_10k_habitantes_por_ubs;vinculo_aps_abaixo_50pct;media_indicadores_previne_abaixo_40,leitos_sus_por_10k_abaixo_de_50pct_media_nacional;uti_sus_por_100k_abaixo_de_50pct_media_nacional,aps_fragil_e_leitos_sus_baixos;desempenho_aps_baixo_e_uti_sus_critica;baixa_densidade_ubs_e_baixo_vinculo;baixo_vinculo_e_baixo_desempenho_previne,gestao_de_carteira_e_qualidade_do_registro;gestao_territorial_e_busca_ativa_aps;monitoramento_territorial_preventivo;regulacao_integrada_aps_e_retaguarda,33
354330,Ribeirão Pires,SP,SUDESTE,118954,13,1.092859424651546,24.164472522018556,36.0,43,3.61484271230896,0,0.0,154.04064168707043,17.848029611064067,ubs_por_10k_abaixo_de_50pct_media_nacional;vinculo_aps_abaixo_50pct;media_indicadores_previne_abaixo_40,leitos_sus_por_10k_abaixo_de_50pct_media_nacional;municipio_100k_mais_sem_uti_sus_no_arquivo,aps_fragil_e_leitos_sus_baixos;desempenho_aps_baixo_e_uti_sus_critica;baixa_densidade_ubs_e_baixo_vinculo;baixo_vinculo_e_baixo_desempenho_previne,gestao_de_carteira_e_qualidade_do_registro;gestao_territorial_e_busca_ativa_aps;monitoramento_territorial_preventivo;regulacao_integrada_aps_e_retaguarda,33
330170,Duque de Caxias,RJ,SUDESTE,866225,84,0.9697249559871858,16.065387194738367,23.5,1023,11.809864642558228,49,5.65672890992525,411.8532192728498,80.96964750949084,ubs_por_10k_abaixo_de_50pct_media_nacional;mais_de_10k_habitantes_por_ubs;vinculo_aps_abaixo_50pct;media_indicadores_previne_abaixo_40,leitos_sus_por_10k_entre_50_75pct_media_nacional;uti_sus_por_100k_abaixo_de_50pct_media_nacional,aps_fragil_e_leitos_sus_baixos;desempenho_aps_baixo_e_uti_sus_critica;baixa_densidade_ubs_e_baixo_vinculo;baixo_vinculo_e_baixo_desempenho_previne,gestao_de_carteira_e_qualidade_do_registro;gestao_territorial_e_busca_ativa_aps;monitoramento_territorial_preventivo;regulacao_integrada_aps_e_retaguarda,31
320130,Cariacica,ES,SUDESTE,376200,39,1.036682615629984,33.60666870847038,31.0,227,6.034024455077087,6,1.5948963317384373,396.15423947640176,50.44559022548466,ubs_por_10k_abaixo_de_50pct_media_nacional;vinculo_aps_abaixo_50pct;media_indicadores_previne_abaixo_40,leitos_sus_por_10k_abaixo_de_50pct_media_nacional;uti_sus_por_100k_abaixo_de_50pct_media_nacional,aps_fragil_e_leitos_sus_baixos;desempenho_aps_baixo_e_uti_sus_critica;baixa_densidade_ubs_e_baixo_vinculo;baixo_vinculo_e_baixo_desempenho_previne,gestao_de_carteira_e_qualidade_do_registro;gestao_territorial_e_busca_ativa_aps;monitoramento_territorial_preventivo;regulacao_integrada_aps_e_retaguarda,31
354520,Salto,SP,SUDESTE,141111,13,0.9212605679217071,22.02961641391615,33.5,126,8.929140889087314,10,7.0866197532439,107.74247178828956,11.172497826444355,ubs_por_10k_abaixo_de_50pct_media_nacional;mais_de_10k_habitantes_por_ubs;vinculo_aps_abaixo_50pct;media_indicadores_previne_abaixo_40,leitos_sus_por_10k_entre_50_75pct_media_nacional;uti_sus_por_100k_abaixo_de_50pct_media_nacional,aps_fragil_e_leitos_sus_baixos;desempenho_aps_baixo_e_uti_sus_critica;baixa_densidade_ubs_e_baixo_vinculo;baixo_vinculo_e_baixo_desempenho_previne,gestao_de_carteira_e_qualidade_do_registro;gestao_territorial_e_busca_ativa_aps;monitoramento_territorial_preventivo;regulacao_integrada_aps_e_retaguarda,31
330320,Nilópolis,RJ,SUDESTE,155500,17,1.0932475884244373,21.567530730854294,39.0,161,10.353697749196142,11,7.073954983922829,96.57704475965039,12.331444125632284,ubs_por_10k_abaixo_de_50pct_media_nacional;vinculo_aps_abaixo_50pct;media_indicadores_previne_abaixo_40,leitos_sus_por_10k_entre_50_75pct_media_nacional;uti_sus_por_100k_abaixo_de_50pct_media_nacional,aps_fragil_e_leitos_sus_baixos;desempenho_aps_baixo_e_uti_sus_critica;baixa_densidade_ubs_e_baixo_vinculo;baixo_vinculo_e_baixo_desempenho_previne,gestao_de_carteira_e_qualidade_do_registro;gestao_territorial_e_busca_ativa_aps;monitoramento_territorial_preventivo;regulacao_integrada_aps_e_retaguarda,29
260345,Camaragibe,PE,NORDESTE,156112,46,2.946602439274367,46.35715248666312,37.166666666666664,41,2.6263195654401965,0,0.0,217.59078849851153,23.42326948772159,vinculo_aps_abaixo_50pct;media_indicadores_previne_abaixo_40,leitos_sus_por_10k_abaixo_de_50pct_media_nacional;municipio_100k_mais_sem_uti_sus_no_arquivo,aps_fragil_e_leitos_sus_baixos;desempenho_aps_baixo_e_uti_sus_critica;baixo_vinculo_e_baixo_desempenho_previne,gestao_de_carteira_e_qualidade_do_registro;monitoramento_territorial_preventivo;regulacao_integrada_aps_e_retaguarda,27
330414,Queimados,RJ,SUDESTE,149135,23,1.5422268414523754,20.450322952787857,26.833333333333332,111,7.442920843531029,0,0.0,136.03377858669106,22.376430351615245,vinculo_aps_abaixo_50pct;media_indicadores_previne_abaixo_40,leitos_sus_por_10k_abaixo_de_50pct_media_nacional;municipio_100k_mais_sem_uti_sus_no_arquivo,aps_fragil_e_leitos_sus_baixos;desempenho_aps_baixo_e_uti_sus_critica;baixo_vinculo_e_baixo_desempenho_previne,gestao_de_carteira_e_qualidade_do_registro;monitoramento_territorial_preventivo;regulacao_integrada_aps_e_retaguarda,27
317120,Vespasiano,MG,SUDESTE,138583,22,1.587496301855206,28.08822884539488,25.833333333333332,48,3.463628294956813,0,0.0,181.55498131142528,20.79319306278134,vinculo_aps_abaixo_50pct;media_indicadores_previne_abaixo_40,leitos_sus_por_10k_abaixo_de_50pct_media_nacional;municipio_100k_mais_sem_uti_sus_no_arquivo,aps_fragil_e_leitos_sus_baixos;desempenho_aps_baixo_e_uti_sus_critica;baixo_vinculo_e_baixo_desempenho_previne,gestao_de_carteira_e_qualidade_do_registro;monitoramento_territorial_preventivo;regulacao_integrada_aps_e_retaguarda,27
315670,Sabará,MG,SUDESTE,134576,22,1.6347639995244323,31.452273505801053,32.666666666666664,99,7.3564379978599455,0,0.0,123.91761013231324,20.19197700740251,vinculo_aps_abaixo_50pct;media_indicadores_previne_abaixo_40,leitos_sus_por_10k_abaixo_de_50pct_media_nacional;municipio_100k_mais_sem_uti_sus_no_arquivo,aps_fragil_e_leitos_sus_baixos;desempenho_aps_baixo_e_uti_sus_critica;baixo_vinculo_e_baixo_desempenho_previne,gestao_de_carteira_e_qualidade_do_registro;monitoramento_territorial_preventivo;regulacao_integrada_aps_e_retaguarda,27
293070,Simões Filho,BA,NORDESTE,120419,19,1.577824097526138,31.682641992125856,33.0,80,6.643469884320581,0,0.0,119.4673321730697,18.067840322601377,vinculo_aps_abaixo_50pct;media_indicadores_previne_abaixo_40,leitos_sus_por_10k_abaixo_de_50pct_media_nacional;municipio_100k_mais_sem_uti_sus_no_arquivo,aps_fragil_e_leitos_sus_baixos;desempenho_aps_baixo_e_uti_sus_critica;baixo_vinculo_e_baixo_desempenho_previne,gestao_de_carteira_e_qualidade_do_registro;monitoramento_territorial_preventivo;regulacao_integrada_aps_e_retaguarda,27
330520,São Pedro da Aldeia,RJ,SUDESTE,110677,30,2.710590276209149,31.72057599768443,38.166666666666664,62,5.601886570832242,0,0.0,121.33025455217894,16.60613660123861,vinculo_aps_abaixo_50pct;media_indicadores_previne_abaixo_40,leitos_sus_por_10k_abaixo_de_50pct_media_nacional;municipio_100k_mais_sem_uti_sus_no_arquivo,aps_fragil_e_leitos_sus_baixos;desempenho_aps_baixo_e_uti_sus_critica;baixo_vinculo_e_baixo_desempenho_previne,gestao_de_carteira_e_qualidade_do_registro;monitoramento_territorial_preventivo;regulacao_integrada_aps_e_retaguarda,27
260005,Abreu e Lima,PE,NORDESTE,104248,36,3.4533036605018803,46.853624512963584,37.833333333333336,4,0.38370040672243116,0,0.0,168.6809759620838,15.641520174976941,vinculo_aps_abaixo_50pct;media_indicadores_previne_abaixo_40,leitos_sus_por_10k_abaixo_de_50pct_media_nacional;municipio_100k_mais_sem_uti_sus_no_arquivo,aps_fragil_e_leitos_sus_baixos;desempenho_aps_baixo_e_uti_sus_critica;baixo_vinculo_e_baixo_desempenho_previne,gestao_de_carteira_e_qualidade_do_registro;monitoramento_territorial_preventivo;regulacao_integrada_aps_e_retaguarda,27
330227,Japeri,RJ,SUDESTE,102171,16,1.5660020945278015,43.89274491184446,34.0,30,2.9362539272396275,0,0.0,139.24054173722342,15.329884101350329,vinculo_aps_abaixo_50pct;media_indicadores_previne_abaixo_40,leitos_sus_por_10k_abaixo_de_50pct_media_nacional;municipio_100k_mais_sem_uti_sus_no_arquivo,aps_fragil_e_leitos_sus_baixos;desempenho_aps_baixo_e_uti_sus_critica;baixo_vinculo_e_baixo_desempenho_previne,gestao_de_carteira_e_qualidade_do_registro;monitoramento_territorial_preventivo;regulacao_integrada_aps_e_retaguarda,27
352310,Itaquaquecetuba,SP,SUDESTE,382983,19,0.4961055712655653,19.958642793467547,33.333333333333336,282,7.363251110362601,30,7.833245862087874,352.38989924877933,27.463321321974462,ubs_por_10k_abaixo_de_50pct_media_nacional;mais_de_10k_habitantes_por_ubs;vinculo_aps_abaixo_50pct;media_indicadores_previne_abaixo_40,leitos_sus_por_10k_abaixo_de_50pct_media_nacional,aps_fragil_e_leitos_sus_baixos;baixa_densidade_ubs_e_baixo_vinculo;baixo_vinculo_e_baixo_desempenho_previne,gestao_de_carteira_e_qualidade_do_registro;gestao_territorial_e_busca_ativa_aps;regulacao_integrada_aps_e_retaguarda,26
354100,Praia Grande,SP,SUDESTE,368539,32,0.8682934506253069,35.251123566307506,36.833333333333336,257,6.973481775334496,50,13.56708516602042,353.46422185644246,5.296122743513809,ubs_por_10k_abaixo_de_50pct_media_nacional;mais_de_10k_habitantes_por_ubs;vinculo_aps_abaixo_50pct;media_indicadores_previne_abaixo_40,leitos_sus_por_10k_abaixo_de_50pct_media_nacional,aps_fragil_e_leitos_sus_baixos;baixa_densidade_ubs_e_baixo_vinculo;baixo_vinculo_e_baixo_desempenho_previne,gestao_de_carteira_e_qualidade_do_registro;gestao_territorial_e_busca_ativa_aps;regulacao_integrada_aps_e_retaguarda,26
355240,Sumaré,SP,SUDESTE,291116,27,0.9274653402767281,18.112958828380847,35.666666666666664,211,7.247969881421838,36,12.366204537023044,271.2173566704205,7.679464232010076,ubs_por_10k_abaixo_de_50pct_media_nacional;mais_de_10k_habitantes_por_ubs;vinculo_aps_abaixo_50pct;media_indicadores_previne_abaixo_40,leitos_sus_por_10k_abaixo_de_50pct_media_nacional,aps_fragil_e_leitos_sus_baixos;baixa_densidade_ubs_e_baixo_vinculo;baixo_vinculo_e_baixo_desempenho_previne,gestao_de_carteira_e_qualidade_do_registro;gestao_territorial_e_busca_ativa_aps;regulacao_integrada_aps_e_retaguarda,26
351510,Embu-Guaçu,SP,SUDESTE,68913,1,0.1451105016470042,34.12688031393068,33.666666666666664,17,2.4668785279990715,0,0.0,97.15052659499541,10.339805845850146,ubs_por_10k_abaixo_de_50pct_media_nacional;mais_de_10k_habitantes_por_ubs;vinculo_aps_abaixo_50pct;media_indicadores_previne_abaixo_40,leitos_sus_por_10k_abaixo_de_50pct_media_nacional,aps_fragil_e_leitos_sus_baixos;baixa_densidade_ubs_e_baixo_vinculo;baixo_vinculo_e_baixo_desempenho_previne,gestao_de_carteira_e_qualidade_do_registro;gestao_territorial_e_busca_ativa_aps;regulacao_integrada_aps_e_retaguarda,26
150070,Anajás,PA,NORTE,30247,1,0.330611300294244,48.04852848048529,24.833333333333332,21,6.942837306179125,0,0.0,29.10246220479193,4.538303475678454,ubs_por_10k_abaixo_de_50pct_media_nacional;mais_de_10k_habitantes_por_ubs;vinculo_aps_abaixo_50pct;media_indicadores_previne_abaixo_40,leitos_sus_por_10k_abaixo_de_50pct_media_nacional,aps_fragil_e_leitos_sus_baixos;baixa_densidade_ubs_e_baixo_vinculo;baixo_vinculo_e_baixo_desempenho_previne,gestao_de_carteira_e_qualidade_do_registro;gestao_territorial_e_busca_ativa_aps;regulacao_integrada_aps_e_retaguarda,26
315460,Ribeirão das Neves,MG,SUDESTE,346971,72,2.075101377348539,22.49324300810839,27.166666666666668,104,2.9973686561701123,6,1.7292511477904493,470.73803728167627,46.0600289370724,vinculo_aps_abaixo_50pct;media_indicadores_previne_abaixo_40,leitos_sus_por_10k_abaixo_de_50pct_media_nacional;uti_sus_por_100k_abaixo_de_50pct_media_nacional,aps_fragil_e_leitos_sus_baixos;desempenho_aps_baixo_e_uti_sus_critica;baixo_vinculo_e_baixo_desempenho_previne,gestao_de_carteira_e_qualidade_do_registro;monitoramento_territorial_preventivo;regulacao_integrada_aps_e_retaguarda,25
330250,Magé,RJ,SUDESTE,244142,78,3.1948620065371793,48.75333890500303,28.166666666666668,246,10.076103251386488,0,0.0,158.40755538077534,36.63141756733194,vinculo_aps_abaixo_50pct;media_indicadores_previne_abaixo_40,leitos_sus_por_10k_entre_50_75pct_media_nacional;municipio_100k_mais_sem_uti_sus_no_arquivo,aps_fragil_e_leitos_sus_baixos;desempenho_aps_baixo_e_uti_sus_critica;baixo_vinculo_e_baixo_desempenho_previne,gestao_de_carteira_e_qualidade_do_registro;monitoramento_territorial_preventivo;regulacao_integrada_aps_e_retaguarda,25
315780,Santa Luzia,MG,SUDESTE,230382,34,1.4758097420805445,37.46726337027144,31.333333333333332,129,5.599395786129124,10,4.34061688847219,252.61488569657737,24.566847334735797,vinculo_aps_abaixo_50pct;media_indicadores_previne_abaixo_40,leitos_sus_por_10k_abaixo_de_50pct_media_nacional;uti_sus_por_100k_abaixo_de_50pct_media_nacional,aps_fragil_e_leitos_sus_baixos;desempenho_aps_baixo_e_uti_sus_critica;baixo_vinculo_e_baixo_desempenho_previne,gestao_de_carteira_e_qualidade_do_registro;monitoramento_territorial_preventivo;regulacao_integrada_aps_e_retaguarda,25
312980,Ibirité,MG,SUDESTE,179582,29,1.6148611776235926,33.00431417971832,37.0,100,5.5684868193916985,10,5.5684868193916985,197.4675295950324,16.94474211555818,vinculo_aps_abaixo_50pct;media_indicadores_previne_abaixo_40,leitos_sus_por_10k_abaixo_de_50pct_media_nacional;uti_sus_por_100k_abaixo_de_50pct_media_nacional,aps_fragil_e_leitos_sus_baixos;desempenho_aps_baixo_e_uti_sus_critica;baixo_vinculo_e_baixo_desempenho_previne,gestao_de_carteira_e_qualidade_do_registro;monitoramento_territorial_preventivo;regulacao_integrada_aps_e_retaguarda,25
351880,Guarulhos,SP,SUDESTE,1349100,74,0.5485138240308354,26.879194032247035,39.0,1597,11.837521310503298,150,11.1185234600845,637.7086243424073,52.420908488041896,ubs_por_10k_abaixo_de_50pct_media_nacional;mais_de_10k_habitantes_por_ubs;vinculo_aps_abaixo_50pct;media_indicadores_previne_abaixo_40,leitos_sus_por_10k_entre_50_75pct_media_nacional,aps_fragil_e_leitos_sus_baixos;baixa_densidade_ubs_e_baixo_vinculo;baixo_vinculo_e_baixo_desempenho_previne,gestao_de_carteira_e_qualidade_do_registro;gestao_territorial_e_busca_ativa_aps;regulacao_integrada_aps_e_retaguarda,24
352590,Jundiaí,SP,SUDESTE,463039,40,0.8638581199423806,21.162122295047066,36.666666666666664,517,11.16536620025527,101,21.81241752854511,249.99818153352896,0.0,ubs_por_10k_abaixo_de_50pct_media_nacional;mais_de_10k_habitantes_por_ubs;vinculo_aps_abaixo_50pct;media_indicadores_previne_abaixo_40,leitos_sus_por_10k_entre_50_75pct_media_nacional,aps_fragil_e_leitos_sus_baixos;baixa_densidade_ubs_e_baixo_vinculo;baixo_vinculo_e_baixo_desempenho_previne,gestao_de_carteira_e_qualidade_do_registro;gestao_territorial_e_busca_ativa_aps;regulacao_integrada_aps_e_retaguarda,24
310670,Betim,MG,SUDESTE,431433,43,0.9966785109159475,34.631764344090435,34.166666666666664,475,11.009820760118025,66,15.29785621405873,239.64461190861897,0.0,ubs_por_10k_abaixo_de_50pct_media_nacional;mais_de_10k_habitantes_por_ubs;vinculo_aps_abaixo_50pct;media_indicadores_previne_abaixo_40,leitos_sus_por_10k_entre_50_75pct_media_nacional,aps_fragil_e_leitos_sus_baixos;baixa_densidade_ubs_e_baixo_vinculo;baixo_vinculo_e_baixo_desempenho_previne,gestao_de_carteira_e_qualidade_do_registro;gestao_territorial_e_busca_ativa_aps;regulacao_integrada_aps_e_retaguarda,24
421190,Palhoça,SC,SUL,253469,24,0.9468613518812952,23.76027081966946,54.333333333333336,0,0.0,0,0.0,419.8572087343011,38.030854090545915,ubs_por_10k_abaixo_de_50pct_media_nacional;mais_de_10k_habitantes_por_ubs;vinculo_aps_abaixo_50pct,municipio_20k_mais_sem_leitos_sus_no_arquivo;municipio_100k_mais_sem_uti_sus_no_arquivo,aps_fragil_e_leitos_sus_baixos;baixa_densidade_ubs_e_baixo_vinculo,gestao_territorial_e_busca_ativa_aps;regulacao_integrada_aps_e_retaguarda;validacao_cadastral_cnes_e_mapa_de_oferta,24
352440,Jacareí,SP,SUDESTE,250952,19,0.7571168988491823,30.309879664597066,39.5,252,10.041760974210208,40,15.939303133666996,163.68793914163206,0.0,ubs_por_10k_abaixo_de_50pct_media_nacional;mais_de_10k_habitantes_por_ubs;vinculo_aps_abaixo_50pct;media_indicadores_previne_abaixo_40,leitos_sus_por_10k_entre_50_75pct_media_nacional,aps_fragil_e_leitos_sus_baixos;baixa_densidade_ubs_e_baixo_vinculo;baixo_vinculo_e_baixo_desempenho_previne,gestao_de_carteira_e_qualidade_do_registro;gestao_territorial_e_busca_ativa_aps;regulacao_integrada_aps_e_retaguarda,24
352250,Itapevi,SP,SUDESTE,242995,16,0.6584497623407889,21.63902713248789,35.833333333333336,260,10.699808638037819,30,12.345933043889792,142.5076140924196,6.459320034135156,ubs_por_10k_abaixo_de_50pct_media_nacional;mais_de_10k_habitantes_por_ubs;vinculo_aps_abaixo_50pct;media_indicadores_previne_abaixo_40,leitos_sus_por_10k_entre_50_75pct_media_nacional,aps_fragil_e_leitos_sus_baixos;baixa_densidade_ubs_e_baixo_vinculo;baixo_vinculo_e_baixo_desempenho_previne,gestao_de_carteira_e_qualidade_do_registro;gestao_territorial_e_busca_ativa_aps;regulacao_integrada_aps_e_retaguarda,24
351630,Francisco Morato,SP,SUDESTE,171476,14,0.8164407847162286,37.570642931031465,39.333333333333336,194,11.313536588210594,29,16.91198768340759,90.04039438717564,0.0,ubs_por_10k_abaixo_de_50pct_media_nacional;mais_de_10k_habitantes_por_ubs;vinculo_aps_abaixo_50pct;media_indicadores_previne_abaixo_40,leitos_sus_por_10k_entre_50_75pct_media_nacional,aps_fragil_e_leitos_sus_baixos;baixa_densidade_ubs_e_baixo_vinculo;baixo_vinculo_e_baixo_desempenho_previne,gestao_de_carteira_e_qualidade_do_registro;gestao_territorial_e_busca_ativa_aps;regulacao_integrada_aps_e_retaguarda,24
410765,Fazenda Rio Grande,PR,SUL,165943,14,0.8436631855516654,22.802868004903843,54.0,84,5.061979113309992,0,0.0,190.87528963698176,24.898326897362047,ubs_por_10k_abaixo_de_50pct_media_nacional;mais_de_10k_habitantes_por_ubs;vinculo_aps_abaixo_50pct,leitos_sus_por_10k_abaixo_de_50pct_media_nacional;municipio_100k_mais_sem_uti_sus_no_arquivo,aps_fragil_e_leitos_sus_baixos;baixa_densidade_ubs_e_baixo_vinculo,gestao_territorial_e_busca_ativa_aps;regulacao_integrada_aps_e_retaguarda,24
355170,Sertãozinho,SP,SUDESTE,132176,14,1.059193802203123,9.847264437689969,8.833333333333334,83,6.279506113061373,14,10.591938022031231,135.9421444897206,5.831877548228764,ubs_por_10k_abaixo_de_50pct_media_nacional;vinculo_aps_abaixo_50pct;media_indicadores_previne_abaixo_40,leitos_sus_por_10k_abaixo_de_50pct_media_nacional,aps_fragil_e_leitos_sus_baixos;baixa_densidade_ubs_e_baixo_vinculo;baixo_vinculo_e_baixo_desempenho_previne,gestao_de_carteira_e_qualidade_do_registro;gestao_territorial_e_busca_ativa_aps;regulacao_integrada_aps_e_retaguarda,24
350650,Birigui,SP,SUDESTE,123340,13,1.053997081238852,28.045825609002506,39.666666666666664,87,7.053672774444624,10,8.107669855683477,117.30580514890855,8.506111372704089,ubs_por_10k_abaixo_de_50pct_media_nacional;vinculo_aps_abaixo_50pct;media_indicadores_previne_abaixo_40,leitos_sus_por_10k_abaixo_de_50pct_media_nacional,aps_fragil_e_leitos_sus_baixos;baixa_densidade_ubs_e_baixo_vinculo;baixo_vinculo_e_baixo_desempenho_previne,gestao_de_carteira_e_qualidade_do_registro;gestao_territorial_e_busca_ativa_aps;regulacao_integrada_aps_e_retaguarda,24
240325,Parnamirim,RN,NORDESTE,271713,32,1.1777132489060147,31.651181961990062,31.5,229,8.428010437483668,20,7.360707805662593,221.0773733940765,20.76821014603167,vinculo_aps_abaixo_50pct;media_indicadores_previne_abaixo_40,leitos_sus_por_10k_entre_50_75pct_media_nacional;uti_sus_por_100k_abaixo_de_50pct_media_nacional,aps_fragil_e_leitos_sus_baixos;desempenho_aps_baixo_e_uti_sus_critica;baixo_vinculo_e_baixo_desempenho_previne,gestao_de_carteira_e_qualidade_do_registro;monitoramento_territorial_preventivo;regulacao_integrada_aps_e_retaguarda,23
412550,São José dos Pinhais,PR,SUL,349880,31,0.886018063336001,27.935968800268483,52.666666666666664,133,3.8013033039899393,20,5.716245569909683,446.5566329293021,32.49649948987925,ubs_por_10k_abaixo_de_50pct_media_nacional;mais_de_10k_habitantes_por_ubs;vinculo_aps_abaixo_50pct,leitos_sus_por_10k_abaixo_de_50pct_media_nacional;uti_sus_por_100k_abaixo_de_50pct_media_nacional,aps_fragil_e_leitos_sus_baixos;baixa_densidade_ubs_e_baixo_vinculo,gestao_territorial_e_busca_ativa_aps;regulacao_integrada_aps_e_retaguarda,22
355100,São Vicente,SP,SUDESTE,338326,31,0.9162760178053121,23.068080743010636,44.0,200,5.91145817938911,18,5.320312361450199,360.41807874825383,32.76292067684031,ubs_por_10k_abaixo_de_50pct_media_nacional;mais_de_10k_habitantes_por_ubs;vinculo_aps_abaixo_50pct,leitos_sus_por_10k_abaixo_de_50pct_media_nacional;uti_sus_por_100k_abaixo_de_50pct_media_nacional,aps_fragil_e_leitos_sus_baixos;baixa_densidade_ubs_e_baixo_vinculo,gestao_territorial_e_busca_ativa_aps;regulacao_integrada_aps_e_retaguarda,22
355250,Suzano,SP,SUDESTE,320261,26,0.8118378447578695,31.54047652659483,61.166666666666664,209,6.525927290553643,18,5.620415848323711,321.49441756765526,30.05242203935126,ubs_por_10k_abaixo_de_50pct_media_nacional;mais_de_10k_habitantes_por_ubs;vinculo_aps_abaixo_50pct,leitos_sus_por_10k_abaixo_de_50pct_media_nacional;uti_sus_por_100k_abaixo_de_50pct_media_nacional,aps_fragil_e_leitos_sus_baixos;baixa_densidade_ubs_e_baixo_vinculo,gestao_territorial_e_busca_ativa_aps;regulacao_integrada_aps_e_retaguarda,22
150553,Parauapebas,PA,NORTE,305771,27,0.8830137586625284,33.66961794053284,52.666666666666664,205,6.7043637231784565,10,3.270421328379735,301.492543750502,35.87832155458977,ubs_por_10k_abaixo_de_50pct_media_nacional;mais_de_10k_habitantes_por_ubs;vinculo_aps_abaixo_50pct,leitos_sus_por_10k_abaixo_de_50pct_media_nacional;uti_sus_por_100k_abaixo_de_50pct_media_nacional,aps_fragil_e_leitos_sus_baixos;baixa_densidade_ubs_e_baixo_vinculo,gestao_territorial_e_busca_ativa_aps;regulacao_integrada_aps_e_retaguarda,22
351500,Embu das Artes,SP,SUDESTE,259788,21,0.8083514250080834,39.46622551798337,41.0,99,3.810799575038108,10,3.8492925000384925,331.32427848244413,28.978965958262123,ubs_por_10k_abaixo_de_50pct_media_nacional;mais_de_10k_habitantes_por_ubs;vinculo_aps_abaixo_50pct,leitos_sus_por_10k_abaixo_de_50pct_media_nacional;uti_sus_por_100k_abaixo_de_50pct_media_nacional,aps_fragil_e_leitos_sus_baixos;baixa_densidade_ubs_e_baixo_vinculo,gestao_territorial_e_busca_ativa_aps;regulacao_integrada_aps_e_retaguarda,22
410580,Colombo,PR,SUL,241672,25,1.0344599291601841,33.317547357926216,43.666666666666664,39,1.6137574894898872,0,0.0,361.3161386569404,36.26081520726563,ubs_por_10k_abaixo_de_50pct_media_nacional;vinculo_aps_abaixo_50pct,leitos_sus_por_10k_abaixo_de_50pct_media_nacional;municipio_100k_mais_sem_uti_sus_no_arquivo,aps_fragil_e_leitos_sus_baixos;baixa_densidade_ubs_e_baixo_vinculo,gestao_territorial_e_busca_ativa_aps;regulacao_integrada_aps_e_retaguarda,22
430310,Cachoeirinha,RS,SUL,141503,4,0.2826795191621379,23.571332526556407,53.333333333333336,101,7.1376578588439825,10,7.066987979053447,133.39179784324634,11.231314071442734,ubs_por_10k_abaixo_de_50pct_media_nacional;mais_de_10k_habitantes_por_ubs;vinculo_aps_abaixo_50pct,leitos_sus_por_10k_abaixo_de_50pct_media_nacional;uti_sus_por_100k_abaixo_de_50pct_media_nacional,aps_fragil_e_leitos_sus_baixos;baixa_densidade_ubs_e_baixo_vinculo,gestao_territorial_e_busca_ativa_aps;regulacao_integrada_aps_e_retaguarda,22
410040,Almirante Tamandaré,PR,SUL,125861,14,1.112338214379355,23.93900054492419,59.166666666666664,0,0.0,0,0.0,208.4817005176486,18.884365846277845,ubs_por_10k_abaixo_de_50pct_media_nacional;vinculo_aps_abaixo_50pct,municipio_20k_mais_sem_leitos_sus_no_arquivo;municipio_100k_mais_sem_uti_sus_no_arquivo,aps_fragil_e_leitos_sus_baixos;baixa_densidade_ubs_e_baixo_vinculo,gestao_territorial_e_busca_ativa_aps;regulacao_integrada_aps_e_retaguarda;validacao_cadastral_cnes_e_mapa_de_oferta,22
330185,Guapimirim,RJ,SUDESTE,54311,0,0.0,33.87661141804788,33.833333333333336,72,13.256982931634475,0,0.0,17.963131047854485,8.148900719660546,municipio_5k_mais_sem_ubs_no_arquivo;ubs_por_10k_abaixo_de_50pct_media_nacional;vinculo_aps_abaixo_50pct;media_indicadores_previne_abaixo_40,,baixa_densidade_ubs_e_baixo_vinculo;baixo_vinculo_e_baixo_desempenho_previne,gestao_de_carteira_e_qualidade_do_registro;gestao_territorial_e_busca_ativa_aps;validacao_cadastral_cnes_e_mapa_de_oferta,22
431730,Santa Vitória do Palmar,RS,SUL,31965,0,0.0,42.01683301523732,33.666666666666664,53,16.580635069607382,0,0.0,0.0,4.796074671870327,municipio_5k_mais_sem_ubs_no_arquivo;ubs_por_10k_abaixo_de_50pct_media_nacional;vinculo_aps_abaixo_50pct;media_indicadores_previne_abaixo_40,,baixa_densidade_ubs_e_baixo_vinculo;baixo_vinculo_e_baixo_desempenho_previne,gestao_de_carteira_e_qualidade_do_registro;gestao_territorial_e_busca_ativa_aps;validacao_cadastral_cnes_e_mapa_de_oferta,22
330350,Nova Iguaçu,RJ,SUDESTE,843220,64,0.7589952799981026,24.18669918367444,40.666666666666664,774,9.179099167477053,59,6.996987737482508,622.7467246445813,67.51794415186916,ubs_por_10k_abaixo_de_50pct_media_nacional;mais_de_10k_habitantes_por_ubs;vinculo_aps_abaixo_50pct,leitos_sus_por_10k_entre_50_75pct_media_nacional;uti_sus_por_100k_abaixo_de_50pct_media_nacional,aps_fragil_e_leitos_sus_baixos;baixa_densidade_ubs_e_baixo_vinculo,gestao_territorial_e_busca_ativa_aps;regulacao_integrada_aps_e_retaguarda,20
330070,Cabo Frio,RJ,SUDESTE,238438,3,0.125818871153088,26.5419917200608,48.666666666666664,241,10.107449315964736,5,2.0969811858848004,153.95919870354678,30.775581186029008,ubs_por_10k_abaixo_de_50pct_media_nacional;mais_de_10k_habitantes_por_ubs;vinculo_aps_abaixo_50pct,leitos_sus_por_10k_entre_50_75pct_media_nacional;uti_sus_por_100k_abaixo_de_50pct_media_nacional,aps_fragil_e_leitos_sus_baixos;baixa_densidade_ubs_e_baixo_vinculo,gestao_territorial_e_busca_ativa_aps;regulacao_integrada_aps_e_retaguarda,20
430060,Alvorada,RS,SUL,194062,20,1.0305984685306757,32.157575882462034,42.333333333333336,126,6.492770351743258,10,5.152992342653379,195.4528389720082,19.117342185906445,ubs_por_10k_abaixo_de_50pct_media_nacional;vinculo_aps_abaixo_50pct,leitos_sus_por_10k_abaixo_de_50pct_media_nacional;uti_sus_por_100k_abaixo_de_50pct_media_nacional,aps_fragil_e_leitos_sus_baixos;baixa_densidade_ubs_e_baixo_vinculo,gestao_territorial_e_busca_ativa_aps;regulacao_integrada_aps_e_retaguarda,20
522140,Trindade,GO,CENTRO-OESTE,153560,33,2.1489971346704873,30.541966617613912,39.0,504,32.82104714769471,0,0.0,0.0,23.040363729466836,vinculo_aps_abaixo_50pct;media_indicadores_previne_abaixo_40,municipio_100k_mais_sem_uti_sus_no_arquivo,desempenho_aps_baixo_e_uti_sus_critica;baixo_vinculo_e_baixo_desempenho_previne,gestao_de_carteira_e_qualidade_do_registro;monitoramento_territorial_preventivo,20
150210,Cametá,PA,NORTE,144859,30,2.070979366142249,61.19218281805099,30.0,151,10.423929476249318,0,0.0,88.95082396680512,21.73485314852069,vinculo_aps_entre_50_70pct;media_indicadores_previne_abaixo_40,leitos_sus_por_10k_entre_50_75pct_media_nacional;municipio_100k_mais_sem_uti_sus_no_arquivo,aps_fragil_e_leitos_sus_baixos;desempenho_aps_baixo_e_uti_sus_critica,monitoramento_territorial_preventivo;regulacao_integrada_aps_e_retaguarda,20
330020,Araruama,RJ,SUDESTE,137906,0,0.0,34.55321434533617,40.333333333333336,171,12.399750554725683,17,12.327237393586936,57.43356871141058,3.691615007006082,municipio_5k_mais_sem_ubs_no_arquivo;ubs_por_10k_abaixo_de_50pct_media_nacional;vinculo_aps_abaixo_50pct,leitos_sus_por_10k_entre_50_75pct_media_nacional,aps_fragil_e_leitos_sus_baixos;baixa_densidade_ubs_e_baixo_vinculo,gestao_territorial_e_busca_ativa_aps;regulacao_integrada_aps_e_retaguarda;validacao_cadastral_cnes_e_mapa_de_oferta,20
160060,Santana,AP,NORTE,118803,16,1.3467673375251465,42.89540611560332,36.166666666666664,204,17.17128355344562,0,0.0,0.0,17.825373353424386,vinculo_aps_abaixo_50pct;media_indicadores_previne_abaixo_40,municipio_100k_mais_sem_uti_sus_no_arquivo,desempenho_aps_baixo_e_uti_sus_critica;baixo_vinculo_e_baixo_desempenho_previne,gestao_de_carteira_e_qualidade_do_registro;monitoramento_territorial_preventivo,20
355030,São Paulo,SP,SUDESTE,11904961,645,0.5417909390883346,22.35684554378106,34.5,17918,15.05086828927873,2247,18.874484343123843,1801.9014299607218,0.0,ubs_por_10k_abaixo_de_50pct_media_nacional;mais_de_10k_habitantes_por_ubs;vinculo_aps_abaixo_50pct;media_indicadores_previne_abaixo_40,,baixa_densidade_ubs_e_baixo_vinculo;baixo_vinculo_e_baixo_desempenho_previne,gestao_de_carteira_e_qualidade_do_registro;gestao_territorial_e_busca_ativa_aps,19
230440,Fortaleza,CE,NORDESTE,2578483,140,0.542954907982717,42.79470418876233,39.333333333333336,6654,25.80587112654999,548,21.25280639818064,0.0,0.0,ubs_por_10k_abaixo_de_50pct_media_nacional;mais_de_10k_habitantes_por_ubs;vinculo_aps_abaixo_50pct;media_indicadores_previne_abaixo_40,,baixa_densidade_ubs_e_baixo_vinculo;baixo_vinculo_e_baixo_desempenho_previne,gestao_de_carteira_e_qualidade_do_registro;gestao_territorial_e_busca_ativa_aps,19
292740,Salvador,BA,NORDESTE,2564204,178,0.6941725385343755,28.584102006751454,33.166666666666664,6581,25.66488469716138,779,30.379798175184188,0.0,0.0,ubs_por_10k_abaixo_de_50pct_media_nacional;mais_de_10k_habitantes_por_ubs;vinculo_aps_abaixo_50pct;media_indicadores_previne_abaixo_40,,baixa_densidade_ubs_e_baixo_vinculo;baixo_vinculo_e_baixo_desempenho_previne,gestao_de_carteira_e_qualidade_do_registro;gestao_territorial_e_busca_ativa_aps,19
310620,Belo Horizonte,MG,SUDESTE,2415872,170,0.7036796651478224,34.43026826947709,19.833333333333332,6389,26.44593753311434,900,37.253629331355306,0.0,0.0,ubs_por_10k_abaixo_de_50pct_media_nacional;mais_de_10k_habitantes_por_ubs;vinculo_aps_abaixo_50pct;media_indicadores_previne_abaixo_40,,baixa_densidade_ubs_e_baixo_vinculo;baixo_vinculo_e_baixo_desempenho_previne,gestao_de_carteira_e_qualidade_do_registro;gestao_territorial_e_busca_ativa_aps,19
520870,Goiânia,GO,CENTRO-OESTE,1503256,106,0.7051360513445482,22.041296695635417,33.666666666666664,3864,25.70420473957862,545,36.254636602148935,0.0,0.0,ubs_por_10k_abaixo_de_50pct_media_nacional;mais_de_10k_habitantes_por_ubs;vinculo_aps_abaixo_50pct;media_indicadores_previne_abaixo_40,,baixa_densidade_ubs_e_baixo_vinculo;baixo_vinculo_e_baixo_desempenho_previne,gestao_de_carteira_e_qualidade_do_registro;gestao_territorial_e_busca_ativa_aps,19
150140,Belém,PA,NORTE,1397315,98,0.7013450796706542,25.54895100644891,30.0,3198,22.886750661089305,443,31.70366023409181,0.0,0.0,ubs_por_10k_abaixo_de_50pct_media_nacional;mais_de_10k_habitantes_por_ubs;vinculo_aps_abaixo_50pct;media_indicadores_previne_abaixo_40,,baixa_densidade_ubs_e_baixo_vinculo;baixo_vinculo_e_baixo_desempenho_previne,gestao_de_carteira_e_qualidade_do_registro;gestao_territorial_e_busca_ativa_aps,19
350950,Campinas,SP,SUDESTE,1187974,69,0.5808207923742439,28.2764336913785,39.0,1638,13.788180549405963,287,24.158777885711302,329.81242553891263,0.0,ubs_por_10k_abaixo_de_50pct_media_nacional;mais_de_10k_habitantes_por_ubs;vinculo_aps_abaixo_50pct;media_indicadores_previne_abaixo_40,,baixa_densidade_ubs_e_baixo_vinculo;baixo_vinculo_e_baixo_desempenho_previne,gestao_de_carteira_e_qualidade_do_registro;gestao_territorial_e_busca_ativa_aps,19
280030,Aracaju,SE,NORDESTE,630932,47,0.7449297230129395,40.9638879921889,37.833333333333336,1964,31.128552680796027,240,38.03896457938415,0.0,0.0,ubs_por_10k_abaixo_de_50pct_media_nacional;mais_de_10k_habitantes_por_ubs;vinculo_aps_abaixo_50pct;media_indicadores_previne_abaixo_40,,baixa_densidade_ubs_e_baixo_vinculo;baixo_vinculo_e_baixo_desempenho_previne,gestao_de_carteira_e_qualidade_do_registro;gestao_territorial_e_busca_ativa_aps,19
320520,Vila Velha,ES,SUDESTE,506779,36,0.7103688195446141,29.01874929160726,36.833333333333336,630,12.431454342030747,119,23.48163597939141,209.45104286978048,0.0,ubs_por_10k_abaixo_de_50pct_media_nacional;mais_de_10k_habitantes_por_ubs;vinculo_aps_abaixo_50pct;media_indicadores_previne_abaixo_40,,baixa_densidade_ubs_e_baixo_vinculo;baixo_vinculo_e_baixo_desempenho_previne,gestao_de_carteira_e_qualidade_do_registro;gestao_territorial_e_busca_ativa_aps,19
160030,Macapá,AP,NORTE,489676,40,0.8168666628546222,35.35570607553366,31.166666666666668,1053,21.504014899647927,79,16.133116591378787,0.0,0.0,ubs_por_10k_abaixo_de_50pct_media_nacional;mais_de_10k_habitantes_por_ubs;vinculo_aps_abaixo_50pct;media_indicadores_previne_abaixo_40,,baixa_densidade_ubs_e_baixo_vinculo;baixo_vinculo_e_baixo_desempenho_previne,gestao_de_carteira_e_qualidade_do_registro;gestao_territorial_e_busca_ativa_aps,19
411520,Maringá,PR,SUL,429660,42,0.9775171065493646,24.64018517170873,34.0,870,20.24856863566541,132,30.721966205837173,0.0,0.0,ubs_por_10k_abaixo_de_50pct_media_nacional;mais_de_10k_habitantes_por_ubs;vinculo_aps_abaixo_50pct;media_indicadores_previne_abaixo_40,,baixa_densidade_ubs_e_baixo_vinculo;baixo_vinculo_e_baixo_desempenho_previne,gestao_de_carteira_e_qualidade_do_registro;gestao_territorial_e_busca_ativa_aps,19
352940,Mauá,SP,SUDESTE,429014,25,0.5827315658696453,23.474544692347106,41.333333333333336,249,5.804006396061666,57,13.286279701827912,461.63767382968916,7.369878907485588,ubs_por_10k_abaixo_de_50pct_media_nacional;mais_de_10k_habitantes_por_ubs;vinculo_aps_abaixo_50pct,leitos_sus_por_10k_abaixo_de_50pct_media_nacional,aps_fragil_e_leitos_sus_baixos;baixa_densidade_ubs_e_baixo_vinculo,gestao_territorial_e_busca_ativa_aps;regulacao_integrada_aps_e_retaguarda,19
351380,Diadema,SP,SUDESTE,403579,21,0.5203442200907381,31.500947742985957,36.166666666666664,514,12.736044244125685,70,17.34480733635794,154.5060202382955,0.0,ubs_por_10k_abaixo_de_50pct_media_nacional;mais_de_10k_habitantes_por_ubs;vinculo_aps_abaixo_50pct;media_indicadores_previne_abaixo_40,,baixa_densidade_ubs_e_baixo_vinculo;baixo_vinculo_e_baixo_desempenho_previne,gestao_de_carteira_e_qualidade_do_registro;gestao_territorial_e_busca_ativa_aps,19
351060,Carapicuíba,SP,SUDESTE,398236,15,0.3766610753422594,25.91890820203683,45.5,258,6.478570495886861,39,9.793187958898743,401.65563985147355,20.751903426464942,ubs_por_10k_abaixo_de_50pct_media_nacional;mais_de_10k_habitantes_por_ubs;vinculo_aps_abaixo_50pct,leitos_sus_por_10k_abaixo_de_50pct_media_nacional,aps_fragil_e_leitos_sus_baixos;baixa_densidade_ubs_e_baixo_vinculo,gestao_territorial_e_busca_ativa_aps;regulacao_integrada_aps_e_retaguarda,19
320530,Vitória,ES,SUDESTE,343378,32,0.9319175951866456,35.95303383897316,34.0,1406,40.946129338513245,203,59.11852244465283,0.0,0.0,ubs_por_10k_abaixo_de_50pct_media_nacional;mais_de_10k_habitantes_por_ubs;vinculo_aps_abaixo_50pct;media_indicadores_previne_abaixo_40,,baixa_densidade_ubs_e_baixo_vinculo;baixo_vinculo_e_baixo_desempenho_previne,gestao_de_carteira_e_qualidade_do_registro;gestao_territorial_e_busca_ativa_aps,19
351870,Guarujá,SP,SUDESTE,294871,24,0.8139152375106402,27.617781966485065,29.666666666666668,375,12.717425586103754,62,21.02614363569154,113.43730395706024,0.0,ubs_por_10k_abaixo_de_50pct_media_nacional;mais_de_10k_habitantes_por_ubs;vinculo_aps_abaixo_50pct;media_indicadores_previne_abaixo_40,,baixa_densidade_ubs_e_baixo_vinculo;baixo_vinculo_e_baixo_desempenho_previne,gestao_de_carteira_e_qualidade_do_registro;gestao_territorial_e_busca_ativa_aps,19
355280,Taboão da Serra,SP,SUDESTE,285307,15,0.5257494558493132,21.962965308118225,35.833333333333336,393,13.774635743252007,35,12.267487303150642,79.5950733713284,7.807873499368294,ubs_por_10k_abaixo_de_50pct_media_nacional;mais_de_10k_habitantes_por_ubs;vinculo_aps_abaixo_50pct;media_indicadores_previne_abaixo_40,,baixa_densidade_ubs_e_baixo_vinculo;baixo_vinculo_e_baixo_desempenho_previne,gestao_de_carteira_e_qualidade_do_registro;gestao_territorial_e_busca_ativa_aps,19
291920,Lauro de Freitas,BA,NORDESTE,219564,20,0.9108961396221602,28.924114516425032,33.833333333333336,436,19.85753584376309,73,33.24770909620885,0.0,0.0,ubs_por_10k_abaixo_de_50pct_media_nacional;mais_de_10k_habitantes_por_ubs;vinculo_aps_abaixo_50pct;media_indicadores_previne_abaixo_40,,baixa_densidade_ubs_e_baixo_vinculo;baixo_vinculo_e_baixo_desempenho_previne,gestao_de_carteira_e_qualidade_do_registro;gestao_territorial_e_busca_ativa_aps,19
431560,Rio Grande,RS,SUL,198935,18,0.9048181566843441,31.56445078860865,35.0,490,24.6311609319627,45,22.620453917108605,0.0,0.0,ubs_por_10k_abaixo_de_50pct_media_nacional;mais_de_10k_habitantes_por_ubs;vinculo_aps_abaixo_50pct;media_indicadores_previne_abaixo_40,,baixa_densidade_ubs_e_baixo_vinculo;baixo_vinculo_e_baixo_desempenho_previne,gestao_de_carteira_e_qualidade_do_registro;gestao_territorial_e_busca_ativa_aps,19
354880,São Caetano do Sul,SP,SUDESTE,172693,16,0.9264996265048381,26.012004020707806,33.5,251,14.534462890794648,44,25.47873972888305,35.056286756773645,0.0,ubs_por_10k_abaixo_de_50pct_media_nacional;mais_de_10k_habitantes_por_ubs;vinculo_aps_abaixo_50pct;media_indicadores_previne_abaixo_40,,baixa_densidade_ubs_e_baixo_vinculo;baixo_vinculo_e_baixo_desempenho_previne,gestao_de_carteira_e_qualidade_do_registro;gestao_territorial_e_busca_ativa_aps,19
352210,Itanhaém,SP,SUDESTE,118495,11,0.9283092113591291,44.21594924852046,22.166666666666668,174,14.684163888771678,27,22.785771551542258,22.280333882924584,0.0,ubs_por_10k_abaixo_de_50pct_media_nacional;mais_de_10k_habitantes_por_ubs;vinculo_aps_abaixo_50pct;media_indicadores_previne_abaixo_40,,baixa_densidade_ubs_e_baixo_vinculo;baixo_vinculo_e_baixo_desempenho_previne,gestao_de_carteira_e_qualidade_do_registro;gestao_territorial_e_busca_ativa_aps,19
430930,Guaíba,RS,SUL,95946,6,0.6253517603652055,27.523031389386805,50.833333333333336,75,7.816897004565068,10,10.42252933942009,83.92917772674866,4.395876129118426,ubs_por_10k_abaixo_de_50pct_media_nacional;mais_de_10k_habitantes_por_ubs;vinculo_aps_abaixo_50pct,leitos_sus_por_10k_abaixo_de_50pct_media_nacional,aps_fragil_e_leitos_sus_baixos;baixa_densidade_ubs_e_baixo_vinculo,gestao_territorial_e_busca_ativa_aps;regulacao_integrada_aps_e_retaguarda,19
350390,Arujá,SP,SUDESTE,90273,8,0.8862007466241291,34.237239140344435,45.333333333333336,31,3.4340278931684995,0,0.0,118.53217081407023,13.544691032496484,ubs_por_10k_abaixo_de_50pct_media_nacional;mais_de_10k_habitantes_por_ubs;vinculo_aps_abaixo_50pct,leitos_sus_por_10k_abaixo_de_50pct_media_nacional,aps_fragil_e_leitos_sus_baixos;baixa_densidade_ubs_e_baixo_vinculo,gestao_territorial_e_busca_ativa_aps;regulacao_integrada_aps_e_retaguarda,19
351970,Ibiúna,SP,SUDESTE,77801,3,0.385599156823177,32.54562079045988,44.833333333333336,63,8.097582293286719,0,0.0,65.8730010247303,11.673374176323584,ubs_por_10k_abaixo_de_50pct_media_nacional;mais_de_10k_habitantes_por_ubs;vinculo_aps_abaixo_50pct,leitos_sus_por_10k_abaixo_de_50pct_media_nacional,aps_fragil_e_leitos_sus_baixos;baixa_densidade_ubs_e_baixo_vinculo,gestao_territorial_e_busca_ativa_aps;regulacao_integrada_aps_e_retaguarda,19
150040,Alenquer,PA,NORTE,75882,6,0.7907013520993121,43.54054198514084,29.833333333333332,101,13.310139427005087,0,0.0,24.694284954673897,11.385444650425908,ubs_por_10k_abaixo_de_50pct_media_nacional;mais_de_10k_habitantes_por_ubs;vinculo_aps_abaixo_50pct;media_indicadores_previne_abaixo_40,,baixa_densidade_ubs_e_baixo_vinculo;baixo_vinculo_e_baixo_desempenho_previne,gestao_de_carteira_e_qualidade_do_registro;gestao_territorial_e_busca_ativa_aps,19
431480,Portão,RS,SUL,35273,1,0.28350296260595925,25.42497942503618,36.166666666666664,61,17.293680718963515,0,0.0,0.0,5.292411759764807,ubs_por_10k_abaixo_de_50pct_media_nacional;mais_de_10k_habitantes_por_ubs;vinculo_aps_abaixo_50pct;media_indicadores_previne_abaixo_40,,baixa_densidade_ubs_e_baixo_vinculo;baixo_vinculo_e_baixo_desempenho_previne,gestao_de_carteira_e_qualidade_do_registro;gestao_territorial_e_busca_ativa_aps,19
314340,Monte Sião,MG,SUDESTE,25107,1,0.3982952961325527,31.492399631011107,46.333333333333336,0,0.0,0,0.0,41.588339953572614,3.767090467281349,ubs_por_10k_abaixo_de_50pct_media_nacional;mais_de_10k_habitantes_por_ubs;vinculo_aps_abaixo_50pct,municipio_20k_mais_sem_leitos_sus_no_arquivo,aps_fragil_e_leitos_sus_baixos;baixa_densidade_ubs_e_baixo_vinculo,gestao_territorial_e_busca_ativa_aps;regulacao_integrada_aps_e_retaguarda;validacao_cadastral_cnes_e_mapa_de_oferta,19
410465,Carambeí,PR,SUL,24469,1,0.4086803710817769,30.141976075168674,74.5,0,0.0,0,0.0,40.53152867025007,3.671364027717661,ubs_por_10k_abaixo_de_50pct_media_nacional;mais_de_10k_habitantes_por_ubs;vinculo_aps_abaixo_50pct,municipio_20k_mais_sem_leitos_sus_no_arquivo,aps_fragil_e_leitos_sus_baixos;baixa_densidade_ubs_e_baixo_vinculo,gestao_territorial_e_busca_ativa_aps;regulacao_integrada_aps_e_retaguarda;validacao_cadastral_cnes_e_mapa_de_oferta,19
431306,Nova Hartz,RS,SUL,20558,1,0.4864286409183773,23.340961098398168,44.833333333333336,0,0.0,0,0.0,34.053176116841755,3.084551950705778,ubs_por_10k_abaixo_de_50pct_media_nacional;mais_de_10k_habitantes_por_ubs;vinculo_aps_abaixo_50pct,municipio_20k_mais_sem_leitos_sus_no_arquivo,aps_fragil_e_leitos_sus_baixos;baixa_densidade_ubs_e_baixo_vinculo,gestao_territorial_e_busca_ativa_aps;regulacao_integrada_aps_e_retaguarda;validacao_cadastral_cnes_e_mapa_de_oferta,19
330490,São Gonçalo,RJ,SUDESTE,960196,131,1.3643047877724963,30.926808042870885,18.166666666666668,699,7.279763714908206,97,10.10210415373528,891.5109200645484,47.06919179199753,vinculo_aps_abaixo_50pct;media_indicadores_previne_abaixo_40,leitos_sus_por_10k_abaixo_de_50pct_media_nacional,aps_fragil_e_leitos_sus_baixos;baixo_vinculo_e_baixo_desempenho_previne,gestao_de_carteira_e_qualidade_do_registro;regulacao_integrada_aps_e_retaguarda,18
260790,Jaboatão dos Guararapes,PE,NORDESTE,684293,134,1.9582254969727881,29.38524920055321,32.666666666666664,536,7.8329019878911526,110,16.074985422910945,597.4930462361121,0.0,vinculo_aps_abaixo_50pct;media_indicadores_previne_abaixo_40,leitos_sus_por_10k_abaixo_de_50pct_media_nacional,aps_fragil_e_leitos_sus_baixos;baixo_vinculo_e_baixo_desempenho_previne,gestao_de_carteira_e_qualidade_do_registro;regulacao_integrada_aps_e_retaguarda,18
311860,Contagem,MG,SUDESTE,651718,136,2.0867921401587806,30.522866264087078,27.5,496,7.610653687637905,81,12.428688481828031,583.5343823580054,16.784708055748037,vinculo_aps_abaixo_50pct;media_indicadores_previne_abaixo_40,leitos_sus_por_10k_abaixo_de_50pct_media_nacional,aps_fragil_e_leitos_sus_baixos;baixo_vinculo_e_baixo_desempenho_previne,gestao_de_carteira_e_qualidade_do_registro;regulacao_integrada_aps_e_retaguarda,18
261070,Paulista,PE,NORDESTE,365144,62,1.697960256775409,28.646407317610755,24.666666666666668,254,6.956159761628289,30,8.215936726332625,350.84059441619155,24.786732050224273,vinculo_aps_abaixo_50pct;media_indicadores_previne_abaixo_40,leitos_sus_por_10k_abaixo_de_50pct_media_nacional,aps_fragil_e_leitos_sus_baixos;baixo_vinculo_e_baixo_desempenho_previne,gestao_de_carteira_e_qualidade_do_registro;regulacao_integrada_aps_e_retaguarda,18
260960,Olinda,PE,NORDESTE,364717,54,1.4806000268701485,35.752677872589636,27.5,249,6.827211235012352,40,10.967407606445546,355.1332928206136,14.72266435477961,vinculo_aps_abaixo_50pct;media_indicadores_previne_abaixo_40,leitos_sus_por_10k_abaixo_de_50pct_media_nacional,aps_fragil_e_leitos_sus_baixos;baixo_vinculo_e_baixo_desempenho_previne,gestao_de_carteira_e_qualidade_do_registro;regulacao_integrada_aps_e_retaguarda,18
432300,Viamão,RS,SUL,231996,24,1.034500594837842,30.52220254789693,46.666666666666664,198,8.534629907412198,15,6.465628717736513,186.2883863412209,19.809014221030143,ubs_por_10k_abaixo_de_50pct_media_nacional;vinculo_aps_abaixo_50pct,leitos_sus_por_10k_entre_50_75pct_media_nacional;uti_sus_por_100k_abaixo_de_50pct_media_nacional,aps_fragil_e_leitos_sus_baixos;baixa_densidade_ubs_e_baixo_vinculo,gestao_territorial_e_busca_ativa_aps;regulacao_integrada_aps_e_retaguarda,18
520800,Formosa,GO,CENTRO-OESTE,121559,21,1.7275561661415446,29.428609372665548,24.833333333333332,71,5.840785133145222,10,8.226457934007353,130.35567835330122,8.238887565708907,vinculo_aps_abaixo_50pct;media_indicadores_previne_abaixo_40,leitos_sus_por_10k_abaixo_de_50pct_media_nacional,aps_fragil_e_leitos_sus_baixos;baixo_vinculo_e_baixo_desempenho_previne,gestao_de_carteira_e_qualidade_do_registro;regulacao_integrada_aps_e_retaguarda,18
314480,Nova Lima,MG,SUDESTE,120959,22,1.8187981051430648,24.820802068120393,37.0,79,6.531138650286461,10,8.26726411428666,121.36181194265305,8.148862700915467,vinculo_aps_abaixo_50pct;media_indicadores_previne_abaixo_40,leitos_sus_por_10k_abaixo_de_50pct_media_nacional,aps_fragil_e_leitos_sus_baixos;baixo_vinculo_e_baixo_desempenho_previne,gestao_de_carteira_e_qualidade_do_registro;regulacao_integrada_aps_e_retaguarda,18
352850,Mairiporã,SP,SUDESTE,97835,18,1.8398323708284356,31.048573393977353,29.5,41,4.190729289109214,0,0.0,121.05820047627263,14.679304411776426,vinculo_aps_abaixo_50pct;media_indicadores_previne_abaixo_40,leitos_sus_por_10k_abaixo_de_50pct_media_nacional,aps_fragil_e_leitos_sus_baixos;baixo_vinculo_e_baixo_desempenho_previne,gestao_de_carteira_e_qualidade_do_registro;regulacao_integrada_aps_e_retaguarda,18
421130,Navegantes,SC,SUL,96046,25,2.6029194344376654,34.18750467319668,38.833333333333336,42,4.372904649855278,0,0.0,117.09482212852335,14.410880273250665,vinculo_aps_abaixo_50pct;media_indicadores_previne_abaixo_40,leitos_sus_por_10k_abaixo_de_50pct_media_nacional,aps_fragil_e_leitos_sus_baixos;baixo_vinculo_e_baixo_desempenho_previne,gestao_de_carteira_e_qualidade_do_registro;regulacao_integrada_aps_e_retaguarda,18
312410,Esmeraldas,MG,SUDESTE,93103,17,1.8259347174634546,19.83772509364114,20.333333333333332,53,5.692620001503711,0,0.0,101.21990738429409,13.969308311438859,vinculo_aps_abaixo_50pct;media_indicadores_previne_abaixo_40,leitos_sus_por_10k_abaixo_de_50pct_media_nacional,aps_fragil_e_leitos_sus_baixos;baixo_vinculo_e_baixo_desempenho_previne,gestao_de_carteira_e_qualidade_do_registro;regulacao_integrada_aps_e_retaguarda,18
150470,Moju,PA,NORTE,91760,15,1.6346992153443767,28.74938047249298,29.166666666666668,52,5.6669572798605055,0,0.0,99.99530306845995,13.767802655742884,vinculo_aps_abaixo_50pct;media_indicadores_previne_abaixo_40,leitos_sus_por_10k_abaixo_de_50pct_media_nacional,aps_fragil_e_leitos_sus_baixos;baixo_vinculo_e_baixo_desempenho_previne,gestao_de_carteira_e_qualidade_do_registro;regulacao_integrada_aps_e_retaguarda,18
313760,Lagoa Santa,MG,SUDESTE,81299,22,2.706060345145697,32.496467911128896,35.0,64,7.872175549514754,9,11.070246866505125,70.66724219880912,3.198219138069317,vinculo_aps_abaixo_50pct;media_indicadores_previne_abaixo_40,leitos_sus_por_10k_abaixo_de_50pct_media_nacional,aps_fragil_e_leitos_sus_baixos;baixo_vinculo_e_baixo_desempenho_previne,gestao_de_carteira_e_qualidade_do_registro;regulacao_integrada_aps_e_retaguarda,18
350960,Campo Limpo Paulista,SP,SUDESTE,79781,10,1.253431268096414,14.968052922937874,34.0,66,8.272646369436332,10,12.534312680964138,66.15276017986925,1.970456230141925,vinculo_aps_abaixo_50pct;media_indicadores_previne_abaixo_40,leitos_sus_por_10k_abaixo_de_50pct_media_nacional,aps_fragil_e_leitos_sus_baixos;baixo_vinculo_e_baixo_desempenho_previne,gestao_de_carteira_e_qualidade_do_registro;regulacao_integrada_aps_e_retaguarda,18
352400,Itupeva,SP,SUDESTE,74994,14,1.8668160119476225,19.100365628246468,36.0,50,6.667200042670081,0,0.0,74.2233626669146,11.252207850531624,vinculo_aps_abaixo_50pct;media_indicadores_previne_abaixo_40,leitos_sus_por_10k_abaixo_de_50pct_media_nacional,aps_fragil_e_leitos_sus_baixos;baixo_vinculo_e_baixo_desempenho_previne,gestao_de_carteira_e_qualidade_do_registro;regulacao_integrada_aps_e_retaguarda,18
353180,Monte Mor,SP,SUDESTE,67832,12,1.7690765420450525,27.463742272943414,38.666666666666664,26,3.832999174430947,0,0.0,86.35991061181096,10.177611047780637,vinculo_aps_abaixo_50pct;media_indicadores_previne_abaixo_40,leitos_sus_por_10k_abaixo_de_50pct_media_nacional,aps_fragil_e_leitos_sus_baixos;baixo_vinculo_e_baixo_desempenho_previne,gestao_de_carteira_e_qualidade_do_registro;regulacao_integrada_aps_e_retaguarda,18
353110,Mongaguá,SP,SUDESTE,64845,11,1.6963528413910094,37.16579612207257,32.666666666666664,36,5.551700208188758,0,0.0,71.41211233080082,9.729437262550645,vinculo_aps_abaixo_50pct;media_indicadores_previne_abaixo_40,leitos_sus_por_10k_abaixo_de_50pct_media_nacional,aps_fragil_e_leitos_sus_baixos;baixo_vinculo_e_baixo_desempenho_previne,gestao_de_carteira_e_qualidade_do_registro;regulacao_integrada_aps_e_retaguarda,18
312710,Frutal,MG,SUDESTE,61275,13,2.1215830273357814,31.214925667027664,29.166666666666668,45,7.343941248470012,0,0.0,56.49860718744423,9.1937893170297,vinculo_aps_abaixo_50pct;media_indicadores_previne_abaixo_40,leitos_sus_por_10k_abaixo_de_50pct_media_nacional,aps_fragil_e_leitos_sus_baixos;baixo_vinculo_e_baixo_desempenho_previne,gestao_de_carteira_e_qualidade_do_registro;regulacao_integrada_aps_e_retaguarda,18
421620,São Francisco do Sul,SC,SUL,56726,18,3.1731481155025913,31.56102108131364,33.0,37,6.522582237421993,0,0.0,56.96344335071336,8.511250800454128,vinculo_aps_abaixo_50pct;media_indicadores_previne_abaixo_40,leitos_sus_por_10k_abaixo_de_50pct_media_nacional,aps_fragil_e_leitos_sus_baixos;baixo_vinculo_e_baixo_desempenho_previne,gestao_de_carteira_e_qualidade_do_registro;regulacao_integrada_aps_e_retaguarda,18
350380,Artur Nogueira,SP,SUDESTE,53467,18,3.36656255260254,24.625166958255733,34.0,12,2.24437503506836,0,0.0,76.56509229687606,8.022265743184446,vinculo_aps_abaixo_50pct;media_indicadores_previne_abaixo_40,leitos_sus_por_10k_abaixo_de_50pct_media_nacional,aps_fragil_e_leitos_sus_baixos;baixo_vinculo_e_baixo_desempenho_previne,gestao_de_carteira_e_qualidade_do_registro;regulacao_integrada_aps_e_retaguarda,18
350840,Cabreúva,SP,SUDESTE,48654,8,1.644263575451145,30.35091700534318,39.833333333333336,17,3.4940600978336827,0,0.0,63.59262723946001,7.300116286099763,vinculo_aps_abaixo_50pct;media_indicadores_previne_abaixo_40,leitos_sus_por_10k_abaixo_de_50pct_media_nacional,aps_fragil_e_leitos_sus_baixos;baixo_vinculo_e_baixo_desempenho_previne,gestao_de_carteira_e_qualidade_do_registro;regulacao_integrada_aps_e_retaguarda,18
351150,Cerquilho,SP,SUDESTE,46391,9,1.9400314716216507,28.863837981695045,32.5,27,5.820094414864952,0,0.0,49.84409442729866,6.9605725043871844,vinculo_aps_abaixo_50pct;media_indicadores_previne_abaixo_40,leitos_sus_por_10k_abaixo_de_50pct_media_nacional,aps_fragil_e_leitos_sus_baixos;baixo_vinculo_e_baixo_desempenho_previne,gestao_de_carteira_e_qualidade_do_registro;regulacao_integrada_aps_e_retaguarda,18
354410,Rio Grande da Serra,SP,SUDESTE,45324,8,1.7650692789691997,24.94428139550279,15.333333333333334,0,0.0,0,0.0,75.07666866036266,6.80047828649619,vinculo_aps_abaixo_50pct;media_indicadores_previne_abaixo_40,municipio_20k_mais_sem_leitos_sus_no_arquivo,aps_fragil_e_leitos_sus_baixos;baixo_vinculo_e_baixo_desempenho_previne,gestao_de_carteira_e_qualidade_do_registro;regulacao_integrada_aps_e_retaguarda;validacao_cadastral_cnes_e_mapa_de_oferta,18
292920,São Francisco do Conde,BA,NORDESTE,41110,17,4.1352468985648265,49.67995700185674,39.5,34,8.270493797129653,0,0.0,34.096413569577024,6.168203652763622,vinculo_aps_abaixo_50pct;media_indicadores_previne_abaixo_40,leitos_sus_por_10k_abaixo_de_50pct_media_nacional,aps_fragil_e_leitos_sus_baixos;baixo_vinculo_e_baixo_desempenho_previne,gestao_de_carteira_e_qualidade_do_registro;regulacao_integrada_aps_e_retaguarda,18
412220,Rio Branco do Sul,PR,SUL,40308,10,2.480897092388608,33.80313938993055,30.333333333333332,24,5.954153021732659,0,0.0,42.76794546734397,6.047870416823062,vinculo_aps_abaixo_50pct;media_indicadores_previne_abaixo_40,leitos_sus_por_10k_abaixo_de_50pct_media_nacional,aps_fragil_e_leitos_sus_baixos;baixo_vinculo_e_baixo_desempenho_previne,gestao_de_carteira_e_qualidade_do_registro;regulacao_integrada_aps_e_retaguarda,18
352520,Jarinu,SP,SUDESTE,40007,5,1.249781288274552,26.073208368116163,39.666666666666664,18,4.499212637788387,0,0.0,48.26935581800214,6.002707942985022,vinculo_aps_abaixo_50pct;media_indicadores_previne_abaixo_40,leitos_sus_por_10k_abaixo_de_50pct_media_nacional,aps_fragil_e_leitos_sus_baixos;baixo_vinculo_e_baixo_desempenho_previne,gestao_de_carteira_e_qualidade_do_registro;regulacao_integrada_aps_e_retaguarda,18
350070,Agudos,SP,SUDESTE,38988,8,2.0519134092541296,29.056817304971837,39.5,28,7.181696932389453,0,0.0,36.581439363918,5.849815714277502,vinculo_aps_abaixo_50pct;media_indicadores_previne_abaixo_40,leitos_sus_por_10k_abaixo_de_50pct_media_nacional,aps_fragil_e_leitos_sus_baixos;baixo_vinculo_e_baixo_desempenho_previne,gestao_de_carteira_e_qualidade_do_registro;regulacao_integrada_aps_e_retaguarda,18
150280,Curralinho,PA,NORTE,36814,8,2.1730863258542943,48.30594496721626,27.333333333333332,27,7.334166349758244,0,0.0,33.980330069336134,5.523625620842616,vinculo_aps_abaixo_50pct;media_indicadores_previne_abaixo_40,leitos_sus_por_10k_abaixo_de_50pct_media_nacional,aps_fragil_e_leitos_sus_baixos;baixo_vinculo_e_baixo_desempenho_previne,gestao_de_carteira_e_qualidade_do_registro;regulacao_integrada_aps_e_retaguarda,18
150110,Bagre,PA,NORTE,35147,6,1.7071158278089167,32.94545664539601,34.666666666666664,16,4.552308874157112,0,0.0,42.21903789175197,5.273506538158186,vinculo_aps_abaixo_50pct;media_indicadores_previne_abaixo_40,leitos_sus_por_10k_abaixo_de_50pct_media_nacional,aps_fragil_e_leitos_sus_baixos;baixo_vinculo_e_baixo_desempenho_previne,gestao_de_carteira_e_qualidade_do_registro;regulacao_integrada_aps_e_retaguarda,18
350560,Barrinha,SP,SUDESTE,33304,10,3.002642325246217,26.132425183086706,24.833333333333332,7,2.1018496276723515,0,0.0,48.16621156704435,4.996980161801013,vinculo_aps_abaixo_50pct;media_indicadores_previne_abaixo_40,leitos_sus_por_10k_abaixo_de_50pct_media_nacional,aps_fragil_e_leitos_sus_baixos;baixo_vinculo_e_baixo_desempenho_previne,gestao_de_carteira_e_qualidade_do_registro;regulacao_integrada_aps_e_retaguarda,18
350030,Aguaí,SP,SUDESTE,32886,7,2.1285653469561514,36.14084164436876,36.5,24,7.297938332421091,0,0.0,30.473817967626132,4.934262839328253,vinculo_aps_abaixo_50pct;media_indicadores_previne_abaixo_40,leitos_sus_por_10k_abaixo_de_50pct_media_nacional,aps_fragil_e_leitos_sus_baixos;baixo_vinculo_e_baixo_desempenho_previne,gestao_de_carteira_e_qualidade_do_registro;regulacao_integrada_aps_e_retaguarda,18
350660,Biritiba Mirim,SP,SUDESTE,30564,6,1.9630938358853554,39.07161108563192,23.666666666666668,13,4.253369977751603,0,0.0,37.62755495841771,4.585866612577654,vinculo_aps_abaixo_50pct;media_indicadores_previne_abaixo_40,leitos_sus_por_10k_abaixo_de_50pct_media_nacional,aps_fragil_e_leitos_sus_baixos;baixo_vinculo_e_baixo_desempenho_previne,gestao_de_carteira_e_qualidade_do_registro;regulacao_integrada_aps_e_retaguarda,18
150450,Melgaço,PA,NORTE,30080,6,1.9946808510638296,28.46277558131743,20.333333333333332,16,5.319148936170213,0,0.0,33.8258360538282,4.513246554977615,vinculo_aps_abaixo_50pct;media_indicadores_previne_abaixo_40,leitos_sus_por_10k_abaixo_de_50pct_media_nacional,aps_fragil_e_leitos_sus_baixos;baixo_vinculo_e_baixo_desempenho_previne,gestao_de_carteira_e_qualidade_do_registro;regulacao_integrada_aps_e_retaguarda,18
316295,São José da Lapa,MG,SUDESTE,28087,9,3.2043294050628406,37.084085167809455,38.5,0,0.0,0,0.0,46.524543126458525,4.214213962422083,vinculo_aps_abaixo_50pct;media_indicadores_previne_abaixo_40,municipio_20k_mais_sem_leitos_sus_no_arquivo,aps_fragil_e_leitos_sus_baixos;baixo_vinculo_e_baixo_desempenho_previne,gestao_de_carteira_e_qualidade_do_registro;regulacao_integrada_aps_e_retaguarda;validacao_cadastral_cnes_e_mapa_de_oferta,18
430466,Capão do Leão,RS,SUL,27416,6,2.1885030639042897,43.9994158238709,35.166666666666664,0,0.0,0,0.0,45.413069190550324,4.1135361552947565,vinculo_aps_abaixo_50pct;media_indicadores_previne_abaixo_40,municipio_20k_mais_sem_leitos_sus_no_arquivo,aps_fragil_e_leitos_sus_baixos;baixo_vinculo_e_baixo_desempenho_previne,gestao_de_carteira_e_qualidade_do_registro;regulacao_integrada_aps_e_retaguarda;validacao_cadastral_cnes_e_mapa_de_oferta,18
150630,Salvaterra,PA,NORTE,25687,10,3.8930198154708604,45.78829448527967,35.166666666666664,20,7.786039630941721,0,0.0,22.54907748386585,3.8541145032483373,vinculo_aps_abaixo_50pct;media_indicadores_previne_abaixo_40,leitos_sus_por_10k_abaixo_de_50pct_media_nacional,aps_fragil_e_leitos_sus_baixos;baixo_vinculo_e_baixo_desempenho_previne,gestao_de_carteira_e_qualidade_do_registro;regulacao_integrada_aps_e_retaguarda,18
352000,Igaraçu do Tietê,SP,SUDESTE,23421,4,1.7078690064472055,35.834400341442596,18.166666666666668,0,0.0,0,0.0,38.795575339651265,3.5141205972117926,vinculo_aps_abaixo_50pct;media_indicadores_previne_abaixo_40,municipio_20k_mais_sem_leitos_sus_no_arquivo,aps_fragil_e_leitos_sus_baixos;baixo_vinculo_e_baixo_desempenho_previne,gestao_de_carteira_e_qualidade_do_registro;regulacao_integrada_aps_e_retaguarda;validacao_cadastral_cnes_e_mapa_de_oferta,18
354000,Pompéia,SP,SUDESTE,20520,10,4.8732943469785575,37.33911856474259,34.0,16,7.797270955165692,0,0.0,17.990231244167372,3.0788503759355272,vinculo_aps_abaixo_50pct;media_indicadores_previne_abaixo_40,leitos_sus_por_10k_abaixo_de_50pct_media_nacional,aps_fragil_e_leitos_sus_baixos;baixo_vinculo_e_baixo_desempenho_previne,gestao_de_carteira_e_qualidade_do_registro;regulacao_integrada_aps_e_retaguarda,18
500460,Itaquiraí,MS,CENTRO-OESTE,20060,9,4.48654037886341,36.23724744948989,36.833333333333336,15,7.477567298105684,0,0.0,18.228266996003775,3.009831312927226,vinculo_aps_abaixo_50pct;media_indicadores_previne_abaixo_40,leitos_sus_por_10k_abaixo_de_50pct_media_nacional,aps_fragil_e_leitos_sus_baixos;baixo_vinculo_e_baixo_desempenho_previne,gestao_de_carteira_e_qualidade_do_registro;regulacao_integrada_aps_e_retaguarda,18
221100,Teresina,PI,NORDESTE,905692,98,1.0820455519094792,42.793615201563405,35.333333333333336,2501,27.614244135975586,222,24.511644135092286,0.0,0.0,ubs_por_10k_abaixo_de_50pct_media_nacional;vinculo_aps_abaixo_50pct;media_indicadores_previne_abaixo_40,,baixa_densidade_ubs_e_baixo_vinculo;baixo_vinculo_e_baixo_desempenho_previne,gestao_de_carteira_e_qualidade_do_registro;gestao_territorial_e_busca_ativa_aps,17
354870,São Bernardo do Campo,SP,SUDESTE,841154,38,0.45176031975119896,28.971836968277177,42.333333333333336,816,9.700958445183641,138,16.406032664648805,577.3245113039161,0.0,ubs_por_10k_abaixo_de_50pct_media_nacional;mais_de_10k_habitantes_por_ubs;vinculo_aps_abaixo_50pct,leitos_sus_por_10k_entre_50_75pct_media_nacional,aps_fragil_e_leitos_sus_baixos;baixa_densidade_ubs_e_baixo_vinculo,gestao_territorial_e_busca_ativa_aps;regulacao_integrada_aps_e_retaguarda,17
354780,Santo André,SP,SUDESTE,782048,38,0.4859036785465854,21.810145227176704,45.5,743,9.500695609476656,164,20.970579810957894,552.418731190965,0.0,ubs_por_10k_abaixo_de_50pct_media_nacional;mais_de_10k_habitantes_por_ubs;vinculo_aps_abaixo_50pct,leitos_sus_por_10k_entre_50_75pct_media_nacional,aps_fragil_e_leitos_sus_baixos;baixa_densidade_ubs_e_baixo_vinculo,gestao_territorial_e_busca_ativa_aps;regulacao_integrada_aps_e_retaguarda,17
353440,Osasco,SP,SUDESTE,759524,38,0.5003133541533908,29.462502245849144,40.0,751,9.887771814978855,86,11.322881172945161,507.10898613523284,27.960075678950055,ubs_por_10k_abaixo_de_50pct_media_nacional;mais_de_10k_habitantes_por_ubs;vinculo_aps_abaixo_50pct,leitos_sus_por_10k_entre_50_75pct_media_nacional,aps_fragil_e_leitos_sus_baixos;baixa_densidade_ubs_e_baixo_vinculo,gestao_territorial_e_busca_ativa_aps;regulacao_integrada_aps_e_retaguarda,17
313670,Juiz de Fora,MG,SUDESTE,567730,62,1.09206841280186,22.085357145382172,22.166666666666668,1679,29.573917178940693,234,41.21677557994117,0.0,0.0,ubs_por_10k_abaixo_de_50pct_media_nacional;vinculo_aps_abaixo_50pct;media_indicadores_previne_abaixo_40,,baixa_densidade_ubs_e_baixo_vinculo;baixo_vinculo_e_baixo_desempenho_previne,gestao_de_carteira_e_qualidade_do_registro;gestao_territorial_e_busca_ativa_aps,17
150420,Marabá,PA,NORTE,290975,21,0.721711487241172,32.37219813318637,54.166666666666664,311,10.688203453904976,48,16.496262565512502,170.98379806391813,0.0,ubs_por_10k_abaixo_de_50pct_media_nacional;mais_de_10k_habitantes_por_ubs;vinculo_aps_abaixo_50pct,leitos_sus_por_10k_entre_50_75pct_media_nacional,aps_fragil_e_leitos_sus_baixos;baixa_densidade_ubs_e_baixo_vinculo,gestao_territorial_e_busca_ativa_aps;regulacao_integrada_aps_e_retaguarda,17
351300,Cotia,SP,SUDESTE,289493,32,1.1053807864093432,21.636980669258964,57.166666666666664,165,5.699619679923176,26,8.981218889575914,314.5289480296172,17.43594697274384,ubs_por_10k_abaixo_de_50pct_media_nacional;vinculo_aps_abaixo_50pct,leitos_sus_por_10k_abaixo_de_50pct_media_nacional,aps_fragil_e_leitos_sus_baixos;baixa_densidade_ubs_e_baixo_vinculo,gestao_territorial_e_busca_ativa_aps;regulacao_integrada_aps_e_retaguarda,17
352050,Indaiatuba,SP,SUDESTE,269657,17,0.6304305098699459,21.769929349206112,48.5,260,9.641878386246232,36,13.350293150187088,186.67172449358873,4.459724942672831,ubs_por_10k_abaixo_de_50pct_media_nacional;mais_de_10k_habitantes_por_ubs;vinculo_aps_abaixo_50pct,leitos_sus_por_10k_entre_50_75pct_media_nacional,aps_fragil_e_leitos_sus_baixos;baixa_densidade_ubs_e_baixo_vinculo,gestao_territorial_e_busca_ativa_aps;regulacao_integrada_aps_e_retaguarda,17
350160,Americana,SP,SUDESTE,247571,26,1.0502037799257586,19.783097849222596,56.333333333333336,172,6.947501928739634,23,9.290264207035557,238.08750191762965,14.145909669626432,ubs_por_10k_abaixo_de_50pct_media_nacional;vinculo_aps_abaixo_50pct,leitos_sus_por_10k_abaixo_de_50pct_media_nacional,aps_fragil_e_leitos_sus_baixos;baixa_densidade_ubs_e_baixo_vinculo,gestao_territorial_e_busca_ativa_aps;regulacao_integrada_aps_e_retaguarda,17
431340,Novo Hamburgo,RS,SUL,235802,9,0.3816761520258522,26.494940202391902,42.0,270,11.450284560775566,22,9.329861493965277,120.59281227276578,13.380071946703172,ubs_por_10k_abaixo_de_50pct_media_nacional;mais_de_10k_habitantes_por_ubs;vinculo_aps_abaixo_50pct,leitos_sus_por_10k_entre_50_75pct_media_nacional,aps_fragil_e_leitos_sus_baixos;baixa_densidade_ubs_e_baixo_vinculo,gestao_territorial_e_busca_ativa_aps;regulacao_integrada_aps_e_retaguarda,17
354580,Santa Bárbara d'Oeste,SP,SUDESTE,189456,19,1.0028713791064943,21.063389282658527,49.5,110,5.806097457984968,18,9.500886749429947,203.82325782626575,10.426251307175496,ubs_por_10k_abaixo_de_50pct_media_nacional;vinculo_aps_abaixo_50pct,leitos_sus_por_10k_abaixo_de_50pct_media_nacional,aps_fragil_e_leitos_sus_baixos;baixa_densidade_ubs_e_baixo_vinculo,gestao_territorial_e_busca_ativa_aps;regulacao_integrada_aps_e_retaguarda,17
351570,Ferraz de Vasconcelos,SP,SUDESTE,186479,14,0.7507547766772665,37.90929954423506,48.666666666666664,225,12.065701768027498,30,16.08760235737,83.8920239854331,0.0,ubs_por_10k_abaixo_de_50pct_media_nacional;mais_de_10k_habitantes_por_ubs;vinculo_aps_abaixo_50pct,leitos_sus_por_10k_entre_50_75pct_media_nacional,aps_fragil_e_leitos_sus_baixos;baixa_densidade_ubs_e_baixo_vinculo,gestao_territorial_e_busca_ativa_aps;regulacao_integrada_aps_e_retaguarda,17
353650,Paulínia,SP,SUDESTE,116674,12,1.0285067795738554,15.234678883222404,34.666666666666664,180,15.42760169360783,14,11.99924576169498,13.2639493266074,3.50593512484901,ubs_por_10k_abaixo_de_50pct_media_nacional;vinculo_aps_abaixo_50pct;media_indicadores_previne_abaixo_40,,baixa_densidade_ubs_e_baixo_vinculo;baixo_vinculo_e_baixo_desempenho_previne,gestao_de_carteira_e_qualidade_do_registro;gestao_territorial_e_busca_ativa_aps,17
353030,Mirassol,SP,SUDESTE,65811,7,1.06365197307441,20.99106665648622,76.16666666666667,0,0.0,0,0.0,109.01223725194437,9.874377294868077,ubs_por_10k_abaixo_de_50pct_media_nacional;vinculo_aps_abaixo_50pct,municipio_20k_mais_sem_leitos_sus_no_arquivo,aps_fragil_e_leitos_sus_baixos;baixa_densidade_ubs_e_baixo_vinculo,gestao_territorial_e_busca_ativa_aps;regulacao_integrada_aps_e_retaguarda;validacao_cadastral_cnes_e_mapa_de_oferta,17
211245,Turilândia,MA,NORDESTE,33219,2,0.6020650832354978,44.356987163962216,75.33333333333333,35,10.53613895662121,0,0.0,20.025413825535864,4.98422663928861,ubs_por_10k_abaixo_de_50pct_media_nacional;mais_de_10k_habitantes_por_ubs;vinculo_aps_abaixo_50pct,leitos_sus_por_10k_entre_50_75pct_media_nacional,aps_fragil_e_leitos_sus_baixos;baixa_densidade_ubs_e_baixo_vinculo,gestao_territorial_e_busca_ativa_aps;regulacao_integrada_aps_e_retaguarda,17
350460,Bady Bassitt,SP,SUDESTE,29346,3,1.0222858311183807,30.263931647583796,71.16666666666667,0,0.0,0,0.0,48.61000614480193,4.403116137046977,ubs_por_10k_abaixo_de_50pct_media_nacional;vinculo_aps_abaixo_50pct,municipio_20k_mais_sem_leitos_sus_no_arquivo,aps_fragil_e_leitos_sus_baixos;baixa_densidade_ubs_e_baixo_vinculo,gestao_territorial_e_busca_ativa_aps;regulacao_integrada_aps_e_retaguarda;validacao_cadastral_cnes_e_mapa_de_oferta,17
421650,São Joaquim,SC,SUL,26982,3,1.11185234600845,29.018322657530167,39.666666666666664,53,19.642724779482617,0,0.0,0.0,4.048418169760838,ubs_por_10k_abaixo_de_50pct_media_nacional;vinculo_aps_abaixo_50pct;media_indicadores_previne_abaixo_40,,baixa_densidade_ubs_e_baixo_vinculo;baixo_vinculo_e_baixo_desempenho_previne,gestao_de_carteira_e_qualidade_do_registro;gestao_territorial_e_busca_ativa_aps,17
412440,Santo Antônio do Sudoeste,PR,SUL,24980,2,0.800640512409928,34.22739814965103,60.166666666666664,24,9.607686148919136,0,0.0,17.377971563318756,3.748035204233405,ubs_por_10k_abaixo_de_50pct_media_nacional;mais_de_10k_habitantes_por_ubs;vinculo_aps_abaixo_50pct,leitos_sus_por_10k_entre_50_75pct_media_nacional,aps_fragil_e_leitos_sus_baixos;baixa_densidade_ubs_e_baixo_vinculo,gestao_territorial_e_busca_ativa_aps;regulacao_integrada_aps_e_retaguarda,17
211120,São José de Ribamar,MA,NORDESTE,259164,37,1.4276674229445447,39.8750650702759,53.5,77,2.971091663965674,0,0.0,352.29065741537005,38.885340098876945,vinculo_aps_abaixo_50pct,leitos_sus_por_10k_abaixo_de_50pct_media_nacional;municipio_100k_mais_sem_uti_sus_no_arquivo,aps_fragil_e_leitos_sus_baixos,regulacao_integrada_aps_e_retaguarda,16
350320,Araraquara,SP,SUDESTE,253474,45,1.7753300141237365,26.591047804754318,37.0,305,12.032792317949768,34,13.413604551157121,114.86549095438988,4.031604297752523,vinculo_aps_abaixo_50pct;media_indicadores_previne_abaixo_40,leitos_sus_por_10k_entre_50_75pct_media_nacional,aps_fragil_e_leitos_sus_baixos;baixo_vinculo_e_baixo_desempenho_previne,gestao_de_carteira_e_qualidade_do_registro;regulacao_integrada_aps_e_retaguarda,16
520025,Águas Lindas de Goiás,GO,CENTRO-OESTE,245352,34,1.385764126642538,31.85405609838205,52.333333333333336,91,3.7089569271903224,0,0.0,315.4118526422492,36.81296771133204,vinculo_aps_abaixo_50pct,leitos_sus_por_10k_abaixo_de_50pct_media_nacional;municipio_100k_mais_sem_uti_sus_no_arquivo,aps_fragil_e_leitos_sus_baixos,regulacao_integrada_aps_e_retaguarda,16
316720,Sete Lagoas,MG,SUDESTE,238909,68,2.8462720115190305,30.333163816400553,38.833333333333336,261,10.924661691271572,41,17.161345951805917,134.73938383590556,0.0,vinculo_aps_abaixo_50pct;media_indicadores_previne_abaixo_40,leitos_sus_por_10k_entre_50_75pct_media_nacional,aps_fragil_e_leitos_sus_baixos;baixo_vinculo_e_baixo_desempenho_previne,gestao_de_carteira_e_qualidade_do_registro;regulacao_integrada_aps_e_retaguarda,16
522185,Valparaíso de Goiás,GO,CENTRO-OESTE,218416,40,1.8313676653725002,26.16554101524079,50.666666666666664,23,1.0530364075891876,0,0.0,338.79387658021733,32.77145144787203,vinculo_aps_abaixo_50pct,leitos_sus_por_10k_abaixo_de_50pct_media_nacional;municipio_100k_mais_sem_uti_sus_no_arquivo,aps_fragil_e_leitos_sus_baixos,regulacao_integrada_aps_e_retaguarda,16
280480,Nossa Senhora do Socorro,SE,NORDESTE,204081,43,2.107006531720248,46.16893060014819,55.166666666666664,57,2.793008658326841,0,0.0,281.04875158581484,30.620607386515513,vinculo_aps_abaixo_50pct,leitos_sus_por_10k_abaixo_de_50pct_media_nacional;municipio_100k_mais_sem_uti_sus_no_arquivo,aps_fragil_e_leitos_sus_baixos,regulacao_integrada_aps_e_retaguarda,16
330580,Teresópolis,RJ,SUDESTE,176735,33,1.867202308541036,33.42313177733004,39.666666666666664,195,11.033468186833394,28,15.84292867853,97.75163347650684,0.0,vinculo_aps_abaixo_50pct;media_indicadores_previne_abaixo_40,leitos_sus_por_10k_entre_50_75pct_media_nacional,aps_fragil_e_leitos_sus_baixos;baixo_vinculo_e_baixo_desempenho_previne,gestao_de_carteira_e_qualidade_do_registro;regulacao_integrada_aps_e_retaguarda,16
210750,Paço do Lumiar,MA,NORDESTE,153158,22,1.436425129604722,32.677635812115085,48.833333333333336,26,1.6975933349873986,0,0.0,227.69765287008704,22.980047070055235,vinculo_aps_abaixo_50pct,leitos_sus_por_10k_abaixo_de_50pct_media_nacional;municipio_100k_mais_sem_uti_sus_no_arquivo,aps_fragil_e_leitos_sus_baixos,regulacao_integrada_aps_e_retaguarda,16
311830,Conselheiro Lafaiete,MG,SUDESTE,138946,34,2.446993796151023,26.848093926656034,31.333333333333332,160,11.515264923063636,15,10.795560865372158,70.15627048986741,5.847658105981373,vinculo_aps_abaixo_50pct;media_indicadores_previne_abaixo_40,leitos_sus_por_10k_entre_50_75pct_media_nacional,aps_fragil_e_leitos_sus_baixos;baixo_vinculo_e_baixo_desempenho_previne,gestao_de_carteira_e_qualidade_do_registro;regulacao_integrada_aps_e_retaguarda,16
241200,São Gonçalo do Amarante,RN,NORDESTE,124495,35,2.81135788585887,43.40824790799224,47.333333333333336,77,6.184987348889513,0,0.0,129.21899798940626,18.679409237431454,vinculo_aps_abaixo_50pct,leitos_sus_por_10k_abaixo_de_50pct_media_nacional;municipio_100k_mais_sem_uti_sus_no_arquivo,aps_fragil_e_leitos_sus_baixos,regulacao_integrada_aps_e_retaguarda,16
330200,Itaguaí,RJ,SUDESTE,124021,40,3.2252602381854687,29.39829004678174,39.5,147,11.852831375331597,10,8.063150595463672,58.433843524994224,8.608289594244638,vinculo_aps_abaixo_50pct;media_indicadores_previne_abaixo_40,leitos_sus_por_10k_entre_50_75pct_media_nacional,aps_fragil_e_leitos_sus_baixos;baixo_vinculo_e_baixo_desempenho_previne,gestao_de_carteira_e_qualidade_do_registro;regulacao_integrada_aps_e_retaguarda,16
355650,Várzea Paulista,SP,SUDESTE,119655,14,1.170030504366721,21.08868000267612,43.666666666666664,73,6.100873344197902,0,0.0,125.20180894351105,17.953208661431066,vinculo_aps_abaixo_50pct,leitos_sus_por_10k_abaixo_de_50pct_media_nacional;municipio_100k_mais_sem_uti_sus_no_arquivo,aps_fragil_e_leitos_sus_baixos,regulacao_integrada_aps_e_retaguarda,16
310400,Araxá,MG,SUDESTE,118786,26,2.1888101291397977,25.84532236545799,36.0,144,12.122640715235802,17,14.3114508443756,52.76235909208895,0.8228226489219068,vinculo_aps_abaixo_50pct;media_indicadores_previne_abaixo_40,leitos_sus_por_10k_entre_50_75pct_media_nacional,aps_fragil_e_leitos_sus_baixos;baixo_vinculo_e_baixo_desempenho_previne,gestao_de_carteira_e_qualidade_do_registro;regulacao_integrada_aps_e_retaguarda,16
261370,São Lourenço da Mata,PE,NORDESTE,118258,40,3.382435014967275,47.81035844394059,68.0,33,2.790508887348002,0,0.0,162.88775665071856,17.743600767903683,vinculo_aps_abaixo_50pct,leitos_sus_por_10k_abaixo_de_50pct_media_nacional;municipio_100k_mais_sem_uti_sus_no_arquivo,aps_fragil_e_leitos_sus_baixos,regulacao_integrada_aps_e_retaguarda,16
420320,Camboriú,SC,SUL,117324,14,1.1932767379223348,23.227482933274608,58.5,47,4.006000477310695,0,0.0,147.3406379381429,17.603462061708566,vinculo_aps_abaixo_50pct,leitos_sus_por_10k_abaixo_de_50pct_media_nacional;municipio_100k_mais_sem_uti_sus_no_arquivo,aps_fragil_e_leitos_sus_baixos,regulacao_integrada_aps_e_retaguarda,16
314520,Nova Serrana,MG,SUDESTE,114791,28,2.4392156179491424,27.086174829510227,63.666666666666664,51,4.442857018407366,0,0.0,139.14486524118988,17.223407090838943,vinculo_aps_abaixo_50pct,leitos_sus_por_10k_abaixo_de_50pct_media_nacional;municipio_100k_mais_sem_uti_sus_no_arquivo,aps_fragil_e_leitos_sus_baixos,regulacao_integrada_aps_e_retaguarda,16
521760,Planaltina,GO,CENTRO-OESTE,112304,33,2.9384527710500072,38.26919426138367,54.166666666666664,77,6.856389799116683,0,0.0,109.02528896905324,16.850254026270147,vinculo_aps_abaixo_50pct,leitos_sus_por_10k_abaixo_de_50pct_media_nacional;municipio_100k_mais_sem_uti_sus_no_arquivo,aps_fragil_e_leitos_sus_baixos,regulacao_integrada_aps_e_retaguarda,16
521523,Novo Gama,GO,CENTRO-OESTE,107663,24,2.229178083464143,40.39610801927315,57.333333333333336,64,5.944474889237714,0,0.0,114.33773228268963,16.15391169709292,vinculo_aps_abaixo_50pct,leitos_sus_por_10k_abaixo_de_50pct_media_nacional;municipio_100k_mais_sem_uti_sus_no_arquivo,aps_fragil_e_leitos_sus_baixos,regulacao_integrada_aps_e_retaguarda,16
260720,Ipojuca,PE,NORDESTE,106539,31,2.9097325861890955,43.15113879475189,41.166666666666664,32,3.003594927679066,0,0.0,144.47588920674207,15.985265117046547,vinculo_aps_abaixo_50pct,leitos_sus_por_10k_abaixo_de_50pct_media_nacional;municipio_100k_mais_sem_uti_sus_no_arquivo,aps_fragil_e_leitos_sus_baixos,regulacao_integrada_aps_e_retaguarda,16
353980,Poá,SP,SUDESTE,106355,17,1.5984203845611396,30.02226794824816,48.5,0,0.0,0,0.0,176.17110350747666,15.957657491843225,vinculo_aps_abaixo_50pct,municipio_20k_mais_sem_leitos_sus_no_arquivo;municipio_100k_mais_sem_uti_sus_no_arquivo,aps_fragil_e_leitos_sus_baixos,regulacao_integrada_aps_e_retaguarda;validacao_cadastral_cnes_e_mapa_de_oferta,16
313380,Itaúna,MG,SUDESTE,103272,23,2.227128360058874,25.540487804878047,39.833333333333336,98,9.489503447207374,19,18.398016887442868,73.0642866007628,0.0,vinculo_aps_abaixo_50pct;media_indicadores_previne_abaixo_40,leitos_sus_por_10k_entre_50_75pct_media_nacional,aps_fragil_e_leitos_sus_baixos;baixo_vinculo_e_baixo_desempenho_previne,gestao_de_carteira_e_qualidade_do_registro;regulacao_integrada_aps_e_retaguarda,16
520549,Cidade Ocidental,GO,CENTRO-OESTE,101570,27,2.658265235797972,45.55540959752635,60.666666666666664,20,1.9690853598503495,0,0.0,148.2450188825575,15.23970919511557,vinculo_aps_abaixo_50pct,leitos_sus_por_10k_abaixo_de_50pct_media_nacional;municipio_100k_mais_sem_uti_sus_no_arquivo,aps_fragil_e_leitos_sus_baixos,regulacao_integrada_aps_e_retaguarda,16
280670,São Cristóvão,SE,NORDESTE,101213,22,2.1736338217422664,42.12634515743324,61.5,41,4.050863031428769,0,0.0,126.65366836822184,15.186144400563474,vinculo_aps_abaixo_50pct,leitos_sus_por_10k_abaixo_de_50pct_media_nacional;municipio_100k_mais_sem_uti_sus_no_arquivo,aps_fragil_e_leitos_sus_baixos,regulacao_integrada_aps_e_retaguarda,16
350900,Caieiras,SP,SUDESTE,98549,18,1.8265025520299547,27.318155449484514,24.166666666666668,101,10.248708764168079,6,6.088341840099848,62.24090150494396,8.786434000880618,vinculo_aps_abaixo_50pct;media_indicadores_previne_abaixo_40,leitos_sus_por_10k_entre_50_75pct_media_nacional,aps_fragil_e_leitos_sus_baixos;baixo_vinculo_e_baixo_desempenho_previne,gestao_de_carteira_e_qualidade_do_registro;regulacao_integrada_aps_e_retaguarda,16
293290,Valença,BA,NORDESTE,90053,32,3.5534629607009203,47.921757675389884,37.166666666666664,78,8.661565966708494,0,0.0,71.16775313016589,13.511681915405555,vinculo_aps_abaixo_50pct;media_indicadores_previne_abaixo_40,leitos_sus_por_10k_entre_50_75pct_media_nacional,aps_fragil_e_leitos_sus_baixos;baixo_vinculo_e_baixo_desempenho_previne,gestao_de_carteira_e_qualidade_do_registro;regulacao_integrada_aps_e_retaguarda,16
291750,Jacobina,BA,NORDESTE,86896,22,2.5317621064260725,48.353702870200465,35.5,82,9.436567851224453,9,10.35720861719757,61.93835936613878,4.038001085150758,vinculo_aps_abaixo_50pct;media_indicadores_previne_abaixo_40,leitos_sus_por_10k_entre_50_75pct_media_nacional,aps_fragil_e_leitos_sus_baixos;baixo_vinculo_e_baixo_desempenho_previne,gestao_de_carteira_e_qualidade_do_registro;regulacao_integrada_aps_e_retaguarda,16
330600,Três Rios,RJ,SUDESTE,82319,30,3.6443591394453287,44.85540704738761,31.0,90,10.933077418335987,19,23.08094121648708,46.35681509691099,0.0,vinculo_aps_abaixo_50pct;media_indicadores_previne_abaixo_40,leitos_sus_por_10k_entre_50_75pct_media_nacional,aps_fragil_e_leitos_sus_baixos;baixo_vinculo_e_baixo_desempenho_previne,gestao_de_carteira_e_qualidade_do_registro;regulacao_integrada_aps_e_retaguarda,16
353930,Pirassununga,SP,SUDESTE,75594,20,2.645712622694923,29.53958264325936,31.5,67,8.863137286027992,6,7.937137868084769,58.21722907756277,5.34223271532506,vinculo_aps_abaixo_50pct;media_indicadores_previne_abaixo_40,leitos_sus_por_10k_entre_50_75pct_media_nacional,aps_fragil_e_leitos_sus_baixos;baixo_vinculo_e_baixo_desempenho_previne,gestao_de_carteira_e_qualidade_do_registro;regulacao_integrada_aps_e_retaguarda,16
314930,Pedro Leopoldo,MG,SUDESTE,65174,22,3.3755792187068465,27.06978893853027,24.0,69,10.587043913216927,0,0.0,38.95708241263957,9.778800896745713,vinculo_aps_abaixo_50pct;media_indicadores_previne_abaixo_40,leitos_sus_por_10k_entre_50_75pct_media_nacional,aps_fragil_e_leitos_sus_baixos;baixo_vinculo_e_baixo_desempenho_previne,gestao_de_carteira_e_qualidade_do_registro;regulacao_integrada_aps_e_retaguarda,16
314000,Mariana,MG,SUDESTE,64506,26,4.030632809351069,32.13650129570077,29.666666666666668,57,8.83638731280811,0,0.0,49.85057780878462,9.678573213942355,vinculo_aps_abaixo_50pct;media_indicadores_previne_abaixo_40,leitos_sus_por_10k_entre_50_75pct_media_nacional,aps_fragil_e_leitos_sus_baixos;baixo_vinculo_e_baixo_desempenho_previne,gestao_de_carteira_e_qualidade_do_registro;regulacao_integrada_aps_e_retaguarda,16
150506,Novo Repartimento,PA,NORTE,63796,1,0.1567496394758292,53.569972080183206,37.166666666666664,56,8.777979810646436,0,0.0,49.67450255618429,9.572043790603455,ubs_por_10k_abaixo_de_50pct_media_nacional;mais_de_10k_habitantes_por_ubs;vinculo_aps_entre_50_70pct;media_indicadores_previne_abaixo_40,leitos_sus_por_10k_entre_50_75pct_media_nacional,aps_fragil_e_leitos_sus_baixos,regulacao_integrada_aps_e_retaguarda,16
313190,Itabirito,MG,SUDESTE,56369,11,1.9514272028952082,32.49279667841867,39.5,47,8.337916230552255,0,0.0,46.3720928363777,8.457686005902033,vinculo_aps_abaixo_50pct;media_indicadores_previne_abaixo_40,leitos_sus_por_10k_entre_50_75pct_media_nacional,aps_fragil_e_leitos_sus_baixos;baixo_vinculo_e_baixo_desempenho_previne,gestao_de_carteira_e_qualidade_do_registro;regulacao_integrada_aps_e_retaguarda,16
353780,Piedade,SP,SUDESTE,54266,9,1.6584970331330853,25.13228976528938,34.0,60,11.056646887553901,0,0.0,29.88859106705587,8.14214885480104,vinculo_aps_abaixo_50pct;media_indicadores_previne_abaixo_40,leitos_sus_por_10k_entre_50_75pct_media_nacional,aps_fragil_e_leitos_sus_baixos;baixo_vinculo_e_baixo_desempenho_previne,gestao_de_carteira_e_qualidade_do_registro;regulacao_integrada_aps_e_retaguarda,16
150820,Vigia,PA,NORTE,54062,14,2.589619325959084,48.751068654053455,30.166666666666668,46,8.508749213865562,0,0.0,43.550676487435496,8.11154040077127,vinculo_aps_abaixo_50pct;media_indicadores_previne_abaixo_40,leitos_sus_por_10k_entre_50_75pct_media_nacional,aps_fragil_e_leitos_sus_baixos;baixo_vinculo_e_baixo_desempenho_previne,gestao_de_carteira_e_qualidade_do_registro;regulacao_integrada_aps_e_retaguarda,16
313840,Leopoldina,MG,SUDESTE,52739,17,3.2234209977436055,34.72369819341126,32.166666666666664,61,11.566392991903525,6,11.376779992036255,26.35920105195628,1.9130355739017424,vinculo_aps_abaixo_50pct;media_indicadores_previne_abaixo_40,leitos_sus_por_10k_entre_50_75pct_media_nacional,aps_fragil_e_leitos_sus_baixos;baixo_vinculo_e_baixo_desempenho_previne,gestao_de_carteira_e_qualidade_do_registro;regulacao_integrada_aps_e_retaguarda,16
430440,Canela,RS,SUL,50715,8,1.577442571231391,26.469484124632007,39.0,53,10.450557034407966,0,0.0,31.00655836003646,7.609351696665217,vinculo_aps_abaixo_50pct;media_indicadores_previne_abaixo_40,leitos_sus_por_10k_entre_50_75pct_media_nacional,aps_fragil_e_leitos_sus_baixos;baixo_vinculo_e_baixo_desempenho_previne,gestao_de_carteira_e_qualidade_do_registro;regulacao_integrada_aps_e_retaguarda,16
313630,João Pinheiro,MG,SUDESTE,48725,17,3.4889687018984095,40.11167889227726,38.0,59,12.108773730118008,9,18.471010774756287,21.710234764720038,0.0,vinculo_aps_abaixo_50pct;media_indicadores_previne_abaixo_40,leitos_sus_por_10k_entre_50_75pct_media_nacional,aps_fragil_e_leitos_sus_baixos;baixo_vinculo_e_baixo_desempenho_previne,gestao_de_carteira_e_qualidade_do_registro;regulacao_integrada_aps_e_retaguarda,16
330130,Casimiro de Abreu,RJ,SUDESTE,48636,13,2.6729171806892014,43.553734324485724,12.166666666666666,55,11.308495764454312,0,0.0,25.562811247140566,7.297415540155959,vinculo_aps_abaixo_50pct;media_indicadores_previne_abaixo_40,leitos_sus_por_10k_entre_50_75pct_media_nacional,aps_fragil_e_leitos_sus_baixos;baixo_vinculo_e_baixo_desempenho_previne,gestao_de_carteira_e_qualidade_do_registro;regulacao_integrada_aps_e_retaguarda,16
521800,Porangatu,GO,CENTRO-OESTE,45512,14,3.0761117946915095,33.90088105726872,38.666666666666664,52,11.425558094568466,0,0.0,23.38808013569909,6.8286860774648,vinculo_aps_abaixo_50pct;media_indicadores_previne_abaixo_40,leitos_sus_por_10k_entre_50_75pct_media_nacional,aps_fragil_e_leitos_sus_baixos;baixo_vinculo_e_baixo_desempenho_previne,gestao_de_carteira_e_qualidade_do_registro;regulacao_integrada_aps_e_retaguarda,16
354530,Salto de Pirapora,SP,SUDESTE,45262,11,2.4302947284697978,36.47702600912757,31.333333333333332,47,10.383986567098228,0,0.0,27.973969131262354,6.791175717134202,vinculo_aps_abaixo_50pct;media_indicadores_previne_abaixo_40,leitos_sus_por_10k_entre_50_75pct_media_nacional,aps_fragil_e_leitos_sus_baixos;baixo_vinculo_e_baixo_desempenho_previne,gestao_de_carteira_e_qualidade_do_registro;regulacao_integrada_aps_e_retaguarda,16
316210,São Gotardo,MG,SUDESTE,43851,15,3.420674557022645,34.18919854995497,31.333333333333332,49,11.17420355294064,0,0.0,23.636726622221413,6.5794672434283035,vinculo_aps_abaixo_50pct;media_indicadores_previne_abaixo_40,leitos_sus_por_10k_entre_50_75pct_media_nacional,aps_fragil_e_leitos_sus_baixos;baixo_vinculo_e_baixo_desempenho_previne,gestao_de_carteira_e_qualidade_do_registro;regulacao_integrada_aps_e_retaguarda,16
310420,Arcos,MG,SUDESTE,43653,15,3.4361899525805786,35.692534834363755,34.5,44,10.079490527569698,0,0.0,28.30875070670751,6.549759038046471,vinculo_aps_abaixo_50pct;media_indicadores_previne_abaixo_40,leitos_sus_por_10k_entre_50_75pct_media_nacional,aps_fragil_e_leitos_sus_baixos;baixo_vinculo_e_baixo_desempenho_previne,gestao_de_carteira_e_qualidade_do_registro;regulacao_integrada_aps_e_retaguarda,16
316070,Santos Dumont,MG,SUDESTE,43218,20,4.627701420704336,34.57549778761062,19.666666666666668,47,10.875098338655189,6,13.883104262113008,24.5881975589876,0.4844910110712287,vinculo_aps_abaixo_50pct;media_indicadores_previne_abaixo_40,leitos_sus_por_10k_entre_50_75pct_media_nacional,aps_fragil_e_leitos_sus_baixos;baixo_vinculo_e_baixo_desempenho_previne,gestao_de_carteira_e_qualidade_do_registro;regulacao_integrada_aps_e_retaguarda,16
292930,São Gonçalo dos Campos,BA,NORDESTE,42171,12,2.845557373550544,43.44412894604977,31.833333333333332,43,10.196580588556117,0,0.0,26.85390067240654,6.327397622006682,vinculo_aps_abaixo_50pct;media_indicadores_previne_abaixo_40,leitos_sus_por_10k_entre_50_75pct_media_nacional,aps_fragil_e_leitos_sus_baixos;baixo_vinculo_e_baixo_desempenho_previne,gestao_de_carteira_e_qualidade_do_registro;regulacao_integrada_aps_e_retaguarda,16
355640,Vargem Grande do Sul,SP,SUDESTE,41256,8,1.9391118867558659,27.916848590695192,25.833333333333332,35,8.483614504556913,0,0.0,33.338254396168075,6.190109703196691,vinculo_aps_abaixo_50pct;media_indicadores_previne_abaixo_40,leitos_sus_por_10k_entre_50_75pct_media_nacional,aps_fragil_e_leitos_sus_baixos;baixo_vinculo_e_baixo_desempenho_previne,gestao_de_carteira_e_qualidade_do_registro;regulacao_integrada_aps_e_retaguarda,16
314110,Matozinhos,MG,SUDESTE,39529,12,3.035745908067495,31.19034893487058,38.833333333333336,38,9.613195375547066,0,0.0,27.4775755775191,5.9309881340329165,vinculo_aps_abaixo_50pct;media_indicadores_previne_abaixo_40,leitos_sus_por_10k_entre_50_75pct_media_nacional,aps_fragil_e_leitos_sus_baixos;baixo_vinculo_e_baixo_desempenho_previne,gestao_de_carteira_e_qualidade_do_registro;regulacao_integrada_aps_e_retaguarda,16
355450,Tietê,SP,SUDESTE,38723,6,1.5494667252020762,20.31791160506591,24.0,34,8.780311442811765,0,0.0,30.14248169921506,5.810054732327067,vinculo_aps_abaixo_50pct;media_indicadores_previne_abaixo_40,leitos_sus_por_10k_entre_50_75pct_media_nacional,aps_fragil_e_leitos_sus_baixos;baixo_vinculo_e_baixo_desempenho_previne,gestao_de_carteira_e_qualidade_do_registro;regulacao_integrada_aps_e_retaguarda,16
350860,Cachoeira Paulista,SP,SUDESTE,32534,13,3.995819757791849,37.445354350101596,16.666666666666668,31,9.528493268580561,0,0.0,22.890749673379204,4.88144825198277,vinculo_aps_abaixo_50pct;media_indicadores_previne_abaixo_40,leitos_sus_por_10k_entre_50_75pct_media_nacional,aps_fragil_e_leitos_sus_baixos;baixo_vinculo_e_baixo_desempenho_previne,gestao_de_carteira_e_qualidade_do_registro;regulacao_integrada_aps_e_retaguarda,16
330300,Miracema,RJ,SUDESTE,28416,13,4.574887387387387,44.61652176973707,31.666666666666668,35,12.317004504504505,6,21.114864864864867,12.06951320829727,0.0,vinculo_aps_abaixo_50pct;media_indicadores_previne_abaixo_40,leitos_sus_por_10k_entre_50_75pct_media_nacional,aps_fragil_e_leitos_sus_baixos;baixo_vinculo_e_baixo_desempenho_previne,gestao_de_carteira_e_qualidade_do_registro;regulacao_integrada_aps_e_retaguarda,16
316200,São Gonçalo do Sapucaí,MG,SUDESTE,24497,10,4.0821325060211455,36.36846405228758,30.5,29,11.838184267461322,0,0.0,11.577909102746979,3.675565188074688,vinculo_aps_abaixo_50pct;media_indicadores_previne_abaixo_40,leitos_sus_por_10k_entre_50_75pct_media_nacional,aps_fragil_e_leitos_sus_baixos;baixo_vinculo_e_baixo_desempenho_previne,gestao_de_carteira_e_qualidade_do_registro;regulacao_integrada_aps_e_retaguarda,16
500190,Bataguassu,MS,CENTRO-OESTE,24222,11,4.541326067211625,41.73887685385769,35.0,29,11.972586904467015,0,0.0,11.122386997866569,3.63430379171103,vinculo_aps_abaixo_50pct;media_indicadores_previne_abaixo_40,leitos_sus_por_10k_entre_50_75pct_media_nacional,aps_fragil_e_leitos_sus_baixos;baixo_vinculo_e_baixo_desempenho_previne,gestao_de_carteira_e_qualidade_do_registro;regulacao_integrada_aps_e_retaguarda,16
140005,Alto Alegre,RR,NORTE,23589,8,3.3914112510068253,37.37689270684194,33.833333333333336,28,11.869939378523888,0,0.0,11.073857934632754,3.539327559353955,vinculo_aps_abaixo_50pct;media_indicadores_previne_abaixo_40,leitos_sus_por_10k_entre_50_75pct_media_nacional,aps_fragil_e_leitos_sus_baixos;baixo_vinculo_e_baixo_desempenho_previne,gestao_de_carteira_e_qualidade_do_registro;regulacao_integrada_aps_e_retaguarda,16
330140,Conceição de Macabu,RJ,SUDESTE,21770,3,1.3780431786862655,49.09734025449033,27.666666666666668,21,9.646302250803858,0,0.0,15.060786266351055,3.26640217758852,vinculo_aps_abaixo_50pct;media_indicadores_previne_abaixo_40,leitos_sus_por_10k_entre_50_75pct_media_nacional,aps_fragil_e_leitos_sus_baixos;baixo_vinculo_e_baixo_desempenho_previne,gestao_de_carteira_e_qualidade_do_registro;regulacao_integrada_aps_e_retaguarda,16
312400,Ervália,MG,SUDESTE,21091,10,4.741358873453131,46.43215120996611,39.833333333333336,20,9.482717746906262,0,0.0,14.936060778300881,3.164524038930614,vinculo_aps_abaixo_50pct;media_indicadores_previne_abaixo_40,leitos_sus_por_10k_entre_50_75pct_media_nacional,aps_fragil_e_leitos_sus_baixos;baixo_vinculo_e_baixo_desempenho_previne,gestao_de_carteira_e_qualidade_do_registro;regulacao_integrada_aps_e_retaguarda,16
411915,Pinhais,PR,SUL,131255,14,1.0666260332939697,35.55362464652932,54.833333333333336,270,20.57064492781227,0,0.0,0.0,19.693689380770838,ubs_por_10k_abaixo_de_50pct_media_nacional;vinculo_aps_abaixo_50pct,municipio_100k_mais_sem_uti_sus_no_arquivo,baixa_densidade_ubs_e_baixo_vinculo,gestao_territorial_e_busca_ativa_aps,15
412625,Sarandi,PR,SUL,128106,13,1.014784631477058,22.048733950789046,47.333333333333336,159,12.411596646527096,40,31.2241425069864,53.20041733749048,0.0,ubs_por_10k_abaixo_de_50pct_media_nacional;vinculo_aps_abaixo_50pct,leitos_sus_por_10k_entre_50_75pct_media_nacional,aps_fragil_e_leitos_sus_baixos;baixa_densidade_ubs_e_baixo_vinculo,gestao_territorial_e_busca_ativa_aps;regulacao_integrada_aps_e_retaguarda,15
130406,Tabatinga,AM,NORTE,73348,8,1.090690952718547,39.91948314264765,44.333333333333336,61,8.316518514478922,0,0.0,60.49685581370314,11.005239638114963,ubs_por_10k_abaixo_de_50pct_media_nacional;vinculo_aps_abaixo_50pct,leitos_sus_por_10k_entre_50_75pct_media_nacional,aps_fragil_e_leitos_sus_baixos;baixa_densidade_ubs_e_baixo_vinculo,gestao_territorial_e_busca_ativa_aps;regulacao_integrada_aps_e_retaguarda,15
350635,Bertioga,SP,SUDESTE,67436,7,1.0380212349486921,41.14066962750288,49.0,74,10.973367340886174,0,0.0,37.70395878078317,10.11819463701697,ubs_por_10k_abaixo_de_50pct_media_nacional;vinculo_aps_abaixo_50pct,leitos_sus_por_10k_entre_50_75pct_media_nacional,aps_fragil_e_leitos_sus_baixos;baixa_densidade_ubs_e_baixo_vinculo,gestao_territorial_e_busca_ativa_aps;regulacao_integrada_aps_e_retaguarda,15
353340,Nova Odessa,SP,SUDESTE,64596,7,1.083658430862592,24.933051005791867,52.333333333333336,72,11.14620100315809,0,0.0,34.999657770381845,9.69207694366137,ubs_por_10k_abaixo_de_50pct_media_nacional;vinculo_aps_abaixo_50pct,leitos_sus_por_10k_entre_50_75pct_media_nacional,aps_fragil_e_leitos_sus_baixos;baixa_densidade_ubs_e_baixo_vinculo,gestao_territorial_e_busca_ativa_aps;regulacao_integrada_aps_e_retaguarda,15
130380,São Gabriel da Cachoeira,AM,NORTE,57396,6,1.0453690152623876,30.601354465836966,47.833333333333336,69,12.021743675517458,0,0.0,26.07326084260382,8.611778566140131,ubs_por_10k_abaixo_de_50pct_media_nacional;vinculo_aps_abaixo_50pct,leitos_sus_por_10k_entre_50_75pct_media_nacional,aps_fragil_e_leitos_sus_baixos;baixa_densidade_ubs_e_baixo_vinculo,gestao_territorial_e_busca_ativa_aps;regulacao_integrada_aps_e_retaguarda,15
353860,Piracaia,SP,SUDESTE,26795,3,1.1196118678857996,35.5290688985204,56.166666666666664,28,10.449710766934128,0,0.0,16.384417455529473,4.02036042023355,ubs_por_10k_abaixo_de_50pct_media_nacional;vinculo_aps_abaixo_50pct,leitos_sus_por_10k_entre_50_75pct_media_nacional,aps_fragil_e_leitos_sus_baixos;baixa_densidade_ubs_e_baixo_vinculo,gestao_territorial_e_busca_ativa_aps;regulacao_integrada_aps_e_retaguarda,15
432090,Tapejara,RS,SUL,25256,0,0.0,28.27268759176223,55.5,63,24.944567627494454,0,0.0,0.0,3.7894466420383854,municipio_5k_mais_sem_ubs_no_arquivo;ubs_por_10k_abaixo_de_50pct_media_nacional;vinculo_aps_abaixo_50pct,,baixa_densidade_ubs_e_baixo_vinculo,gestao_territorial_e_busca_ativa_aps;validacao_cadastral_cnes_e_mapa_de_oferta,15
432170,Três Coroas,RS,SUL,24428,0,0.0,22.80917280917281,56.833333333333336,46,18.830849844440806,0,0.0,0.0,3.665212328623443,municipio_5k_mais_sem_ubs_no_arquivo;ubs_por_10k_abaixo_de_50pct_media_nacional;vinculo_aps_abaixo_50pct,,baixa_densidade_ubs_e_baixo_vinculo,gestao_territorial_e_busca_ativa_aps;validacao_cadastral_cnes_e_mapa_de_oferta,15
410360,Cambará,PR,SUL,23393,0,0.0,41.89500640204866,43.5,79,33.77078613260377,0,0.0,0.0,3.5099194368547657,municipio_5k_mais_sem_ubs_no_arquivo;ubs_por_10k_abaixo_de_50pct_media_nacional;vinculo_aps_abaixo_50pct,,baixa_densidade_ubs_e_baixo_vinculo,gestao_territorial_e_busca_ativa_aps;validacao_cadastral_cnes_e_mapa_de_oferta,15
330515,São José do Vale do Rio Preto,RJ,SUDESTE,22813,0,0.0,38.57186718715733,51.666666666666664,49,21.478981282602025,0,0.0,0.0,3.4228954008877768,municipio_5k_mais_sem_ubs_no_arquivo;ubs_por_10k_abaixo_de_50pct_media_nacional;vinculo_aps_abaixo_50pct,,baixa_densidade_ubs_e_baixo_vinculo,gestao_territorial_e_busca_ativa_aps;validacao_cadastral_cnes_e_mapa_de_oferta,15
430100,Arroio do Meio,RS,SUL,22523,0,0.0,29.82214317474433,60.5,74,32.855303467566486,6,26.639435243972827,0.0,0.0,municipio_5k_mais_sem_ubs_no_arquivo;ubs_por_10k_abaixo_de_50pct_media_nacional;vinculo_aps_abaixo_50pct,,baixa_densidade_ubs_e_baixo_vinculo,gestao_territorial_e_busca_ativa_aps;validacao_cadastral_cnes_e_mapa_de_oferta,15
431820,São Francisco de Paula,RS,SUL,22388,0,0.0,30.20158226433648,49.0,97,43.32678220475255,0,0.0,0.0,3.3591277883257593,municipio_5k_mais_sem_ubs_no_arquivo;ubs_por_10k_abaixo_de_50pct_media_nacional;vinculo_aps_abaixo_50pct,,baixa_densidade_ubs_e_baixo_vinculo,gestao_territorial_e_busca_ativa_aps;validacao_cadastral_cnes_e_mapa_de_oferta,15
320435,Rio Bananal,ES,SUDESTE,20350,0,0.0,48.62326363142024,72.83333333333333,28,13.759213759213758,0,0.0,5.708635761150392,3.0533433309107196,municipio_5k_mais_sem_ubs_no_arquivo;ubs_por_10k_abaixo_de_50pct_media_nacional;vinculo_aps_abaixo_50pct,,baixa_densidade_ubs_e_baixo_vinculo,gestao_territorial_e_busca_ativa_aps;validacao_cadastral_cnes_e_mapa_de_oferta,15
230370,Caucaia,CE,NORDESTE,378406,54,1.4270386833189748,43.582625821733686,40.833333333333336,213,5.628874806424846,10,2.642664228368472,413.8083549795515,46.776581645041865,vinculo_aps_abaixo_50pct,leitos_sus_por_10k_abaixo_de_50pct_media_nacional;uti_sus_por_100k_abaixo_de_50pct_media_nacional,aps_fragil_e_leitos_sus_baixos,regulacao_integrada_aps_e_retaguarda,14
430920,Gravataí,RS,SUL,275430,31,1.1255128344769996,32.31890270038577,47.333333333333336,155,5.627564172384998,12,4.356823875394838,301.2343758080418,29.325914183427006,vinculo_aps_abaixo_50pct,leitos_sus_por_10k_abaixo_de_50pct_media_nacional;uti_sus_por_100k_abaixo_de_50pct_media_nacional,aps_fragil_e_leitos_sus_baixos,regulacao_integrada_aps_e_retaguarda,14
521250,Luziânia,GO,CENTRO-OESTE,221262,39,1.7626162648805488,33.45471325706349,44.833333333333336,100,4.5195288843091,7,3.1636702190163692,266.50811625472517,26.198469389875562,vinculo_aps_abaixo_50pct,leitos_sus_por_10k_abaixo_de_50pct_media_nacional;uti_sus_por_100k_abaixo_de_50pct_media_nacional,aps_fragil_e_leitos_sus_baixos,regulacao_integrada_aps_e_retaguarda,14
330285,Mesquita,RJ,SUDESTE,178830,27,1.509813789632612,46.106608949514275,44.166666666666664,129,7.213554772689146,10,5.59190292456523,167.22188369368666,16.83191095168374,vinculo_aps_abaixo_50pct,leitos_sus_por_10k_abaixo_de_50pct_media_nacional;uti_sus_por_100k_abaixo_de_50pct_media_nacional,aps_fragil_e_leitos_sus_baixos,regulacao_integrada_aps_e_retaguarda,14
522045,Senador Canedo,GO,CENTRO-OESTE,175042,24,1.3710995075467602,28.121449051804838,50.166666666666664,70,3.999040230344717,8,4.570331691822534,219.94727375446124,18.263553971954508,vinculo_aps_abaixo_50pct,leitos_sus_por_10k_abaixo_de_50pct_media_nacional;uti_sus_por_100k_abaixo_de_50pct_media_nacional,aps_fragil_e_leitos_sus_baixos,regulacao_integrada_aps_e_retaguarda,14
350410,Atibaia,SP,SUDESTE,167161,19,1.1366287591005078,27.90120631402709,46.166666666666664,72,4.30722477132824,6,3.589353976106867,204.89283845059757,19.08107737289272,vinculo_aps_abaixo_50pct,leitos_sus_por_10k_abaixo_de_50pct_media_nacional;uti_sus_por_100k_abaixo_de_50pct_media_nacional,aps_fragil_e_leitos_sus_baixos,regulacao_integrada_aps_e_retaguarda,14
355700,Votorantim,SP,SUDESTE,133510,19,1.4231143734551719,9.57779132699531,49.833333333333336,74,5.542655980825406,10,7.490075649764063,147.15184080939503,10.032032830952836,vinculo_aps_abaixo_50pct,leitos_sus_por_10k_abaixo_de_50pct_media_nacional;uti_sus_por_100k_abaixo_de_50pct_media_nacional,aps_fragil_e_leitos_sus_baixos,regulacao_integrada_aps_e_retaguarda,14
355400,Tatuí,SP,SUDESTE,129130,21,1.6262681019128011,28.751555693839453,43.0,99,7.666692480446062,8,6.195307054905909,114.89661601166337,11.37485131796075,vinculo_aps_abaixo_50pct,leitos_sus_por_10k_abaixo_de_50pct_media_nacional;uti_sus_por_100k_abaixo_de_50pct_media_nacional,aps_fragil_e_leitos_sus_baixos,regulacao_integrada_aps_e_retaguarda,14
260680,Igarassu,PE,NORDESTE,123017,39,3.170293536665664,48.4245208973772,41.333333333333336,113,9.185722298544103,0,0.0,90.77077373117629,18.457647987156957,vinculo_aps_abaixo_50pct,leitos_sus_por_10k_entre_50_75pct_media_nacional;municipio_100k_mais_sem_uti_sus_no_arquivo,aps_fragil_e_leitos_sus_baixos,regulacao_integrada_aps_e_retaguarda,14
260200,Bodocó,PE,NORDESTE,36145,0,0.0,68.07273935066014,68.83333333333333,29,8.02323972886983,0,0.0,30.872169021463428,5.4232478965979345,municipio_5k_mais_sem_ubs_no_arquivo;ubs_por_10k_abaixo_de_50pct_media_nacional;vinculo_aps_entre_50_70pct,leitos_sus_por_10k_abaixo_de_50pct_media_nacional,,validacao_cadastral_cnes_e_mapa_de_oferta,14
250180,Bayeux,PB,NORDESTE,83862,32,3.8157926116715557,56.49021373394626,28.333333333333332,48,5.723688917507333,0,0.0,90.91270821629455,12.582775352178615,vinculo_aps_entre_50_70pct;media_indicadores_previne_abaixo_40,leitos_sus_por_10k_abaixo_de_50pct_media_nacional,aps_fragil_e_leitos_sus_baixos,regulacao_integrada_aps_e_retaguarda,13
291400,Ipirá,BA,NORDESTE,59222,14,2.3639863564216,52.46186555075594,36.833333333333336,48,8.105096079159772,0,0.0,50.097927619009745,8.885754237994824,vinculo_aps_entre_50_70pct;media_indicadores_previne_abaixo_40,leitos_sus_por_10k_abaixo_de_50pct_media_nacional,aps_fragil_e_leitos_sus_baixos,regulacao_integrada_aps_e_retaguarda,13
150178,Breu Branco,PA,NORTE,47066,18,3.824416776441593,56.09596418238263,39.0,32,6.798963158118387,0,0.0,45.96219413927785,7.0618504772798,vinculo_aps_entre_50_70pct;media_indicadores_previne_abaixo_40,leitos_sus_por_10k_abaixo_de_50pct_media_nacional,aps_fragil_e_leitos_sus_baixos,regulacao_integrada_aps_e_retaguarda,13
150520,Oeiras do Pará,PA,NORTE,36734,8,2.177818914357271,53.720757621574066,34.166666666666664,16,4.355637828714542,0,0.0,44.847814547916386,5.511622305536825,vinculo_aps_entre_50_70pct;media_indicadores_previne_abaixo_40,leitos_sus_por_10k_abaixo_de_50pct_media_nacional,aps_fragil_e_leitos_sus_baixos,regulacao_integrada_aps_e_retaguarda,13
150310,Gurupá,PA,NORTE,34137,6,1.7576236927673783,52.52343611815341,25.0,24,7.030494771069513,0,0.0,32.54602943382756,5.1219646824225675,vinculo_aps_entre_50_70pct;media_indicadores_previne_abaixo_40,leitos_sus_por_10k_abaixo_de_50pct_media_nacional,aps_fragil_e_leitos_sus_baixos,regulacao_integrada_aps_e_retaguarda,13
330575,Tanguá,RJ,SUDESTE,32865,13,3.955575840559866,52.17298679164891,33.0,14,4.259850905218317,0,0.0,40.43903264325344,4.931111969060482,vinculo_aps_entre_50_70pct;media_indicadores_previne_abaixo_40,leitos_sus_por_10k_abaixo_de_50pct_media_nacional,aps_fragil_e_leitos_sus_baixos,regulacao_integrada_aps_e_retaguarda,13
292230,Muritiba,BA,NORDESTE,30180,10,3.313452617627568,58.611424401247255,33.666666666666664,23,7.620941020543406,0,0.0,26.991480455602886,4.528250699109854,vinculo_aps_entre_50_70pct;media_indicadores_previne_abaixo_40,leitos_sus_por_10k_abaixo_de_50pct_media_nacional,aps_fragil_e_leitos_sus_baixos,regulacao_integrada_aps_e_retaguarda,13
330187,Iguaba Grande,RJ,SUDESTE,29616,13,4.389519178822258,62.64665111404132,38.5,0,0.0,0,0.0,49.05724602959361,4.443627326204024,vinculo_aps_entre_50_70pct;media_indicadores_previne_abaixo_40,municipio_20k_mais_sem_leitos_sus_no_arquivo,aps_fragil_e_leitos_sus_baixos,regulacao_integrada_aps_e_retaguarda;validacao_cadastral_cnes_e_mapa_de_oferta,13
260760,Ilha de Itamaracá,PE,NORDESTE,25658,13,5.066645880427157,51.44737357514983,24.833333333333332,3,1.169225972406267,0,0.0,39.501040607351186,3.849763301449988,vinculo_aps_entre_50_70pct;media_indicadores_previne_abaixo_40,leitos_sus_por_10k_abaixo_de_50pct_media_nacional,aps_fragil_e_leitos_sus_baixos,regulacao_integrada_aps_e_retaguarda,13
140045,Pacaraima,RR,NORTE,23112,12,5.192107995846314,63.436482084690546,22.333333333333332,14,6.057459328487366,0,0.0,24.28373413816746,3.4677577918431726,vinculo_aps_entre_50_70pct;media_indicadores_previne_abaixo_40,leitos_sus_por_10k_abaixo_de_50pct_media_nacional,aps_fragil_e_leitos_sus_baixos,regulacao_integrada_aps_e_retaguarda,13
150250,Chaves,PA,NORTE,21501,5,2.3254732338030792,53.19030111230047,28.0,16,7.441514348169853,0,0.0,19.615202825577125,3.2260410298727957,vinculo_aps_entre_50_70pct;media_indicadores_previne_abaixo_40,leitos_sus_por_10k_abaixo_de_50pct_media_nacional,aps_fragil_e_leitos_sus_baixos,regulacao_integrada_aps_e_retaguarda,13
261190,Rio Formoso,PE,NORDESTE,20388,12,5.885815185403178,60.635386119257085,37.333333333333336,16,7.847753580537572,0,0.0,17.771580633824772,3.059044905680971,vinculo_aps_entre_50_70pct;media_indicadores_previne_abaixo_40,leitos_sus_por_10k_abaixo_de_50pct_media_nacional,aps_fragil_e_leitos_sus_baixos,regulacao_integrada_aps_e_retaguarda,13
330455,Rio de Janeiro,RJ,SUDESTE,6730729,392,0.5824034811088071,34.24524962800305,49.5,9658,14.349114338134843,1158,17.204674263367313,1491.0757871258973,0.0,ubs_por_10k_abaixo_de_50pct_media_nacional;mais_de_10k_habitantes_por_ubs;vinculo_aps_abaixo_50pct,,baixa_densidade_ubs_e_baixo_vinculo,gestao_territorial_e_busca_ativa_aps,12
530010,Brasília,DF,CENTRO-OESTE,2996899,210,0.700724315367318,28.112543239312622,40.833333333333336,5637,18.809442693931295,613,20.454476443817427,0.0,0.0,ubs_por_10k_abaixo_de_50pct_media_nacional;mais_de_10k_habitantes_por_ubs;vinculo_aps_abaixo_50pct,,baixa_densidade_ubs_e_baixo_vinculo,gestao_territorial_e_busca_ativa_aps,12
410690,Curitiba,PR,SUL,1830795,134,0.7319224708391711,24.0017493747352,49.5,3133,17.112784336859125,416,22.722369243962323,0.0,0.0,ubs_por_10k_abaixo_de_50pct_media_nacional;mais_de_10k_habitantes_por_ubs;vinculo_aps_abaixo_50pct,,baixa_densidade_ubs_e_baixo_vinculo,gestao_territorial_e_busca_ativa_aps,12
211130,São Luís,MA,NORDESTE,1089215,71,0.6518455952222473,32.92731906508575,50.5,3731,34.254026982735276,424,38.92711723580744,0.0,0.0,ubs_por_10k_abaixo_de_50pct_media_nacional;mais_de_10k_habitantes_por_ubs;vinculo_aps_abaixo_50pct,,baixa_densidade_ubs_e_baixo_vinculo,gestao_territorial_e_busca_ativa_aps,12
270430,Maceió,AL,NORDESTE,994952,98,0.9849721393594867,18.620382437172186,48.833333333333336,2424,24.362984344973427,233,23.418215150077593,0.0,0.0,ubs_por_10k_abaixo_de_50pct_media_nacional;mais_de_10k_habitantes_por_ubs;vinculo_aps_abaixo_50pct,,baixa_densidade_ubs_e_baixo_vinculo,gestao_territorial_e_busca_ativa_aps,12
500270,Campo Grande,MS,CENTRO-OESTE,962883,82,0.8516091778544226,31.59898463862585,41.166666666666664,1719,17.852636301606736,242,25.132856224484183,0.0,0.0,ubs_por_10k_abaixo_de_50pct_media_nacional;mais_de_10k_habitantes_por_ubs;vinculo_aps_abaixo_50pct,,baixa_densidade_ubs_e_baixo_vinculo,gestao_territorial_e_busca_ativa_aps,12
355220,Sorocaba,SP,SUDESTE,762172,33,0.43297313467301346,13.417491903852222,53.833333333333336,1142,14.983494539290342,171,22.435880614874332,120.49524989422686,0.0,ubs_por_10k_abaixo_de_50pct_media_nacional;mais_de_10k_habitantes_por_ubs;vinculo_aps_abaixo_50pct,,baixa_densidade_ubs_e_baixo_vinculo,gestao_territorial_e_busca_ativa_aps,12
354340,Ribeirão Preto,SP,SUDESTE,731639,53,0.7244009682370677,24.106260296540363,46.166666666666664,1609,21.991719960253622,189,25.832411886189774,0.0,0.0,ubs_por_10k_abaixo_de_50pct_media_nacional;mais_de_10k_habitantes_por_ubs;vinculo_aps_abaixo_50pct,,baixa_densidade_ubs_e_baixo_vinculo,gestao_territorial_e_busca_ativa_aps,12
354990,São José dos Campos,SP,SUDESTE,727078,40,0.5501473019400944,27.94995833080375,40.5,951,13.079752103625747,161,22.1434289030888,253.36400353541524,0.0,ubs_por_10k_abaixo_de_50pct_media_nacional;mais_de_10k_habitantes_por_ubs;vinculo_aps_abaixo_50pct,,baixa_densidade_ubs_e_baixo_vinculo,gestao_territorial_e_busca_ativa_aps,12
420910,Joinville,SC,SUL,664541,66,0.9931667120614078,24.945028768277936,45.333333333333336,973,14.641685012662876,147,22.120531314094993,127.77496399757446,0.0,ubs_por_10k_abaixo_de_50pct_media_nacional;mais_de_10k_habitantes_por_ubs;vinculo_aps_abaixo_50pct,,baixa_densidade_ubs_e_baixo_vinculo,gestao_territorial_e_busca_ativa_aps,12
420540,Florianópolis,SC,SUL,587486,57,0.9702358864721883,27.884086536042513,41.5,1289,21.940948380046503,138,23.489921461958243,0.0,0.0,ubs_por_10k_abaixo_de_50pct_media_nacional;mais_de_10k_habitantes_por_ubs;vinculo_aps_abaixo_50pct,,baixa_densidade_ubs_e_baixo_vinculo,gestao_territorial_e_busca_ativa_aps,12
411370,Londrina,PR,SUL,581382,57,0.9804225105008411,26.967806304324483,45.5,1448,24.906171845705575,155,26.66061212765445,0.0,0.0,ubs_por_10k_abaixo_de_50pct_media_nacional;mais_de_10k_habitantes_por_ubs;vinculo_aps_abaixo_50pct,,baixa_densidade_ubs_e_baixo_vinculo,gestao_territorial_e_busca_ativa_aps,12
320500,Serra,ES,SUDESTE,579720,42,0.724487683709377,30.207907401000224,54.0,785,13.541019802663355,158,27.254536672876558,175.2737259682606,0.0,ubs_por_10k_abaixo_de_50pct_media_nacional;mais_de_10k_habitantes_por_ubs;vinculo_aps_abaixo_50pct,,baixa_densidade_ubs_e_baixo_vinculo,gestao_territorial_e_busca_ativa_aps,12
520140,Aparecida de Goiânia,GO,CENTRO-OESTE,556021,55,0.9891712723080602,20.014339519898353,50.5,1080,19.42372680168555,94,16.90583629035594,0.0,0.0,ubs_por_10k_abaixo_de_50pct_media_nacional;mais_de_10k_habitantes_por_ubs;vinculo_aps_abaixo_50pct,,baixa_densidade_ubs_e_baixo_vinculo,gestao_territorial_e_busca_ativa_aps,12
354980,São José do Rio Preto,SP,SUDESTE,504166,33,0.6545463200612497,28.43119077665935,53.5,1441,28.5818559760079,258,51.17362138660679,0.0,0.0,ubs_por_10k_abaixo_de_50pct_media_nacional;mais_de_10k_habitantes_por_ubs;vinculo_aps_abaixo_50pct,,baixa_densidade_ubs_e_baixo_vinculo,gestao_territorial_e_busca_ativa_aps,12
353060,Mogi das Cruzes,SP,SUDESTE,470302,37,0.786728527626929,25.196530804067336,59.166666666666664,725,15.41562655485199,92,19.561898524777696,54.02893443442502,0.0,ubs_por_10k_abaixo_de_50pct_media_nacional;mais_de_10k_habitantes_por_ubs;vinculo_aps_abaixo_50pct,,baixa_densidade_ubs_e_baixo_vinculo,gestao_territorial_e_busca_ativa_aps,12
354850,Santos,SP,SUDESTE,429547,38,0.8846529017779196,18.6273619714736,42.833333333333336,824,19.182999764868573,143,33.290885514274336,0.0,0.0,ubs_por_10k_abaixo_de_50pct_media_nacional;mais_de_10k_habitantes_por_ubs;vinculo_aps_abaixo_50pct,,baixa_densidade_ubs_e_baixo_vinculo,gestao_territorial_e_busca_ativa_aps,12
350600,Bauru,SP,SUDESTE,392947,29,0.7380130144777794,22.19916270996069,59.833333333333336,834,21.224236347395454,112,28.502571593624584,0.0,0.0,ubs_por_10k_abaixo_de_50pct_media_nacional;mais_de_10k_habitantes_por_ubs;vinculo_aps_abaixo_50pct,,baixa_densidade_ubs_e_baixo_vinculo,gestao_territorial_e_busca_ativa_aps,12
351620,Franca,SP,SUDESTE,365494,24,0.6566455263287495,28.056904298563666,45.333333333333336,482,13.187630987102388,57,15.595331250307805,123.42034982240295,0.0,ubs_por_10k_abaixo_de_50pct_media_nacional;mais_de_10k_habitantes_por_ubs;vinculo_aps_abaixo_50pct,,baixa_densidade_ubs_e_baixo_vinculo,gestao_territorial_e_busca_ativa_aps,12
350570,Barueri,SP,SUDESTE,333737,23,0.689165420675562,32.38763815353319,42.0,692,20.734890048151687,39,11.685848437542136,0.0,11.074380502611843,ubs_por_10k_abaixo_de_50pct_media_nacional;mais_de_10k_habitantes_por_ubs;vinculo_aps_abaixo_50pct,,baixa_densidade_ubs_e_baixo_vinculo,gestao_territorial_e_busca_ativa_aps,12
290570,Camaçari,BA,NORDESTE,321636,45,1.399097115994478,41.660143897505904,49.0,357,11.099503786889528,8,2.4872837617679613,175.77202809205727,40.25872902116955,vinculo_aps_abaixo_50pct,leitos_sus_por_10k_entre_50_75pct_media_nacional;uti_sus_por_100k_abaixo_de_50pct_media_nacional,aps_fragil_e_leitos_sus_baixos,regulacao_integrada_aps_e_retaguarda,12
510840,Várzea Grande,MT,CENTRO-OESTE,318922,31,0.9720245075598423,28.202601811033386,41.5,607,19.032866970607234,70,21.94894049328676,0.0,0.0,ubs_por_10k_abaixo_de_50pct_media_nacional;mais_de_10k_habitantes_por_ubs;vinculo_aps_abaixo_50pct,,baixa_densidade_ubs_e_baixo_vinculo,gestao_territorial_e_busca_ativa_aps,12
421660,São José,SC,SUL,295658,28,0.9470401612674103,24.433952177796787,45.0,791,26.75388455580434,73,24.690689918757485,0.0,0.0,ubs_por_10k_abaixo_de_50pct_media_nacional;mais_de_10k_habitantes_por_ubs;vinculo_aps_abaixo_50pct,,baixa_densidade_ubs_e_baixo_vinculo,gestao_territorial_e_busca_ativa_aps,12
230765,Maracanaú,CE,NORDESTE,251613,35,1.3910251060159848,49.454109995033726,46.0,260,10.333329358975886,10,3.974357445759957,156.78284863736283,27.75237717545155,vinculo_aps_abaixo_50pct,leitos_sus_por_10k_entre_50_75pct_media_nacional;uti_sus_por_100k_abaixo_de_50pct_media_nacional,aps_fragil_e_leitos_sus_baixos,regulacao_integrada_aps_e_retaguarda,12
313130,Ipatinga,MG,SUDESTE,235311,22,0.9349329185630931,36.4543736329079,44.666666666666664,477,20.27104555248161,71,30.17283509908164,0.0,0.0,ubs_por_10k_abaixo_de_50pct_media_nacional;mais_de_10k_habitantes_por_ubs;vinculo_aps_abaixo_50pct,,baixa_densidade_ubs_e_baixo_vinculo,gestao_territorial_e_busca_ativa_aps,12
330270,Maricá,RJ,SUDESTE,212470,32,1.5060949781145574,40.893738265734534,44.0,251,11.813432484586059,10,4.706546806607991,100.94466045069402,21.879305037769075,vinculo_aps_abaixo_50pct,leitos_sus_por_10k_entre_50_75pct_media_nacional;uti_sus_por_100k_abaixo_de_50pct_media_nacional,aps_fragil_e_leitos_sus_baixos,regulacao_integrada_aps_e_retaguarda,12
352220,Itapecerica da Serra,SP,SUDESTE,163003,16,0.9815770261897021,26.141964765018788,48.333333333333336,245,15.03039821352981,34,20.85851180653117,25.005344224805768,0.0,ubs_por_10k_abaixo_de_50pct_media_nacional;mais_de_10k_habitantes_por_ubs;vinculo_aps_abaixo_50pct,,baixa_densidade_ubs_e_baixo_vinculo,gestao_territorial_e_busca_ativa_aps,12
351050,Caraguatatuba,SP,SUDESTE,142248,14,0.9841966143636466,40.45604037311105,61.166666666666664,322,22.636522130363872,70,49.20983071818233,0.0,0.0,ubs_por_10k_abaixo_de_50pct_media_nacional;mais_de_10k_habitantes_por_ubs;vinculo_aps_abaixo_50pct,,baixa_densidade_ubs_e_baixo_vinculo,gestao_territorial_e_busca_ativa_aps,12
320240,Guarapari,ES,SUDESTE,136311,30,2.2008495279177764,29.452217216030352,59.333333333333336,130,9.53701462097703,10,7.336165093059254,95.7915405031042,10.452298908096864,vinculo_aps_abaixo_50pct,leitos_sus_por_10k_entre_50_75pct_media_nacional;uti_sus_por_100k_abaixo_de_50pct_media_nacional,aps_fragil_e_leitos_sus_baixos,regulacao_integrada_aps_e_retaguarda,12
110030,Vilhena,RO,NORTE,109651,10,0.9119843868272975,30.72939702196668,61.833333333333336,233,21.249236213076035,10,9.119843868272975,0.0,6.452194082441836,ubs_por_10k_abaixo_de_50pct_media_nacional;mais_de_10k_habitantes_por_ubs;vinculo_aps_abaixo_50pct,,baixa_densidade_ubs_e_baixo_vinculo,gestao_territorial_e_busca_ativa_aps,12
431140,Lajeado,RS,SUL,96879,3,0.30966463320224197,25.263059875221156,51.666666666666664,148,15.276788571310604,27,27.869816988201777,12.47463999530656,0.0,ubs_por_10k_abaixo_de_50pct_media_nacional;mais_de_10k_habitantes_por_ubs;vinculo_aps_abaixo_50pct,,baixa_densidade_ubs_e_baixo_vinculo,gestao_territorial_e_busca_ativa_aps,12
430470,Carazinho,RS,SUL,63670,1,0.15705983979896343,28.13727647003363,44.0,94,14.76362494110256,8,12.564787183917073,11.465790609948172,1.5531385689968327,ubs_por_10k_abaixo_de_50pct_media_nacional;mais_de_10k_habitantes_por_ubs;vinculo_aps_abaixo_50pct,,baixa_densidade_ubs_e_baixo_vinculo,gestao_territorial_e_busca_ativa_aps,12
210232,Buriticupu,MA,NORDESTE,56733,0,0.0,57.32564679415073,40.333333333333336,66,11.633440854529109,0,0.0,27.9750384588376,8.512301090543385,municipio_5k_mais_sem_ubs_no_arquivo;ubs_por_10k_abaixo_de_50pct_media_nacional;vinculo_aps_entre_50_70pct,leitos_sus_por_10k_entre_50_75pct_media_nacional,,validacao_cadastral_cnes_e_mapa_de_oferta,12
314430,Nanuque,MG,SUDESTE,35263,3,0.8507500779854238,45.81762952129156,43.166666666666664,46,13.044834529109831,0,0.0,12.411185397810625,5.290911345351583,ubs_por_10k_abaixo_de_50pct_media_nacional;mais_de_10k_habitantes_por_ubs;vinculo_aps_abaixo_50pct,,baixa_densidade_ubs_e_baixo_vinculo,gestao_territorial_e_busca_ativa_aps,12
411960,Pitanga,PR,SUL,34527,2,0.5792568135082689,34.63622403152436,54.833333333333336,82,23.749529353839023,0,0.0,0.0,5.180480844538302,ubs_por_10k_abaixo_de_50pct_media_nacional;mais_de_10k_habitantes_por_ubs;vinculo_aps_abaixo_50pct,,baixa_densidade_ubs_e_baixo_vinculo,gestao_territorial_e_busca_ativa_aps,12
412570,São Miguel do Iguaçu,PR,SUL,30416,1,0.3287743293003682,34.790383469103915,60.833333333333336,141,46.35718043135192,0,0.0,0.0,4.563660479261939,ubs_por_10k_abaixo_de_50pct_media_nacional;mais_de_10k_habitantes_por_ubs;vinculo_aps_abaixo_50pct,,baixa_densidade_ubs_e_baixo_vinculo,gestao_territorial_e_busca_ativa_aps,12
432270,Vera Cruz,RS,SUL,27670,2,0.7228044813877846,29.980461683189812,74.0,43,15.54029634983737,0,0.0,2.833805971058046,4.151646681390645,ubs_por_10k_abaixo_de_50pct_media_nacional;mais_de_10k_habitantes_por_ubs;vinculo_aps_abaixo_50pct,,baixa_densidade_ubs_e_baixo_vinculo,gestao_territorial_e_busca_ativa_aps,12
412350,Santa Helena,PR,SUL,26461,1,0.3779146668682211,38.85577616643256,64.83333333333333,50,18.89573334341106,0,0.0,0.0,3.9702465788318704,ubs_por_10k_abaixo_de_50pct_media_nacional;mais_de_10k_habitantes_por_ubs;vinculo_aps_abaixo_50pct,,baixa_densidade_ubs_e_baixo_vinculo,gestao_territorial_e_busca_ativa_aps,12
311750,Conceição do Mato Dentro,MG,SUDESTE,24559,2,0.8143654057575634,45.50177290343861,43.833333333333336,39,15.880125412272488,0,0.0,1.6806086318472895,3.6848677574366766,ubs_por_10k_abaixo_de_50pct_media_nacional;mais_de_10k_habitantes_por_ubs;vinculo_aps_abaixo_50pct,,baixa_densidade_ubs_e_baixo_vinculo,gestao_territorial_e_busca_ativa_aps,12
130063,Beruri,AM,NORTE,22495,0,0.0,66.8729671123961,57.833333333333336,27,12.002667259390977,0,0.0,10.26170817921759,3.3751822225472554,municipio_5k_mais_sem_ubs_no_arquivo;ubs_por_10k_abaixo_de_50pct_media_nacional;vinculo_aps_entre_50_70pct,leitos_sus_por_10k_entre_50_75pct_media_nacional,,validacao_cadastral_cnes_e_mapa_de_oferta,12
410450,Capanema,PR,SUL,21088,2,0.9484066767830046,33.008277043097706,57.833333333333336,29,13.751896813353566,0,0.0,5.931091446247636,3.164073914606647,ubs_por_10k_abaixo_de_50pct_media_nacional;mais_de_10k_habitantes_por_ubs;vinculo_aps_abaixo_50pct,,baixa_densidade_ubs_e_baixo_vinculo,gestao_territorial_e_busca_ativa_aps,12
292430,Piatã,BA,NORDESTE,20938,0,0.0,65.04626300397909,63.666666666666664,26,12.417613907727578,0,0.0,8.682624843585591,3.141567698408288,municipio_5k_mais_sem_ubs_no_arquivo;ubs_por_10k_abaixo_de_50pct_media_nacional;vinculo_aps_entre_50_70pct,leitos_sus_por_10k_entre_50_75pct_media_nacional,,validacao_cadastral_cnes_e_mapa_de_oferta,12
130115,Careiro da Várzea,AM,NORTE,20324,0,0.0,59.54868998939876,62.0,21,10.332611690612083,0,0.0,12.665568216688971,3.049442253436338,municipio_5k_mais_sem_ubs_no_arquivo;ubs_por_10k_abaixo_de_50pct_media_nacional;vinculo_aps_entre_50_70pct,leitos_sus_por_10k_entre_50_75pct_media_nacional,,validacao_cadastral_cnes_e_mapa_de_oferta,12
261160,Recife,PE,NORDESTE,1588376,181,1.1395286758299044,31.328828303962887,39.666666666666664,7083,44.59271608233819,755,47.53282598075015,0.0,0.0,vinculo_aps_abaixo_50pct;media_indicadores_previne_abaixo_40,,baixo_vinculo_e_baixo_desempenho_previne,gestao_de_carteira_e_qualidade_do_registro,11
250750,João Pessoa,PB,NORDESTE,897633,138,1.5373766338804389,32.72711519007426,29.166666666666668,2496,27.806464334533157,270,30.0791080541825,0.0,0.0,vinculo_aps_abaixo_50pct;media_indicadores_previne_abaixo_40,,baixo_vinculo_e_baixo_desempenho_previne,gestao_de_carteira_e_qualidade_do_registro,11
291080,Feira de Santana,BA,NORDESTE,660806,123,1.8613632442804695,39.505249654987935,39.666666666666664,1153,17.44838878581611,133,20.126935893439224,0.0,0.0,vinculo_aps_abaixo_50pct;media_indicadores_previne_abaixo_40,,baixo_vinculo_e_baixo_desempenho_previne,gestao_de_carteira_e_qualidade_do_registro,11
330100,Campos dos Goytacazes,RJ,SUDESTE,519259,91,1.7524973086648474,25.73394398191946,24.166666666666668,1198,23.07133819538997,184,35.43511041695955,0.0,0.0,vinculo_aps_abaixo_50pct;media_indicadores_previne_abaixo_40,,baixo_vinculo_e_baixo_desempenho_previne,gestao_de_carteira_e_qualidade_do_registro,11
110020,Porto Velho,RO,NORTE,517709,61,1.1782681004193476,29.412884342352385,30.833333333333332,1727,33.358508351216614,183,35.348043012580426,0.0,0.0,vinculo_aps_abaixo_50pct;media_indicadores_previne_abaixo_40,,baixo_vinculo_e_baixo_desempenho_previne,gestao_de_carteira_e_qualidade_do_registro,11
520110,Anápolis,GO,CENTRO-OESTE,420300,53,1.2610040447299549,26.089643546785236,28.5,577,13.728289317154413,97,23.078753271472756,119.2034206590422,0.0,vinculo_aps_abaixo_50pct;media_indicadores_previne_abaixo_40,,baixo_vinculo_e_baixo_desempenho_previne,gestao_de_carteira_e_qualidade_do_registro,11
261110,Petrolina,PE,NORDESTE,418444,62,1.481679746871744,47.71241514382382,38.333333333333336,570,13.621894447046678,63,15.055778073051592,123.12906056210382,0.0,vinculo_aps_abaixo_50pct;media_indicadores_previne_abaixo_40,,baixo_vinculo_e_baixo_desempenho_previne,gestao_de_carteira_e_qualidade_do_registro,11
120040,Rio Branco,AC,NORTE,389001,103,2.647808103321071,37.70897146334169,37.166666666666664,937,24.08734167778489,81,20.82256857951522,0.0,0.0,vinculo_aps_abaixo_50pct;media_indicadores_previne_abaixo_40,,baixo_vinculo_e_baixo_desempenho_previne,gestao_de_carteira_e_qualidade_do_registro,11
430460,Canoas,RS,SUL,359840,46,1.2783459315251222,29.59638885953153,37.833333333333336,681,18.92507781236105,110,30.56914184081814,0.0,0.0,vinculo_aps_abaixo_50pct;media_indicadores_previne_abaixo_40,,baixo_vinculo_e_baixo_desempenho_previne,gestao_de_carteira_e_qualidade_do_registro,11
317010,Uberaba,MG,SUDESTE,356781,40,1.1211359349292704,23.983599798950703,37.5,716,20.068333235233936,98,27.467830405767124,0.0,0.0,vinculo_aps_abaixo_50pct;media_indicadores_previne_abaixo_40,,baixo_vinculo_e_baixo_desempenho_previne,gestao_de_carteira_e_qualidade_do_registro,11
431440,Pelotas,RS,SUL,336150,54,1.606425702811245,31.59988218878949,34.5,952,28.320690168079725,100,29.748624126134164,0.0,0.0,vinculo_aps_abaixo_50pct;media_indicadores_previne_abaixo_40,,baixo_vinculo_e_baixo_desempenho_previne,gestao_de_carteira_e_qualidade_do_registro,11
352690,Limeira,SP,SUDESTE,301292,34,1.1284733746664366,25.57826341411508,47.833333333333336,246,8.164836769645394,55,18.25471635489824,253.07333099501344,0.0,vinculo_aps_abaixo_50pct,leitos_sus_por_10k_abaixo_de_50pct_media_nacional,aps_fragil_e_leitos_sus_baixos,regulacao_integrada_aps_e_retaguarda,11
330390,Petrópolis,RJ,SUDESTE,294926,55,1.8648745787078793,30.793299952878638,25.833333333333332,720,24.412903575812237,53,17.970609576639564,0.0,0.0,vinculo_aps_abaixo_50pct;media_indicadores_previne_abaixo_40,,baixo_vinculo_e_baixo_desempenho_previne,gestao_de_carteira_e_qualidade_do_registro,11
210530,Imperatriz,MA,NORDESTE,285806,38,1.3295732070005528,39.41068785814986,35.833333333333336,910,31.83977943080271,115,40.23708389606936,0.0,0.0,vinculo_aps_abaixo_50pct;media_indicadores_previne_abaixo_40,,baixo_vinculo_e_baixo_desempenho_previne,gestao_de_carteira_e_qualidade_do_registro,11
330630,Volta Redonda,RJ,SUDESTE,279971,52,1.8573352240053433,37.21570000500182,35.0,609,21.752252911908734,112,40.004143286268935,0.0,0.0,vinculo_aps_abaixo_50pct;media_indicadores_previne_abaixo_40,,baixo_vinculo_e_baixo_desempenho_previne,gestao_de_carteira_e_qualidade_do_registro,11
312770,Governador Valadares,MG,SUDESTE,266561,69,2.5885257033099367,34.069132080000294,33.666666666666664,459,17.219323156800883,80,30.011892212289123,0.0,0.0,vinculo_aps_abaixo_50pct;media_indicadores_previne_abaixo_40,,baixo_vinculo_e_baixo_desempenho_previne,gestao_de_carteira_e_qualidade_do_registro,11
330240,Macaé,RJ,SUDESTE,264439,63,2.382401990629219,22.01992897651985,33.166666666666664,365,13.802805183804205,44,16.63899802979137,73.02839960898513,0.0,vinculo_aps_abaixo_50pct;media_indicadores_previne_abaixo_40,,baixo_vinculo_e_baixo_desempenho_previne,gestao_de_carteira_e_qualidade_do_registro,11
330340,Nova Friburgo,RJ,SUDESTE,203417,29,1.4256428912037833,20.712838369531003,36.333333333333336,389,19.12327878200937,28,13.764827915071013,0.0,2.520979869477439,vinculo_aps_abaixo_50pct;media_indicadores_previne_abaixo_40,,baixo_vinculo_e_baixo_desempenho_previne,gestao_de_carteira_e_qualidade_do_registro,11
291480,Itabuna,BA,NORDESTE,196344,37,1.8844477040296623,45.78494579918242,35.166666666666664,615,31.322576702114656,59,30.049301226418937,0.0,0.0,vinculo_aps_abaixo_50pct;media_indicadores_previne_abaixo_40,,baixo_vinculo_e_baixo_desempenho_previne,gestao_de_carteira_e_qualidade_do_registro,11
291360,Ilhéus,BA,NORDESTE,189149,34,1.7975247027475694,29.3850646465074,36.333333333333336,458,24.213715113481964,48,25.37681933290686,0.0,0.0,vinculo_aps_abaixo_50pct;media_indicadores_previne_abaixo_40,,baixo_vinculo_e_baixo_desempenho_previne,gestao_de_carteira_e_qualidade_do_registro,11
420930,Lages,SC,SUL,172458,33,1.9135093761959434,31.600906712351918,31.5,474,27.484952858087187,79,45.808254763478644,0.0,0.0,vinculo_aps_abaixo_50pct;media_indicadores_previne_abaixo_40,,baixo_vinculo_e_baixo_desempenho_previne,gestao_de_carteira_e_qualidade_do_registro,11
410180,Araucária,PR,SUL,162247,19,1.1710540102436409,30.067234031917415,52.333333333333336,83,5.115656992116958,18,11.094195886518703,185.75307254738905,6.343773730234477,vinculo_aps_abaixo_50pct,leitos_sus_por_10k_abaixo_de_50pct_media_nacional,aps_fragil_e_leitos_sus_baixos,regulacao_integrada_aps_e_retaguarda,11
251370,Santa Rita,PB,NORDESTE,160852,49,3.0462785666326813,41.28179184394266,34.166666666666664,372,23.126849526272597,82,50.97853927834282,0.0,0.0,vinculo_aps_abaixo_50pct;media_indicadores_previne_abaixo_40,,baixo_vinculo_e_baixo_desempenho_previne,gestao_de_carteira_e_qualidade_do_registro,11
420290,Brusque,SC,SUL,155307,35,2.2536009323469,25.049852253058592,37.666666666666664,364,23.43744969640776,88,56.66196629900777,0.0,0.0,vinculo_aps_abaixo_50pct;media_indicadores_previne_abaixo_40,,baixo_vinculo_e_baixo_desempenho_previne,gestao_de_carteira_e_qualidade_do_registro,11
293135,Teixeira de Freitas,BA,NORDESTE,153738,45,2.9270577215782696,41.150575222393236,35.333333333333336,391,25.43287931415785,58,37.72652174478659,0.0,0.0,vinculo_aps_abaixo_50pct;media_indicadores_previne_abaixo_40,,baixo_vinculo_e_baixo_desempenho_previne,gestao_de_carteira_e_qualidade_do_registro,11
420200,Balneário Camboriú,SC,SUL,151674,18,1.1867558052138139,22.330227618010458,47.5,118,7.779843611957224,16,10.548940490789455,133.23948994775057,6.757385571132805,vinculo_aps_abaixo_50pct,leitos_sus_por_10k_abaixo_de_50pct_media_nacional,aps_fragil_e_leitos_sus_baixos,regulacao_integrada_aps_e_retaguarda,11
330420,Resende,RJ,SUDESTE,137697,36,2.614436044358265,33.15989884603087,34.166666666666664,200,14.52464469087925,33,23.965663739950763,28.087371911701478,0.0,vinculo_aps_abaixo_50pct;media_indicadores_previne_abaixo_40,,baixo_vinculo_e_baixo_desempenho_previne,gestao_de_carteira_e_qualidade_do_registro,11
355620,Valinhos,SP,SUDESTE,132258,16,1.2097566876861892,15.695818764901695,48.166666666666664,70,5.292685508627077,11,8.31707722784255,149.07797289917582,8.8441809464172,vinculo_aps_abaixo_50pct,leitos_sus_por_10k_abaixo_de_50pct_media_nacional,aps_fragil_e_leitos_sus_baixos,regulacao_integrada_aps_e_retaguarda,11
310560,Barbacena,MG,SUDESTE,129695,25,1.9275993677474073,32.46933580189771,36.666666666666664,401,30.918693858668416,60,46.26238482593778,0.0,0.0,vinculo_aps_abaixo_50pct;media_indicadores_previne_abaixo_40,,baixo_vinculo_e_baixo_desempenho_previne,gestao_de_carteira_e_qualidade_do_registro,11
430160,Bagé,RS,SUL,121928,19,1.5582966996916214,33.486464315012306,39.166666666666664,184,15.090873302276753,25,20.503903943310807,17.966906195849862,0.0,vinculo_aps_abaixo_50pct;media_indicadores_previne_abaixo_40,,baixo_vinculo_e_baixo_desempenho_previne,gestao_de_carteira_e_qualidade_do_registro,11
210330,Codó,MA,NORDESTE,118283,25,2.1135750699593348,54.58556997337165,36.666666666666664,115,9.72244532181294,10,8.454300279837339,80.92916775116224,7.747351803936743,vinculo_aps_entre_50_70pct;media_indicadores_previne_abaixo_40,leitos_sus_por_10k_entre_50_75pct_media_nacional,aps_fragil_e_leitos_sus_baixos,regulacao_integrada_aps_e_retaguarda,11
150180,Breves,PA,NORTE,116058,21,1.8094401075324407,41.57895194305134,37.5,160,13.78621034310431,17,14.647848489548329,32.243579811675275,0.41350959699441586,vinculo_aps_abaixo_50pct;media_indicadores_previne_abaixo_40,,baixo_vinculo_e_baixo_desempenho_previne,gestao_de_carteira_e_qualidade_do_registro,11
521150,Itumbiara,GO,CENTRO-OESTE,113322,42,3.7062529782390006,29.287819822066275,37.833333333333336,297,26.208503203261504,50,44.12205926475001,0.0,0.0,vinculo_aps_abaixo_50pct;media_indicadores_previne_abaixo_40,,baixo_vinculo_e_baixo_desempenho_previne,gestao_de_carteira_e_qualidade_do_registro,11
130250,Manacapuru,AM,NORTE,111751,21,1.8791778149636245,60.629138773703374,54.5,90,8.053619206986962,0,0.0,95.10927542723917,16.767281109218864,vinculo_aps_entre_50_70pct,leitos_sus_por_10k_abaixo_de_50pct_media_nacional;municipio_100k_mais_sem_uti_sus_no_arquivo,,,11
313820,Lavras,MG,SUDESTE,110682,22,1.9876764062810575,26.769138364093042,28.833333333333332,168,15.17861982978262,43,38.85003885003885,15.33853677226768,0.0,vinculo_aps_abaixo_50pct;media_indicadores_previne_abaixo_40,,baixo_vinculo_e_baixo_desempenho_previne,gestao_de_carteira_e_qualidade_do_registro,11
311940,Coronel Fabriciano,MG,SUDESTE,108708,19,1.7478014497553076,34.40134130500871,53.0,82,7.54314309894396,19,17.478014497553076,98.0687162812352,0.0,vinculo_aps_abaixo_50pct,leitos_sus_por_10k_abaixo_de_50pct_media_nacional,aps_fragil_e_leitos_sus_baixos,regulacao_integrada_aps_e_retaguarda,11
230770,Maranguape,CE,NORDESTE,108622,35,3.222183351438935,55.21815361172053,58.333333333333336,44,4.050744784666089,0,0.0,135.92626209570895,16.29780143932109,vinculo_aps_entre_50_70pct,leitos_sus_por_10k_abaixo_de_50pct_media_nacional;municipio_100k_mais_sem_uti_sus_no_arquivo,,,11
261250,Santa Cruz do Capibaribe,PE,NORDESTE,104854,27,2.5750090602170634,51.15989144298359,53.333333333333336,70,6.6759494153775725,0,0.0,103.68478103683846,15.732445288418312,vinculo_aps_entre_50_70pct,leitos_sus_por_10k_abaixo_de_50pct_media_nacional;municipio_100k_mais_sem_uti_sus_no_arquivo,,,11
320060,Aracruz,ES,SUDESTE,103363,22,2.1284211952052474,37.040328092959676,36.833333333333336,141,13.64124493290636,18,17.41435523349748,30.215023006377752,0.0,vinculo_aps_abaixo_50pct;media_indicadores_previne_abaixo_40,,baixo_vinculo_e_baixo_desempenho_previne,gestao_de_carteira_e_qualidade_do_registro,11
350920,Cajamar,SP,SUDESTE,98365,12,1.2199461190464087,32.26071505602744,54.5,41,4.16814924007523,0,0.0,121.93611580567851,14.758826375677296,vinculo_aps_abaixo_50pct,leitos_sus_por_10k_abaixo_de_50pct_media_nacional,aps_fragil_e_leitos_sus_baixos,regulacao_integrada_aps_e_retaguarda,11
150810,Tucuruí,PA,NORTE,96119,24,2.496904878327906,47.15393087969409,39.666666666666664,248,25.801350409388363,22,22.888294718005803,0.0,0.0,vinculo_aps_abaixo_50pct;media_indicadores_previne_abaixo_40,,baixo_vinculo_e_baixo_desempenho_previne,gestao_de_carteira_e_qualidade_do_registro,11
316250,São João del Rei,MG,SUDESTE,94468,24,2.5405428293178645,29.61025706448938,18.333333333333332,190,20.11263073209976,40,42.34238048863107,0.0,0.0,vinculo_aps_abaixo_50pct;media_indicadores_previne_abaixo_40,,baixo_vinculo_e_baixo_desempenho_previne,gestao_de_carteira_e_qualidade_do_registro,11
260640,Gravatá,PE,NORDESTE,92429,24,2.5965876510618964,49.94177631220956,54.666666666666664,74,8.006145257440846,10,10.8191152127579,79.10346411633266,3.868180379987565,vinculo_aps_abaixo_50pct,leitos_sus_por_10k_abaixo_de_50pct_media_nacional,aps_fragil_e_leitos_sus_baixos,regulacao_integrada_aps_e_retaguarda,11
352240,Itapeva,SP,SUDESTE,92393,27,2.9222993083891637,38.482951345262336,38.5,134,14.5032632342277,30,32.46999231543516,19.043832131693758,0.0,vinculo_aps_abaixo_50pct;media_indicadores_previne_abaixo_40,,baixo_vinculo_e_baixo_desempenho_previne,gestao_de_carteira_e_qualidade_do_registro,11
230970,Pacatuba,CE,NORDESTE,86564,20,2.3104292777598077,45.928289450700454,58.5,51,5.89159465828751,0,0.0,92.3884199522468,12.988187326631722,vinculo_aps_abaixo_50pct,leitos_sus_por_10k_abaixo_de_50pct_media_nacional,aps_fragil_e_leitos_sus_baixos,regulacao_integrada_aps_e_retaguarda,11
420830,Itapema,SC,SUL,86116,20,2.3224487900041804,29.36517460698428,61.666666666666664,48,5.573877096010033,0,0.0,94.64633303229616,12.920968760919292,vinculo_aps_abaixo_50pct,leitos_sus_por_10k_abaixo_de_50pct_media_nacional,aps_fragil_e_leitos_sus_baixos,regulacao_integrada_aps_e_retaguarda,11
330555,Seropédica,RJ,SUDESTE,84794,22,2.5945231973960423,39.06085889280952,49.666666666666664,29,3.4200533056584193,0,0.0,111.45651404083469,12.722613975491086,vinculo_aps_abaixo_50pct,leitos_sus_por_10k_abaixo_de_50pct_media_nacional,aps_fragil_e_leitos_sus_baixos,regulacao_integrada_aps_e_retaguarda,11
316870,Timóteo,MG,SUDESTE,84172,18,2.138478353846885,30.487471309477087,50.333333333333336,62,7.365869885472604,18,21.38478353846885,77.42620586179609,0.0,vinculo_aps_abaixo_50pct,leitos_sus_por_10k_abaixo_de_50pct_media_nacional,aps_fragil_e_leitos_sus_baixos,regulacao_integrada_aps_e_retaguarda,11
310160,Alfenas,MG,SUDESTE,82303,29,3.5235653621374676,29.831604636973765,33.666666666666664,272,33.04861305177211,53,64.39619454940889,0.0,0.0,vinculo_aps_abaixo_50pct;media_indicadores_previne_abaixo_40,,baixo_vinculo_e_baixo_desempenho_previne,gestao_de_carteira_e_qualidade_do_registro,11
520880,Goianira,GO,CENTRO-OESTE,81495,17,2.0860175470887783,33.95510069329812,65.66666666666667,62,7.607828701147309,0,0.0,72.99190522628753,12.227627260568507,vinculo_aps_abaixo_50pct,leitos_sus_por_10k_abaixo_de_50pct_media_nacional,aps_fragil_e_leitos_sus_baixos,regulacao_integrada_aps_e_retaguarda,11
230523,Horizonte,CE,NORDESTE,81161,21,2.5874496371409914,45.49002927415117,59.166666666666664,50,6.160594374145218,0,0.0,84.43865292436003,12.177513419166829,vinculo_aps_abaixo_50pct,leitos_sus_por_10k_abaixo_de_50pct_media_nacional,aps_fragil_e_leitos_sus_baixos,regulacao_integrada_aps_e_retaguarda,11
317130,Viçosa,MG,SUDESTE,79517,20,2.515185432045978,32.42448340717739,37.166666666666664,142,17.85781656752644,29,36.47018876466668,0.0,0.0,vinculo_aps_abaixo_50pct;media_indicadores_previne_abaixo_40,,baixo_vinculo_e_baixo_desempenho_previne,gestao_de_carteira_e_qualidade_do_registro,11
150650,Santa Izabel do Pará,PA,NORTE,79195,28,3.5355767409558685,40.31819400640985,56.0,60,7.576235873476861,0,0.0,71.18208398546953,11.882531945527,vinculo_aps_abaixo_50pct,leitos_sus_por_10k_abaixo_de_50pct_media_nacional,aps_fragil_e_leitos_sus_baixos,regulacao_integrada_aps_e_retaguarda,11
355670,Vinhedo,SP,SUDESTE,79089,9,1.1379585024466108,21.294882312109547,47.166666666666664,63,7.9657095171262755,0,0.0,68.00650091958836,11.866627552746827,vinculo_aps_abaixo_50pct,leitos_sus_por_10k_abaixo_de_50pct_media_nacional,aps_fragil_e_leitos_sus_baixos,regulacao_integrada_aps_e_retaguarda,11
320510,Viana,ES,SUDESTE,79043,27,3.415862252191845,43.81963743912699,47.333333333333336,0,0.0,0,0.0,130.930304494772,11.859725646445998,vinculo_aps_abaixo_50pct,municipio_20k_mais_sem_leitos_sus_no_arquivo,aps_fragil_e_leitos_sus_baixos,regulacao_integrada_aps_e_retaguarda;validacao_cadastral_cnes_e_mapa_de_oferta,11
430770,Esteio,RS,SUL,78144,16,2.047502047502048,37.36713523746179,35.333333333333336,178,22.77846027846028,15,19.195331695331696,0.0,0.0,vinculo_aps_abaixo_50pct;media_indicadores_previne_abaixo_40,,baixo_vinculo_e_baixo_desempenho_previne,gestao_de_carteira_e_qualidade_do_registro,11
351340,Cruzeiro,SP,SUDESTE,76444,14,1.8314059965464917,35.315567289218826,31.333333333333332,149,19.49139239181623,18,23.54664852702632,0.0,0.0,vinculo_aps_abaixo_50pct;media_indicadores_previne_abaixo_40,,baixo_vinculo_e_baixo_desempenho_previne,gestao_de_carteira_e_qualidade_do_registro,11
230960,Pacajus,CE,NORDESTE,75454,20,2.6506215707583425,45.80420982292014,55.0,58,7.686802555199194,0,0.0,66.98532691507822,11.321226913539926,vinculo_aps_abaixo_50pct,leitos_sus_por_10k_abaixo_de_50pct_media_nacional,aps_fragil_e_leitos_sus_baixos,regulacao_integrada_aps_e_retaguarda,11
291005,Dias d'Ávila,BA,NORDESTE,75296,16,2.124946876328092,49.13994110828348,46.666666666666664,62,8.234169145771356,0,0.0,62.72360876027419,11.297520365810986,vinculo_aps_abaixo_50pct,leitos_sus_por_10k_abaixo_de_50pct_media_nacional,aps_fragil_e_leitos_sus_baixos,regulacao_integrada_aps_e_retaguarda,11
521975,Santo Antônio do Descoberto,GO,CENTRO-OESTE,75221,23,3.0576567713803326,36.59232851743641,53.666666666666664,21,2.7917735738689995,0,0.0,103.59937545894317,11.286267257711808,vinculo_aps_abaixo_50pct,leitos_sus_por_10k_abaixo_de_50pct_media_nacional,aps_fragil_e_leitos_sus_baixos,regulacao_integrada_aps_e_retaguarda,11
290650,Candeias,BA,NORDESTE,74854,30,4.007801854276324,41.51538963547008,30.833333333333332,116,15.496833836535123,15,20.039009271381623,7.9914605044300275,0.0,vinculo_aps_abaixo_50pct;media_indicadores_previne_abaixo_40,,baixo_vinculo_e_baixo_desempenho_previne,gestao_de_carteira_e_qualidade_do_registro,11
352260,Itapira,SP,SUDESTE,74038,18,2.431183986601475,28.537994291048307,29.333333333333332,391,52.810718820065375,10,13.506577703341527,0.0,1.1087682326274149,vinculo_aps_abaixo_50pct;media_indicadores_previne_abaixo_40,,baixo_vinculo_e_baixo_desempenho_previne,gestao_de_carteira_e_qualidade_do_registro,11
352430,Jaboticabal,SP,SUDESTE,73473,12,1.6332530317259402,25.405964582737827,45.333333333333336,41,5.580281191730295,3,4.08313257931485,80.7039113159215,8.023994818280263,vinculo_aps_abaixo_50pct,leitos_sus_por_10k_abaixo_de_50pct_media_nacional,aps_fragil_e_leitos_sus_baixos,regulacao_integrada_aps_e_retaguarda,11
230625,Itaitinga,CE,NORDESTE,72512,24,3.309796999117388,35.299027999830216,71.16666666666667,40,5.5163283318623115,0,0.0,80.11206861486669,10.87980499316944,vinculo_aps_abaixo_50pct,leitos_sus_por_10k_abaixo_de_50pct_media_nacional,aps_fragil_e_leitos_sus_baixos,regulacao_integrada_aps_e_retaguarda,11
330610,Valença,RJ,SUDESTE,71449,30,4.198799143444975,44.43340516638214,39.0,274,38.34903217679744,40,55.98398857926633,0.0,0.0,vinculo_aps_abaixo_50pct;media_indicadores_previne_abaixo_40,,baixo_vinculo_e_baixo_desempenho_previne,gestao_de_carteira_e_qualidade_do_registro,11
432260,Venâncio Aires,RS,SUL,70842,18,2.5408655882103837,26.339947743803403,38.833333333333336,110,15.527511927952345,20,28.23183986900426,7.345807105229278,0.0,vinculo_aps_abaixo_50pct;media_indicadores_previne_abaixo_40,,baixo_vinculo_e_baixo_desempenho_previne,gestao_de_carteira_e_qualidade_do_registro,11
250320,Cabedelo,PB,NORDESTE,70734,23,3.2516187406339245,45.50216221616453,51.0,30,4.2412418356094665,0,0.0,87.1669111513126,10.613031310498226,vinculo_aps_abaixo_50pct,leitos_sus_por_10k_abaixo_de_50pct_media_nacional,aps_fragil_e_leitos_sus_baixos,regulacao_integrada_aps_e_retaguarda,11
353760,Peruíbe,SP,SUDESTE,70629,14,1.9821886194056266,45.154019534184826,44.166666666666664,18,2.548528224950091,0,0.0,98.99298452944917,10.597276959159375,vinculo_aps_abaixo_50pct,leitos_sus_por_10k_abaixo_de_50pct_media_nacional,aps_fragil_e_leitos_sus_baixos,regulacao_integrada_aps_e_retaguarda,11
350190,Amparo,SP,SUDESTE,69792,19,2.722375057313159,32.398123843538876,30.5,222,31.808803301237965,7,10.029802842732693,0.0,3.471692272772529,vinculo_aps_abaixo_50pct;media_indicadores_previne_abaixo_40,,baixo_vinculo_e_baixo_desempenho_previne,gestao_de_carteira_e_qualidade_do_registro,11
240360,Extremoz,RN,NORDESTE,68584,10,1.4580660212294412,40.70574537638261,47.666666666666664,20,2.9161320424588824,0,0.0,93.60555651315667,10.290442211655078,vinculo_aps_abaixo_50pct,leitos_sus_por_10k_abaixo_de_50pct_media_nacional,aps_fragil_e_leitos_sus_baixos,regulacao_integrada_aps_e_retaguarda,11
352680,Lençóis Paulista,SP,SUDESTE,68568,13,1.8959281297398203,27.02829154177937,43.666666666666664,49,7.146190642865476,6,8.750437521876094,64.57905340887272,4.288041548593919,vinculo_aps_abaixo_50pct,leitos_sus_por_10k_abaixo_de_50pct_media_nacional,aps_fragil_e_leitos_sus_baixos,regulacao_integrada_aps_e_retaguarda,11
150580,Portel,PA,NORTE,67580,16,2.3675643681562595,58.294717330861914,34.166666666666664,58,8.58242083456644,0,0.0,53.94248671933874,10.139800604567395,vinculo_aps_entre_50_70pct;media_indicadores_previne_abaixo_40,leitos_sus_por_10k_entre_50_75pct_media_nacional,aps_fragil_e_leitos_sus_baixos,regulacao_integrada_aps_e_retaguarda,11
355500,Tupã,SP,SUDESTE,65433,16,2.4452493390185377,29.56004647181118,27.833333333333332,352,53.79548545840784,32,48.904986780370756,0.0,0.0,vinculo_aps_abaixo_50pct;media_indicadores_previne_abaixo_40,,baixo_vinculo_e_baixo_desempenho_previne,gestao_de_carteira_e_qualidade_do_registro,11
430390,Campo Bom,RS,SUL,64719,18,2.781254345709915,22.627658259149356,38.166666666666664,123,19.005238029017754,10,15.451413031721751,0.0,0.0,vinculo_aps_abaixo_50pct;media_indicadores_previne_abaixo_40,,baixo_vinculo_e_baixo_desempenho_previne,gestao_de_carteira_e_qualidade_do_registro,11
150480,Monte Alegre,PA,NORTE,64002,16,2.49992187744133,66.38487767319809,38.833333333333336,64,9.99968750976532,0,0.0,42.015730023840156,9.602952327515867,vinculo_aps_entre_50_70pct;media_indicadores_previne_abaixo_40,leitos_sus_por_10k_entre_50_75pct_media_nacional,aps_fragil_e_leitos_sus_baixos,regulacao_integrada_aps_e_retaguarda,11
350700,Boituva,SP,SUDESTE,63850,10,1.5661707126076743,29.275408026492155,51.166666666666664,32,5.011746280344558,0,0.0,73.76395053314263,9.580146028434864,vinculo_aps_abaixo_50pct,leitos_sus_por_10k_abaixo_de_50pct_media_nacional,aps_fragil_e_leitos_sus_baixos,regulacao_integrada_aps_e_retaguarda,11
150020,Acará,PA,NORTE,63110,11,1.7429884328949452,48.56381875887147,40.833333333333336,33,5.2289652986848365,0,0.0,71.53818196000987,9.469115361856293,vinculo_aps_abaixo_50pct,leitos_sus_por_10k_abaixo_de_50pct_media_nacional,aps_fragil_e_leitos_sus_baixos,regulacao_integrada_aps_e_retaguarda,11
291560,Itamaraju,BA,NORDESTE,61999,25,4.032323101985516,49.79457020865222,31.5,85,13.709898546750754,0,0.0,17.697872656293022,9.302419320547113,vinculo_aps_abaixo_50pct;media_indicadores_previne_abaixo_40,,baixo_vinculo_e_baixo_desempenho_previne,gestao_de_carteira_e_qualidade_do_registro,11
351280,Cosmópolis,SP,SUDESTE,61167,10,1.6348684748312,25.503235082674337,49.166666666666664,49,8.010855526672879,5,8.174342374156,52.31971123352756,4.17758484136688,vinculo_aps_abaixo_50pct,leitos_sus_por_10k_abaixo_de_50pct_media_nacional,aps_fragil_e_leitos_sus_baixos,regulacao_integrada_aps_e_retaguarda,11
350590,Batatais,SP,SUDESTE,59939,10,1.6683628355494753,35.93105406443639,22.833333333333332,108,18.018318623934334,7,11.678539848846327,0.0,1.9933339514229802,vinculo_aps_abaixo_50pct;media_indicadores_previne_abaixo_40,,baixo_vinculo_e_baixo_desempenho_previne,gestao_de_carteira_e_qualidade_do_registro,11
330080,Cachoeiras de Macacu,RJ,SUDESTE,59861,29,4.844556556021449,38.17370523254842,34.833333333333336,82,13.698401296336513,0,0.0,17.156395346350045,8.981630718999833,vinculo_aps_abaixo_50pct;media_indicadores_previne_abaixo_40,,baixo_vinculo_e_baixo_desempenho_previne,gestao_de_carteira_e_qualidade_do_registro,11
330430,Rio Bonito,RJ,SUDESTE,59126,21,3.5517369685079325,39.95906145856242,25.833333333333332,114,19.28085782904306,15,25.369549775056658,0.0,0.0,vinculo_aps_abaixo_50pct;media_indicadores_previne_abaixo_40,,baixo_vinculo_e_baixo_desempenho_previne,gestao_de_carteira_e_qualidade_do_registro,11
411460,Marechal Cândido Rondon,PR,SUL,58734,20,3.4051826880512137,27.37358101135191,49.5,28,4.7672557632717,0,0.0,69.28958293834924,8.812534014629495,vinculo_aps_abaixo_50pct,leitos_sus_por_10k_abaixo_de_50pct_media_nacional,aps_fragil_e_leitos_sus_baixos,regulacao_integrada_aps_e_retaguarda,11
421800,Tijucas,SC,SUL,58695,9,1.533350370559673,27.85404241804002,57.666666666666664,27,4.600051111679019,0,0.0,70.22498162165711,8.806682398417923,vinculo_aps_abaixo_50pct,leitos_sus_por_10k_abaixo_de_50pct_media_nacional,aps_fragil_e_leitos_sus_baixos,regulacao_integrada_aps_e_retaguarda,11
150618,Rondon do Pará,PA,NORTE,57031,14,2.4548052813382197,33.938826356616545,70.5,37,6.4876996721081515,0,0.0,57.46865877612618,8.557013440057458,vinculo_aps_abaixo_50pct,leitos_sus_por_10k_abaixo_de_50pct_media_nacional,aps_fragil_e_leitos_sus_baixos,regulacao_integrada_aps_e_retaguarda,11
150120,Baião,PA,NORTE,56850,14,2.4626209322779244,39.74333768253231,52.833333333333336,33,5.804749340369393,0,0.0,61.16884240891398,8.529855939178105,vinculo_aps_abaixo_50pct,leitos_sus_por_10k_abaixo_de_50pct_media_nacional,aps_fragil_e_leitos_sus_baixos,regulacao_integrada_aps_e_retaguarda,11
352730,Louveira,SP,SUDESTE,54865,7,1.2758589264558462,23.960008131433536,54.333333333333336,39,7.108356875968286,0,0.0,51.88080103368629,8.232023678153153,vinculo_aps_abaixo_50pct,leitos_sus_por_10k_abaixo_de_50pct_media_nacional,aps_fragil_e_leitos_sus_baixos,regulacao_integrada_aps_e_retaguarda,11
354680,Santa Isabel,SP,SUDESTE,54691,12,2.1941452889872193,35.13538269886051,57.5,42,7.679508511455267,6,10.970726444936096,48.59257977459832,2.205916467363056,vinculo_aps_abaixo_50pct,leitos_sus_por_10k_abaixo_de_50pct_media_nacional,aps_fragil_e_leitos_sus_baixos,regulacao_integrada_aps_e_retaguarda,11
521380,Morrinhos,GO,CENTRO-OESTE,54326,16,2.9451827854066193,30.458612975391496,39.166666666666664,84,15.46220962338475,10,18.40739240879137,5.987977708120698,0.0,vinculo_aps_abaixo_50pct;media_indicadores_previne_abaixo_40,,baixo_vinculo_e_baixo_desempenho_previne,gestao_de_carteira_e_qualidade_do_registro,11
354070,Porto Ferreira,SP,SUDESTE,53966,12,2.2236222806952526,30.893585465331853,55.833333333333336,37,6.856168698810363,4,7.412074268984176,52.39165786173179,4.097136422404319,vinculo_aps_abaixo_50pct,leitos_sus_por_10k_abaixo_de_50pct_media_nacional,aps_fragil_e_leitos_sus_baixos,regulacao_integrada_aps_e_retaguarda,11
355480,Tremembé,SP,SUDESTE,53426,11,2.0589226219443715,25.989488160051238,57.5,0,0.0,0,0.0,88.49717809214843,8.016114044090228,vinculo_aps_abaixo_50pct,municipio_20k_mais_sem_leitos_sus_no_arquivo,aps_fragil_e_leitos_sus_baixos,regulacao_integrada_aps_e_retaguarda;validacao_cadastral_cnes_e_mapa_de_oferta,11
420210,Barra Velha,SC,SUL,52860,10,1.8917896329928112,31.827321111768185,57.666666666666664,0,0.0,0,0.0,87.55963077810365,7.931190588301752,vinculo_aps_abaixo_50pct,municipio_20k_mais_sem_leitos_sus_no_arquivo,aps_fragil_e_leitos_sus_baixos,regulacao_integrada_aps_e_retaguarda;validacao_cadastral_cnes_e_mapa_de_oferta,11
355645,Vargem Grande Paulista,SP,SUDESTE,52352,10,1.9101466992665037,32.71020862522312,41.166666666666664,0,0.0,0,0.0,86.71815721708822,7.8549695361099765,vinculo_aps_abaixo_50pct,municipio_20k_mais_sem_leitos_sus_no_arquivo,aps_fragil_e_leitos_sus_baixos,regulacao_integrada_aps_e_retaguarda;validacao_cadastral_cnes_e_mapa_de_oferta,11
420130,Araquari,SC,SUL,52079,13,2.496207684479349,31.65530710670015,66.16666666666667,0,0.0,0,0.0,86.2659480002433,7.814008222628963,vinculo_aps_abaixo_50pct,municipio_20k_mais_sem_leitos_sus_no_arquivo,aps_fragil_e_leitos_sus_baixos,regulacao_integrada_aps_e_retaguarda;validacao_cadastral_cnes_e_mapa_de_oferta,11
352840,Mairinque,SP,SUDESTE,51888,18,3.469010175763182,26.047231900890438,50.0,0,0.0,0,0.0,85.94956719285362,7.785350307336386,vinculo_aps_abaixo_50pct,municipio_20k_mais_sem_leitos_sus_no_arquivo,aps_fragil_e_leitos_sus_baixos,regulacao_integrada_aps_e_retaguarda;validacao_cadastral_cnes_e_mapa_de_oferta,11
510263,Campo Novo do Parecis,MT,CENTRO-OESTE,51722,12,2.3200958972970884,28.41124857593988,57.833333333333336,36,6.960287691891264,0,0.0,49.67459748590765,7.760443428076868,vinculo_aps_abaixo_50pct,leitos_sus_por_10k_abaixo_de_50pct_media_nacional,aps_fragil_e_leitos_sus_baixos,regulacao_integrada_aps_e_retaguarda,11
410400,Campina Grande do Sul,PR,SUL,50600,8,1.5810276679841897,29.611174481199093,39.0,466,92.09486166007905,86,169.9604743083004,0.0,0.0,vinculo_aps_abaixo_50pct;media_indicadores_previne_abaixo_40,,baixo_vinculo_e_baixo_desempenho_previne,gestao_de_carteira_e_qualidade_do_registro,11
431740,Santiago,RS,SUL,50336,14,2.781309599491418,28.87286165583835,26.166666666666668,120,23.839796567069293,9,17.87984742530197,0.0,0.0,vinculo_aps_abaixo_50pct;media_indicadores_previne_abaixo_40,,baixo_vinculo_e_baixo_desempenho_previne,gestao_de_carteira_e_qualidade_do_registro,11
354940,São Joaquim da Barra,SP,SUDESTE,49885,11,2.205071664829107,28.15015557562983,28.0,81,16.237345895559788,8,16.03688483512078,1.631709825306493,0.0,vinculo_aps_abaixo_50pct;media_indicadores_previne_abaixo_40,,baixo_vinculo_e_baixo_desempenho_previne,gestao_de_carteira_e_qualidade_do_registro,11
313010,Igarapé,MG,SUDESTE,49120,14,2.8501628664495113,36.21454357916451,55.5,0,0.0,0,0.0,81.36453015173008,7.370035597755999,vinculo_aps_abaixo_50pct,municipio_20k_mais_sem_leitos_sus_no_arquivo,aps_fragil_e_leitos_sus_baixos,regulacao_integrada_aps_e_retaguarda;validacao_cadastral_cnes_e_mapa_de_oferta,11
315895,Santana do Paraíso,MG,SUDESTE,49025,14,2.855685874553799,32.096259785445056,59.666666666666664,0,0.0,0,0.0,81.20716797004413,7.355781660830371,vinculo_aps_abaixo_50pct,municipio_20k_mais_sem_leitos_sus_no_arquivo,aps_fragil_e_leitos_sus_baixos,regulacao_integrada_aps_e_retaguarda;validacao_cadastral_cnes_e_mapa_de_oferta,11
411750,Paiçandu,PR,SUL,48695,7,1.4375192524899887,28.257307030099366,45.333333333333336,26,5.339357223534244,0,0.0,54.66054144418762,7.306267985193981,vinculo_aps_abaixo_50pct,leitos_sus_por_10k_abaixo_de_50pct_media_nacional,aps_fragil_e_leitos_sus_baixos,regulacao_integrada_aps_e_retaguarda,11
330380,Paraty,RJ,SUDESTE,47668,21,4.405471175631451,31.749065400932498,37.5,67,14.055550893681296,0,0.0,11.959373437961506,7.152175424955882,vinculo_aps_abaixo_50pct;media_indicadores_previne_abaixo_40,,baixo_vinculo_e_baixo_desempenho_previne,gestao_de_carteira_e_qualidade_do_registro,11
521040,Itaberaí,GO,CENTRO-OESTE,47603,14,2.9409911140054197,40.872973606288475,52.833333333333336,29,6.09205302186837,0,0.0,49.85170457680796,7.142422731269926,vinculo_aps_abaixo_50pct,leitos_sus_por_10k_abaixo_de_50pct_media_nacional,aps_fragil_e_leitos_sus_baixos,regulacao_integrada_aps_e_retaguarda,11
352510,Jardinópolis,SP,SUDESTE,47125,12,2.546419098143236,33.61141930528292,58.333333333333336,0,0.0,0,0.0,78.05992433632493,7.070702922317822,vinculo_aps_abaixo_50pct,municipio_20k_mais_sem_leitos_sus_no_arquivo,aps_fragil_e_leitos_sus_baixos,regulacao_integrada_aps_e_retaguarda;validacao_cadastral_cnes_e_mapa_de_oferta,11
120060,Tarauacá,AC,NORTE,46816,10,2.136021872863978,67.20123825698133,29.166666666666668,42,8.971291866028709,0,0.0,35.54808313484111,7.024340116949203,vinculo_aps_entre_50_70pct;media_indicadores_previne_abaixo_40,leitos_sus_por_10k_entre_50_75pct_media_nacional,aps_fragil_e_leitos_sus_baixos,regulacao_integrada_aps_e_retaguarda,11
411320,Lapa,PR,SUL,45878,13,2.833602162256419,29.32594805591295,36.0,112,24.412572474824536,0,0.0,0.0,6.883601244988797,vinculo_aps_abaixo_50pct;media_indicadores_previne_abaixo_40,,baixo_vinculo_e_baixo_desempenho_previne,gestao_de_carteira_e_qualidade_do_registro,11
410640,Cornélio Procópio,PR,SUL,45720,13,2.84339457567804,27.438359153392973,30.333333333333332,224,48.99387576552931,24,52.493438320209975,0.0,0.0,vinculo_aps_abaixo_50pct;media_indicadores_previne_abaixo_40,,baixo_vinculo_e_baixo_desempenho_previne,gestao_de_carteira_e_qualidade_do_registro,11
320455,Santa Maria de Jetibá,ES,SUDESTE,45575,16,3.5106966538672517,34.377080466912254,70.0,28,6.143719144267691,0,0.0,47.492436108817145,6.838138688268111,vinculo_aps_abaixo_50pct,leitos_sus_por_10k_abaixo_de_50pct_media_nacional,aps_fragil_e_leitos_sus_baixos,regulacao_integrada_aps_e_retaguarda,11
280060,Barra dos Coqueiros,SE,NORDESTE,45175,14,3.099059214167128,38.76171593366979,53.333333333333336,0,0.0,0,0.0,74.82985850171836,6.778122111739155,vinculo_aps_abaixo_50pct,municipio_20k_mais_sem_leitos_sus_no_arquivo,aps_fragil_e_leitos_sus_baixos,regulacao_integrada_aps_e_retaguarda;validacao_cadastral_cnes_e_mapa_de_oferta,11
410960,Guaratuba,PR,SUL,44913,7,1.5585687885467459,39.390384224894525,52.166666666666664,33,7.347538574577516,0,0.0,41.39587016906867,6.7388112541126866,vinculo_aps_abaixo_50pct,leitos_sus_por_10k_abaixo_de_50pct_media_nacional,aps_fragil_e_leitos_sus_baixos,regulacao_integrada_aps_e_retaguarda,11
411480,Marialva,PR,SUL,44749,9,2.011218127779392,35.65694589323779,51.166666666666664,0,0.0,0,0.0,74.12421335015817,6.714204457735814,vinculo_aps_abaixo_50pct,municipio_20k_mais_sem_leitos_sus_no_arquivo,aps_fragil_e_leitos_sus_baixos,regulacao_integrada_aps_e_retaguarda;validacao_cadastral_cnes_e_mapa_de_oferta,11
330370,Paraíba do Sul,RJ,SUDESTE,44479,24,5.395804761797702,41.90298423550048,37.333333333333336,59,13.264686706086017,0,0.0,14.676973465366496,6.673693268578767,vinculo_aps_abaixo_50pct;media_indicadores_previne_abaixo_40,,baixo_vinculo_e_baixo_desempenho_previne,gestao_de_carteira_e_qualidade_do_registro,11
120050,Sena Madureira,AC,NORTE,44049,17,3.859338463983291,64.45942253392842,39.5,38,8.626756566550887,0,0.0,34.964702537735306,6.609175448810138,vinculo_aps_entre_50_70pct;media_indicadores_previne_abaixo_40,leitos_sus_por_10k_entre_50_75pct_media_nacional,aps_fragil_e_leitos_sus_baixos,regulacao_integrada_aps_e_retaguarda,11
330470,Santo Antônio de Pádua,RJ,SUDESTE,43697,24,5.492367897109641,42.52392070686261,33.833333333333336,100,22.884866237956842,0,0.0,0.0,6.556360861464655,vinculo_aps_abaixo_50pct;media_indicadores_previne_abaixo_40,,baixo_vinculo_e_baixo_desempenho_previne,gestao_de_carteira_e_qualidade_do_registro,11
330260,Mangaratiba,RJ,SUDESTE,43660,18,4.122766834631242,37.66275444709334,35.333333333333336,64,14.658726523133303,0,0.0,8.32034581483174,6.550809328135727,vinculo_aps_abaixo_50pct;media_indicadores_previne_abaixo_40,,baixo_vinculo_e_baixo_desempenho_previne,gestao_de_carteira_e_qualidade_do_registro,11
330360,Paracambi,RJ,SUDESTE,43627,13,2.979806083388727,38.07953087777167,29.0,59,13.523735301533453,0,0.0,13.2656831622461,6.5458579605720875,vinculo_aps_abaixo_50pct;media_indicadores_previne_abaixo_40,,baixo_vinculo_e_baixo_desempenho_previne,gestao_de_carteira_e_qualidade_do_registro,11
110010,Guajará-Mirim,RO,NORTE,43594,10,2.29389365509015,44.9268707092508,24.166666666666668,181,41.519475157131716,0,0.0,0.0,6.540906593008449,vinculo_aps_abaixo_50pct;media_indicadores_previne_abaixo_40,,baixo_vinculo_e_baixo_desempenho_previne,gestao_de_carteira_e_qualidade_do_registro,11
500630,Paranaíba,MS,CENTRO-OESTE,42638,15,3.5179886486232936,37.073079002421075,36.333333333333336,161,37.759744828556684,10,23.453257657488624,0.0,0.0,vinculo_aps_abaixo_50pct;media_indicadores_previne_abaixo_40,,baixo_vinculo_e_baixo_desempenho_previne,gestao_de_carteira_e_qualidade_do_registro,11
330023,Armação dos Búzios,RJ,SUDESTE,42527,22,5.173184094810356,44.745770698836054,38.5,91,21.39817057398829,10,23.51447315822889,0.0,0.0,vinculo_aps_abaixo_50pct;media_indicadores_previne_abaixo_40,,baixo_vinculo_e_baixo_desempenho_previne,gestao_de_carteira_e_qualidade_do_registro,11
411570,Matinhos,PR,SUL,42063,7,1.6641704110500917,43.65704075719529,54.0,10,2.3773863015001306,0,0.0,59.675004718489866,6.3111931463438635,vinculo_aps_abaixo_50pct,leitos_sus_por_10k_abaixo_de_50pct_media_nacional,aps_fragil_e_leitos_sus_baixos,regulacao_integrada_aps_e_retaguarda,11
310170,Almenara,MG,SUDESTE,42019,11,2.617863347533259,48.91631259846279,38.333333333333336,89,21.18089435731455,9,21.41888193436303,0.0,0.0,vinculo_aps_abaixo_50pct;media_indicadores_previne_abaixo_40,,baixo_vinculo_e_baixo_desempenho_previne,gestao_de_carteira_e_qualidade_do_registro,11
355210,Socorro,SP,SUDESTE,41527,15,3.6121077852963133,33.918608863663806,37.833333333333336,56,13.48520239843957,7,16.85650299804946,12.787150724977499,0.0,vinculo_aps_abaixo_50pct;media_indicadores_previne_abaixo_40,,baixo_vinculo_e_baixo_desempenho_previne,gestao_de_carteira_e_qualidade_do_registro,11
330480,São Fidélis,RJ,SUDESTE,41212,9,2.1838299524410365,43.70221132606743,33.166666666666664,128,31.05891487916141,17,41.25012132388625,0.0,0.0,vinculo_aps_abaixo_50pct;media_indicadores_previne_abaixo_40,,baixo_vinculo_e_baixo_desempenho_previne,gestao_de_carteira_e_qualidade_do_registro,11
430676,Eldorado do Sul,RS,SUL,41012,9,2.1944796644884423,34.91966596669434,40.5,0,0.0,0,0.0,67.93408205583782,6.153499591514027,vinculo_aps_abaixo_50pct,municipio_20k_mais_sem_leitos_sus_no_arquivo,aps_fragil_e_leitos_sus_baixos,regulacao_integrada_aps_e_retaguarda;validacao_cadastral_cnes_e_mapa_de_oferta,11
317200,Visconde do Rio Branco,MG,SUDESTE,40711,12,2.9476062980521234,37.88662332545311,39.833333333333336,70,17.19437007197072,10,24.563385817101032,0.0,0.0,vinculo_aps_abaixo_50pct;media_indicadores_previne_abaixo_40,,baixo_vinculo_e_baixo_desempenho_previne,gestao_de_carteira_e_qualidade_do_registro,11
314590,Ouro Branco,MG,SUDESTE,40638,21,5.167577144544515,35.816980525104555,57.0,32,7.874403267877356,0,0.0,35.31457199320047,6.097384092459452,vinculo_aps_abaixo_50pct,leitos_sus_por_10k_abaixo_de_50pct_media_nacional,aps_fragil_e_leitos_sus_baixos,regulacao_integrada_aps_e_retaguarda,11
311000,Caeté,MG,SUDESTE,39775,11,2.765556253928347,37.02132998745295,36.333333333333336,54,13.576367064739157,0,0.0,11.885060805884851,5.967898328598226,vinculo_aps_abaixo_50pct;media_indicadores_previne_abaixo_40,,baixo_vinculo_e_baixo_desempenho_previne,gestao_de_carteira_e_qualidade_do_registro,11
353430,Orlândia,SP,SUDESTE,39144,9,2.299202942979767,18.74569438420126,23.833333333333332,60,15.328019619865113,0,0.0,4.839844630686527,5.873222179123795,vinculo_aps_abaixo_50pct;media_indicadores_previne_abaixo_40,,baixo_vinculo_e_baixo_desempenho_previne,gestao_de_carteira_e_qualidade_do_registro,11
354020,Pontal,SP,SUDESTE,38286,14,3.6566891291856027,30.638941004794663,43.666666666666664,30,7.835762419683435,0,0.0,33.418615663459654,5.74448662246918,vinculo_aps_abaixo_50pct,leitos_sus_por_10k_abaixo_de_50pct_media_nacional,aps_fragil_e_leitos_sus_baixos,regulacao_integrada_aps_e_retaguarda,11
352100,Iperó,SP,SUDESTE,38277,6,1.5675209655929148,33.05350140793179,67.83333333333333,15,3.918802413982287,0,0.0,48.40370766729992,5.743136249497279,vinculo_aps_abaixo_50pct,leitos_sus_por_10k_abaixo_de_50pct_media_nacional,aps_fragil_e_leitos_sus_baixos,regulacao_integrada_aps_e_retaguarda,11
292440,Pilão Arcado,BA,NORDESTE,37388,2,0.5349309939017867,58.76529298132647,42.333333333333336,30,8.0239649085268,0,0.0,31.93112893552289,5.609749408161671,ubs_por_10k_abaixo_de_50pct_media_nacional;mais_de_10k_habitantes_por_ubs;vinculo_aps_entre_50_70pct,leitos_sus_por_10k_abaixo_de_50pct_media_nacional,,,11
521020,Iporá,GO,CENTRO-OESTE,37283,9,2.4139688329801787,36.63575156152827,44.833333333333336,30,8.046562776600595,0,0.0,31.757202313659455,5.593995056822819,vinculo_aps_abaixo_50pct,leitos_sus_por_10k_abaixo_de_50pct_media_nacional,aps_fragil_e_leitos_sus_baixos,regulacao_integrada_aps_e_retaguarda,11
330060,Bom Jesus do Itabapoana,RJ,SUDESTE,37176,38,10.22164837529589,40.621973528462284,38.0,230,61.867871745211964,25,67.24768667957822,0.0,0.0,vinculo_aps_abaixo_50pct;media_indicadores_previne_abaixo_40,,baixo_vinculo_e_baixo_desempenho_previne,gestao_de_carteira_e_qualidade_do_registro,11
316292,São Joaquim de Bicas,MG,SUDESTE,37017,12,3.2417537887997407,43.46503726435774,57.5,0,0.0,0,0.0,61.31658820493877,5.554084033431063,vinculo_aps_abaixo_50pct,municipio_20k_mais_sem_leitos_sus_no_arquivo,aps_fragil_e_leitos_sus_baixos,regulacao_integrada_aps_e_retaguarda;validacao_cadastral_cnes_e_mapa_de_oferta,11
354660,Santa Fé do Sul,SP,SUDESTE,36288,9,2.4801587301587302,32.724804698321236,23.833333333333332,67,18.463403880070544,9,24.8015873015873,0.0,0.0,vinculo_aps_abaixo_50pct;media_indicadores_previne_abaixo_40,,baixo_vinculo_e_baixo_desempenho_previne,gestao_de_carteira_e_qualidade_do_registro,11
420845,Itapoá,SC,SUL,36033,13,3.607803957483418,34.19498639495166,56.166666666666664,0,0.0,0,0.0,59.686647291475765,5.406443255169827,vinculo_aps_abaixo_50pct,municipio_20k_mais_sem_leitos_sus_no_arquivo,aps_fragil_e_leitos_sus_baixos,regulacao_integrada_aps_e_retaguarda;validacao_cadastral_cnes_e_mapa_de_oferta,11
354150,Presidente Venceslau,SP,SUDESTE,35810,13,3.630270874057526,28.46916606317197,37.833333333333336,72,20.106115610164757,10,27.925160569673274,0.0,0.0,vinculo_aps_abaixo_50pct;media_indicadores_previne_abaixo_40,,baixo_vinculo_e_baixo_desempenho_previne,gestao_de_carteira_e_qualidade_do_registro,11
420545,Forquilhinha,SC,SUL,34771,15,4.313939777400707,26.0308290842642,67.83333333333333,0,0.0,0,0.0,57.596214941079126,5.217090956220965,vinculo_aps_abaixo_50pct,municipio_20k_mais_sem_leitos_sus_no_arquivo,aps_fragil_e_leitos_sus_baixos,regulacao_integrada_aps_e_retaguarda;validacao_cadastral_cnes_e_mapa_de_oferta,11
411410,Mandaguaçu,PR,SUL,34521,6,1.7380724776223169,23.31121118748519,59.333333333333336,0,0.0,0,0.0,57.182103936642385,5.179580595890367,vinculo_aps_abaixo_50pct,municipio_20k_mais_sem_leitos_sus_no_arquivo,aps_fragil_e_leitos_sus_baixos,regulacao_integrada_aps_e_retaguarda;validacao_cadastral_cnes_e_mapa_de_oferta,11
351310,Cravinhos,SP,SUDESTE,34307,15,4.3722855393942925,28.506364591848648,53.666666666666664,13,3.7893141341417205,0,0.0,43.827624916844535,5.147471727447375,vinculo_aps_abaixo_50pct,leitos_sus_por_10k_abaixo_de_50pct_media_nacional,aps_fragil_e_leitos_sus_baixos,regulacao_integrada_aps_e_retaguarda,11
521450,Nerópolis,GO,CENTRO-OESTE,34273,5,1.4588743325649929,35.86008425799561,37.833333333333336,111,32.38701018294284,48,140.0519359262393,0.0,0.0,vinculo_aps_abaixo_50pct;media_indicadores_previne_abaixo_40,,baixo_vinculo_e_baixo_desempenho_previne,gestao_de_carteira_e_qualidade_do_registro,11
320470,São Gabriel da Palha,ES,SUDESTE,34272,5,1.4589169000933706,38.105817012569425,56.5,21,6.127450980392156,0,0.0,35.7696493762234,5.1422202770010905,vinculo_aps_abaixo_50pct,leitos_sus_por_10k_abaixo_de_50pct_media_nacional,aps_fragil_e_leitos_sus_baixos,regulacao_integrada_aps_e_retaguarda,11
420570,Garopaba,SC,SUL,34070,11,3.228646903434106,34.31527213154541,56.5,0,0.0,0,0.0,56.43504768463852,5.111911905853967,vinculo_aps_abaixo_50pct,municipio_20k_mais_sem_leitos_sus_no_arquivo,aps_fragil_e_leitos_sus_baixos,regulacao_integrada_aps_e_retaguarda;validacao_cadastral_cnes_e_mapa_de_oferta,11
350290,Araçoiaba da Serra,SP,SUDESTE,33832,9,2.6602033577677937,36.938435940099836,54.833333333333336,0,0.0,0,0.0,56.04081400841474,5.076202042819237,vinculo_aps_abaixo_50pct,municipio_20k_mais_sem_leitos_sus_no_arquivo,aps_fragil_e_leitos_sus_baixos,regulacao_integrada_aps_e_retaguarda;validacao_cadastral_cnes_e_mapa_de_oferta,11
430280,Caçapava do Sul,RS,SUL,33501,9,2.6864869705381933,26.527993315029246,38.5,62,18.50691024148533,0,0.0,0.0,5.026538325741525,vinculo_aps_abaixo_50pct;media_indicadores_previne_abaixo_40,,baixo_vinculo_e_baixo_desempenho_previne,gestao_de_carteira_e_qualidade_do_registro,11
313665,Juatuba,MG,SUDESTE,33249,14,4.2106529519684806,44.65868117093443,51.666666666666664,0,0.0,0,0.0,55.07510714606827,4.9887278825282815,vinculo_aps_abaixo_50pct,municipio_20k_mais_sem_leitos_sus_no_arquivo,aps_fragil_e_leitos_sus_baixos,regulacao_integrada_aps_e_retaguarda;validacao_cadastral_cnes_e_mapa_de_oferta,11
411995,Pontal do Paraná,PR,SUL,33131,5,1.5091606048715704,32.08844754209585,57.0,0,0.0,0,0.0,54.87964675197413,4.971022992452239,vinculo_aps_abaixo_50pct,municipio_20k_mais_sem_leitos_sus_no_arquivo,aps_fragil_e_leitos_sus_baixos,regulacao_integrada_aps_e_retaguarda;validacao_cadastral_cnes_e_mapa_de_oferta,11
355020,São Miguel Arcanjo,SP,SUDESTE,32924,15,4.555947029522537,36.65511791879407,32.5,79,23.99465435548536,0,0.0,0.0,4.939964414098504,vinculo_aps_abaixo_50pct;media_indicadores_previne_abaixo_40,,baixo_vinculo_e_baixo_desempenho_previne,gestao_de_carteira_e_qualidade_do_registro,11
330025,Arraial do Cabo,RJ,SUDESTE,32822,9,2.7420632502589726,45.761419771909495,38.333333333333336,75,22.85052708549144,0,0.0,0.0,4.92466018708362,vinculo_aps_abaixo_50pct;media_indicadores_previne_abaixo_40,,baixo_vinculo_e_baixo_desempenho_previne,gestao_de_carteira_e_qualidade_do_registro,11
500240,Caarapó,MS,CENTRO-OESTE,32748,7,2.137535116648345,26.825279269271125,56.833333333333336,20,6.107243190423843,0,0.0,34.24522869317705,4.913557120425763,vinculo_aps_abaixo_50pct,leitos_sus_por_10k_abaixo_de_50pct_media_nacional,aps_fragil_e_leitos_sus_baixos,regulacao_integrada_aps_e_retaguarda,11
351370,Descalvado,SP,SUDESTE,32663,13,3.9800385757585035,31.199803813377475,53.0,25,7.653920337997122,0,0.0,29.10443095166856,4.900803597913359,vinculo_aps_abaixo_50pct,leitos_sus_por_10k_abaixo_de_50pct_media_nacional,aps_fragil_e_leitos_sus_baixos,regulacao_integrada_aps_e_retaguarda,11
354400,Rio das Pedras,SP,SUDESTE,32329,5,1.54659902873581,6.164192518672327,28.5,64,19.796467567818368,0,0.0,0.0,4.850689756511679,vinculo_aps_abaixo_50pct;media_indicadores_previne_abaixo_40,,baixo_vinculo_e_baixo_desempenho_previne,gestao_de_carteira_e_qualidade_do_registro,11
353460,Osvaldo Cruz,SP,SUDESTE,32112,10,3.114100647732935,31.832767375930715,36.5,53,16.504733432984555,0,0.0,0.19173029788998713,4.818130763744719,vinculo_aps_abaixo_50pct;media_indicadores_previne_abaixo_40,,baixo_vinculo_e_baixo_desempenho_previne,gestao_de_carteira_e_qualidade_do_registro,11
410425,Campo Magro,PR,SUL,31888,7,2.195183140993477,29.6212961495801,47.666666666666664,0,0.0,0,0.0,52.820686837914664,4.784521480888503,vinculo_aps_abaixo_50pct,municipio_20k_mais_sem_leitos_sus_no_arquivo,aps_fragil_e_leitos_sus_baixos,regulacao_integrada_aps_e_retaguarda;validacao_cadastral_cnes_e_mapa_de_oferta,11
270850,São Luís do Quitunde,AL,NORDESTE,31785,12,3.7753657385559225,56.054982385505795,38.666666666666664,29,9.12380053484348,0,0.0,23.650073104086733,4.769067212432297,vinculo_aps_entre_50_70pct;media_indicadores_previne_abaixo_40,leitos_sus_por_10k_entre_50_75pct_media_nacional,aps_fragil_e_leitos_sus_baixos,regulacao_integrada_aps_e_retaguarda,11
410240,Bandeirantes,PR,SUL,31747,11,3.464894320723218,41.91215770113497,37.833333333333336,81,25.514221816234603,10,31.499039279301982,0.0,0.0,vinculo_aps_abaixo_50pct;media_indicadores_previne_abaixo_40,,baixo_vinculo_e_baixo_desempenho_previne,gestao_de_carteira_e_qualidade_do_registro,11
421350,Porto Belo,SC,SUL,31557,9,2.851982127578667,32.85387381497221,60.166666666666664,0,0.0,0,0.0,52.27240386804043,4.734857763810791,vinculo_aps_abaixo_50pct,municipio_20k_mais_sem_leitos_sus_no_arquivo,aps_fragil_e_leitos_sus_baixos,regulacao_integrada_aps_e_retaguarda;validacao_cadastral_cnes_e_mapa_de_oferta,11
320305,Jaguaré,ES,SUDESTE,31551,18,5.705048968336978,48.59118852459016,60.166666666666664,22,6.972837627967419,0,0.0,30.262465203933946,4.733957515162857,vinculo_aps_abaixo_50pct,leitos_sus_por_10k_abaixo_de_50pct_media_nacional,aps_fragil_e_leitos_sus_baixos,regulacao_integrada_aps_e_retaguarda,11
330385,Paty do Alferes,RJ,SUDESTE,31370,9,2.868983104877271,43.981496251395754,49.333333333333336,0,0.0,0,0.0,51.962648836721755,4.706800014283504,vinculo_aps_abaixo_50pct,municipio_20k_mais_sem_leitos_sus_no_arquivo,aps_fragil_e_leitos_sus_baixos,regulacao_integrada_aps_e_retaguarda;validacao_cadastral_cnes_e_mapa_de_oferta,11
510706,Querência,MT,CENTRO-OESTE,31100,11,3.5369774919614145,32.54862508383635,66.5,21,6.752411575562702,0,0.0,30.515408951930073,4.666288825126457,vinculo_aps_abaixo_50pct,leitos_sus_por_10k_abaixo_de_50pct_media_nacional,aps_fragil_e_leitos_sus_baixos,regulacao_integrada_aps_e_retaguarda,11
292770,Santa Cruz Cabrália,BA,NORDESTE,31007,15,4.837617312219821,45.30166547858207,51.0,25,8.062695520366368,0,0.0,26.361359658279614,4.652334971083474,vinculo_aps_abaixo_50pct,leitos_sus_por_10k_abaixo_de_50pct_media_nacional,aps_fragil_e_leitos_sus_baixos,regulacao_integrada_aps_e_retaguarda,11
411010,Imbituva,PR,SUL,30849,10,3.2415961619501443,38.06938257957538,72.16666666666667,0,0.0,0,0.0,51.099641503475596,4.628628423354536,vinculo_aps_abaixo_50pct,municipio_20k_mais_sem_leitos_sus_no_arquivo,aps_fragil_e_leitos_sus_baixos,regulacao_integrada_aps_e_retaguarda;validacao_cadastral_cnes_e_mapa_de_oferta,11
421280,Balneário Piçarras,SC,SUL,30593,10,3.2687216029810737,36.70647603027754,56.333333333333336,0,0.0,0,0.0,50.675591834932376,4.590217814376003,vinculo_aps_abaixo_50pct,municipio_20k_mais_sem_leitos_sus_no_arquivo,aps_fragil_e_leitos_sus_baixos,regulacao_integrada_aps_e_retaguarda;validacao_cadastral_cnes_e_mapa_de_oferta,11
520970,Hidrolândia,GO,CENTRO-OESTE,30587,10,3.269362801190048,35.25664666241995,61.333333333333336,25,8.17340700297512,0,0.0,25.665653170825895,4.589317565728068,vinculo_aps_abaixo_50pct,leitos_sus_por_10k_abaixo_de_50pct_media_nacional,aps_fragil_e_leitos_sus_baixos,regulacao_integrada_aps_e_retaguarda,11
411930,Pinhão,PR,SUL,30451,11,3.6123608420084725,49.05487004463114,69.0,0,0.0,0,0.0,50.44037678441231,4.568911929708222,vinculo_aps_abaixo_50pct,municipio_20k_mais_sem_leitos_sus_no_arquivo,aps_fragil_e_leitos_sus_baixos,regulacao_integrada_aps_e_retaguarda;validacao_cadastral_cnes_e_mapa_de_oferta,11
311730,Conceição das Alagoas,MG,SUDESTE,30278,13,4.293546469383711,38.25837256669672,57.0,22,7.266001717418588,0,0.0,28.15381196934209,4.542954760359449,vinculo_aps_abaixo_50pct,leitos_sus_por_10k_abaixo_de_50pct_media_nacional,aps_fragil_e_leitos_sus_baixos,regulacao_integrada_aps_e_retaguarda,11
431337,Nova Santa Rita,RS,SUL,30189,7,2.3187253635430123,35.533348826400186,45.0,0,0.0,0,0.0,50.00638845176261,4.529601072081756,vinculo_aps_abaixo_50pct,municipio_20k_mais_sem_leitos_sus_no_arquivo,aps_fragil_e_leitos_sus_baixos,regulacao_integrada_aps_e_retaguarda;validacao_cadastral_cnes_e_mapa_de_oferta,11
421570,Santo Amaro da Imperatriz,SC,SUL,30099,8,2.657895611149872,27.891943385955365,38.5,49,16.279610618292967,0,0.0,0.8573084901653821,4.51609734236274,vinculo_aps_abaixo_50pct;media_indicadores_previne_abaixo_40,,baixo_vinculo_e_baixo_desempenho_previne,gestao_de_carteira_e_qualidade_do_registro,11
330050,Bom Jardim,RJ,SUDESTE,29758,9,3.024396800860273,40.139897767016414,36.333333333333336,42,14.11385173734794,0,0.0,7.292461080113676,4.464933210871804,vinculo_aps_abaixo_50pct;media_indicadores_previne_abaixo_40,,baixo_vinculo_e_baixo_desempenho_previne,gestao_de_carteira_e_qualidade_do_registro,11
260775,Itapissuma,PE,NORDESTE,29669,12,4.044625703596346,48.87485999389064,49.666666666666664,6,2.022312851798173,0,0.0,43.1450375625342,4.451579522594111,vinculo_aps_abaixo_50pct,leitos_sus_por_10k_abaixo_de_50pct_media_nacional,aps_fragil_e_leitos_sus_baixos,regulacao_integrada_aps_e_retaguarda,11
350925,Cajati,SP,SUDESTE,29262,13,4.442621830360194,44.16037187681581,58.5,0,0.0,0,0.0,48.470864847311184,4.390512655975897,vinculo_aps_abaixo_50pct,municipio_20k_mais_sem_leitos_sus_no_arquivo,aps_fragil_e_leitos_sus_baixos,regulacao_integrada_aps_e_retaguarda;validacao_cadastral_cnes_e_mapa_de_oferta,11
150700,Santo Antônio do Tauá,PA,NORTE,29234,14,4.788944379831703,45.83991213015721,29.333333333333332,86,29.417801190394748,0,0.0,0.0,4.386311495618869,vinculo_aps_abaixo_50pct;media_indicadores_previne_abaixo_40,,baixo_vinculo_e_baixo_desempenho_previne,gestao_de_carteira_e_qualidade_do_registro,11
353010,Mirandópolis,SP,SUDESTE,28754,8,2.782221603950755,31.93096008629989,39.5,90,31.29999304444599,10,34.77777004938443,0.0,0.0,vinculo_aps_abaixo_50pct;media_indicadores_previne_abaixo_40,,baixo_vinculo_e_baixo_desempenho_previne,gestao_de_carteira_e_qualidade_do_registro,11
420245,Bombinhas,SC,SUL,28738,10,3.479713271626418,32.65902206836867,68.33333333333333,0,0.0,0,0.0,47.60288818201179,4.311890940722962,vinculo_aps_abaixo_50pct,municipio_20k_mais_sem_leitos_sus_no_arquivo,aps_fragil_e_leitos_sus_baixos,regulacao_integrada_aps_e_retaguarda;validacao_cadastral_cnes_e_mapa_de_oferta,11
320501,Sooretama,ES,SUDESTE,28668,7,2.441746895493233,41.80578497873687,57.833333333333336,0,0.0,0,0.0,47.4869371007695,4.301388039830394,vinculo_aps_abaixo_50pct,municipio_20k_mais_sem_leitos_sus_no_arquivo,aps_fragil_e_leitos_sus_baixos,regulacao_integrada_aps_e_retaguarda;validacao_cadastral_cnes_e_mapa_de_oferta,11
290890,Coração de Maria,BA,NORDESTE,28408,8,2.8161081385525204,59.61143746903532,34.833333333333336,32,11.264432554210082,0,0.0,15.056261656155295,4.262377265086571,vinculo_aps_entre_50_70pct;media_indicadores_previne_abaixo_40,leitos_sus_por_10k_entre_50_75pct_media_nacional,aps_fragil_e_leitos_sus_baixos,regulacao_integrada_aps_e_retaguarda,11
350130,Álvares Machado,SP,SUDESTE,28386,9,3.170577045022194,36.8,56.166666666666664,16,5.63658141337279,0,0.0,31.01981988776486,4.25907635337748,vinculo_aps_abaixo_50pct,leitos_sus_por_10k_abaixo_de_50pct_media_nacional,aps_fragil_e_leitos_sus_baixos,regulacao_integrada_aps_e_retaguarda,11
431033,Imbé,RS,SUL,28027,9,3.211189210404253,39.479431456088214,48.833333333333336,0,0.0,0,0.0,46.42515648539371,4.20521147594274,vinculo_aps_abaixo_50pct,municipio_20k_mais_sem_leitos_sus_no_arquivo,aps_fragil_e_leitos_sus_baixos,regulacao_integrada_aps_e_retaguarda;validacao_cadastral_cnes_e_mapa_de_oferta,11
311050,Camanducaia,MG,SUDESTE,27860,9,3.230437903804738,29.51617001197779,47.666666666666664,20,7.178750897343862,0,0.0,26.148530334429967,4.1801545552418995,vinculo_aps_abaixo_50pct,leitos_sus_por_10k_abaixo_de_50pct_media_nacional,aps_fragil_e_leitos_sus_baixos,regulacao_integrada_aps_e_retaguarda,11
260700,Inajá,PE,NORDESTE,27758,9,3.2423085236688527,47.93728172293365,55.166666666666664,14,5.043591036818215,0,0.0,31.97957304461978,4.164850328227016,vinculo_aps_abaixo_50pct,leitos_sus_por_10k_abaixo_de_50pct_media_nacional,aps_fragil_e_leitos_sus_baixos,regulacao_integrada_aps_e_retaguarda,11
312360,Elói Mendes,MG,SUDESTE,27429,12,4.374931641693099,35.23022345755769,38.666666666666664,41,14.947683109118087,0,0.0,4.434602962781033,4.115486694031948,vinculo_aps_abaixo_50pct;media_indicadores_previne_abaixo_40,,baixo_vinculo_e_baixo_desempenho_previne,gestao_de_carteira_e_qualidade_do_registro,11
420630,Guabiruba,SC,SUL,26645,7,2.6271345468192906,25.753393144697494,47.333333333333336,0,0.0,0,0.0,44.135950852867424,3.997854204035191,vinculo_aps_abaixo_50pct,municipio_20k_mais_sem_leitos_sus_no_arquivo,aps_fragil_e_leitos_sus_baixos,regulacao_integrada_aps_e_retaguarda;validacao_cadastral_cnes_e_mapa_de_oferta,11
350780,Brodowski,SP,SUDESTE,26314,6,2.280155050543437,33.5040317957733,45.166666666666664,0,0.0,0,0.0,43.58766788299318,3.9481904869574787,vinculo_aps_abaixo_50pct,municipio_20k_mais_sem_leitos_sus_no_arquivo,aps_fragil_e_leitos_sus_baixos,regulacao_integrada_aps_e_retaguarda;validacao_cadastral_cnes_e_mapa_de_oferta,11
310110,Aimorés,MG,SUDESTE,26212,9,3.4335418892110483,48.19415249378941,32.833333333333336,43,16.404700137341678,0,0.0,0.4187105931829916,3.9328862599425944,vinculo_aps_abaixo_50pct;media_indicadores_previne_abaixo_40,,baixo_vinculo_e_baixo_desempenho_previne,gestao_de_carteira_e_qualidade_do_registro,11
353920,Pirapozinho,SP,SUDESTE,26097,9,3.448672261179446,30.704009207749856,69.5,0,0.0,0,0.0,43.2282195311421,3.915631494190519,vinculo_aps_abaixo_50pct,municipio_20k_mais_sem_leitos_sus_no_arquivo,aps_fragil_e_leitos_sus_baixos,regulacao_integrada_aps_e_retaguarda;validacao_cadastral_cnes_e_mapa_de_oferta,11
314460,Nepomuceno,MG,SUDESTE,25757,8,3.105951780098614,33.29712112982075,39.5,45,17.470978763054703,0,0.0,0.0,3.864617404140905,vinculo_aps_abaixo_50pct;media_indicadores_previne_abaixo_40,,baixo_vinculo_e_baixo_desempenho_previne,gestao_de_carteira_e_qualidade_do_registro,11
412080,Quatro Barras,PR,SUL,25397,9,3.543725636886246,30.82560038233303,43.166666666666664,0,0.0,0,0.0,42.068708718719236,3.810602485264843,vinculo_aps_abaixo_50pct,municipio_20k_mais_sem_leitos_sus_no_arquivo,aps_fragil_e_leitos_sus_baixos,regulacao_integrada_aps_e_retaguarda;validacao_cadastral_cnes_e_mapa_de_oferta,11
412405,Santa Terezinha de Itaipu,PR,SUL,25300,3,1.1857707509881423,33.8694871283177,67.83333333333333,0,0.0,0,0.0,41.90803364899778,3.796048465456571,vinculo_aps_abaixo_50pct,municipio_20k_mais_sem_leitos_sus_no_arquivo,aps_fragil_e_leitos_sus_baixos,regulacao_integrada_aps_e_retaguarda;validacao_cadastral_cnes_e_mapa_de_oferta,11
351240,Cordeirópolis,SP,SUDESTE,25286,7,2.768330301352527,24.540389972144848,50.666666666666664,0,0.0,0,0.0,41.88484343274933,3.7939478852780577,vinculo_aps_abaixo_50pct,municipio_20k_mais_sem_leitos_sus_no_arquivo,aps_fragil_e_leitos_sus_baixos,regulacao_integrada_aps_e_retaguarda;validacao_cadastral_cnes_e_mapa_de_oferta,11
270890,Satuba,AL,NORDESTE,25105,8,3.1866162119099783,36.824,45.0,0,0.0,0,0.0,41.585027065537126,3.766790384398704,vinculo_aps_abaixo_50pct,municipio_20k_mais_sem_leitos_sus_no_arquivo,aps_fragil_e_leitos_sus_baixos,regulacao_integrada_aps_e_retaguarda;validacao_cadastral_cnes_e_mapa_de_oferta,11
420395,Capivari de Baixo,SC,SUL,25015,15,5.996402158704776,27.47288197104722,45.0,0,0.0,0,0.0,41.435947103939895,3.7532866546796884,vinculo_aps_abaixo_50pct,municipio_20k_mais_sem_leitos_sus_no_arquivo,aps_fragil_e_leitos_sus_baixos,regulacao_integrada_aps_e_retaguarda;validacao_cadastral_cnes_e_mapa_de_oferta,11
354750,Santa Rita do Passa Quatro,SP,SUDESTE,24996,6,2.4003840614498317,33.34796488427773,35.833333333333336,251,100.41606657065131,0,0.0,0.0,3.7504358672945632,vinculo_aps_abaixo_50pct;media_indicadores_previne_abaixo_40,,baixo_vinculo_e_baixo_desempenho_previne,gestao_de_carteira_e_qualidade_do_registro,11
231085,Pindoretama,CE,NORDESTE,24919,1,0.4013002126891127,67.54175641077742,58.5,16,6.420803403025803,0,0.0,25.27692847823619,3.738882676312739,ubs_por_10k_abaixo_de_50pct_media_nacional;mais_de_10k_habitantes_por_ubs;vinculo_aps_entre_50_70pct,leitos_sus_por_10k_abaixo_de_50pct_media_nacional,,,11
314740,Paraopeba,MG,SUDESTE,24899,4,1.606490220490783,38.12903225806451,63.666666666666664,0,0.0,0,0.0,41.24379959788126,3.735881847486291,vinculo_aps_abaixo_50pct,municipio_20k_mais_sem_leitos_sus_no_arquivo,aps_fragil_e_leitos_sus_baixos,regulacao_integrada_aps_e_retaguarda;validacao_cadastral_cnes_e_mapa_de_oferta,11
412170,Reserva,PR,SUL,24878,4,1.6078462898946861,48.2556033962416,63.666666666666664,0,0.0,0,0.0,41.209014273508565,3.732730977218521,vinculo_aps_abaixo_50pct,municipio_20k_mais_sem_leitos_sus_no_arquivo,aps_fragil_e_leitos_sus_baixos,regulacao_integrada_aps_e_retaguarda;validacao_cadastral_cnes_e_mapa_de_oferta,11
411730,Ortigueira,PR,SUL,24706,13,5.261879705334737,45.96580988346124,44.0,0,0.0,0,0.0,40.9241059024561,3.7069238493110688,vinculo_aps_abaixo_50pct,municipio_20k_mais_sem_leitos_sus_no_arquivo,aps_fragil_e_leitos_sus_baixos,regulacao_integrada_aps_e_retaguarda;validacao_cadastral_cnes_e_mapa_de_oferta,11
261485,Tamandaré,PE,NORDESTE,24670,12,4.864207539521686,56.749816581071165,31.5,30,12.160518848804216,0,0.0,10.864473917817202,3.7015223574234626,vinculo_aps_entre_50_70pct;media_indicadores_previne_abaixo_40,leitos_sus_por_10k_entre_50_75pct_media_nacional,aps_fragil_e_leitos_sus_baixos,regulacao_integrada_aps_e_retaguarda,11
311420,Carmo do Cajuru,MG,SUDESTE,24581,9,3.6613644684919247,30.255169018706923,55.5,0,0.0,0,0.0,40.717050400237724,3.6881686691457696,vinculo_aps_abaixo_50pct,municipio_20k_mais_sem_leitos_sus_no_arquivo,aps_fragil_e_leitos_sus_baixos,regulacao_integrada_aps_e_retaguarda;validacao_cadastral_cnes_e_mapa_de_oferta,11
310510,Bambuí,MG,SUDESTE,24203,8,3.3053753666900794,36.48525513585156,39.333333333333336,77,31.814237904392016,0,0.0,0.0,3.6314530043259046,vinculo_aps_abaixo_50pct;media_indicadores_previne_abaixo_40,,baixo_vinculo_e_baixo_desempenho_previne,gestao_de_carteira_e_qualidade_do_registro,11
311910,Corinto,MG,SUDESTE,23988,10,4.16875104218776,46.641106851141856,64.16666666666667,0,0.0,0,0.0,39.73477909771378,3.5991940944415894,vinculo_aps_abaixo_50pct,municipio_20k_mais_sem_leitos_sus_no_arquivo,aps_fragil_e_leitos_sus_baixos,regulacao_integrada_aps_e_retaguarda;validacao_cadastral_cnes_e_mapa_de_oferta,11
411940,Piraí do Sul,PR,SUL,23977,8,3.336530842056971,37.325,73.5,18,7.507194394628185,0,0.0,21.716558213518567,3.597543638587043,vinculo_aps_abaixo_50pct,leitos_sus_por_10k_abaixo_de_50pct_media_nacional,aps_fragil_e_leitos_sus_baixos,regulacao_integrada_aps_e_retaguarda,11
354800,Santo Antônio de Posse,SP,SUDESTE,23867,7,2.932919931285876,35.661718322889946,61.0,0,0.0,0,0.0,39.5343493715664,3.58103908004158,vinculo_aps_abaixo_50pct,municipio_20k_mais_sem_leitos_sus_no_arquivo,aps_fragil_e_leitos_sus_baixos,regulacao_integrada_aps_e_retaguarda;validacao_cadastral_cnes_e_mapa_de_oferta,11
351030,Capela do Alto,SP,SUDESTE,23777,6,2.523447028641124,40.09407975590118,61.5,0,0.0,0,0.0,39.38526940996918,3.5675353503225646,vinculo_aps_abaixo_50pct,municipio_20k_mais_sem_leitos_sus_no_arquivo,aps_fragil_e_leitos_sus_baixos,regulacao_integrada_aps_e_retaguarda;validacao_cadastral_cnes_e_mapa_de_oferta,11
354760,Santa Rosa de Viterbo,SP,SUDESTE,23710,5,2.108814846056516,21.16754478398314,47.5,19,8.013496415014762,0,0.0,20.274287660780132,3.5574825737539646,vinculo_aps_abaixo_50pct,leitos_sus_por_10k_abaixo_de_50pct_media_nacional,aps_fragil_e_leitos_sus_baixos,regulacao_integrada_aps_e_retaguarda,11
354670,Santa Gertrudes,SP,SUDESTE,23192,5,2.155915833045878,26.179118098477623,42.166666666666664,0,0.0,0,0.0,38.416249659587216,3.4797611071489642,vinculo_aps_abaixo_50pct,municipio_20k_mais_sem_leitos_sus_no_arquivo,aps_fragil_e_leitos_sus_baixos,regulacao_integrada_aps_e_retaguarda;validacao_cadastral_cnes_e_mapa_de_oferta,11
420810,Itaiópolis,SC,SUL,22906,9,3.9291015454466076,31.740029022470427,69.66666666666667,13,5.675368898978434,0,0.0,24.942506670511587,3.436849254930759,vinculo_aps_abaixo_50pct,leitos_sus_por_10k_abaixo_de_50pct_media_nacional,aps_fragil_e_leitos_sus_baixos,regulacao_integrada_aps_e_retaguarda,11
350710,Bom Jesus dos Perdões,SP,SUDESTE,22579,3,1.328668231542584,33.851828807608555,56.333333333333336,13,5.757562336684529,0,0.0,24.400849476708338,3.3877857036183365,vinculo_aps_abaixo_50pct,leitos_sus_por_10k_abaixo_de_50pct_media_nacional,aps_fragil_e_leitos_sus_baixos,regulacao_integrada_aps_e_retaguarda,11
312950,Ibiá,MG,SUDESTE,22554,7,3.1036623215394163,37.60400070808993,36.666666666666664,32,14.188170612751618,0,0.0,5.359438376264663,3.3840346675852766,vinculo_aps_abaixo_50pct;media_indicadores_previne_abaixo_40,,baixo_vinculo_e_baixo_desempenho_previne,gestao_de_carteira_e_qualidade_do_registro,11
352140,Iracemápolis,SP,SUDESTE,22500,4,1.777777777777778,28.23267216402942,44.5,3,1.3333333333333335,0,0.0,34.26999039930632,3.3759324297538673,vinculo_aps_abaixo_50pct,leitos_sus_por_10k_abaixo_de_50pct_media_nacional,aps_fragil_e_leitos_sus_baixos,regulacao_integrada_aps_e_retaguarda,11
351750,Guapiaçu,SP,SUDESTE,22445,10,4.455335263978615,34.7508514070622,71.16666666666667,0,0.0,0,0.0,37.17888597833025,3.367680150481136,vinculo_aps_abaixo_50pct,municipio_20k_mais_sem_leitos_sus_no_arquivo,aps_fragil_e_leitos_sus_baixos,regulacao_integrada_aps_e_retaguarda;validacao_cadastral_cnes_e_mapa_de_oferta,11
500520,Ladário,MS,CENTRO-OESTE,22425,6,2.6755852842809364,38.92777030058322,51.166666666666664,0,0.0,0,0.0,37.145757097975306,3.364679321654688,vinculo_aps_abaixo_50pct,municipio_20k_mais_sem_leitos_sus_no_arquivo,aps_fragil_e_leitos_sus_baixos,regulacao_integrada_aps_e_retaguarda;validacao_cadastral_cnes_e_mapa_de_oferta,11
350275,Araçariguama,SP,SUDESTE,22314,4,1.7925965761405396,31.712378202814868,42.0,0,0.0,0,0.0,36.9618918120054,3.348024721667902,vinculo_aps_abaixo_50pct,municipio_20k_mais_sem_leitos_sus_no_arquivo,aps_fragil_e_leitos_sus_baixos,regulacao_integrada_aps_e_retaguarda;validacao_cadastral_cnes_e_mapa_de_oferta,11
420670,Herval d'Oeste,SC,SUL,22222,10,4.5000450004500046,28.633924141974475,55.166666666666664,0,0.0,0,0.0,36.80949896237267,3.3342209090662416,vinculo_aps_abaixo_50pct,municipio_20k_mais_sem_leitos_sus_no_arquivo,aps_fragil_e_leitos_sus_baixos,regulacao_integrada_aps_e_retaguarda;validacao_cadastral_cnes_e_mapa_de_oferta,11
314990,Perdões,MG,SUDESTE,22075,11,4.983012457531144,34.47774089400209,39.333333333333336,36,16.308040770101925,0,0.0,0.5660016917638734,3.3121648171918503,vinculo_aps_abaixo_50pct;media_indicadores_previne_abaixo_40,,baixo_vinculo_e_baixo_desempenho_previne,gestao_de_carteira_e_qualidade_do_registro,11
520005,Abadia de Goiás,GO,CENTRO-OESTE,22052,5,2.26736803918012,39.584219229860615,47.0,0,0.0,0,0.0,36.52790347935569,3.308713864041435,vinculo_aps_abaixo_50pct,municipio_20k_mais_sem_leitos_sus_no_arquivo,aps_fragil_e_leitos_sus_baixos,regulacao_integrada_aps_e_retaguarda;validacao_cadastral_cnes_e_mapa_de_oferta,11
522020,São Miguel do Araguaia,GO,CENTRO-OESTE,22040,7,3.176043557168784,49.123601612391866,33.666666666666664,39,17.695099818511796,0,0.0,0.0,3.306913366745566,vinculo_aps_abaixo_50pct;media_indicadores_previne_abaixo_40,,baixo_vinculo_e_baixo_desempenho_previne,gestao_de_carteira_e_qualidade_do_registro,11
350580,Bastos,SP,SUDESTE,21936,6,2.735229759299781,33.534246575342465,55.166666666666664,18,8.205689277899344,0,0.0,18.335755973297047,3.2913090568480374,vinculo_aps_abaixo_50pct,leitos_sus_por_10k_abaixo_de_50pct_media_nacional,aps_fragil_e_leitos_sus_baixos,regulacao_integrada_aps_e_retaguarda,11
411210,Jandaia do Sul,PR,SUL,21930,6,2.7359781121751023,36.68481991670862,37.833333333333336,352,160.51071591427268,0,0.0,0.0,3.2904088082001026,vinculo_aps_abaixo_50pct;media_indicadores_previne_abaixo_40,,baixo_vinculo_e_baixo_desempenho_previne,gestao_de_carteira_e_qualidade_do_registro,11
521090,Itapaci,GO,CENTRO-OESTE,21891,6,2.7408524050979852,40.13727658006265,39.833333333333336,43,19.642775569868896,0,0.0,0.0,3.2845571919885295,vinculo_aps_abaixo_50pct;media_indicadores_previne_abaixo_40,,baixo_vinculo_e_baixo_desempenho_previne,gestao_de_carteira_e_qualidade_do_registro,11
431600,Rolante,RS,SUL,21752,6,2.7583670467083485,27.994294391018265,33.166666666666664,59,27.12394262596543,0,0.0,0.0,3.2637014316447166,vinculo_aps_abaixo_50pct;media_indicadores_previne_abaixo_40,,baixo_vinculo_e_baixo_desempenho_previne,gestao_de_carteira_e_qualidade_do_registro,11
421740,Schroeder,SC,SUL,21710,11,5.066789497927222,20.852724110374655,41.333333333333336,0,0.0,0,0.0,35.96139962528624,3.257399691109176,vinculo_aps_abaixo_50pct,municipio_20k_mais_sem_leitos_sus_no_arquivo,aps_fragil_e_leitos_sus_baixos,regulacao_integrada_aps_e_retaguarda;validacao_cadastral_cnes_e_mapa_de_oferta,11
210760,Palmeirândia,MA,NORDESTE,21657,13,6.002678117929538,63.34814403406461,39.833333333333336,19,8.773144941589324,0,0.0,16.87360809234565,3.2494474947190892,vinculo_aps_entre_50_70pct;media_indicadores_previne_abaixo_40,leitos_sus_por_10k_entre_50_75pct_media_nacional,aps_fragil_e_leitos_sus_baixos,regulacao_integrada_aps_e_retaguarda,11
431900,São Marcos,RS,SUL,21549,5,2.3202932850712332,25.913544133351905,32.5,45,20.882639565641096,0,0.0,0.0,3.2332430190562707,vinculo_aps_abaixo_50pct;media_indicadores_previne_abaixo_40,,baixo_vinculo_e_baixo_desempenho_previne,gestao_de_carteira_e_qualidade_do_registro,11
313350,Itapecerica,MG,SUDESTE,21456,9,4.194630872483222,38.58913428385053,35.166666666666664,37,17.244593586875467,0,0.0,0.0,3.219289165013288,vinculo_aps_abaixo_50pct;media_indicadores_previne_abaixo_40,,baixo_vinculo_e_baixo_desempenho_previne,gestao_de_carteira_e_qualidade_do_registro,11
330150,Cordeiro,RJ,SUDESTE,21448,7,3.2637075718015667,38.67282223465771,39.666666666666664,40,18.649757553151808,0,0.0,0.0,3.218088833482709,vinculo_aps_abaixo_50pct;media_indicadores_previne_abaixo_40,,baixo_vinculo_e_baixo_desempenho_previne,gestao_de_carteira_e_qualidade_do_registro,11
520920,Guapó,GO,CENTRO-OESTE,20985,7,3.3357159876101976,40.27588886730134,46.5,0,0.0,0,0.0,34.7604777124197,3.14861964615044,vinculo_aps_abaixo_50pct,municipio_20k_mais_sem_leitos_sus_no_arquivo,aps_fragil_e_leitos_sus_baixos,regulacao_integrada_aps_e_retaguarda;validacao_cadastral_cnes_e_mapa_de_oferta,11
354075,Potim,SP,SUDESTE,20801,9,4.326715061775876,33.07651562575239,62.0,0,0.0,0,0.0,34.45569201315426,3.12101202094712,vinculo_aps_abaixo_50pct,municipio_20k_mais_sem_leitos_sus_no_arquivo,aps_fragil_e_leitos_sus_baixos,regulacao_integrada_aps_e_retaguarda;validacao_cadastral_cnes_e_mapa_de_oferta,11
310590,Barroso,MG,SUDESTE,20604,7,3.39739856338575,45.16191772828941,37.5,34,16.501650165016503,0,0.0,0.12937254165811013,3.0914538570066084,vinculo_aps_abaixo_50pct;media_indicadores_previne_abaixo_40,,baixo_vinculo_e_baixo_desempenho_previne,gestao_de_carteira_e_qualidade_do_registro,11
412750,Tibagi,PR,SUL,20374,7,3.4357514479238245,41.8538219070134,58.333333333333336,16,7.853146166683027,0,0.0,17.748390417576317,3.056944325502458,vinculo_aps_abaixo_50pct,leitos_sus_por_10k_abaixo_de_50pct_media_nacional,aps_fragil_e_leitos_sus_baixos,regulacao_integrada_aps_e_retaguarda,11
351515,Engenheiro Coelho,SP,SUDESTE,20261,5,2.4677952717042593,31.01444957545062,47.0,0,0.0,0,0.0,33.561212243570914,3.0399896426330266,vinculo_aps_abaixo_50pct,municipio_20k_mais_sem_leitos_sus_no_arquivo,aps_fragil_e_leitos_sus_baixos,regulacao_integrada_aps_e_retaguarda;validacao_cadastral_cnes_e_mapa_de_oferta,11
410620,Contenda,PR,SUL,20006,5,2.49925022493252,36.011499470419125,59.333333333333336,16,7.997600719784065,0,0.0,17.138819019045442,3.0017290750958163,vinculo_aps_abaixo_50pct,leitos_sus_por_10k_abaixo_de_50pct_media_nacional,aps_fragil_e_leitos_sus_baixos,regulacao_integrada_aps_e_retaguarda,11
240810,Natal,RN,NORDESTE,784249,83,1.0583373392889248,32.490246610506155,45.833333333333336,2604,33.20374013865494,294,37.488093704933,0.0,0.0,ubs_por_10k_abaixo_de_50pct_media_nacional;vinculo_aps_abaixo_50pct,,baixa_densidade_ubs_e_baixo_vinculo,gestao_territorial_e_busca_ativa_aps,10
317020,Uberlândia,MG,SUDESTE,761835,82,1.076348553164399,29.618360853773872,50.5,1191,15.633306424619503,152,19.95182683914496,70.9370282602461,0.0,ubs_por_10k_abaixo_de_50pct_media_nacional;vinculo_aps_abaixo_50pct,,baixa_densidade_ubs_e_baixo_vinculo,gestao_territorial_e_busca_ativa_aps,10
430510,Caxias do Sul,RS,SUL,479599,52,1.0842391247688175,20.948720516801043,44.333333333333336,779,16.24273611913286,99,20.642244875406327,15.428894467418353,0.0,ubs_por_10k_abaixo_de_50pct_media_nacional;vinculo_aps_abaixo_50pct,,baixa_densidade_ubs_e_baixo_vinculo,gestao_territorial_e_busca_ativa_aps,10
350280,Araçatuba,SP,SUDESTE,208415,21,1.0076050188326175,29.510287570689446,45.666666666666664,352,16.88937936328959,60,28.78871482378907,0.0,0.0,ubs_por_10k_abaixo_de_50pct_media_nacional;vinculo_aps_abaixo_50pct,,baixa_densidade_ubs_e_baixo_vinculo,gestao_territorial_e_busca_ativa_aps,10
352390,Itu,SP,SUDESTE,175047,18,1.028295257845036,23.05268645344607,60.5,348,19.880374985004025,44,25.13610630287865,0.0,0.0,ubs_por_10k_abaixo_de_50pct_media_nacional;vinculo_aps_abaixo_50pct,,baixa_densidade_ubs_e_baixo_vinculo,gestao_territorial_e_busca_ativa_aps,10
150790,Soure,PA,NORTE,25315,0,0.0,52.2206360536125,44.0,49,19.35611297649615,0,0.0,0.0,3.7982990870764066,municipio_5k_mais_sem_ubs_no_arquivo;ubs_por_10k_abaixo_de_50pct_media_nacional;vinculo_aps_entre_50_70pct,,,validacao_cadastral_cnes_e_mapa_de_oferta,10
130130,Codajás,AM,NORTE,24572,0,0.0,64.40636374790397,45.833333333333336,48,19.534429431873676,0,0.0,0.0,3.686818296173868,municipio_5k_mais_sem_ubs_no_arquivo;ubs_por_10k_abaixo_de_50pct_media_nacional;vinculo_aps_entre_50_70pct,,,validacao_cadastral_cnes_e_mapa_de_oferta,10
353870,Piracicaba,SP,SUDESTE,440835,85,1.9281590617804847,21.336654307961908,50.5,510,11.568954370682908,84,19.054748375242436,220.21849856347578,0.0,vinculo_aps_abaixo_50pct,leitos_sus_por_10k_entre_50_75pct_media_nacional,aps_fragil_e_leitos_sus_baixos,regulacao_integrada_aps_e_retaguarda,9
410830,Foz do Iguaçu,PR,SUL,297352,42,1.4124673787295865,32.583417935702194,42.833333333333336,364,12.24138394898975,61,20.51440716726304,128.5469415650904,0.0,vinculo_aps_abaixo_50pct,leitos_sus_por_10k_entre_50_75pct_media_nacional,aps_fragil_e_leitos_sus_baixos,regulacao_integrada_aps_e_retaguarda,9
420420,Chapecó,SC,SUL,282648,36,1.273669015878407,25.774480991741527,65.0,320,11.321502363363619,37,13.090487107639184,148.1905887281393,5.408913306892049,vinculo_aps_abaixo_50pct,leitos_sus_por_10k_entre_50_75pct_media_nacional,aps_fragil_e_leitos_sus_baixos,regulacao_integrada_aps_e_retaguarda,9
354890,São Carlos,SP,SUDESTE,266427,35,1.3136806705026143,27.304424525243693,45.333333333333336,288,10.809715231564368,60,22.5202400657591,153.32141031626608,0.0,vinculo_aps_abaixo_50pct,leitos_sus_por_10k_entre_50_75pct_media_nacional,aps_fragil_e_leitos_sus_baixos,regulacao_integrada_aps_e_retaguarda,9
431870,São Leopoldo,RS,SUL,225737,30,1.328980184905443,24.420279258560104,47.666666666666664,257,11.384930250689964,26,11.517828269180507,116.92070323414274,7.869904839793278,vinculo_aps_abaixo_50pct,leitos_sus_por_10k_entre_50_75pct_media_nacional,aps_fragil_e_leitos_sus_baixos,regulacao_integrada_aps_e_retaguarda,9
260290,Cabo de Santo Agostinho,PE,NORDESTE,218049,53,2.430646322615559,42.736519963681445,40.166666666666664,204,9.355695279501397,30,13.758375411031466,157.1859616257042,2.7163862389067117,vinculo_aps_abaixo_50pct,leitos_sus_por_10k_entre_50_75pct_media_nacional,aps_fragil_e_leitos_sus_baixos,regulacao_integrada_aps_e_retaguarda,9
211220,Timon,MA,NORDESTE,182711,48,2.6270996272802405,49.12999818921099,48.0,158,8.647536273130791,14,7.662373912900701,144.65054292656257,13.414221785455949,vinculo_aps_abaixo_50pct,leitos_sus_por_10k_entre_50_75pct_media_nacional,aps_fragil_e_leitos_sus_baixos,regulacao_integrada_aps_e_retaguarda,9
292530,Porto Seguro,BA,NORDESTE,182630,49,2.6830203142966655,38.67419492063843,48.666666666666664,190,10.403548157476864,20,10.95110332365986,112.51637096112512,7.4020684287088345,vinculo_aps_abaixo_50pct,leitos_sus_por_10k_entre_50_75pct_media_nacional,aps_fragil_e_leitos_sus_baixos,regulacao_integrada_aps_e_retaguarda,9
330040,Barra Mansa,RJ,SUDESTE,181679,52,2.862191007216024,34.99240456166615,55.0,201,11.063469085585014,18,9.907584255747775,99.94109270024775,9.259379018011238,vinculo_aps_abaixo_50pct,leitos_sus_por_10k_entre_50_75pct_media_nacional,aps_fragil_e_leitos_sus_baixos,regulacao_integrada_aps_e_retaguarda,9
353800,Pindamonhangaba,SP,SUDESTE,172681,32,1.853128022191208,30.91142669464677,52.166666666666664,161,9.323550361649515,27,15.63576768723832,125.03640942856072,0.0,vinculo_aps_abaixo_50pct,leitos_sus_por_10k_entre_50_75pct_media_nacional,aps_fragil_e_leitos_sus_baixos,regulacao_integrada_aps_e_retaguarda,9
352230,Itapetininga,SP,SUDESTE,164256,28,1.7046561465030197,29.8142562311478,69.16666666666667,194,11.810831872199493,18,10.958503798947984,78.08086857904267,6.645206985851167,vinculo_aps_abaixo_50pct,leitos_sus_por_10k_entre_50_75pct_media_nacional,aps_fragil_e_leitos_sus_baixos,regulacao_integrada_aps_e_retaguarda,9
412770,Toledo,PR,SUL,160701,29,1.8045936241840437,25.98474341192788,48.5,199,12.38324590388361,30,18.668209905352175,67.19221009595226,0.0,vinculo_aps_abaixo_50pct,leitos_sus_por_10k_entre_50_75pct_media_nacional,aps_fragil_e_leitos_sus_baixos,regulacao_integrada_aps_e_retaguarda,9
353070,Mogi Guaçu,SP,SUDESTE,160318,27,1.6841527464164971,30.82229943343663,47.5,194,12.100949363140758,33,20.5840891228683,71.55779203715518,0.0,vinculo_aps_abaixo_50pct,leitos_sus_por_10k_entre_50_75pct_media_nacional,aps_fragil_e_leitos_sus_baixos,regulacao_integrada_aps_e_retaguarda,9
430210,Bento Gonçalves,RS,SUL,127977,21,1.6409198527860474,20.73488554099002,51.333333333333336,140,10.939465685240316,27,21.09754096439204,71.98673605920115,0.0,vinculo_aps_abaixo_50pct,leitos_sus_por_10k_entre_50_75pct_media_nacional,aps_fragil_e_leitos_sus_baixos,regulacao_integrada_aps_e_retaguarda,9
352340,Itatiba,SP,SUDESTE,127112,25,1.9667694631506072,26.91312706185771,55.5,109,8.575114859336647,14,11.013908993643401,101.55391198385004,5.07206768937216,vinculo_aps_abaixo_50pct,leitos_sus_por_10k_entre_50_75pct_media_nacional,aps_fragil_e_leitos_sus_baixos,regulacao_integrada_aps_e_retaguarda,9
291072,Eunápolis,BA,NORDESTE,121067,34,2.808362311777776,42.38144629299258,44.333333333333336,136,11.233449247111103,10,8.259889152287576,64.54070789656974,8.165067176578289,vinculo_aps_abaixo_50pct,leitos_sus_por_10k_entre_50_75pct_media_nacional,aps_fragil_e_leitos_sus_baixos,regulacao_integrada_aps_e_retaguarda,9
432240,Uruguaiana,RS,SUL,120819,25,2.069210968473502,35.96889605823716,41.833333333333336,147,12.16696049462419,28,23.17516284690322,53.12990978016849,0.0,vinculo_aps_abaixo_50pct,leitos_sus_por_10k_entre_50_75pct_media_nacional,aps_fragil_e_leitos_sus_baixos,regulacao_integrada_aps_e_retaguarda,9
351350,Cubatão,SP,SUDESTE,114870,18,1.5669887699138156,26.785248779131404,44.5,138,12.013580569339252,18,15.669887699138156,52.275724318591905,0.0,vinculo_aps_abaixo_50pct,leitos_sus_por_10k_entre_50_75pct_media_nacional,aps_fragil_e_leitos_sus_baixos,regulacao_integrada_aps_e_retaguarda,9
410370,Cambé,PR,SUL,110923,13,1.171984169198453,30.515543784738174,52.0,95,8.564499697988694,10,9.0152628399881,88.73773978054471,6.6430467958039205,vinculo_aps_abaixo_50pct,leitos_sus_por_10k_entre_50_75pct_media_nacional,aps_fragil_e_leitos_sus_baixos,regulacao_integrada_aps_e_retaguarda,9
314710,Pará de Minas,MG,SUDESTE,102844,28,2.722570106180234,27.82923171914969,51.333333333333336,109,10.598576484773055,25,24.30866166232352,61.35532856116709,0.0,vinculo_aps_abaixo_50pct,leitos_sus_por_10k_entre_50_75pct_media_nacional,aps_fragil_e_leitos_sus_baixos,regulacao_integrada_aps_e_retaguarda,9
352670,Leme,SP,SUDESTE,101537,19,1.8712390557136807,29.695211022938135,53.833333333333336,94,9.257709012478209,8,7.878901287215498,74.19035622997185,7.234757827551929,vinculo_aps_abaixo_50pct,leitos_sus_por_10k_entre_50_75pct_media_nacional,aps_fragil_e_leitos_sus_baixos,regulacao_integrada_aps_e_retaguarda,9
500660,Ponta Porã,MS,CENTRO-OESTE,98598,24,2.4341264528692266,46.90142144152823,54.0,117,11.86636645773748,20,20.284387107243557,46.32206726181357,0.0,vinculo_aps_abaixo_50pct,leitos_sus_por_10k_entre_50_75pct_media_nacional,aps_fragil_e_leitos_sus_baixos,regulacao_integrada_aps_e_retaguarda,9
355540,Ubatuba,SP,SUDESTE,97096,24,2.471780505891077,42.81662146214207,47.833333333333336,86,8.857213479443026,0,0.0,74.83408834715765,14.568423786639178,vinculo_aps_abaixo_50pct,leitos_sus_por_10k_entre_50_75pct_media_nacional,aps_fragil_e_leitos_sus_baixos,regulacao_integrada_aps_e_retaguarda,9
354910,São João da Boa Vista,SP,SUDESTE,96080,14,1.457119067443797,30.303251811783376,58.666666666666664,105,10.928393005828477,18,18.734388009991676,54.15114122512675,0.0,vinculo_aps_abaixo_50pct,leitos_sus_por_10k_entre_50_75pct_media_nacional,aps_fragil_e_leitos_sus_baixos,regulacao_integrada_aps_e_retaguarda,9
510525,Lucas do Rio Verde,MT,CENTRO-OESTE,95792,23,2.401035577083681,29.953607353451268,44.0,93,9.708535159512277,0,0.0,65.67408534801562,14.372769747154775,vinculo_aps_abaixo_50pct,leitos_sus_por_10k_entre_50_75pct_media_nacional,aps_fragil_e_leitos_sus_baixos,regulacao_integrada_aps_e_retaguarda,9
317040,Unaí,MG,SUDESTE,91320,20,2.190100744634253,27.302588069309113,42.166666666666664,101,11.060008760402978,9,9.85545335085414,50.26646770065128,4.70178442156103,vinculo_aps_abaixo_50pct,leitos_sus_por_10k_entre_50_75pct_media_nacional,aps_fragil_e_leitos_sus_baixos,regulacao_integrada_aps_e_retaguarda,9
150215,Canaã dos Carajás,PA,NORTE,89524,14,1.5638264599437022,45.99845317387942,75.83333333333333,109,12.175506009561683,0,0.0,39.291494244777745,13.43230999294601,vinculo_aps_abaixo_50pct,leitos_sus_por_10k_entre_50_75pct_media_nacional,aps_fragil_e_leitos_sus_baixos,regulacao_integrada_aps_e_retaguarda,9
421580,São Bento do Sul,SC,SUL,87661,26,2.965971184449185,21.266306663135715,63.333333333333336,76,8.66976192377454,10,11.40758147865071,69.20553903971519,3.15278278776239,vinculo_aps_abaixo_50pct,leitos_sus_por_10k_entre_50_75pct_media_nacional,aps_fragil_e_leitos_sus_baixos,regulacao_integrada_aps_e_retaguarda,9
313620,João Monlevade,MG,SUDESTE,83791,14,1.670823835495459,24.72168905950096,46.0,100,11.934455967824707,8,9.547564774259765,38.795100691034506,4.572122409844725,vinculo_aps_abaixo_50pct,leitos_sus_por_10k_entre_50_75pct_media_nacional,aps_fragil_e_leitos_sus_baixos,regulacao_integrada_aps_e_retaguarda,9
420230,Biguaçu,SC,SUL,83756,18,2.1490997659869144,29.825181645291853,47.5,83,9.90973780982855,20,23.878886288743495,55.737125150413355,0.0,vinculo_aps_abaixo_50pct,leitos_sus_por_10k_entre_50_75pct_media_nacional,aps_fragil_e_leitos_sus_baixos,regulacao_integrada_aps_e_retaguarda,9
230428,Eusébio,CE,NORDESTE,82016,18,2.194693718298869,42.89325562861128,62.833333333333336,80,9.754194303550527,10,12.192742879438159,55.85491255953368,2.305798851497475,vinculo_aps_abaixo_50pct,leitos_sus_por_10k_entre_50_75pct_media_nacional,aps_fragil_e_leitos_sus_baixos,regulacao_integrada_aps_e_retaguarda,9
355060,São Roque,SP,SUDESTE,81366,13,1.5977189489467345,26.88279117798923,65.33333333333333,70,8.603102032790108,8,9.83211660890298,64.77822394799816,4.20827191463792,vinculo_aps_abaixo_50pct,leitos_sus_por_10k_entre_50_75pct_media_nacional,aps_fragil_e_leitos_sus_baixos,regulacao_integrada_aps_e_retaguarda,9
316930,Três Corações,MG,SUDESTE,78291,18,2.2991148407862974,33.4878776623676,42.666666666666664,97,12.389674419792826,15,19.15929033988581,32.684658593426285,0.0,vinculo_aps_abaixo_50pct,leitos_sus_por_10k_entre_50_75pct_media_nacional,aps_fragil_e_leitos_sus_baixos,regulacao_integrada_aps_e_retaguarda,9
420750,Indaial,SC,SUL,77888,31,3.9800739523418245,22.974336132472196,57.833333333333336,93,11.940221857025472,10,12.838948233360723,36.017111654274274,1.6864277817186324,vinculo_aps_abaixo_50pct,leitos_sus_por_10k_entre_50_75pct_media_nacional,aps_fragil_e_leitos_sus_baixos,regulacao_integrada_aps_e_retaguarda,9
520620,Cristalina,GO,CENTRO-OESTE,66827,22,3.2920825414877224,42.596453846739216,58.333333333333336,64,9.576967393418828,0,0.0,46.69518437397528,10.02681939925163,vinculo_aps_abaixo_50pct,leitos_sus_por_10k_entre_50_75pct_media_nacional,aps_fragil_e_leitos_sus_baixos,regulacao_integrada_aps_e_retaguarda,9
110028,Rolim de Moura,RO,NORTE,62959,15,2.38250289871186,30.751770328809602,63.5,76,12.071348020140091,0,0.0,28.288058913330094,9.446459104216611,vinculo_aps_abaixo_50pct,leitos_sus_por_10k_entre_50_75pct_media_nacional,aps_fragil_e_leitos_sus_baixos,regulacao_integrada_aps_e_retaguarda,9
510025,Alta Floresta,MT,CENTRO-OESTE,62158,19,3.056726406898549,35.03940219608099,65.83333333333333,71,11.42250394156826,0,0.0,31.96124725511479,9.326275909717372,vinculo_aps_abaixo_50pct,leitos_sus_por_10k_entre_50_75pct_media_nacional,aps_fragil_e_leitos_sus_baixos,regulacao_integrada_aps_e_retaguarda,9
351960,Ibitinga,SP,SUDESTE,62143,13,2.091949213909853,25.07914970601538,63.166666666666664,66,10.620665239850023,9,14.482725327068215,36.93640059484858,0.3240252880975364,vinculo_aps_abaixo_50pct,leitos_sus_por_10k_entre_50_75pct_media_nacional,aps_fragil_e_leitos_sus_baixos,regulacao_integrada_aps_e_retaguarda,9
350210,Andradina,SP,SUDESTE,61625,9,1.460446247464503,34.01656011582321,53.166666666666664,68,11.03448275862069,10,16.227180527383368,34.078362593655655,0.0,vinculo_aps_abaixo_50pct,leitos_sus_por_10k_entre_50_75pct_media_nacional,aps_fragil_e_leitos_sus_baixos,regulacao_integrada_aps_e_retaguarda,9
312510,Extrema,MG,SUDESTE,59336,26,4.381825535930969,33.66256280973184,60.333333333333336,51,8.595119320479979,9,15.167857624376433,47.286762237032896,0.0,vinculo_aps_abaixo_50pct,leitos_sus_por_10k_entre_50_75pct_media_nacional,aps_fragil_e_leitos_sus_baixos,regulacao_integrada_aps_e_retaguarda,9
354060,Porto Feliz,SP,SUDESTE,58605,13,2.2182407644398943,29.505527465935383,49.166666666666664,72,12.285641156897876,0,0.0,25.075901660059877,8.793178668698907,vinculo_aps_abaixo_50pct,leitos_sus_por_10k_entre_50_75pct_media_nacional,aps_fragil_e_leitos_sus_baixos,regulacao_integrada_aps_e_retaguarda,9
420380,Canoinhas,SC,SUL,56948,24,4.214371005127485,29.860192873891506,53.666666666666664,66,11.589520264100583,10,17.559879188031186,28.331173922653182,0.0,vinculo_aps_abaixo_50pct,leitos_sus_por_10k_entre_50_75pct_media_nacional,aps_fragil_e_leitos_sus_baixos,regulacao_integrada_aps_e_retaguarda,9
353390,Olímpia,SP,SUDESTE,56874,9,1.5824454056335058,31.872453748611136,52.5,53,9.318845166508423,5,8.791363364630588,41.20859706533991,3.533456933769842,vinculo_aps_abaixo_50pct,leitos_sus_por_10k_entre_50_75pct_media_nacional,aps_fragil_e_leitos_sus_baixos,regulacao_integrada_aps_e_retaguarda,9
311800,Congonhas,MG,SUDESTE,55272,21,3.7993920972644375,32.52100534681555,52.166666666666664,61,11.036329425387176,6,10.855405992184108,30.554973748909298,2.2930905447713665,vinculo_aps_abaixo_50pct,leitos_sus_por_10k_entre_50_75pct_media_nacional,aps_fragil_e_leitos_sus_baixos,regulacao_integrada_aps_e_retaguarda,9
313720,Lagoa da Prata,MG,SUDESTE,53927,16,2.9669738720863386,29.261146259074707,46.666666666666664,58,10.75528028631298,10,18.543586700539617,31.32705654503965,0.0,vinculo_aps_abaixo_50pct,leitos_sus_por_10k_entre_50_75pct_media_nacional,aps_fragil_e_leitos_sus_baixos,regulacao_integrada_aps_e_retaguarda,9
312870,Guaxupé,MG,SUDESTE,52744,10,1.895950250265433,28.44491742840311,41.666666666666664,64,12.134081601698771,9,17.063552252388895,23.36748327204502,0.0,vinculo_aps_abaixo_50pct,leitos_sus_por_10k_entre_50_75pct_media_nacional,aps_fragil_e_leitos_sus_baixos,regulacao_integrada_aps_e_retaguarda,9
320390,Nova Venécia,ES,SUDESTE,52324,17,3.2489870804984324,43.69864065739959,54.333333333333336,54,10.320311902759729,0,0.0,32.671776784591295,7.850768375752949,vinculo_aps_abaixo_50pct,leitos_sus_por_10k_entre_50_75pct_media_nacional,aps_fragil_e_leitos_sus_baixos,regulacao_integrada_aps_e_retaguarda,9
150370,Itupiranga,PA,NORTE,52201,11,2.1072393249171473,45.76235460938548,48.5,53,10.153062201873528,0,0.0,33.468034170408416,7.832313278470294,vinculo_aps_abaixo_50pct,leitos_sus_por_10k_entre_50_75pct_media_nacional,aps_fragil_e_leitos_sus_baixos,regulacao_integrada_aps_e_retaguarda,9
420650,Guaramirim,SC,SUL,51009,10,1.960438354015958,23.83212190384654,73.66666666666667,50,9.80219177007979,0,0.0,34.493552901254056,7.653463880414002,vinculo_aps_abaixo_50pct,leitos_sus_por_10k_entre_50_75pct_media_nacional,aps_fragil_e_leitos_sus_baixos,regulacao_integrada_aps_e_retaguarda,9
521850,Quirinópolis,GO,CENTRO-OESTE,50329,17,3.377774245464841,35.47793382147001,66.16666666666667,45,8.941167120348108,0,0.0,38.36717096918614,7.551435700314773,vinculo_aps_abaixo_50pct,leitos_sus_por_10k_entre_50_75pct_media_nacional,aps_fragil_e_leitos_sus_baixos,regulacao_integrada_aps_e_retaguarda,9
500790,Sidrolândia,MS,CENTRO-OESTE,49735,15,3.015984719010757,38.62154170211042,52.666666666666664,55,11.058610636372777,0,0.0,27.38324322264445,7.46231108416927,vinculo_aps_abaixo_50pct,leitos_sus_por_10k_entre_50_75pct_media_nacional,aps_fragil_e_leitos_sus_baixos,regulacao_integrada_aps_e_retaguarda,9
430760,Estância Velha,RS,SUL,49499,10,2.0202428331885494,24.235436893203882,51.166666666666664,54,10.909311299218166,0,0.0,27.992322434456174,7.426901304017186,vinculo_aps_abaixo_50pct,leitos_sus_por_10k_entre_50_75pct_media_nacional,aps_fragil_e_leitos_sus_baixos,regulacao_integrada_aps_e_retaguarda,9
353130,Monte Alto,SP,SUDESTE,48758,10,2.0509454858689855,22.50590046177527,47.0,59,12.100578366627014,16,32.81512777390377,21.76489741730569,0.0,vinculo_aps_abaixo_50pct,leitos_sus_por_10k_entre_50_75pct_media_nacional,aps_fragil_e_leitos_sus_baixos,regulacao_integrada_aps_e_retaguarda,9
211050,São Bento,MA,NORDESTE,48166,24,4.982767927583772,47.13339995003747,61.666666666666664,50,10.380766515799527,0,0.0,29.78428255879949,7.2268960627344345,vinculo_aps_abaixo_50pct,leitos_sus_por_10k_entre_50_75pct_media_nacional,aps_fragil_e_leitos_sus_baixos,regulacao_integrada_aps_e_retaguarda,9
500540,Maracaju,MS,CENTRO-OESTE,48073,18,3.7443055353316828,27.841793178855294,62.166666666666664,46,9.568780812514301,0,0.0,33.63023326514902,7.2129422086914525,vinculo_aps_abaixo_50pct,leitos_sus_por_10k_entre_50_75pct_media_nacional,aps_fragil_e_leitos_sus_baixos,regulacao_integrada_aps_e_retaguarda,9
410720,Dois Vizinhos,PR,SUL,47589,17,3.5722540923322614,28.92329944271919,53.0,50,10.50662968333018,0,0.0,28.828514360559506,7.140322151091413,vinculo_aps_abaixo_50pct,leitos_sus_por_10k_entre_50_75pct_media_nacional,aps_fragil_e_leitos_sus_baixos,regulacao_integrada_aps_e_retaguarda,9
351020,Capão Bonito,SP,SUDESTE,47409,13,2.742095382733236,43.328481319747695,60.666666666666664,55,11.601172773102153,10,21.093041405640278,23.530354437365055,0.0,vinculo_aps_abaixo_50pct,leitos_sus_por_10k_entre_50_75pct_media_nacional,aps_fragil_e_leitos_sus_baixos,regulacao_integrada_aps_e_retaguarda,9
352320,Itararé,SP,SUDESTE,45213,10,2.2117532568066705,24.11145674763386,40.666666666666664,53,11.722292261075353,0,0.0,21.89280337439276,6.783823686509405,vinculo_aps_abaixo_50pct,leitos_sus_por_10k_entre_50_75pct_media_nacional,aps_fragil_e_leitos_sus_baixos,regulacao_integrada_aps_e_retaguarda,9
431390,Panambi,RS,SUL,45102,13,2.8823555496430315,26.697304737800277,48.333333333333336,38,8.425346991264245,0,0.0,36.70893808842285,6.767169086522619,vinculo_aps_abaixo_50pct,leitos_sus_por_10k_entre_50_75pct_media_nacional,aps_fragil_e_leitos_sus_baixos,regulacao_integrada_aps_e_retaguarda,9
353710,Pedreira,SP,SUDESTE,44385,11,2.478314745972739,27.918884778489577,58.833333333333336,38,8.561450940633097,10,22.530134054297623,35.52126772769827,0.0,vinculo_aps_abaixo_50pct,leitos_sus_por_10k_entre_50_75pct_media_nacional,aps_fragil_e_leitos_sus_baixos,regulacao_integrada_aps_e_retaguarda,9
412560,São Mateus do Sul,PR,SUL,43490,23,5.288572085536905,30.903185681708244,68.66666666666667,38,8.737640836974018,0,0.0,34.038750331814754,6.52530228311092,vinculo_aps_abaixo_50pct,leitos_sus_por_10k_entre_50_75pct_media_nacional,aps_fragil_e_leitos_sus_baixos,regulacao_integrada_aps_e_retaguarda,9
292950,São Sebastião do Passé,BA,NORDESTE,42944,17,3.9586438152011922,46.17104527669088,46.0,53,12.341654247391952,0,0.0,18.13433189812493,6.443379656148893,vinculo_aps_abaixo_50pct,leitos_sus_por_10k_entre_50_75pct_media_nacional,aps_fragil_e_leitos_sus_baixos,regulacao_integrada_aps_e_retaguarda,9
315960,Santa Rita do Sapucaí,MG,SUDESTE,42517,12,2.8224004515840724,32.07466918714556,49.833333333333336,46,10.819201731072276,9,21.168003386880542,24.427030302546985,0.0,vinculo_aps_abaixo_50pct,leitos_sus_por_10k_entre_50_75pct_media_nacional,aps_fragil_e_leitos_sus_baixos,regulacao_integrada_aps_e_retaguarda,9
310260,Andradas,MG,SUDESTE,42501,11,2.588174395896567,28.82550494300175,50.333333333333336,37,8.705677513470272,0,0.0,33.40052719826303,6.376911297643072,vinculo_aps_abaixo_50pct,leitos_sus_por_10k_entre_50_75pct_media_nacional,aps_fragil_e_leitos_sus_baixos,regulacao_integrada_aps_e_retaguarda,9
130060,Benjamin Constant,AM,NORTE,40908,6,1.4667057788207685,37.29047865906342,41.666666666666664,49,11.978097193702942,0,0.0,18.761811877992148,6.137895281616498,vinculo_aps_abaixo_50pct,leitos_sus_por_10k_entre_50_75pct_media_nacional,aps_fragil_e_leitos_sus_baixos,regulacao_integrada_aps_e_retaguarda,9
314070,Mateus Leme,MG,SUDESTE,40814,16,3.920223452736806,38.62919058624718,50.5,49,12.005684324006468,0,0.0,18.60610614032393,6.123791386132193,vinculo_aps_abaixo_50pct,leitos_sus_por_10k_entre_50_75pct_media_nacional,aps_fragil_e_leitos_sus_baixos,regulacao_integrada_aps_e_retaguarda,9
351740,Guaíra,SP,SUDESTE,40489,8,1.9758452913136901,33.94518108054621,55.666666666666664,48,11.855071747882139,10,24.698066141421126,19.06776183455618,0.0,vinculo_aps_abaixo_50pct,leitos_sus_por_10k_entre_50_75pct_media_nacional,aps_fragil_e_leitos_sus_baixos,regulacao_integrada_aps_e_retaguarda,9
313440,Iturama,MG,SUDESTE,40259,11,2.7323083037333267,30.96398490415136,42.166666666666664,50,12.41958319878785,0,0.0,16.68677971047437,6.040518386198265,vinculo_aps_abaixo_50pct,leitos_sus_por_10k_entre_50_75pct_media_nacional,aps_fragil_e_leitos_sus_baixos,regulacao_integrada_aps_e_retaguarda,9
292200,Mucuri,BA,NORDESTE,40114,15,3.7393428728124847,48.911386076740406,52.666666666666664,47,11.716607668145784,0,0.0,19.44659532790107,6.018762377206516,vinculo_aps_abaixo_50pct,leitos_sus_por_10k_entre_50_75pct_media_nacional,aps_fragil_e_leitos_sus_baixos,regulacao_integrada_aps_e_retaguarda,9
320140,Castelo,ES,SUDESTE,39575,11,2.779532533164877,37.643415575185294,69.83333333333333,39,9.8547062539482,0,0.0,26.553772002335464,5.937890040333747,vinculo_aps_abaixo_50pct,leitos_sus_por_10k_entre_50_75pct_media_nacional,aps_fragil_e_leitos_sus_baixos,regulacao_integrada_aps_e_retaguarda,9
353350,Novo Horizonte,SP,SUDESTE,39494,8,2.0256241454398136,34.67985292253075,48.333333333333336,49,12.40694789081886,8,20.256241454398136,16.419600036897954,0.0,vinculo_aps_abaixo_50pct,leitos_sus_por_10k_entre_50_75pct_media_nacional,aps_fragil_e_leitos_sus_baixos,regulacao_integrada_aps_e_retaguarda,9
411420,Mandaguari,PR,SUL,38313,8,2.0880641035679797,29.437582128777922,47.666666666666664,47,12.26737660846188,0,0.0,16.46333965193881,5.748537741384886,vinculo_aps_abaixo_50pct,leitos_sus_por_10k_entre_50_75pct_media_nacional,aps_fragil_e_leitos_sus_baixos,regulacao_integrada_aps_e_retaguarda,9
352570,José Bonifácio,SP,SUDESTE,37992,10,2.6321330806485577,27.08735043186561,44.333333333333336,43,11.318172246788796,0,0.0,19.93162112224205,5.700374438720397,vinculo_aps_abaixo_50pct,leitos_sus_por_10k_entre_50_75pct_media_nacional,aps_fragil_e_leitos_sus_baixos,regulacao_integrada_aps_e_retaguarda,9
120030,Feijó,AC,NORTE,37764,8,2.118419658934435,43.55541387737753,43.333333333333336,42,11.121703209405783,0,0.0,20.55395188619574,5.666164990098891,vinculo_aps_abaixo_50pct,leitos_sus_por_10k_entre_50_75pct_media_nacional,aps_fragil_e_leitos_sus_baixos,regulacao_integrada_aps_e_retaguarda,9
520330,Bela Vista de Goiás,GO,CENTRO-OESTE,37305,11,2.948666398606085,38.03132602574967,56.333333333333336,41,10.990483849349953,0,0.0,20.793644082049887,5.597295968531912,vinculo_aps_abaixo_50pct,leitos_sus_por_10k_entre_50_75pct_media_nacional,aps_fragil_e_leitos_sus_baixos,regulacao_integrada_aps_e_retaguarda,9
521560,Padre Bernardo,GO,CENTRO-OESTE,37207,11,2.9564329292874993,39.73618227406519,46.333333333333336,32,8.600532157927272,0,0.0,29.63131256831069,5.582591907282318,vinculo_aps_abaixo_50pct,leitos_sus_por_10k_entre_50_75pct_media_nacional,aps_fragil_e_leitos_sus_baixos,regulacao_integrada_aps_e_retaguarda,9
150619,Rurópolis,PA,NORTE,37198,13,3.4948115490080114,49.87687366167023,58.833333333333336,46,12.36625625033604,0,0.0,15.616404572150964,5.581241534310417,vinculo_aps_abaixo_50pct,leitos_sus_por_10k_entre_50_75pct_media_nacional,aps_fragil_e_leitos_sus_baixos,regulacao_integrada_aps_e_retaguarda,9
421250,Penha,SC,SUL,36995,11,2.9733747803757264,37.37958144170081,54.0,31,8.379510744695228,0,0.0,30.28014643654834,5.55078312172197,vinculo_aps_abaixo_50pct,leitos_sus_por_10k_entre_50_75pct_media_nacional,aps_fragil_e_leitos_sus_baixos,regulacao_integrada_aps_e_retaguarda,9
510510,Juara,MT,CENTRO-OESTE,36089,11,3.048020172351686,34.346360622858576,59.833333333333336,43,11.914987946465683,0,0.0,16.779408156469596,5.414845575883881,vinculo_aps_abaixo_50pct,leitos_sus_por_10k_entre_50_75pct_media_nacional,aps_fragil_e_leitos_sus_baixos,regulacao_integrada_aps_e_retaguarda,9
421630,São João Batista,SC,SUL,35336,13,3.6789676250848995,26.63173350991852,54.0,32,9.05592030790129,0,0.0,26.532105811106145,5.301864370568118,vinculo_aps_abaixo_50pct,leitos_sus_por_10k_entre_50_75pct_media_nacional,aps_fragil_e_leitos_sus_baixos,regulacao_integrada_aps_e_retaguarda,9
411770,Palmeira,PR,SUL,34948,15,4.292091106787227,28.227891742802964,42.0,35,10.014879249170196,0,0.0,22.889405532220334,5.243648291335029,vinculo_aps_abaixo_50pct,leitos_sus_por_10k_entre_50_75pct_media_nacional,aps_fragil_e_leitos_sus_baixos,regulacao_integrada_aps_e_retaguarda,9
353950,Pitangueiras,SP,SUDESTE,34361,9,2.619248566688979,33.04567642956764,65.16666666666667,30,8.730828555629929,0,0.0,26.91707289380288,5.155573965278784,vinculo_aps_abaixo_50pct,leitos_sus_por_10k_entre_50_75pct_media_nacional,aps_fragil_e_leitos_sus_baixos,regulacao_integrada_aps_e_retaguarda,9
521740,Pires do Rio,GO,CENTRO-OESTE,33736,8,2.3713540431586435,35.80044187018571,40.166666666666664,35,10.374673938819065,0,0.0,20.881795382711037,5.0617980644522875,vinculo_aps_abaixo_50pct,leitos_sus_por_10k_entre_50_75pct_media_nacional,aps_fragil_e_leitos_sus_baixos,regulacao_integrada_aps_e_retaguarda,9
411125,Itaperuçu,PR,SUL,33310,5,1.5010507355148603,38.558832471875945,47.833333333333336,37,11.107775442809967,0,0.0,18.176150231150835,4.997880410448948,vinculo_aps_abaixo_50pct,leitos_sus_por_10k_entre_50_75pct_media_nacional,aps_fragil_e_leitos_sus_baixos,regulacao_integrada_aps_e_retaguarda,9
351930,Ibaté,SP,SUDESTE,33160,12,3.618817852834741,29.80066445182724,45.0,29,8.745476477683956,0,0.0,25.927683628488793,4.9753741942505885,vinculo_aps_abaixo_50pct,leitos_sus_por_10k_entre_50_75pct_media_nacional,aps_fragil_e_leitos_sus_baixos,regulacao_integrada_aps_e_retaguarda,9
110009,Espigão D'Oeste,RO,NORTE,32842,6,1.8269289324645273,30.513188862059483,48.333333333333336,37,11.266061750197917,0,0.0,17.40093443084526,4.9276610159100676,vinculo_aps_abaixo_50pct,leitos_sus_por_10k_entre_50_75pct_media_nacional,aps_fragil_e_leitos_sus_baixos,regulacao_integrada_aps_e_retaguarda,9
351830,Guararema,SP,SUDESTE,32620,4,1.226241569589209,9.529535084474041,62.666666666666664,29,8.890251379521766,0,0.0,25.033203858905438,4.894351815936496,vinculo_aps_abaixo_50pct,leitos_sus_por_10k_entre_50_75pct_media_nacional,aps_fragil_e_leitos_sus_baixos,regulacao_integrada_aps_e_retaguarda,9
510787,Sapezal,MT,CENTRO-OESTE,32514,8,2.4604785630805193,28.683450268262483,53.666666666666664,34,10.457033893092206,0,0.0,19.857620793024264,4.878447423156322,vinculo_aps_abaixo_50pct,leitos_sus_por_10k_entre_50_75pct_media_nacional,aps_fragil_e_leitos_sus_baixos,regulacao_integrada_aps_e_retaguarda,9
315200,Pompéu,MG,SUDESTE,32441,10,3.0825190345550384,41.272248877882674,61.166666666666664,30,9.247557103665114,0,0.0,23.736700379728738,4.867494397939787,vinculo_aps_abaixo_50pct,leitos_sus_por_10k_entre_50_75pct_media_nacional,aps_fragil_e_leitos_sus_baixos,regulacao_integrada_aps_e_retaguarda,9
310540,Barão de Cocais,MG,SUDESTE,32264,11,3.4093726754277216,32.385106714441505,61.333333333333336,35,10.848003967270023,0,0.0,18.443509788587523,4.840937062825724,vinculo_aps_abaixo_50pct,leitos_sus_por_10k_entre_50_75pct_media_nacional,aps_fragil_e_leitos_sus_baixos,regulacao_integrada_aps_e_retaguarda,9
430820,Flores da Cunha,RS,SUL,32015,6,1.8741215055442761,26.137678666374754,52.333333333333336,37,11.557082617523035,0,0.0,16.03105522816854,4.803576743936447,vinculo_aps_abaixo_50pct,leitos_sus_por_10k_entre_50_75pct_media_nacional,aps_fragil_e_leitos_sus_baixos,regulacao_integrada_aps_e_retaguarda,9
412230,Rio Negro,PR,SUL,31951,11,3.442771744233357,29.991872968242063,45.833333333333336,28,8.763418985321273,0,0.0,24.925042811032732,4.7939740916918145,vinculo_aps_abaixo_50pct,leitos_sus_por_10k_entre_50_75pct_media_nacional,aps_fragil_e_leitos_sus_baixos,regulacao_integrada_aps_e_retaguarda,9
315720,Santa Bárbara,MG,SUDESTE,31916,11,3.446547186364206,39.331150018894064,49.333333333333336,31,9.712996616117309,0,0.0,21.867067270411585,4.78872264124553,vinculo_aps_abaixo_50pct,leitos_sus_por_10k_entre_50_75pct_media_nacional,aps_fragil_e_leitos_sus_baixos,regulacao_integrada_aps_e_retaguarda,9
430480,Carlos Barbosa,RS,SUL,31585,4,1.2664239354123792,18.75158589190561,46.166666666666664,37,11.71442140256451,0,0.0,15.318784300537343,4.739058924167818,vinculo_aps_abaixo_50pct,leitos_sus_por_10k_entre_50_75pct_media_nacional,aps_fragil_e_leitos_sus_baixos,regulacao_integrada_aps_e_retaguarda,9
510410,Guarantã do Norte,MT,CENTRO-OESTE,31209,11,3.524624307090903,47.34422880490296,63.166666666666664,37,11.855554487487584,0,0.0,14.695961349864493,4.682643342230597,vinculo_aps_abaixo_50pct,leitos_sus_por_10k_entre_50_75pct_media_nacional,aps_fragil_e_leitos_sus_baixos,regulacao_integrada_aps_e_retaguarda,9
355160,Serra Negra,SP,SUDESTE,31047,10,3.2209231165652072,31.99223803363519,52.5,33,10.629046284665186,0,0.0,18.427617418989488,4.65833662873637,vinculo_aps_abaixo_50pct,leitos_sus_por_10k_entre_50_75pct_media_nacional,aps_fragil_e_leitos_sus_baixos,regulacao_integrada_aps_e_retaguarda,9
320300,Iúna,ES,SUDESTE,30556,11,3.599947637125278,42.49113125739062,55.5,37,12.10891477942139,0,0.0,13.61430340627574,4.584666281047075,vinculo_aps_abaixo_50pct,leitos_sus_por_10k_entre_50_75pct_media_nacional,aps_fragil_e_leitos_sus_baixos,regulacao_integrada_aps_e_retaguarda,9
351000,Cândido Mota,SP,SUDESTE,30157,6,1.9895878237225189,27.257059525387778,42.333333333333336,25,8.289949265510495,0,0.0,24.953382243194703,4.524799745959439,vinculo_aps_abaixo_50pct,leitos_sus_por_10k_entre_50_75pct_media_nacional,aps_fragil_e_leitos_sus_baixos,regulacao_integrada_aps_e_retaguarda,9
311930,Coromandel,MG,SUDESTE,30114,15,4.981071926678622,39.47955885782827,43.0,30,9.962143853357244,0,0.0,19.882155150431583,4.518347963982576,vinculo_aps_abaixo_50pct,leitos_sus_por_10k_entre_50_75pct_media_nacional,aps_fragil_e_leitos_sus_baixos,regulacao_integrada_aps_e_retaguarda,9
500470,Ivinhema,MS,CENTRO-OESTE,30001,9,2.9999000033332224,33.32995643805086,58.333333333333336,33,10.999633345555148,0,0.0,16.694976976426183,4.501393281113145,vinculo_aps_abaixo_50pct,leitos_sus_por_10k_entre_50_75pct_media_nacional,aps_fragil_e_leitos_sus_baixos,regulacao_integrada_aps_e_retaguarda,9
316935,Três Marias,MG,SUDESTE,29985,12,4.00200100050025,41.13008320245932,68.5,28,9.338002334500583,0,0.0,21.668473872142233,4.498992618051988,vinculo_aps_abaixo_50pct,leitos_sus_por_10k_entre_50_75pct_media_nacional,aps_fragil_e_leitos_sus_baixos,regulacao_integrada_aps_e_retaguarda,9
311430,Carmo do Paranaíba,MG,SUDESTE,29885,11,3.68077630918521,40.299006655740996,43.166666666666664,31,10.373096871340136,0,0.0,18.502829470367537,4.483988473919748,vinculo_aps_abaixo_50pct,leitos_sus_por_10k_entre_50_75pct_media_nacional,aps_fragil_e_leitos_sus_baixos,regulacao_integrada_aps_e_retaguarda,9
315280,Prata,MG,SUDESTE,29745,9,3.02571860816944,30.29954696057881,63.5,27,9.07715582450832,0,0.0,22.270927307882964,4.462982672134613,vinculo_aps_abaixo_50pct,leitos_sus_por_10k_entre_50_75pct_media_nacional,aps_fragil_e_leitos_sus_baixos,regulacao_integrada_aps_e_retaguarda,9
354630,Santa Cruz das Palmeiras,SP,SUDESTE,29489,6,2.034656990742311,16.345469940728197,48.333333333333336,25,8.477737461426294,0,0.0,23.84687763933975,4.42457206315608,vinculo_aps_abaixo_50pct,leitos_sus_por_10k_entre_50_75pct_media_nacional,aps_fragil_e_leitos_sus_baixos,regulacao_integrada_aps_e_retaguarda,9
510170,Barra do Bugres,MT,CENTRO-OESTE,29406,11,3.7407331837040063,39.24465783067352,51.833333333333336,32,10.882132898048017,0,0.0,16.70939278586675,4.412118623526321,vinculo_aps_abaixo_50pct,leitos_sus_por_10k_entre_50_75pct_media_nacional,aps_fragil_e_leitos_sus_baixos,regulacao_integrada_aps_e_retaguarda,9
510630,Paranatinga,MT,CENTRO-OESTE,28870,8,2.7710426047800487,29.506452985392144,63.0,25,8.659508139937651,0,0.0,22.821538792354385,4.331696410977518,vinculo_aps_abaixo_50pct,leitos_sus_por_10k_entre_50_75pct_media_nacional,aps_fragil_e_leitos_sus_baixos,regulacao_integrada_aps_e_retaguarda,9
353790,Pilar do Sul,SP,SUDESTE,28459,9,3.1624442179978214,29.105816940563745,47.666666666666664,27,9.487332653993464,0,0.0,20.14074030106039,4.270029378594014,vinculo_aps_abaixo_50pct,leitos_sus_por_10k_entre_50_75pct_media_nacional,aps_fragil_e_leitos_sus_baixos,regulacao_integrada_aps_e_retaguarda,9
510270,Canarana,MT,CENTRO-OESTE,28324,8,2.824459822059031,30.6143110243338,54.833333333333336,27,9.53255189944923,0,0.0,19.917120358664555,4.249773784015491,vinculo_aps_abaixo_50pct,leitos_sus_por_10k_entre_50_75pct_media_nacional,aps_fragil_e_leitos_sus_baixos,regulacao_integrada_aps_e_retaguarda,9
315690,Sacramento,MG,SUDESTE,28076,11,3.917937028066676,37.13742784410742,60.666666666666664,30,10.68528280381821,0,0.0,16.506322242263302,4.212563506567537,vinculo_aps_abaixo_50pct,leitos_sus_por_10k_entre_50_75pct_media_nacional,aps_fragil_e_leitos_sus_baixos,regulacao_integrada_aps_e_retaguarda,9
521730,Pirenópolis,GO,CENTRO-OESTE,28028,7,2.4975024975024973,36.884389523363474,58.0,34,12.130726416440703,0,0.0,12.42681292941145,4.205361517384063,vinculo_aps_abaixo_50pct,leitos_sus_por_10k_entre_50_75pct_media_nacional,aps_fragil_e_leitos_sus_baixos,regulacao_integrada_aps_e_retaguarda,9
315140,Pitangui,MG,SUDESTE,27834,11,3.952001149673062,38.523112425182084,53.333333333333336,32,11.496730617230725,0,0.0,14.105462789968547,4.176253477767517,vinculo_aps_abaixo_50pct,leitos_sus_por_10k_entre_50_75pct_media_nacional,aps_fragil_e_leitos_sus_baixos,regulacao_integrada_aps_e_retaguarda,9
320245,Ibatiba,ES,SUDESTE,27543,7,2.541480593980322,35.88325765343489,59.833333333333336,29,10.528991032204189,0,0.0,16.623437580804186,4.132591418342701,vinculo_aps_abaixo_50pct,leitos_sus_por_10k_entre_50_75pct_media_nacional,aps_fragil_e_leitos_sus_baixos,regulacao_integrada_aps_e_retaguarda,9
292580,Queimadas,BA,NORDESTE,27429,8,2.916621094462066,46.29778524961626,42.833333333333336,25,9.114440920193955,0,0.0,20.434602962781035,4.115486694031948,vinculo_aps_abaixo_50pct,leitos_sus_por_10k_entre_50_75pct_media_nacional,aps_fragil_e_leitos_sus_baixos,regulacao_integrada_aps_e_retaguarda,9
520551,Cocalzinho de Goiás,GO,CENTRO-OESTE,27196,7,2.573907927636417,45.055935130265034,45.833333333333336,23,8.457126047948229,0,0.0,22.04865150664599,4.08052703820383,vinculo_aps_abaixo_50pct,leitos_sus_por_10k_entre_50_75pct_media_nacional,aps_fragil_e_leitos_sus_baixos,regulacao_integrada_aps_e_retaguarda,9
150430,Maracanã,PA,NORTE,27129,11,4.0547016108223675,75.42544198184291,37.833333333333336,30,11.058277120424638,0,0.0,14.93766975745695,4.07047426163523,media_indicadores_previne_abaixo_40,leitos_sus_por_10k_entre_50_75pct_media_nacional,aps_fragil_e_leitos_sus_baixos,regulacao_integrada_aps_e_retaguarda,9
352640,Laranjal Paulista,SP,SUDESTE,27044,8,2.9581422866439877,44.722129660483546,46.833333333333336,30,11.093033574914953,0,0.0,14.796872015948459,4.057720739122827,vinculo_aps_abaixo_50pct,leitos_sus_por_10k_entre_50_75pct_media_nacional,aps_fragil_e_leitos_sus_baixos,regulacao_integrada_aps_e_retaguarda,9
291270,Ibirapitanga,BA,NORDESTE,26917,8,2.9720994167254897,48.55564678659402,63.333333333333336,30,11.145372812720584,0,0.0,14.586503625694599,4.038665476074883,vinculo_aps_abaixo_50pct,leitos_sus_por_10k_entre_50_75pct_media_nacional,aps_fragil_e_leitos_sus_baixos,regulacao_integrada_aps_e_retaguarda,9
313490,Jacutinga,MG,SUDESTE,26888,9,3.3472180898542097,26.721587717655872,48.5,26,9.669741148467718,0,0.0,18.538466749179932,4.034314274276533,vinculo_aps_abaixo_50pct,leitos_sus_por_10k_entre_50_75pct_media_nacional,aps_fragil_e_leitos_sus_baixos,regulacao_integrada_aps_e_retaguarda,9
150309,Goianésia do Pará,PA,NORTE,26703,12,4.4938770924615214,49.022506374958425,42.166666666666664,24,8.987754184923043,0,0.0,20.232024605896747,4.0065566076318895,vinculo_aps_abaixo_50pct,leitos_sus_por_10k_entre_50_75pct_media_nacional,aps_fragil_e_leitos_sus_baixos,regulacao_integrada_aps_e_retaguarda,9
150375,Jacareacanga,PA,NORTE,26579,3,1.128710636216562,30.99284780435284,48.666666666666664,32,12.039580119643327,0,0.0,12.026625547696128,3.987951468907913,vinculo_aps_abaixo_50pct,leitos_sus_por_10k_entre_50_75pct_media_nacional,aps_fragil_e_leitos_sus_baixos,regulacao_integrada_aps_e_retaguarda,9
210500,Humberto de Campos,MA,NORDESTE,26550,16,6.0263653483992465,70.80539440970391,34.0,30,11.299435028248588,0,0.0,13.978588671181464,3.9836002671095634,media_indicadores_previne_abaixo_40,leitos_sus_por_10k_entre_50_75pct_media_nacional,aps_fragil_e_leitos_sus_baixos,regulacao_integrada_aps_e_retaguarda,9
500560,Miranda,MS,CENTRO-OESTE,26512,11,4.149064574532287,39.026692339638316,41.333333333333336,24,9.052504526252262,0,0.0,19.915643798507084,3.9778986923393123,vinculo_aps_abaixo_50pct,leitos_sus_por_10k_entre_50_75pct_media_nacional,aps_fragil_e_leitos_sus_baixos,regulacao_integrada_aps_e_retaguarda,9
130068,Boa Vista do Ramos,AM,NORTE,26479,3,1.1329732995959063,47.48729093096356,68.0,22,8.308470863703313,0,0.0,21.86098114592143,3.9729473247756735,vinculo_aps_abaixo_50pct,leitos_sus_por_10k_entre_50_75pct_media_nacional,aps_fragil_e_leitos_sus_baixos,regulacao_integrada_aps_e_retaguarda,9
355340,Tanabi,SP,SUDESTE,26071,9,3.4521115415595873,39.96771838130741,44.166666666666664,30,11.507038471865291,0,0.0,13.185151986680678,3.911730416716137,vinculo_aps_abaixo_50pct,leitos_sus_por_10k_entre_50_75pct_media_nacional,aps_fragil_e_leitos_sus_baixos,regulacao_integrada_aps_e_retaguarda,9
421690,São Lourenço do Oeste,SC,SUL,26056,7,2.6865213386552043,29.258828094683743,51.833333333333336,32,12.281240405280935,0,0.0,11.16030532641447,3.9094797950963005,vinculo_aps_abaixo_50pct,leitos_sus_por_10k_entre_50_75pct_media_nacional,aps_fragil_e_leitos_sus_baixos,regulacao_integrada_aps_e_retaguarda,9
130180,Ipixuna,AM,NORTE,25629,4,1.5607319833001678,49.77610181475371,66.33333333333333,31,12.0956728705763,0,0.0,11.453003730836528,3.8454120996516385,vinculo_aps_abaixo_50pct,leitos_sus_por_10k_entre_50_75pct_media_nacional,aps_fragil_e_leitos_sus_baixos,regulacao_integrada_aps_e_retaguarda,9
150200,Cachoeira do Arari,PA,NORTE,25467,9,3.5339851572623395,46.440597393336766,61.833333333333336,23,9.031295401892645,0,0.0,19.184659799961523,3.8211053861574107,vinculo_aps_abaixo_50pct,leitos_sus_por_10k_entre_50_75pct_media_nacional,aps_fragil_e_leitos_sus_baixos,regulacao_integrada_aps_e_retaguarda,9
500450,Itaporã,MS,CENTRO-OESTE,25263,9,3.562522265764161,25.515453639082754,71.0,23,9.104223568063967,0,0.0,18.846745220341145,3.7904969321276423,vinculo_aps_abaixo_50pct,leitos_sus_por_10k_entre_50_75pct_media_nacional,aps_fragil_e_leitos_sus_baixos,regulacao_integrada_aps_e_retaguarda,9
150780,Senador José Porfírio,PA,NORTE,24989,6,2.401056464844532,34.40939405097991,43.833333333333336,30,12.005282324222659,0,0.0,11.392879559478478,3.7493855772053064,vinculo_aps_abaixo_50pct,leitos_sus_por_10k_entre_50_75pct_media_nacional,aps_fragil_e_leitos_sus_baixos,regulacao_integrada_aps_e_retaguarda,9
520350,Bom Jesus de Goiás,GO,CENTRO-OESTE,24925,7,2.8084252758274824,33.735476296506214,42.333333333333336,28,11.23370110330993,0,0.0,13.286867142342677,3.739782924960673,vinculo_aps_abaixo_50pct,leitos_sus_por_10k_entre_50_75pct_media_nacional,aps_fragil_e_leitos_sus_baixos,regulacao_integrada_aps_e_retaguarda,9
500070,Anastácio,MS,CENTRO-OESTE,24781,10,4.0353496630483034,45.616587850127324,44.833333333333336,24,9.684839191315929,0,0.0,17.048339203787112,3.7181769574102486,vinculo_aps_abaixo_50pct,leitos_sus_por_10k_entre_50_75pct_media_nacional,aps_fragil_e_leitos_sus_baixos,regulacao_integrada_aps_e_retaguarda,9
320420,Piúma,ES,SUDESTE,23912,9,3.763800602208096,44.93708301663711,67.0,25,10.455001672800268,0,0.0,14.608889352365015,3.5877909449010876,vinculo_aps_abaixo_50pct,leitos_sus_por_10k_entre_50_75pct_media_nacional,aps_fragil_e_leitos_sus_baixos,regulacao_integrada_aps_e_retaguarda,9
421290,Pinhalzinho,SC,SUL,23897,9,3.7661631167092104,23.217417340348177,48.666666666666664,25,10.46156421308114,0,0.0,14.584042692098814,3.585540323281252,vinculo_aps_abaixo_50pct,leitos_sus_por_10k_entre_50_75pct_media_nacional,aps_fragil_e_leitos_sus_baixos,regulacao_integrada_aps_e_retaguarda,9
500600,Nova Alvorada do Sul,MS,CENTRO-OESTE,23409,7,2.9903028749626213,33.67311529452589,54.5,21,8.970908624887864,0,0.0,17.7756980114383,3.512320099915924,vinculo_aps_abaixo_50pct,leitos_sus_por_10k_entre_50_75pct_media_nacional,aps_fragil_e_leitos_sus_baixos,regulacao_integrada_aps_e_retaguarda,9
291970,Macarani,BA,NORDESTE,22768,6,2.6352775825720305,43.95910780669145,71.16666666666667,27,11.85874912157414,0,0.0,10.713917396062504,3.416143536028269,vinculo_aps_abaixo_50pct,leitos_sus_por_10k_entre_50_75pct_media_nacional,aps_fragil_e_leitos_sus_baixos,regulacao_integrada_aps_e_retaguarda,9
314410,Muzambinho,MG,SUDESTE,22620,8,3.5366931918656057,38.84227815510277,49.666666666666664,27,11.936339522546419,0,0.0,10.468763681435961,3.393937402712555,vinculo_aps_abaixo_50pct,leitos_sus_por_10k_entre_50_75pct_media_nacional,aps_fragil_e_leitos_sus_baixos,regulacao_integrada_aps_e_retaguarda,9
351360,Cunha,SP,SUDESTE,22460,7,3.116651825467498,42.05557534734592,52.666666666666664,25,11.130899376669634,0,0.0,12.203732638596453,3.3699307721009717,vinculo_aps_abaixo_50pct,leitos_sus_por_10k_entre_50_75pct_media_nacional,aps_fragil_e_leitos_sus_baixos,regulacao_integrada_aps_e_retaguarda,9
352600,Junqueirópolis,SP,SUDESTE,20939,11,5.253354983523568,38.6387585017722,45.666666666666664,25,11.939443144371745,0,0.0,9.684281287603344,3.1417177398496103,vinculo_aps_abaixo_50pct,leitos_sus_por_10k_entre_50_75pct_media_nacional,aps_fragil_e_leitos_sus_baixos,regulacao_integrada_aps_e_retaguarda,9
314280,Monte Alegre de Minas,MG,SUDESTE,20708,6,2.8974309445624877,40.60776154069486,50.166666666666664,18,8.692292833687464,0,0.0,16.301642719503796,3.107058166904137,vinculo_aps_abaixo_50pct,leitos_sus_por_10k_entre_50_75pct_media_nacional,aps_fragil_e_leitos_sus_baixos,regulacao_integrada_aps_e_retaguarda,9
